CONGLOME,VIVIENDA,HOGAR,CODPERSO,P203,P207,P208A,P301A,P301B,P507,P510A1,P511A,P512A,P558E1_4,P558E1_8,P558E1_9,DOMINIO,ESTRATO,PANEL,FACTOR07,MIEPERHO,llave_persona,Edad,Ocupado,P510A1_num,P511A_num,P507_num,Informal,CreditoFormal_2024,Billetera,CreditoFormal_2025,P203_num,Ocupado_num,CreditoFormal_2024_num,CreditoFormal_2025_num,Informal_num,NuevoCredito
15014,25,11,1,1,2,39,7.0,1,2,3, ,1,0.0,8.0,0.0,4,4,1,69.4570999145508,4,15014-25-11-1,39.0,1,3.0,,2.0,1.0,0,1,1,1,1,0,1,1.0,1
15014,39,11,1,1,1,56,3.0,0,4,2,7,1,0.0,0.0,0.0,4,4,1,69.4570999145508,1,15014-39-11-1,56.0,1,2.0,7.0,4.0,1.0,0,0,0,1,1,0,0,1.0,0
15014,82,11,1,1,2,31,6.0,5,3,3,7,1,0.0,8.0,0.0,4,4,2,69.4570999145508,5,15014-82-11-1,31.0,1,3.0,7.0,3.0,1.0,0,1,0,1,1,0,0,1.0,0
15014,96,11,1,1,2,52,6.0,5,2,3, ,1,0.0,0.0,0.0,4,4,1,69.4570999145508,3,15014-96-11-1,52.0,1,3.0,,2.0,1.0,0,0,0,1,1,0,0,1.0,0
15017,2,11,1,1,2,65,10.0,6,3, ,1,5,0.0,0.0,0.0,4,4,1,102.967529296875,1,15017-2-11-1,65.0,1,,1.0,3.0,0.0,0,0,0,1,1,0,0,0.0,0
15017,31,11,1,1,2,85,4.0,5, , , , ,0.0,0.0,0.0,4,4,2,102.967529296875,1,15017-31-11-1,85.0,1,,,,0.0,0,0,0,1,1,0,0,0.0,0
15019,20,11,1,1,2,84,3.0,3, , , , ,0.0,0.0,0.0,4,4,1,84.0562210083008,5,15019-20-11-1,84.0,1,,,,0.0,0,0,0,1,1,0,0,0.0,0
15019,29,11,1,1,2,73,6.0,5, , , , ,0.0,8.0,0.0,4,4,1,84.0562210083008,1,15019-29-11-1,73.0,1,,,,0.0,0,1,0,1,1,0,0,0.0,0
15019,69,11,1,1,2,74,4.0,5, , , , ,0.0,0.0,0.0,4,4,1,84.0562210083008,1,15019-69-11-1,74.0,1,,,,0.0,0,0,0,1,1,0,0,0.0,0
15020,47,11,1,1,1,61,6.0,5,2,3, ,1,0.0,0.0,0.0,4,4,1,79.8167572021484,3,15020-47-11-1,61.0,1,3.0,,2.0,1.0,0,0,0,1,1,0,0,1.0,0
15020,88,11,1,1,2,49,8.0,3,2,2, ,1,0.0,8.0,0.0,4,4,1,79.8167572021484,1,15020-88-11-1,49.0,1,2.0,,2.0,0.0,0,1,0,1,1,0,0,0.0,0
15021,47,11,1,1,2,41,7.0,2, , , , ,0.0,0.0,0.0,4,4,1,102.967529296875,4,15021-47-11-1,41.0,1,,,,0.0,0,0,0,1,1,0,0,0.0,0
15021,59,11,1,1,1,48,8.0,5,2,1, ,1,0.0,8.0,0.0,4,4,1,102.967529296875,5,15021-59-11-1,48.0,1,1.0,,2.0,0.0,0,1,0,1,1,0,0,0.0,0
15023,83,11,1,1,2,63,11.0,2,3, ,2,5,0.0,0.0,0.0,4,4, ,102.967529296875,4,15023-83-11-1,63.0,1,,2.0,3.0,0.0,0,0,0,1,1,0,0,0.0,0
15023,95,11,1,1,2,36,7.0,2,1,2, ,1,0.0,8.0,0.0,4,4, ,102.967529296875,3,15023-95-11-1,36.0,1,2.0,,1.0,0.0,0,1,1,1,1,0,1,0.0,1
15023,119,11,1,1,2,68,6.0,5, , , , ,0.0,0.0,0.0,4,4, ,102.967529296875,1,15023-119-11-1,68.0,1,,,,0.0,0,0,0,1,1,0,0,0.0,0
15024,26,11,1,1,1,67,4.0,5,1,3, ,1,0.0,0.0,0.0,4,4, ,263.821685791016,2,15024-26-11-1,67.0,1,3.0,,1.0,1.0,0,0,0,1,1,0,0,1.0,0
15024,39,11,1,1,2,55,4.0,0, , , , ,0.0,8.0,0.0,4,4, ,263.821685791016,2,15024-39-11-1,55.0,1,,,,0.0,0,1,0,1,1,0,0,0.0,0
15024,69,11,1,1,2,26,7.0,1,6, ,7,1,0.0,8.0,0.0,4,4, ,263.821685791016,3,15024-69-11-1,26.0,1,,7.0,6.0,1.0,0,1,0,1,1,0,0,1.0,0
15028,9,11,1,1,2,43,5.0,3,6, ,7,1,0.0,8.0,0.0,4,5, ,255.607803344727,2,15028-9-11-1,43.0,1,,7.0,6.0,1.0,0,1,0,1,1,0,0,1.0,0
15028,44,11,1,1,1,57,6.0,5,2,3, ,1,0.0,0.0,0.0,4,5, ,255.607803344727,2,15028-44-11-1,57.0,1,3.0,,2.0,1.0,0,0,0,1,1,0,0,1.0,0
15028,57,11,1,1,1,56,4.0,0,2,2, ,1,0.0,0.0,0.0,4,5, ,255.607803344727,1,15028-57-11-1,56.0,1,2.0,,2.0,0.0,0,0,0,1,1,0,0,0.0,0
15028,86,11,1,1,1,34,11.0,1,3, ,5,5,0.0,8.0,0.0,4,5, ,255.607803344727,5,15028-86-11-1,34.0,1,,5.0,3.0,0.0,0,1,0,1,1,0,0,0.0,0
15029,3,11,1,1,2,65,1.0, ,2,3, ,1,0.0,0.0,0.0,4,5, ,263.821685791016,5,15029-3-11-1,65.0,1,3.0,,2.0,1.0,0,0,0,1,1,0,0,1.0,0
15029,17,11,1,1,2,63,1.0, ,2,3, ,1,0.0,0.0,0.0,4,5, ,263.821685791016,5,15029-17-11-1,63.0,1,3.0,,2.0,1.0,0,0,0,1,1,0,0,1.0,0
15042,59,11,1,1,2,35,5.0,2,2,3, ,1,0.0,0.0,0.0,7,4,1,163.678207397461,3,15042-59-11-1,35.0,1,3.0,,2.0,1.0,0,0,0,1,1,0,0,1.0,0
15042,80,11,1,1,2,79,3.0,0, , , , ,0.0,0.0,0.0,7,4,1,163.678207397461,2,15042-80-11-1,79.0,1,,,,0.0,0,0,0,1,1,0,0,0.0,0
15042,140,11,1,1,1,52,6.0,5,4, ,5,5,0.0,0.0,0.0,7,4,1,163.678207397461,5,15042-140-11-1,52.0,1,,5.0,4.0,0.0,0,0,0,1,1,0,0,0.0,0
15058,20,11,1,1,1,66,6.0,5,2,2, ,1,0.0,0.0,0.0,7,5,1,271.278656005859,3,15058-20-11-1,66.0,1,2.0,,2.0,0.0,0,0,0,1,1,0,0,0.0,0
15058,52,11,1,1,1,38,6.0,5,2,3, ,1,0.0,8.0,0.0,7,5,1,271.278656005859,5,15058-52-11-1,38.0,1,3.0,,2.0,1.0,0,1,0,1,1,0,0,1.0,0
15058,68,11,1,1,1,30,8.0,3,3,3,7,1,0.0,0.0,0.0,7,5,1,271.278656005859,2,15058-68-11-1,30.0,1,3.0,7.0,3.0,1.0,0,0,0,1,1,0,0,1.0,0
15062,4,11,1,1,2,89,3.0,3,5,3,7,1,0.0,0.0,0.0,7,5,1,138.394668579102,2,15062-4-11-1,89.0,1,3.0,7.0,5.0,1.0,0,0,0,1,1,0,0,1.0,0
15062,14,11,1,1,1,62,5.0,3,1,3, ,1,0.0,0.0,0.0,7,5,1,138.394668579102,3,15062-14-11-1,62.0,1,3.0,,1.0,1.0,0,0,0,1,1,0,0,1.0,0
15062,27,11,1,1,2,43,3.0,0,2,3, ,1,0.0,0.0,0.0,7,5,1,138.394668579102,3,15062-27-11-1,43.0,1,3.0,,2.0,1.0,0,0,0,1,1,0,0,1.0,0
15062,59,11,1,1,2,42,6.0,5, , , , ,0.0,8.0,0.0,7,5,1,138.394668579102,4,15062-59-11-1,42.0,1,,,,0.0,0,1,0,1,1,0,0,0.0,0
15062,71,11,1,1,1,47,6.0,5,1,3, ,1,0.0,0.0,0.0,7,5,1,138.394668579102,1,15062-71-11-1,47.0,1,3.0,,1.0,1.0,0,0,0,1,1,0,0,1.0,0
15063,122,11,1,1,2,44,5.0,4,2,3, ,1,0.0,8.0,0.0,7,5,2,163.678207397461,3,15063-122-11-1,44.0,1,3.0,,2.0,1.0,0,1,0,1,1,0,0,1.0,0
15063,157,11,1,1,1,70,4.0,6,2,3, ,1,0.0,0.0,0.0,7,5,1,163.678207397461,4,15063-157-11-1,70.0,1,3.0,,2.0,1.0,0,0,0,1,1,0,0,1.0,0
15064,3,11,1,1,2,65,4.0,5,2,3, ,1,0.0,0.0,0.0,7,5,1,283.740692138672,2,15064-3-11-1,65.0,1,3.0,,2.0,1.0,0,0,0,1,1,0,0,1.0,0
15064,16,11,1,1,1,54,5.0,1,2,3, ,1,0.0,0.0,0.0,7,5,1,283.740692138672,3,15064-16-11-1,54.0,1,3.0,,2.0,1.0,0,0,0,1,1,0,0,1.0,0
15064,46,11,1,1,2,87,3.0,2, , , , ,0.0,0.0,0.0,7,5,1,283.740692138672,2,15064-46-11-1,87.0,1,,,,0.0,0,0,1,1,1,0,1,0.0,1
15064,74,11,1,1,1,48,4.0,0,2,3, ,1,0.0,0.0,0.0,7,5,1,283.740692138672,6,15064-74-11-1,48.0,1,3.0,,2.0,1.0,0,0,0,1,1,0,0,1.0,0
15064,89,11,1,1,2,38,3.0,0,2,3, ,1,0.0,0.0,0.0,7,5,1,283.740692138672,3,15064-89-11-1,38.0,1,3.0,,2.0,1.0,0,0,1,1,1,0,1,1.0,1
15065,25,11,1,1,2,44,8.0,3,3, ,6,5,0.0,0.0,0.0,7,4,1,125.811553955078,1,15065-25-11-1,44.0,1,,6.0,3.0,0.0,0,0,0,1,1,0,0,0.0,0
15065,59,11,1,1,1,40,6.0,5,3,2,7,1,0.0,0.0,0.0,7,4,1,125.811553955078,4,15065-59-11-1,40.0,1,2.0,7.0,3.0,1.0,0,0,0,1,1,0,0,1.0,0
15065,111,11,1,1,2,62,5.0,3, , , , ,0.0,0.0,0.0,7,4,1,125.811553955078,1,15065-111-11-1,62.0,1,,,,0.0,0,0,0,1,1,0,0,0.0,0
15066,14,11,1,1,1,69,1.0, ,2,3, ,1,0.0,0.0,0.0,7,4,1,318.304809570313,3,15066-14-11-1,69.0,1,3.0,,2.0,1.0,0,0,0,1,1,0,0,1.0,0
15066,49,11,1,1,1,81,3.0,4, , , , ,0.0,0.0,0.0,7,4,1,318.304809570313,4,15066-49-11-1,81.0,1,,,,0.0,0,0,0,1,1,0,0,0.0,0
15067,6,11,1,1,1,52,4.0,0,4, ,5,5,0.0,0.0,0.0,7,4,2,283.740692138672,2,15067-6-11-1,52.0,1,,5.0,4.0,0.0,0,0,0,1,1,0,0,0.0,0
15067,36,11,1,1,1,27,9.0,2,3,1,7,1,0.0,8.0,0.0,7,4,1,283.740692138672,4,15067-36-11-1,27.0,1,1.0,7.0,3.0,1.0,0,1,0,1,1,0,0,1.0,0
15067,95,11,1,1,1,46,4.0,0,2,3, ,1,0.0,0.0,0.0,7,4,1,283.740692138672,2,15067-95-11-1,46.0,1,3.0,,2.0,1.0,0,0,1,1,1,0,1,1.0,1
15068,12,11,1,1,1,43,6.0,5,2,3, ,1,0.0,0.0,0.0,7,5,1,271.278656005859,4,15068-12-11-1,43.0,1,3.0,,2.0,1.0,0,0,0,1,1,0,0,1.0,0
15068,52,11,1,1,1,64,4.0,5,2,3, ,1,0.0,0.0,0.0,7,5,1,271.278656005859,4,15068-52-11-1,64.0,1,3.0,,2.0,1.0,0,0,0,1,1,0,0,1.0,0
15068,79,11,1,1,2,27,7.0,2,2,3, ,1,0.0,0.0,0.0,7,5,1,271.278656005859,3,15068-79-11-1,27.0,1,3.0,,2.0,1.0,0,0,0,1,1,0,0,1.0,0
15068,94,11,1,1,1,48,7.0,2,1,3, ,1,0.0,0.0,0.0,7,5,1,271.278656005859,4,15068-94-11-1,48.0,1,3.0,,1.0,1.0,0,0,0,1,1,0,0,1.0,0
15069,59,11,1,1,2,69,5.0,4,3,2,7,1,0.0,0.0,0.0,7,4,1,302.895935058594,1,15069-59-11-1,69.0,1,2.0,7.0,3.0,1.0,0,0,0,1,1,0,0,1.0,0
15069,95,11,1,1,1,68,10.0,5,1,2, ,1,0.0,8.0,0.0,7,4,1,302.895935058594,3,15069-95-11-1,68.0,1,2.0,,1.0,0.0,0,1,0,1,1,0,0,0.0,0
15070,28,11,1,1,1,61,3.0,3,2,3, ,1,0.0,0.0,0.0,7,4,1,283.740692138672,2,15070-28-11-1,61.0,1,3.0,,2.0,1.0,0,0,0,1,1,0,0,1.0,0
15070,88,11,1,1,1,77,4.0,5,2,3, ,1,0.0,0.0,0.0,7,4,1,283.740692138672,2,15070-88-11-1,77.0,1,3.0,,2.0,1.0,0,0,0,1,1,0,0,1.0,0
15070,108,11,1,1,2,51,3.0,0,4,1,7,1,0.0,0.0,0.0,7,4,1,283.740692138672,4,15070-108-11-1,51.0,1,1.0,7.0,4.0,1.0,0,0,0,1,1,0,0,1.0,0
15071,2,11,1,1,1,41,6.0,5,1,3, ,1,0.0,8.0,0.0,7,5,1,318.304809570313,7,15071-2-11-1,41.0,1,3.0,,1.0,1.0,0,1,0,1,1,0,0,1.0,0
15071,20,11,1,1,1,80,4.0,6, , , , ,0.0,0.0,0.0,7,5,1,318.304809570313,2,15071-20-11-1,80.0,1,,,,0.0,0,0,0,1,1,0,0,0.0,0
15071,32,11,1,1,2,34,5.0,3,2,3, ,1,0.0,0.0,0.0,7,5,1,318.304809570313,6,15071-32-11-1,34.0,1,3.0,,2.0,1.0,0,0,0,1,1,0,0,1.0,0
15071,117,11,1,1,1,81,3.0,2, , , , ,0.0,0.0,0.0,7,5,1,318.304809570313,2,15071-117-11-1,81.0,1,,,,0.0,0,0,0,1,1,0,0,0.0,0
15072,65,11,1,1,2,57,6.0,5,2,3, ,1,0.0,0.0,0.0,7,4, ,318.304809570313,5,15072-65-11-1,57.0,1,3.0,,2.0,1.0,0,0,0,1,1,0,0,1.0,0
15072,98,11,1,1,2,58,4.0,5,6, ,7,1,0.0,0.0,0.0,7,4, ,318.304809570313,2,15072-98-11-1,58.0,1,,7.0,6.0,1.0,0,0,0,1,1,0,0,1.0,0
15073,15,11,1,1,1,82,3.0,3, , , , ,0.0,0.0,0.0,7,5, ,318.304809570313,2,15073-15-11-1,82.0,1,,,,0.0,0,0,1,1,1,0,1,0.0,1
15073,99,11,1,1,1,73,3.0,4,2,3, ,1,0.0,0.0,0.0,7,5, ,318.304809570313,2,15073-99-11-1,73.0,1,3.0,,2.0,1.0,0,0,0,1,1,0,0,1.0,0
15073,130,11,1,1,1,42,5.0,3,4,3,7,1,0.0,0.0,0.0,7,5, ,318.304809570313,3,15073-130-11-1,42.0,1,3.0,7.0,4.0,1.0,0,0,0,1,1,0,0,1.0,0
15074,4,11,1,1,1,65,5.0,1,2,3, ,1,0.0,0.0,0.0,7,5, ,283.740692138672,3,15074-4-11-1,65.0,1,3.0,,2.0,1.0,0,0,0,1,1,0,0,1.0,0
15074,18,11,1,1,1,42,10.0,6,3, ,5,5,0.0,8.0,0.0,7,5, ,283.740692138672,3,15074-18-11-1,42.0,1,,5.0,3.0,0.0,0,1,0,1,1,0,0,0.0,0
15074,46,11,1,1,2,37,4.0,0,2,3, ,1,0.0,0.0,0.0,7,5, ,283.740692138672,3,15074-46-11-1,37.0,1,3.0,,2.0,1.0,0,0,0,1,1,0,0,1.0,0
15074,59,11,1,1,1,66,6.0,5,4,3,7,1,0.0,0.0,0.0,7,5, ,283.740692138672,3,15074-59-11-1,66.0,1,3.0,7.0,4.0,1.0,0,0,0,1,1,0,0,1.0,0
15074,74,11,1,1,1,27,6.0,5,2,3, ,1,0.0,8.0,0.0,7,5, ,283.740692138672,4,15074-74-11-1,27.0,1,3.0,,2.0,1.0,0,1,0,1,1,0,0,1.0,0
15074,88,11,1,1,1,47,6.0,5,4,3,7,2,0.0,0.0,0.0,7,5, ,283.740692138672,3,15074-88-11-1,47.0,1,3.0,7.0,4.0,1.0,0,0,0,1,1,0,0,1.0,0
15075,9,11,1,1,1,51,6.0,5,1,3, ,1,0.0,0.0,0.0,7,5, ,302.895935058594,4,15075-9-11-1,51.0,1,3.0,,1.0,1.0,0,0,0,1,1,0,0,1.0,0
15075,46,11,1,1,2,55,3.0,0,2,3, ,1,0.0,8.0,0.0,7,5, ,302.895935058594,3,15075-46-11-1,55.0,1,3.0,,2.0,1.0,0,1,0,1,1,0,0,1.0,0
15075,82,11,1,1,1,46,3.0,0,2,3, ,1,0.0,0.0,0.0,7,5, ,302.895935058594,4,15075-82-11-1,46.0,1,3.0,,2.0,1.0,0,0,0,1,1,0,0,1.0,0
15075,101,11,1,1,1,40,4.0,0,2,3, ,1,0.0,0.0,0.0,7,5, ,302.895935058594,4,15075-101-11-1,40.0,1,3.0,,2.0,1.0,0,0,0,1,1,0,0,1.0,0
15075,120,11,1,1,1,41,6.0,5,2,3, ,1,0.0,0.0,0.0,7,5, ,302.895935058594,3,15075-120-11-1,41.0,1,3.0,,2.0,1.0,0,0,0,1,1,0,0,1.0,0
15078,29,11,1,1,1,73,3.0,3,2,3, ,1,0.0,0.0,0.0,4,6,1,78.585823059082,3,15078-29-11-1,73.0,1,3.0,,2.0,1.0,0,0,0,1,1,0,0,1.0,0
15078,38,11,1,1,1,55,4.0,0,2,3, ,1,0.0,0.0,0.0,4,6,1,78.585823059082,1,15078-38-11-1,55.0,1,3.0,,2.0,1.0,0,0,0,1,1,0,0,1.0,0
15078,57,11,1,1,1,38,4.0,0,2,3, ,1,0.0,0.0,0.0,4,6,1,78.585823059082,6,15078-57-11-1,38.0,1,3.0,,2.0,1.0,0,0,1,1,1,0,1,1.0,1
15078,75,11,1,1,1,51,4.0,0,2,3, ,1,0.0,0.0,0.0,4,6,1,78.585823059082,4,15078-75-11-1,51.0,1,3.0,,2.0,1.0,0,0,0,1,1,0,0,1.0,0
15085,8,11,1,1,2,83,3.0,2,2,3, ,1,0.0,0.0,0.0,4,8,1,80.3816604614258,2,15085-8-11-1,83.0,1,3.0,,2.0,1.0,0,0,0,1,1,0,0,1.0,0
15085,32,11,1,1,2,69,3.0,2,2,3, ,1,0.0,0.0,0.0,4,8,1,80.3816604614258,1,15085-32-11-1,69.0,1,3.0,,2.0,1.0,0,0,0,1,1,0,0,1.0,0
15085,37,11,1,1,1,57,6.0,5,5,3,7,1,0.0,0.0,0.0,4,8,1,80.3816604614258,3,15085-37-11-1,57.0,1,3.0,7.0,5.0,1.0,0,0,0,1,1,0,0,1.0,0
15085,38,11,1,1,1,69,4.0,5,2,3, ,1,0.0,0.0,0.0,4,8,1,80.3816604614258,2,15085-38-11-1,69.0,1,3.0,,2.0,1.0,0,0,0,1,1,0,0,1.0,0
15085,40,11,1,1,1,47,5.0,3,2,3, ,1,0.0,0.0,0.0,4,8,1,80.3816604614258,3,15085-40-11-1,47.0,1,3.0,,2.0,1.0,0,0,0,1,1,0,0,1.0,0
15090,29,11,1,1,1,72,4.0,5,4,3,7,1,0.0,0.0,0.0,4,8, ,74.3708267211914,2,15090-29-11-1,72.0,1,3.0,7.0,4.0,1.0,0,0,0,1,1,0,0,1.0,0
15090,31,11,1,1,1,54,3.0,0,2,3, ,1,0.0,0.0,0.0,4,8, ,74.3708267211914,4,15090-31-11-1,54.0,1,3.0,,2.0,1.0,0,0,0,1,1,0,0,1.0,0
15090,32,11,1,1,1,77,3.0,1,2,3, ,1,0.0,0.0,0.0,4,8, ,74.3708267211914,3,15090-32-11-1,77.0,1,3.0,,2.0,1.0,0,0,0,1,1,0,0,1.0,0
15090,77,11,1,1,1,39,3.0,0,4,3,7,1,0.0,0.0,0.0,4,8, ,74.3708267211914,6,15090-77-11-1,39.0,1,3.0,7.0,4.0,1.0,0,0,0,1,1,0,0,1.0,0
15090,82,11,1,1,2,90,1.0, , , , , ,0.0,0.0,0.0,4,8, ,74.3708267211914,1,15090-82-11-1,90.0,1,,,,0.0,0,0,0,1,1,0,0,0.0,0
15090,84,11,1,1,2,71,3.0,2,2,3, ,1,0.0,0.0,0.0,4,8, ,74.3708267211914,2,15090-84-11-1,71.0,1,3.0,,2.0,1.0,0,0,0,1,1,0,0,1.0,0
15090,85,11,1,1,1,35,4.0,0,2,3, ,1,0.0,0.0,0.0,4,8, ,74.3708267211914,4,15090-85-11-1,35.0,1,3.0,,2.0,1.0,0,0,0,1,1,0,0,1.0,0
15096,25,11,1,1,1,75,3.0,3,2,3, ,1,0.0,0.0,0.0,4,7,1,74.3708267211914,2,15096-25-11-1,75.0,1,3.0,,2.0,1.0,0,0,0,1,1,0,0,1.0,0
15096,26,11,1,1,1,74,6.0,5,2,3, ,1,0.0,0.0,0.0,4,7,1,74.3708267211914,4,15096-26-11-1,74.0,1,3.0,,2.0,1.0,0,0,0,1,1,0,0,1.0,0
15096,27,11,1,1,2,32,6.0,5,2,3, ,1,0.0,8.0,0.0,4,7,1,74.3708267211914,4,15096-27-11-1,32.0,1,3.0,,2.0,1.0,0,1,0,1,1,0,0,1.0,0
15096,87,11,1,1,1,57,3.0,0,2,3, ,1,0.0,0.0,0.0,4,7,1,74.3708267211914,4,15096-87-11-1,57.0,1,3.0,,2.0,1.0,0,0,0,1,1,0,0,1.0,0
15096,89,11,1,1,1,38,4.0,0,1,3, ,1,0.0,0.0,0.0,4,7,1,74.3708267211914,1,15096-89-11-1,38.0,1,3.0,,1.0,1.0,0,0,1,1,1,0,1,1.0,1
15097,3,11,1,1,1,56,9.0,1,2,3, ,1,0.0,0.0,0.0,4,8,1,80.3816604614258,2,15097-3-11-1,56.0,1,3.0,,2.0,1.0,0,0,0,1,1,0,0,1.0,0
15097,62,11,1,1,1,45,4.0,0,1,3, ,1,0.0,0.0,0.0,4,8,1,80.3816604614258,3,15097-62-11-1,45.0,1,3.0,,1.0,1.0,0,0,0,1,1,0,0,1.0,0
15097,63,11,1,1,1,89,4.0,5, , , , ,0.0,0.0,0.0,4,8,1,80.3816604614258,5,15097-63-11-1,89.0,1,,,,0.0,0,0,0,1,1,0,0,0.0,0
15098,24,11,1,1,1,68,4.0,5,2,3, ,1,0.0,0.0,0.0,4,6,1,80.3816604614258,2,15098-24-11-1,68.0,1,3.0,,2.0,1.0,0,0,0,1,1,0,0,1.0,0
15098,32,11,1,1,1,56,5.0,2,2,3, ,1,0.0,0.0,0.0,4,6,1,80.3816604614258,1,15098-32-11-1,56.0,1,3.0,,2.0,1.0,0,0,0,1,1,0,0,1.0,0
15098,50,11,1,1,1,59,3.0,0,2,3, ,1,0.0,0.0,0.0,4,6,1,80.3816604614258,4,15098-50-11-1,59.0,1,3.0,,2.0,1.0,0,0,0,1,1,0,0,1.0,0
15098,67,11,1,1,1,56,4.0,0,4,3,7,1,0.0,0.0,0.0,4,6,1,80.3816604614258,2,15098-67-11-1,56.0,1,3.0,7.0,4.0,1.0,0,0,0,1,1,0,0,1.0,0
15098,76,11,1,1,1,71,4.0,5, , , , ,0.0,0.0,0.0,4,6,1,80.3816604614258,3,15098-76-11-1,71.0,1,,,,0.0,0,0,0,1,1,0,0,0.0,0
15098,85,11,1,1,1,62,4.0,5,2,3, ,1,0.0,0.0,0.0,4,6,1,80.3816604614258,4,15098-85-11-1,62.0,1,3.0,,2.0,1.0,0,0,0,1,1,0,0,1.0,0
15099,74,11,1,1,1,37,4.0,0,2,3, ,1,0.0,8.0,0.0,4,7,1,78.585823059082,5,15099-74-11-1,37.0,1,3.0,,2.0,1.0,0,1,0,1,1,0,0,1.0,0
15099,158,11,1,1,1,49,3.0,0,2,3, ,1,0.0,0.0,0.0,4,7,1,78.585823059082,3,15099-158-11-1,49.0,1,3.0,,2.0,1.0,0,0,0,1,1,0,0,1.0,0
15099,159,11,1,1,1,75,4.0,5,2,3, ,1,0.0,0.0,0.0,4,7,1,78.585823059082,2,15099-159-11-1,75.0,1,3.0,,2.0,1.0,0,0,0,1,1,0,0,1.0,0
15099,160,11,1,1,2,89,1.0, , , , , ,0.0,0.0,0.0,4,7,1,78.585823059082,1,15099-160-11-1,89.0,1,,,,0.0,0,0,0,1,1,0,0,0.0,0
15100,2,11,1,1,1,86,3.0,1, , , , ,0.0,0.0,0.0,4,8,1,74.3708267211914,2,15100-2-11-1,86.0,1,,,,0.0,0,0,0,1,1,0,0,0.0,0
15100,3,11,1,1,1,72,4.0,5,2,3, ,1,0.0,0.0,0.0,4,8,1,74.3708267211914,2,15100-3-11-1,72.0,1,3.0,,2.0,1.0,0,0,0,1,1,0,0,1.0,0
15100,21,11,1,1,1,64,4.0,5,1,3, ,1,0.0,0.0,0.0,4,8,1,74.3708267211914,1,15100-21-11-1,64.0,1,3.0,,1.0,1.0,0,0,0,1,1,0,0,1.0,0
15100,22,11,1,1,1,69,4.0,5,2,3, ,1,0.0,0.0,0.0,4,8,1,74.3708267211914,1,15100-22-11-1,69.0,1,3.0,,2.0,1.0,0,0,0,1,1,0,0,1.0,0
15100,23,11,1,1,1,68,4.0,5,2,3, ,1,0.0,0.0,0.0,4,8,1,74.3708267211914,5,15100-23-11-1,68.0,1,3.0,,2.0,1.0,0,0,0,1,1,0,0,1.0,0
15100,24,11,1,1,1,64,4.0,5,2,3, ,1,0.0,0.0,0.0,4,8,1,74.3708267211914,2,15100-24-11-1,64.0,1,3.0,,2.0,1.0,0,0,0,1,1,0,0,1.0,0
15101,15,11,1,1,1,44,6.0,5,2,3, ,1,0.0,8.0,0.0,4,6,1,72.2517242431641,2,15101-15-11-1,44.0,1,3.0,,2.0,1.0,0,1,0,1,1,0,0,1.0,0
15101,23,11,1,1,1,47,7.0,2,2,3, ,1,0.0,0.0,0.0,4,6,1,72.2517242431641,4,15101-23-11-1,47.0,1,3.0,,2.0,1.0,0,0,0,1,1,0,0,1.0,0
15101,41,11,1,1,1,40,7.0,1,5,3,7,1,0.0,0.0,0.0,4,6,1,72.2517242431641,4,15101-41-11-1,40.0,1,3.0,7.0,5.0,1.0,0,0,0,1,1,0,0,1.0,0
15101,73,11,1,1,1,42,4.0,0,5,3,7,1,0.0,8.0,0.0,4,6,1,72.2517242431641,4,15101-73-11-1,42.0,1,3.0,7.0,5.0,1.0,0,1,0,1,1,0,0,1.0,0
15101,82,11,1,1,1,57,3.0,0,2,3, ,1,0.0,0.0,0.0,4,6,1,72.2517242431641,1,15101-82-11-1,57.0,1,3.0,,2.0,1.0,0,0,0,1,1,0,0,1.0,0
15102,10,11,1,1,1,53,3.0,0,2,3, ,1,0.0,0.0,0.0,4,7,1,80.3816604614258,5,15102-10-11-1,53.0,1,3.0,,2.0,1.0,0,0,0,1,1,0,0,1.0,0
15102,73,11,1,1,1,31,8.0,3,2,3, ,1,0.0,8.0,0.0,4,7,1,80.3816604614258,1,15102-73-11-1,31.0,1,3.0,,2.0,1.0,0,1,0,1,1,0,0,1.0,0
15102,75,11,1,1,2,64,3.0,3,2,3, ,1,0.0,0.0,0.0,4,7,1,80.3816604614258,1,15102-75-11-1,64.0,1,3.0,,2.0,1.0,0,0,0,1,1,0,0,1.0,0
15102,78,11,1,1,1,57,4.0,0,2,3, ,1,0.0,0.0,0.0,4,7,1,80.3816604614258,2,15102-78-11-1,57.0,1,3.0,,2.0,1.0,0,0,0,1,1,0,0,1.0,0
15103,9,11,1,1,1,59,3.0,4,2,3, ,1,0.0,0.0,0.0,4,8,1,78.585823059082,3,15103-9-11-1,59.0,1,3.0,,2.0,1.0,0,0,0,1,1,0,0,1.0,0
15103,10,11,1,1,1,26,5.0,3,4,3,7,1,0.0,0.0,0.0,4,8,2,78.585823059082,3,15103-10-11-1,26.0,1,3.0,7.0,4.0,1.0,0,0,0,1,1,0,0,1.0,0
15103,12,11,1,1,1,46,4.0,0,2,3, ,1,0.0,0.0,0.0,4,8,1,78.585823059082,9,15103-12-11-1,46.0,1,3.0,,2.0,1.0,0,0,0,1,1,0,0,1.0,0
15103,20,11,1,1,1,60,4.0,5,2,3, ,1,0.0,0.0,0.0,4,8,1,78.585823059082,3,15103-20-11-1,60.0,1,3.0,,2.0,1.0,0,0,0,1,1,0,0,1.0,0
15104,5,11,1,1,2,41,4.0,0,3, ,5,5,0.0,0.0,0.0,4,7,1,72.2517242431641,5,15104-5-11-1,41.0,1,,5.0,3.0,0.0,0,0,0,1,1,0,0,0.0,0
15104,6,11,1,1,2,44,5.0,4,2,3, ,1,0.0,0.0,0.0,4,7,1,72.2517242431641,3,15104-6-11-1,44.0,1,3.0,,2.0,1.0,0,0,0,1,1,0,0,1.0,0
15104,7,11,1,1,1,80,3.0,3,5,3,7,1,0.0,0.0,0.0,4,7,1,72.2517242431641,3,15104-7-11-1,80.0,1,3.0,7.0,5.0,1.0,0,0,0,1,1,0,0,1.0,0
15104,8,11,1,1,1,43,4.0,0,2,3, ,1,0.0,0.0,0.0,4,7,1,72.2517242431641,5,15104-8-11-1,43.0,1,3.0,,2.0,1.0,0,0,0,1,1,0,0,1.0,0
15104,66,11,1,1,1,57,3.0,0,2,3, ,1,0.0,0.0,0.0,4,7,1,72.2517242431641,5,15104-66-11-1,57.0,1,3.0,,2.0,1.0,0,0,0,1,1,0,0,1.0,0
15104,68,11,1,1,1,46,6.0,5,2,3, ,1,0.0,8.0,0.0,4,7,1,72.2517242431641,6,15104-68-11-1,46.0,1,3.0,,2.0,1.0,0,1,1,1,1,0,1,1.0,1
15104,69,11,1,1,1,55,3.0,0,2,3, ,1,0.0,0.0,0.0,4,7,1,72.2517242431641,6,15104-69-11-1,55.0,1,3.0,,2.0,1.0,0,0,0,1,1,0,0,1.0,0
15121,41,11,1,1,1,45,6.0,5,5,2,7,1,0.0,0.0,0.0,7,7,1,65.2061309814453,4,15121-41-11-1,45.0,1,2.0,7.0,5.0,1.0,0,0,0,1,1,0,0,1.0,0
15121,42,11,1,1,1,65,5.0,4,2,3, ,1,0.0,0.0,0.0,7,7,1,65.2061309814453,6,15121-42-11-1,65.0,1,3.0,,2.0,1.0,0,0,0,1,1,0,0,1.0,0
15121,44,11,1,1,2,35,7.0,2,2,3, ,1,0.0,8.0,0.0,7,7,2,65.2061309814453,3,15121-44-11-1,35.0,1,3.0,,2.0,1.0,0,1,0,1,1,0,0,1.0,0
15121,114,11,1,1,1,60,6.0,5,2,3, ,1,0.0,0.0,0.0,7,7,1,65.2061309814453,5,15121-114-11-1,60.0,1,3.0,,2.0,1.0,0,0,0,1,1,0,0,1.0,0
15140,61,11,1,1,1,52,4.0,0,4,3,7,1,0.0,0.0,0.0,7,7, ,71.17578125,3,15140-61-11-1,52.0,1,3.0,7.0,4.0,1.0,0,0,0,1,1,0,0,1.0,0
15140,63,11,1,1,1,57,4.0,0,4,3,7,1,0.0,0.0,0.0,7,7, ,71.17578125,4,15140-63-11-1,57.0,1,3.0,7.0,4.0,1.0,0,0,0,1,1,0,0,1.0,0
15140,64,11,1,1,1,48,5.0,1,4,3,7,1,0.0,0.0,0.0,7,7, ,71.17578125,3,15140-64-11-1,48.0,1,3.0,7.0,4.0,1.0,0,0,1,1,1,0,1,1.0,1
15140,143,11,1,1,1,66,6.0,5,2,3, ,1,0.0,8.0,0.0,7,7, ,71.17578125,2,15140-143-11-1,66.0,1,3.0,,2.0,1.0,0,1,0,1,1,0,0,1.0,0
15140,144,11,1,1,1,41,3.0,0,4,3,7,1,0.0,8.0,0.0,7,7, ,71.17578125,5,15140-144-11-1,41.0,1,3.0,7.0,4.0,1.0,0,1,0,1,1,0,0,1.0,0
15140,146,11,1,1,1,65,1.0, ,2,3, ,1,0.0,0.0,0.0,7,7, ,71.17578125,9,15140-146-11-1,65.0,1,3.0,,2.0,1.0,0,0,0,1,1,0,0,1.0,0
15140,150,11,1,1,1,29,3.0,0,4,3,7,2,0.0,0.0,0.0,7,7, ,71.17578125,5,15140-150-11-1,29.0,1,3.0,7.0,4.0,1.0,0,0,0,1,1,0,0,1.0,0
15142,25,11,1,1,1,66,4.0,5,2,3, ,1,0.0,0.0,0.0,7,7,1,71.17578125,3,15142-25-11-1,66.0,1,3.0,,2.0,1.0,0,0,0,1,1,0,0,1.0,0
15142,27,11,1,1,1,56,5.0,1,2,3, ,1,0.0,0.0,0.0,7,7,1,71.17578125,4,15142-27-11-1,56.0,1,3.0,,2.0,1.0,0,0,0,1,1,0,0,1.0,0
15142,28,11,1,1,2,91,3.0,2,1,3, ,1,0.0,0.0,0.0,7,7,1,71.17578125,5,15142-28-11-1,91.0,1,3.0,,1.0,1.0,0,0,0,1,1,0,0,1.0,0
15142,162,11,1,1,1,44,9.0,2,2,3, ,1,0.0,0.0,0.0,7,7,1,71.17578125,4,15142-162-11-1,44.0,1,3.0,,2.0,1.0,0,0,0,1,1,0,0,1.0,0
15142,163,11,1,1,1,83,4.0,5,1,3, ,1,0.0,0.0,0.0,7,7,1,71.17578125,2,15142-163-11-1,83.0,1,3.0,,1.0,1.0,0,0,0,1,1,0,0,1.0,0
15142,164,11,1,1,1,65,5.0,4,2,3, ,1,0.0,0.0,0.0,7,7,1,71.17578125,2,15142-164-11-1,65.0,1,3.0,,2.0,1.0,0,0,0,1,1,0,0,1.0,0
15157,42,11,1,1,1,37,6.0,5,4,3,7,1,0.0,0.0,0.0,7,8,1,65.3573379516602,4,15157-42-11-1,37.0,1,3.0,7.0,4.0,1.0,0,0,0,1,1,0,0,1.0,0
15157,43,11,1,1,1,54,6.0,5,3,1,2,1,0.0,0.0,0.0,7,8,1,65.3573379516602,4,15157-43-11-1,54.0,1,1.0,2.0,3.0,0.0,0,0,0,1,1,0,0,0.0,0
15157,44,11,1,1,1,44,4.0,0,2,3, ,1,0.0,0.0,0.0,7,8,1,65.3573379516602,4,15157-44-11-1,44.0,1,3.0,,2.0,1.0,0,0,0,1,1,0,0,1.0,0
15157,92,11,1,1,1,36,3.0,0,2,3, ,1,0.0,0.0,0.0,7,8,1,65.3573379516602,3,15157-92-11-1,36.0,1,3.0,,2.0,1.0,0,0,0,1,1,0,0,1.0,0
15157,95,11,1,1,1,60,4.0,5,2,3, ,1,0.0,0.0,0.0,7,8,1,65.3573379516602,3,15157-95-11-1,60.0,1,3.0,,2.0,1.0,0,0,0,1,1,0,0,1.0,0
15159,26,11,1,1,1,35,6.0,5,4, ,5,5,0.0,8.0,0.0,7,7,1,56.599250793457,5,15159-26-11-1,35.0,1,,5.0,4.0,0.0,0,1,0,1,1,0,0,0.0,0
15159,27,11,1,1,2,64,1.0, ,2,3, ,1,0.0,0.0,0.0,7,7,1,56.599250793457,2,15159-27-11-1,64.0,1,3.0,,2.0,1.0,0,0,0,1,1,0,0,1.0,0
15159,28,11,1,1,1,47,6.0,5,2,3, ,1,0.0,0.0,0.0,7,7,1,56.599250793457,7,15159-28-11-1,47.0,1,3.0,,2.0,1.0,0,0,0,1,1,0,0,1.0,0
15159,115,11,1,1,2,85,1.0, ,2,3, ,1,0.0,0.0,0.0,7,7,1,56.599250793457,1,15159-115-11-1,85.0,1,3.0,,2.0,1.0,0,0,0,1,1,0,0,1.0,0
15159,116,11,1,1,1,52,8.0,3,3, ,2,5,0.0,0.0,0.0,7,7,1,56.599250793457,8,15159-116-11-1,52.0,1,,2.0,3.0,0.0,0,0,0,1,1,0,0,0.0,0
15159,117,11,1,1,1,48,6.0,5,2,3, ,1,0.0,0.0,0.0,7,7,1,56.599250793457,9,15159-117-11-1,48.0,1,3.0,,2.0,1.0,0,0,0,1,1,0,0,1.0,0
15160,83,11,1,1,1,37,6.0,5,2,3, ,1,0.0,0.0,0.0,7,7,1,65.2061309814453,5,15160-83-11-1,37.0,1,3.0,,2.0,1.0,0,0,0,1,1,0,0,1.0,0
15160,84,11,1,1,1,31,6.0,5,4,1,7,1,0.0,0.0,0.0,7,7,1,65.2061309814453,7,15160-84-11-1,31.0,1,1.0,7.0,4.0,1.0,0,0,0,1,1,0,0,1.0,0
15160,195,11,1,1,1,49,5.0,2,2,3, ,1,0.0,0.0,0.0,7,7,1,65.2061309814453,7,15160-195-11-1,49.0,1,3.0,,2.0,1.0,0,0,1,1,1,0,1,1.0,1
15161,13,11,1,1,1,67,3.0,2,2,3, ,1,0.0,0.0,0.0,7,7,1,65.2061309814453,5,15161-13-11-1,67.0,1,3.0,,2.0,1.0,0,0,0,1,1,0,0,1.0,0
15161,321,11,1,1,1,48,6.0,5,2,3, ,1,0.0,0.0,0.0,7,7,1,65.2061309814453,4,15161-321-11-1,48.0,1,3.0,,2.0,1.0,0,0,0,1,1,0,0,1.0,0
15161,322,11,1,1,2,77,3.0,1,2,3, ,1,0.0,0.0,0.0,7,7,1,65.2061309814453,2,15161-322-11-1,77.0,1,3.0,,2.0,1.0,0,0,0,1,1,0,0,1.0,0
15161,326,11,1,1,1,69,3.0,1,4,3,7,1,0.0,0.0,0.0,7,7,1,65.2061309814453,1,15161-326-11-1,69.0,1,3.0,7.0,4.0,1.0,0,0,0,1,1,0,0,1.0,0
15161,327,11,1,1,1,61,3.0,2,2,3, ,1,0.0,0.0,0.0,7,7,1,65.2061309814453,4,15161-327-11-1,61.0,1,3.0,,2.0,1.0,0,0,0,1,1,0,0,1.0,0
15162,181,11,1,1,1,71,4.0,5,2,3, ,1,0.0,0.0,0.0,7,7,1,71.17578125,1,15162-181-11-1,71.0,1,3.0,,2.0,1.0,0,0,0,1,1,0,0,1.0,0
15162,183,11,1,1,1,50,4.0,0,2,3, ,1,0.0,0.0,0.0,7,7,1,71.17578125,9,15162-183-11-1,50.0,1,3.0,,2.0,1.0,0,0,0,1,1,0,0,1.0,0
15162,397,11,1,1,1,56,5.0,2,2,3, ,1,0.0,0.0,0.0,7,7,1,71.17578125,1,15162-397-11-1,56.0,1,3.0,,2.0,1.0,0,0,0,1,1,0,0,1.0,0
15162,398,11,1,1,1,36,6.0,5,2,3, ,1,0.0,0.0,0.0,7,7,1,71.17578125,3,15162-398-11-1,36.0,1,3.0,,2.0,1.0,0,0,0,1,1,0,0,1.0,0
15163,17,11,1,1,1,60,4.0,5,2,3, ,1,0.0,0.0,0.0,7,8,1,65.3573379516602,3,15163-17-11-1,60.0,1,3.0,,2.0,1.0,0,0,0,1,1,0,0,1.0,0
15163,19,11,1,1,1,33,5.0,4,2,3, ,1,0.0,0.0,0.0,7,8,1,65.3573379516602,2,15163-19-11-1,33.0,1,3.0,,2.0,1.0,0,0,0,1,1,0,0,1.0,0
15163,40,11,1,1,1,56,3.0,0,2,3, ,1,0.0,0.0,0.0,7,8,1,65.3573379516602,5,15163-40-11-1,56.0,1,3.0,,2.0,1.0,0,0,0,1,1,0,0,1.0,0
15163,41,11,1,1,1,27,5.0,4,2,3, ,1,0.0,0.0,0.0,7,8,1,65.3573379516602,4,15163-41-11-1,27.0,1,3.0,,2.0,1.0,0,0,0,1,1,0,0,1.0,0
15163,43,11,1,1,1,58,6.0,5,2,3, ,1,0.0,0.0,0.0,7,8,1,65.3573379516602,2,15163-43-11-1,58.0,1,3.0,,2.0,1.0,0,0,0,1,1,0,0,1.0,0
15163,44,11,1,1,1,71,1.0, ,2,3, ,1,0.0,0.0,0.0,7,8,1,65.3573379516602,5,15163-44-11-1,71.0,1,3.0,,2.0,1.0,0,0,0,1,1,0,0,1.0,0
15164,1,11,1,1,1,39,3.0,0,2,3, ,1,0.0,0.0,0.0,7,8,1,71.17578125,5,15164-1-11-1,39.0,1,3.0,,2.0,1.0,0,0,0,1,1,0,0,1.0,0
15164,4,11,1,1,1,65,1.0, ,2,3, ,1,0.0,0.0,0.0,7,8,1,71.17578125,3,15164-4-11-1,65.0,1,3.0,,2.0,1.0,0,0,0,1,1,0,0,1.0,0
15164,80,11,1,1,1,71,3.0,2,2,3, ,1,0.0,0.0,0.0,7,8,1,71.17578125,3,15164-80-11-1,71.0,1,3.0,,2.0,1.0,0,0,0,1,1,0,0,1.0,0
15164,82,11,1,1,2,61,4.0,5,2,3, ,1,0.0,0.0,0.0,7,8,1,71.17578125,4,15164-82-11-1,61.0,1,3.0,,2.0,1.0,0,0,0,1,1,0,0,1.0,0
15165,7,11,1,1,1,31,9.0,2,1,2, ,1,0.0,8.0,0.0,7,6,2,65.3573379516602,2,15165-7-11-1,31.0,1,2.0,,1.0,0.0,0,1,1,1,1,0,1,0.0,1
15165,16,11,1,1,2,84,3.0,1,2,3, ,1,0.0,0.0,0.0,7,6,1,65.3573379516602,1,15165-16-11-1,84.0,1,3.0,,2.0,1.0,0,0,0,1,1,0,0,1.0,0
15165,20,11,1,1,1,57,5.0,2,2,3, ,1,0.0,0.0,0.0,7,6,1,65.3573379516602,2,15165-20-11-1,57.0,1,3.0,,2.0,1.0,0,0,0,1,1,0,0,1.0,0
15165,37,11,1,1,1,67,4.0,5, , , , ,0.0,0.0,0.0,7,6,1,65.3573379516602,1,15165-37-11-1,67.0,1,,,,0.0,0,0,0,1,1,0,0,0.0,0
15166,140,11,1,1,1,34,5.0,3,2,3, ,1,0.0,0.0,0.0,7,7,1,71.17578125,6,15166-140-11-1,34.0,1,3.0,,2.0,1.0,0,0,0,1,1,0,0,1.0,0
15166,141,11,1,1,1,35,6.0,5,2,3, ,1,0.0,0.0,0.0,7,7,1,71.17578125,5,15166-141-11-1,35.0,1,3.0,,2.0,1.0,0,0,0,1,1,0,0,1.0,0
15166,142,11,1,1,1,64,4.0,5,2,3, ,1,0.0,0.0,0.0,7,7,1,71.17578125,5,15166-142-11-1,64.0,1,3.0,,2.0,1.0,0,0,0,1,1,0,0,1.0,0
15166,144,11,1,1,1,36,6.0,5,4, ,5,5,0.0,0.0,0.0,7,7,1,71.17578125,4,15166-144-11-1,36.0,1,,5.0,4.0,0.0,0,0,0,1,1,0,0,0.0,0
15167,117,11,1,1,2,65,1.0, ,2,3, ,1,0.0,0.0,0.0,7,7,1,65.3573379516602,3,15167-117-11-1,65.0,1,3.0,,2.0,1.0,0,0,0,1,1,0,0,1.0,0
15167,119,11,1,1,2,57,1.0, ,2,3, ,1,0.0,0.0,0.0,7,7,1,65.3573379516602,5,15167-119-11-1,57.0,1,3.0,,2.0,1.0,0,0,0,1,1,0,0,1.0,0
15167,255,11,1,1,1,49,5.0,2,2,3, ,1,0.0,0.0,0.0,7,7,1,65.3573379516602,5,15167-255-11-1,49.0,1,3.0,,2.0,1.0,0,0,0,1,1,0,0,1.0,0
15167,256,11,1,1,1,34,3.0,0, , , , ,0.0,0.0,0.0,7,7,1,65.3573379516602,5,15167-256-11-1,34.0,1,,,,0.0,0,0,0,1,1,0,0,0.0,0
15169,1,11,1,1,1,61,4.0,5,2,3, ,1,0.0,0.0,0.0,7,7,1,65.2061309814453,3,15169-1-11-1,61.0,1,3.0,,2.0,1.0,0,0,0,1,1,0,0,1.0,0
15169,3,11,1,1,1,68,6.0,5,2,3, ,1,0.0,0.0,0.0,7,7,1,65.2061309814453,3,15169-3-11-1,68.0,1,3.0,,2.0,1.0,0,0,0,1,1,0,0,1.0,0
15169,121,11,1,1,1,59,3.0,3,2,3, ,1,0.0,0.0,0.0,7,7,1,65.2061309814453,6,15169-121-11-1,59.0,1,3.0,,2.0,1.0,0,0,0,1,1,0,0,1.0,0
15169,123,11,1,1,2,61,1.0, ,2,3, ,1,0.0,0.0,0.0,7,7,1,65.2061309814453,1,15169-123-11-1,61.0,1,3.0,,2.0,1.0,0,0,0,1,1,0,0,1.0,0
15169,124,11,1,1,1,33,6.0,5,2,3, ,1,0.0,8.0,0.0,7,7,1,65.2061309814453,4,15169-124-11-1,33.0,1,3.0,,2.0,1.0,0,1,0,1,1,0,0,1.0,0
15169,125,11,1,1,1,30,4.0,0,2,3, ,1,0.0,0.0,0.0,7,7,1,65.2061309814453,3,15169-125-11-1,30.0,1,3.0,,2.0,1.0,0,0,0,1,1,0,0,1.0,0
15170,57,11,1,1,1,45,5.0,1,2,3, ,1,0.0,0.0,0.0,7,8, ,65.2061309814453,6,15170-57-11-1,45.0,1,3.0,,2.0,1.0,0,0,0,1,1,0,0,1.0,0
15170,58,11,1,1,1,29,5.0,2,2,3, ,1,0.0,0.0,0.0,7,8, ,65.2061309814453,4,15170-58-11-1,29.0,1,3.0,,2.0,1.0,0,0,0,1,1,0,0,1.0,0
15170,60,11,1,1,2,69,1.0, ,2,3, ,1,0.0,0.0,0.0,7,8, ,65.2061309814453,2,15170-60-11-1,69.0,1,3.0,,2.0,1.0,0,0,0,1,1,0,0,1.0,0
15170,130,11,1,1,1,44,4.0,0,5,3,7,1,0.0,0.0,0.0,7,8, ,65.2061309814453,3,15170-130-11-1,44.0,1,3.0,7.0,5.0,1.0,0,0,0,1,1,0,0,1.0,0
15170,131,11,1,1,1,44,4.0,0,2,3, ,1,0.0,0.0,0.0,7,8, ,65.2061309814453,1,15170-131-11-1,44.0,1,3.0,,2.0,1.0,0,0,0,1,1,0,0,1.0,0
15170,132,11,1,1,1,31,6.0,5,2,3, ,1,0.0,8.0,0.0,7,8, ,65.2061309814453,3,15170-132-11-1,31.0,1,3.0,,2.0,1.0,0,1,0,1,1,0,0,1.0,0
15170,139,11,1,1,1,31,6.0,5,2,3, ,1,0.0,0.0,0.0,7,8, ,65.2061309814453,4,15170-139-11-1,31.0,1,3.0,,2.0,1.0,0,0,0,1,1,0,0,1.0,0
15171,10,11,1,1,1,53,3.0,0,2,3, ,1,0.0,0.0,0.0,7,8,1,56.599250793457,2,15171-10-11-1,53.0,1,3.0,,2.0,1.0,0,0,0,1,1,0,0,1.0,0
15171,11,11,1,1,1,62,4.0,5,2,3, ,1,0.0,0.0,0.0,7,8,1,56.599250793457,2,15171-11-11-1,62.0,1,3.0,,2.0,1.0,0,0,0,1,1,0,0,1.0,0
15171,12,11,1,1,1,92,1.0, ,2,3, ,1,0.0,0.0,0.0,7,8,1,56.599250793457,2,15171-12-11-1,92.0,1,3.0,,2.0,1.0,0,0,0,1,1,0,0,1.0,0
15171,31,11,1,1,1,52,8.0,3,4,3,7,1,0.0,0.0,0.0,7,8,1,56.599250793457,3,15171-31-11-1,52.0,1,3.0,7.0,4.0,1.0,0,0,1,1,1,0,1,1.0,1
15171,33,11,1,1,1,45,6.0,5,4,3,7,1,0.0,0.0,0.0,7,8,1,56.599250793457,1,15171-33-11-1,45.0,1,3.0,7.0,4.0,1.0,0,0,0,1,1,0,0,1.0,0
15171,34,11,1,1,2,70,1.0, ,4,3,7,1,0.0,0.0,0.0,7,8,2,56.599250793457,1,15171-34-11-1,70.0,1,3.0,7.0,4.0,1.0,0,0,0,1,1,0,0,1.0,0
15172,57,11,1,1,1,42,3.0,0,2,3, ,1,0.0,0.0,0.0,7,7,1,56.599250793457,8,15172-57-11-1,42.0,1,3.0,,2.0,1.0,0,0,0,1,1,0,0,1.0,0
15172,182,11,1,1,1,54,3.0,0,2,3, ,1,0.0,0.0,0.0,7,7,1,56.599250793457,2,15172-182-11-1,54.0,1,3.0,,2.0,1.0,0,0,0,1,1,0,0,1.0,0
15172,183,11,1,1,1,36,6.0,5,2,3, ,1,0.0,0.0,0.0,7,7,1,56.599250793457,5,15172-183-11-1,36.0,1,3.0,,2.0,1.0,0,0,1,1,1,0,1,1.0,1
15172,184,11,1,1,1,33,6.0,5,2,3, ,1,0.0,0.0,0.0,7,7,1,56.599250793457,5,15172-184-11-1,33.0,1,3.0,,2.0,1.0,0,0,0,1,1,0,0,1.0,0
15173,30,11,1,1,1,48,3.0,0,2,3, ,1,0.0,0.0,0.0,7,7,1,65.2061309814453,6,15173-30-11-1,48.0,1,3.0,,2.0,1.0,0,0,0,1,1,0,0,1.0,0
15173,32,11,1,1,2,70,1.0, , , , , ,0.0,0.0,0.0,7,7,1,65.2061309814453,1,15173-32-11-1,70.0,1,,,,0.0,0,0,0,1,1,0,0,0.0,0
15173,122,11,1,1,1,25,5.0,4,4,3,7,1,0.0,0.0,0.0,7,7,1,65.2061309814453,4,15173-122-11-1,25.0,1,3.0,7.0,4.0,1.0,0,0,0,1,1,0,0,1.0,0
15173,123,11,1,1,1,70,4.0,5,2,3, ,1,0.0,0.0,0.0,7,7,1,65.2061309814453,2,15173-123-11-1,70.0,1,3.0,,2.0,1.0,0,0,0,1,1,0,0,1.0,0
15173,127,11,1,1,1,55,8.0,3,2,3, ,1,0.0,0.0,0.0,7,7,1,65.2061309814453,4,15173-127-11-1,55.0,1,3.0,,2.0,1.0,0,0,0,1,1,0,0,1.0,0
15174,57,11,1,1,2,67,1.0, , , , , ,0.0,0.0,0.0,7,7,1,71.17578125,6,15174-57-11-1,67.0,1,,,,0.0,0,0,0,1,1,0,0,0.0,0
15174,161,11,1,1,1,40,4.0,0,4,3,7,1,0.0,0.0,0.0,7,7,1,71.17578125,4,15174-161-11-1,40.0,1,3.0,7.0,4.0,1.0,0,0,0,1,1,0,0,1.0,0
15174,162,11,1,1,1,56,7.0,2,2,3, ,1,0.0,0.0,0.0,7,7,1,71.17578125,1,15174-162-11-1,56.0,1,3.0,,2.0,1.0,0,0,0,1,1,0,0,1.0,0
15174,163,11,1,1,2,39,3.0,0,2,3, ,1,0.0,0.0,0.0,7,7,1,71.17578125,3,15174-163-11-1,39.0,1,3.0,,2.0,1.0,0,0,0,1,1,0,0,1.0,0
15174,164,11,1,1,2,42,3.0,0,2,3, ,1,0.0,0.0,0.0,7,7,1,71.17578125,4,15174-164-11-1,42.0,1,3.0,,2.0,1.0,0,0,0,1,1,0,0,1.0,0
15175,81,11,1,1,1,69,4.0,5,2,3, ,1,0.0,0.0,0.0,7,7,1,65.3573379516602,3,15175-81-11-1,69.0,1,3.0,,2.0,1.0,0,0,0,1,1,0,0,1.0,0
15175,82,11,1,1,1,82,3.0,3,2,3, ,1,0.0,0.0,0.0,7,7,1,65.3573379516602,2,15175-82-11-1,82.0,1,3.0,,2.0,1.0,0,0,0,1,1,0,0,1.0,0
15175,83,11,1,1,1,38,4.0,0,2,3, ,1,0.0,0.0,0.0,7,7,1,65.3573379516602,6,15175-83-11-1,38.0,1,3.0,,2.0,1.0,0,0,0,1,1,0,0,1.0,0
15175,84,11,1,1,1,46,3.0,0,2,3, ,1,0.0,0.0,0.0,7,7,1,65.3573379516602,4,15175-84-11-1,46.0,1,3.0,,2.0,1.0,0,0,0,1,1,0,0,1.0,0
15175,86,11,1,1,1,46,4.0,0,2,3, ,1,0.0,0.0,0.0,7,7,1,65.3573379516602,8,15175-86-11-1,46.0,1,3.0,,2.0,1.0,0,0,0,1,1,0,0,1.0,0
15175,87,11,1,1,1,59,4.0,5,2,3, ,1,0.0,0.0,0.0,7,7,1,65.3573379516602,3,15175-87-11-1,59.0,1,3.0,,2.0,1.0,0,0,0,1,1,0,0,1.0,0
15176,21,11,1,1,1,79,4.0,5, , , , ,0.0,0.0,0.0,7,7,1,65.3573379516602,3,15176-21-11-1,79.0,1,,,,0.0,0,0,0,1,1,0,0,0.0,0
15176,22,11,1,1,1,76,4.0,5, , , , ,0.0,0.0,0.0,7,7,1,65.3573379516602,1,15176-22-11-1,76.0,1,,,,0.0,0,0,0,1,1,0,0,0.0,0
15176,23,11,1,1,1,90,4.0,5,5,3,7,1,0.0,0.0,0.0,7,7,1,65.3573379516602,2,15176-23-11-1,90.0,1,3.0,7.0,5.0,1.0,0,0,0,1,1,0,0,1.0,0
15176,24,11,1,1,2,79,3.0,1,2,3, ,1,0.0,0.0,0.0,7,7,1,65.3573379516602,2,15176-24-11-1,79.0,1,3.0,,2.0,1.0,0,0,0,1,1,0,0,1.0,0
15176,102,11,1,1,1,61,4.0,5,2,3, ,1,0.0,0.0,0.0,7,7,1,65.3573379516602,2,15176-102-11-1,61.0,1,3.0,,2.0,1.0,0,0,0,1,1,0,0,1.0,0
15176,113,11,1,1,1,65,5.0,4,2,3, ,1,0.0,0.0,0.0,7,7,1,65.3573379516602,2,15176-113-11-1,65.0,1,3.0,,2.0,1.0,0,0,0,1,1,0,0,1.0,0
15177,43,11,1,1,1,76,3.0,3,1,3, ,1,0.0,0.0,0.0,7,8,1,71.17578125,2,15177-43-11-1,76.0,1,3.0,,1.0,1.0,0,0,0,1,1,0,0,1.0,0
15177,105,11,1,1,1,64,3.0,3,2,3, ,1,0.0,0.0,0.0,7,8,1,71.17578125,1,15177-105-11-1,64.0,1,3.0,,2.0,1.0,0,0,0,1,1,0,0,1.0,0
15177,107,11,1,1,1,30,6.0,5,2,3, ,1,0.0,8.0,0.0,7,8,1,71.17578125,4,15177-107-11-1,30.0,1,3.0,,2.0,1.0,0,1,0,1,1,0,0,1.0,0
15177,108,11,1,1,1,41,5.0,3,2,3, ,1,0.0,0.0,0.0,7,8,1,71.17578125,4,15177-108-11-1,41.0,1,3.0,,2.0,1.0,0,0,0,1,1,0,0,1.0,0
15179,57,11,1,1,1,50,3.0,0,2,3, ,1,0.0,0.0,0.0,7,7, ,65.3573379516602,8,15179-57-11-1,50.0,1,3.0,,2.0,1.0,0,0,0,1,1,0,0,1.0,0
15179,59,11,1,1,2,37,4.0,0,2,3, ,1,0.0,0.0,0.0,7,7, ,65.3573379516602,5,15179-59-11-1,37.0,1,3.0,,2.0,1.0,0,0,0,1,1,0,0,1.0,0
15179,60,11,1,1,1,37,5.0,3,4,1,7,3,0.0,0.0,0.0,7,7, ,65.3573379516602,10,15179-60-11-1,37.0,1,1.0,7.0,4.0,1.0,0,0,0,1,1,0,0,1.0,0
15179,169,11,1,1,1,59,3.0,3,2,3, ,1,0.0,0.0,0.0,7,7, ,65.3573379516602,2,15179-169-11-1,59.0,1,3.0,,2.0,1.0,0,0,0,1,1,0,0,1.0,0
15179,171,11,1,1,1,37,10.0,5,3, ,2,5,0.0,0.0,0.0,7,7, ,65.3573379516602,4,15179-171-11-1,37.0,1,,2.0,3.0,0.0,0,0,0,1,1,0,0,0.0,0
15182,37,11,1,1,1,33,4.0,0,2,3, ,1,0.0,0.0,0.0,7,7, ,56.599250793457,3,15182-37-11-1,33.0,1,3.0,,2.0,1.0,0,0,0,1,1,0,0,1.0,0
15182,38,11,1,1,2,49,3.0,0,2,3, ,1,0.0,0.0,0.0,7,7, ,56.599250793457,3,15182-38-11-1,49.0,1,3.0,,2.0,1.0,0,0,0,1,1,0,0,1.0,0
15182,39,11,1,1,1,42,3.0,0,2,3, ,1,0.0,0.0,0.0,7,7, ,56.599250793457,1,15182-39-11-1,42.0,1,3.0,,2.0,1.0,0,0,0,1,1,0,0,1.0,0
15182,40,11,1,1,1,38,5.0,3,2,3, ,1,0.0,0.0,0.0,7,7, ,56.599250793457,5,15182-40-11-1,38.0,1,3.0,,2.0,1.0,0,0,0,1,1,0,0,1.0,0
15182,128,11,1,1,1,30,5.0,1,1,3, ,1,0.0,0.0,0.0,7,7, ,56.599250793457,3,15182-128-11-1,30.0,1,3.0,,1.0,1.0,0,0,1,1,1,0,1,1.0,1
15182,129,11,1,1,1,38,5.0,4,2,3, ,1,0.0,0.0,0.0,7,7, ,56.599250793457,6,15182-129-11-1,38.0,1,3.0,,2.0,1.0,0,0,0,1,1,0,0,1.0,0
15182,130,11,1,1,1,53,4.0,0,2,3, ,1,0.0,0.0,0.0,7,7, ,56.599250793457,8,15182-130-11-1,53.0,1,3.0,,2.0,1.0,0,0,0,1,1,0,0,1.0,0
15182,131,11,1,1,1,49,3.0,0,2,3, ,1,0.0,0.0,0.0,7,7, ,56.599250793457,1,15182-131-11-1,49.0,1,3.0,,2.0,1.0,0,0,0,1,1,0,0,1.0,0
15183,21,11,1,1,1,64,3.0,4,2,3, ,1,0.0,0.0,0.0,7,8, ,56.599250793457,2,15183-21-11-1,64.0,1,3.0,,2.0,1.0,0,0,0,1,1,0,0,1.0,0
15183,22,11,1,1,2,39,3.0,0,2,3, ,1,0.0,0.0,0.0,7,8, ,56.599250793457,2,15183-22-11-1,39.0,1,3.0,,2.0,1.0,0,0,0,1,1,0,0,1.0,0
15183,24,11,1,1,1,36,4.0,0,4,3,7,1,0.0,0.0,0.0,7,8, ,56.599250793457,2,15183-24-11-1,36.0,1,3.0,7.0,4.0,1.0,0,0,0,1,1,0,0,1.0,0
15183,64,11,1,1,1,46,3.0,0,2,3, ,1,0.0,0.0,0.0,7,8, ,56.599250793457,6,15183-64-11-1,46.0,1,3.0,,2.0,1.0,0,0,0,1,1,0,0,1.0,0
15183,67,11,1,1,1,44,3.0,0,2,3, ,1,0.0,0.0,0.0,7,8, ,56.599250793457,2,15183-67-11-1,44.0,1,3.0,,2.0,1.0,0,0,0,1,1,0,0,1.0,0
15183,68,11,1,1,1,54,4.0,0,2,3, ,1,0.0,0.0,0.0,7,8, ,56.599250793457,2,15183-68-11-1,54.0,1,3.0,,2.0,1.0,0,0,0,1,1,0,0,1.0,0
15184,5,11,1,1,1,67,4.0,5,2,3, ,1,0.0,0.0,0.0,7,8, ,71.17578125,1,15184-5-11-1,67.0,1,3.0,,2.0,1.0,0,0,0,1,1,0,0,1.0,0
15184,6,11,1,1,2,72,1.0, , , , , ,0.0,0.0,0.0,7,8, ,71.17578125,1,15184-6-11-1,72.0,1,,,,0.0,0,0,0,1,1,0,0,0.0,0
15184,7,11,1,1,1,91,1.0, , , , , ,0.0,0.0,0.0,7,8, ,71.17578125,3,15184-7-11-1,91.0,1,,,,0.0,0,0,0,1,1,0,0,0.0,0
15184,8,11,1,1,1,76,4.0,5,2,3, ,1,0.0,0.0,0.0,7,8, ,71.17578125,1,15184-8-11-1,76.0,1,3.0,,2.0,1.0,0,0,0,1,1,0,0,1.0,0
15184,80,11,1,1,2,63,4.0,5,5,3,7,1,0.0,0.0,0.0,7,8, ,71.17578125,2,15184-80-11-1,63.0,1,3.0,7.0,5.0,1.0,0,0,0,1,1,0,0,1.0,0
15184,83,11,1,1,1,74,3.0,0,4,3,7,1,0.0,0.0,0.0,7,8, ,71.17578125,1,15184-83-11-1,74.0,1,3.0,7.0,4.0,1.0,0,0,0,1,1,0,0,1.0,0
15184,84,11,1,1,2,61,4.0,5,1,3, ,1,0.0,0.0,0.0,7,8, ,71.17578125,1,15184-84-11-1,61.0,1,3.0,,1.0,1.0,0,0,0,1,1,0,0,1.0,0
15225,7,11,1,1,2,68,3.0,3,2,3, ,1,0.0,0.0,0.0,2,2,1,9.60091590881348,6,15225-7-11-1,68.0,1,3.0,,2.0,1.0,0,0,0,1,1,0,0,1.0,0
15225,20,11,1,1,1,58,6.0,5,6, ,7,1,0.0,0.0,0.0,2,2,1,9.60091590881348,5,15225-20-11-1,58.0,1,,7.0,6.0,1.0,0,0,0,1,1,0,0,1.0,0
15225,35,11,1,1,1,56,6.0,5, , , , ,0.0,8.0,0.0,2,2,1,9.60091590881348,3,15225-35-11-1,56.0,1,,,,0.0,0,1,1,1,1,0,1,0.0,1
15226,21,11,1,1,1,57,9.0,4,2,2, ,1,0.0,8.0,0.0,2,2,1,456.346343994141,5,15226-21-11-1,57.0,1,2.0,,2.0,0.0,0,1,0,1,1,0,0,0.0,0
15226,50,11,1,1,1,84,4.0,5, , , , ,0.0,0.0,0.0,2,2,1,456.346343994141,1,15226-50-11-1,84.0,1,,,,0.0,0,0,0,1,1,0,0,0.0,0
15226,64,11,1,1,2,85,3.0,3, , , , ,0.0,0.0,0.0,2,2,1,456.346343994141,1,15226-64-11-1,85.0,1,,,,0.0,0,0,0,1,1,0,0,0.0,0
15226,92,11,1,1,1,61,6.0,5,2,2, ,1,0.0,8.0,0.0,2,2,1,456.346343994141,3,15226-92-11-1,61.0,1,2.0,,2.0,0.0,0,1,1,1,1,0,1,0.0,1
15226,120,11,1,1,2,53,4.0,0,2,3, ,1,0.0,8.0,0.0,2,2,1,456.346343994141,3,15226-120-11-1,53.0,1,3.0,,2.0,1.0,0,1,0,1,1,0,0,1.0,0
15226,135,11,1,1,2,55,6.0,5,2,3, ,1,0.0,8.0,0.0,2,2,1,456.346343994141,4,15226-135-11-1,55.0,1,3.0,,2.0,1.0,0,1,0,1,1,0,0,1.0,0
15227,44,11,1,1,2,75,3.0,1, , , , ,0.0,0.0,0.0,2,2,1,199.129119873047,2,15227-44-11-1,75.0,1,,,,0.0,0,0,0,1,1,0,0,0.0,0
15227,65,11,1,1,2,57,6.0,5,2,3, ,1,0.0,0.0,0.0,2,2,1,199.129119873047,3,15227-65-11-1,57.0,1,3.0,,2.0,1.0,0,0,0,1,1,0,0,1.0,0
15227,81,11,1,1,2,50,6.0,5,6, ,2,1,0.0,8.0,0.0,2,2,1,199.129119873047,4,15227-81-11-1,50.0,1,,2.0,6.0,1.0,0,1,0,1,1,0,0,1.0,0
15227,113,11,1,1,1,80,3.0,2, , , , ,0.0,0.0,0.0,2,2,1,199.129119873047,1,15227-113-11-1,80.0,1,,,,0.0,0,0,0,1,1,0,0,0.0,0
15228,60,11,1,1,1,37,3.0,0,4,3,7,1,0.0,0.0,0.0,2,2,1,694.266906738281,6,15228-60-11-1,37.0,1,3.0,7.0,4.0,1.0,0,0,0,1,1,0,0,1.0,0
15228,87,11,1,1,1,41,1.0, ,2,3, ,1,0.0,0.0,0.0,2,2,1,694.266906738281,3,15228-87-11-1,41.0,1,3.0,,2.0,1.0,0,0,0,1,1,0,0,1.0,0
15229,19,11,1,1,2,33,6.0,5,4,2,7,1,0.0,0.0,0.0,2,2,1,284.123107910156,2,15229-19-11-1,33.0,1,2.0,7.0,4.0,1.0,0,0,0,1,1,0,0,1.0,0
15229,51,11,1,1,1,68,9.0,2,2,3, ,1,0.0,0.0,0.0,2,2,1,284.123107910156,4,15229-51-11-1,68.0,1,3.0,,2.0,1.0,0,0,0,1,1,0,0,1.0,0
15229,99,11,1,1,1,32,9.0,3,4,3,7,1,0.0,8.0,0.0,2,2,1,284.123107910156,1,15229-99-11-1,32.0,1,3.0,7.0,4.0,1.0,0,1,0,1,1,0,0,1.0,0
15229,115,11,1,1,1,32,6.0,5,2,3, ,1,0.0,0.0,0.0,2,2,1,284.123107910156,5,15229-115-11-1,32.0,1,3.0,,2.0,1.0,0,0,0,1,1,0,0,1.0,0
15229,131,11,1,1,1,35,5.0,3,2,3, ,1,0.0,8.0,0.0,2,2,1,284.123107910156,5,15229-131-11-1,35.0,1,3.0,,2.0,1.0,0,1,0,1,1,0,0,1.0,0
15230,123,11,1,1,1,48,5.0,3,1,3, ,1,0.0,0.0,0.0,2,2,1,212.267990112305,7,15230-123-11-1,48.0,1,3.0,,1.0,1.0,0,0,0,1,1,0,0,1.0,0
15230,137,11,1,1,2,57,8.0,3,2,3, ,1,0.0,0.0,0.0,2,2,1,212.267990112305,2,15230-137-11-1,57.0,1,3.0,,2.0,1.0,0,0,0,1,1,0,0,1.0,0
15231,27,11,1,1,2,53,11.0,2,3, ,5,5,0.0,8.0,0.0,2,2,1,452.176971435547,3,15231-27-11-1,53.0,1,,5.0,3.0,0.0,0,1,0,1,1,0,0,0.0,0
15231,106,11,1,1,2,74,4.0,5,2,3, ,1,0.0,8.0,0.0,2,2,1,452.176971435547,6,15231-106-11-1,74.0,1,3.0,,2.0,1.0,0,1,0,1,1,0,0,1.0,0
15231,153,11,1,1,2,31,10.0,5, , , , ,0.0,8.0,0.0,2,2,1,452.176971435547,3,15231-153-11-1,31.0,1,,,,0.0,0,1,0,1,1,0,0,0.0,0
15233,14,11,1,1,1,63,6.0,5,4,1,1,2,0.0,0.0,0.0,2,2,1,608.461791992188,6,15233-14-11-1,63.0,1,1.0,1.0,4.0,0.0,0,0,0,1,1,0,0,0.0,0
15233,71,11,1,1,1,36,4.0,0,2,3, ,1,0.0,0.0,0.0,2,2,1,608.461791992188,1,15233-71-11-1,36.0,1,3.0,,2.0,1.0,0,0,0,1,1,0,0,1.0,0
15233,108,22,1,1,1,39,4.0,0,2,3, ,1,0.0,8.0,0.0,2,2,1,608.461791992188,4,15233-108-22-1,39.0,1,3.0,,2.0,1.0,0,1,0,1,1,0,0,1.0,0
15233,128,11,1,1,1,49,6.0,5,2,2, ,1,0.0,0.0,0.0,2,2,1,608.461791992188,5,15233-128-11-1,49.0,1,2.0,,2.0,0.0,0,0,0,1,1,0,0,0.0,0
15234,27,11,1,1,2,61,4.0,5, , , , ,0.0,0.0,0.0,2,2,1,284.089172363281,6,15234-27-11-1,61.0,1,,,,0.0,0,0,0,1,1,0,0,0.0,0
15234,53,11,1,1,2,71,6.0,5,2,3, ,1,0.0,0.0,0.0,2,2,1,284.089172363281,6,15234-53-11-1,71.0,1,3.0,,2.0,1.0,0,0,0,1,1,0,0,1.0,0
15234,79,11,1,1,2,41,3.0,0,4,3,7,1,0.0,0.0,0.0,2,2,1,284.089172363281,3,15234-79-11-1,41.0,1,3.0,7.0,4.0,1.0,0,0,0,1,1,0,0,1.0,0
15234,92,11,1,1,2,35,8.0,3,2,3, ,1,0.0,8.0,0.0,2,2,1,284.089172363281,4,15234-92-11-1,35.0,1,3.0,,2.0,1.0,0,1,0,1,1,0,0,1.0,0
15235,65,11,1,1,2,84,3.0,1,2,3, ,1,0.0,0.0,0.0,2,2,1,9.07655620574951,5,15235-65-11-1,84.0,1,3.0,,2.0,1.0,0,0,0,1,1,0,0,1.0,0
15235,75,11,1,1,2,82,4.0,6, , , , ,0.0,0.0,0.0,2,2,1,9.07655620574951,3,15235-75-11-1,82.0,1,,,,0.0,0,0,0,1,1,0,0,0.0,0
15235,88,11,1,1,1,82,3.0,3,4,3,7,1,0.0,0.0,0.0,2,2,1,9.07655620574951,2,15235-88-11-1,82.0,1,3.0,7.0,4.0,1.0,0,0,0,1,1,0,0,1.0,0
15235,111,11,1,1,1,72,6.0,5,2,2, ,1,0.0,8.0,0.0,2,2,1,9.07655620574951,7,15235-111-11-1,72.0,1,2.0,,2.0,0.0,0,1,0,1,1,0,0,0.0,0
15235,124,11,1,1,1,68,6.0,5,2,3, ,1,0.0,0.0,0.0,2,2,1,9.07655620574951,6,15235-124-11-1,68.0,1,3.0,,2.0,1.0,0,0,0,1,1,0,0,1.0,0
15236,61,11,1,1,1,57,5.0,2,2,3, ,1,0.0,0.0,0.0,2,2,1,210.549102783203,2,15236-61-11-1,57.0,1,3.0,,2.0,1.0,0,0,0,1,1,0,0,1.0,0
15236,78,11,1,1,1,67,6.0,5, , , , ,0.0,0.0,0.0,2,2,1,210.549102783203,3,15236-78-11-1,67.0,1,,,,0.0,0,0,0,1,1,0,0,0.0,0
15237,8,11,1,1,1,68,6.0,5,3,1,1,4,0.0,0.0,0.0,2,2,1,452.176971435547,5,15237-8-11-1,68.0,1,1.0,1.0,3.0,0.0,0,0,0,1,1,0,0,0.0,0
15237,35,11,1,1,1,69,4.0,5,4,2,7,2,0.0,0.0,0.0,2,2,1,452.176971435547,6,15237-35-11-1,69.0,1,2.0,7.0,4.0,1.0,0,0,0,1,1,0,0,1.0,0
15237,47,11,1,1,1,43,4.0,0,4,3,7,1,0.0,8.0,0.0,2,2,1,452.176971435547,3,15237-47-11-1,43.0,1,3.0,7.0,4.0,1.0,0,1,0,1,1,0,0,1.0,0
15237,74,11,1,1,2,49,5.0,4,2,3, ,1,0.0,0.0,0.0,2,2,1,452.176971435547,4,15237-74-11-1,49.0,1,3.0,,2.0,1.0,0,0,0,1,1,0,0,1.0,0
15237,87,11,1,1,2,66,4.0,5, , , , ,0.0,0.0,0.0,2,2,1,452.176971435547,2,15237-87-11-1,66.0,1,,,,0.0,0,0,0,1,1,0,0,0.0,0
15237,111,11,1,1,1,57,7.0,1,3,1,1,4,0.0,8.0,0.0,2,2,1,452.176971435547,5,15237-111-11-1,57.0,1,1.0,1.0,3.0,0.0,0,1,0,1,1,0,0,0.0,0
15238,12,11,1,1,2,41,6.0,5, , , , ,0.0,8.0,0.0,2,2,1,281.693450927734,6,15238-12-11-1,41.0,1,,,,0.0,0,1,0,1,1,0,0,0.0,0
15238,43,11,1,1,1,58,3.0,2,2,3, ,1,0.0,0.0,0.0,2,2,1,281.693450927734,5,15238-43-11-1,58.0,1,3.0,,2.0,1.0,0,0,0,1,1,0,0,1.0,0
15238,59,11,1,1,2,57,6.0,5,6, ,7,1,0.0,8.0,0.0,2,2,1,281.693450927734,1,15238-59-11-1,57.0,1,,7.0,6.0,1.0,0,1,0,1,1,0,0,1.0,0
15238,106,11,1,1,2,51,3.0,0,2,3, ,1,0.0,0.0,0.0,2,2,1,281.693450927734,5,15238-106-11-1,51.0,1,3.0,,2.0,1.0,0,0,0,1,1,0,0,1.0,0
15240,1,11,1,1,1,38,10.0,5,2,2, ,1,0.0,8.0,0.0,2,2, ,190.234710693359,3,15240-1-11-1,38.0,1,2.0,,2.0,0.0,0,1,0,1,1,0,0,0.0,0
15240,36,11,1,1,1,43,10.0,5,3,1,1,4,0.0,8.0,0.0,2,2, ,190.234710693359,4,15240-36-11-1,43.0,1,1.0,1.0,3.0,0.0,0,1,1,1,1,0,1,0.0,1
15240,53,11,1,1,2,37,11.0,2,3, ,6,5,0.0,8.0,0.0,2,2, ,190.234710693359,3,15240-53-11-1,37.0,1,,6.0,3.0,0.0,0,1,1,1,1,0,1,0.0,1
15241,6,11,1,1,1,40,6.0,5,5,3,7,1,0.0,0.0,0.0,2,2, ,7.13996362686157,4,15241-6-11-1,40.0,1,3.0,7.0,5.0,1.0,0,0,0,1,1,0,0,1.0,0
15241,19,11,1,1,2,57,5.0,2, , , , ,0.0,0.0,0.0,2,2, ,7.13996362686157,5,15241-19-11-1,57.0,1,,,,0.0,0,0,0,1,1,0,0,0.0,0
15241,31,11,1,1,2,48,6.0,5,5,3,7,1,0.0,8.0,0.0,2,2, ,7.13996362686157,5,15241-31-11-1,48.0,1,3.0,7.0,5.0,1.0,0,1,1,1,1,0,1,1.0,1
15241,57,11,1,1,1,55,9.0,2,1,3, ,1,0.0,0.0,0.0,2,2, ,7.13996362686157,4,15241-57-11-1,55.0,1,3.0,,1.0,1.0,0,0,0,1,1,0,0,1.0,0
15241,69,11,1,1,1,33,9.0,2,1,1, ,1,0.0,8.0,0.0,2,2, ,7.13996362686157,1,15241-69-11-1,33.0,1,1.0,,1.0,0.0,0,1,0,1,1,0,0,0.0,0
15241,104,11,1,1,2,29,6.0,5,2,3, ,1,0.0,8.0,0.0,2,2, ,7.13996362686157,2,15241-104-11-1,29.0,1,3.0,,2.0,1.0,0,1,0,1,1,0,0,1.0,0
15241,117,11,1,1,2,72,4.0,5, , , , ,0.0,8.0,0.0,2,2, ,7.13996362686157,1,15241-117-11-1,72.0,1,,,,0.0,0,1,0,1,1,0,0,0.0,0
15242,10,11,1,1,2,58,4.0,5, , , , ,0.0,8.0,0.0,2,2, ,210.549102783203,8,15242-10-11-1,58.0,1,,,,0.0,0,1,0,1,1,0,0,0.0,0
15242,26,11,1,1,1,38,6.0,5,2,3, ,1,0.0,0.0,0.0,2,2, ,210.549102783203,4,15242-26-11-1,38.0,1,3.0,,2.0,1.0,0,0,0,1,1,0,0,1.0,0
15242,76,11,1,1,1,81,6.0,5, , , , ,0.0,0.0,0.0,2,2, ,210.549102783203,1,15242-76-11-1,81.0,1,,,,0.0,0,0,0,1,1,0,0,0.0,0
15243,16,11,1,1,2,65,6.0,5,2,3, ,1,0.0,0.0,0.0,2,2, ,520.7001953125,3,15243-16-11-1,65.0,1,3.0,,2.0,1.0,0,0,0,1,1,0,0,1.0,0
15243,32,11,1,1,2,61,11.0,2,3, ,1,5,0.0,0.0,0.0,2,2, ,520.7001953125,3,15243-32-11-1,61.0,1,,1.0,3.0,0.0,0,0,1,1,1,0,1,0.0,1
15243,90,11,1,1,1,47,6.0,5,2,3, ,1,0.0,0.0,0.0,2,2, ,520.7001953125,5,15243-90-11-1,47.0,1,3.0,,2.0,1.0,0,0,0,1,1,0,0,1.0,0
15243,105,11,1,1,1,64,6.0,5,2,3, ,1,0.0,0.0,0.0,2,2, ,520.7001953125,3,15243-105-11-1,64.0,1,3.0,,2.0,1.0,0,0,0,1,1,0,0,1.0,0
15247,5,11,1,1,1,57,8.0,3,3,1,2,4,0.0,8.0,0.0,2,5, ,281.693450927734,5,15247-5-11-1,57.0,1,1.0,2.0,3.0,0.0,0,1,0,1,1,0,0,0.0,0
15247,18,11,1,1,2,55,5.0,2,2,3, ,1,0.0,8.0,0.0,2,5, ,281.693450927734,2,15247-18-11-1,55.0,1,3.0,,2.0,1.0,0,1,0,1,1,0,0,1.0,0
15247,41,11,1,1,1,41,6.0,5,2,3, ,1,0.0,8.0,0.0,2,5, ,281.693450927734,3,15247-41-11-1,41.0,1,3.0,,2.0,1.0,0,1,0,1,1,0,0,1.0,0
15247,53,11,1,1,1,58,9.0,2,2,3, ,1,0.0,8.0,0.0,2,5, ,281.693450927734,2,15247-53-11-1,58.0,1,3.0,,2.0,1.0,0,1,0,1,1,0,0,1.0,0
15247,65,11,1,1,2,80,1.0, ,2,3, ,1,0.0,0.0,0.0,2,5, ,281.693450927734,1,15247-65-11-1,80.0,1,3.0,,2.0,1.0,0,0,0,1,1,0,0,1.0,0
15247,77,11,1,1,1,46,3.0,0,1,3, ,1,0.0,8.0,0.0,2,5, ,281.693450927734,5,15247-77-11-1,46.0,1,3.0,,1.0,1.0,0,1,0,1,1,0,0,1.0,0
15261,6,11,1,1,2,33,4.0,0,2,3, ,1,0.0,0.0,0.0,2,5,1,281.693450927734,3,15261-6-11-1,33.0,1,3.0,,2.0,1.0,0,0,0,1,1,0,0,1.0,0
15261,20,11,1,1,2,32,3.0,0,2,3, ,1,0.0,0.0,0.0,2,5,1,281.693450927734,5,15261-20-11-1,32.0,1,3.0,,2.0,1.0,0,0,0,1,1,0,0,1.0,0
15261,62,11,1,1,1,43,5.0,3,2,3, ,1,0.0,0.0,0.0,2,5,1,281.693450927734,6,15261-62-11-1,43.0,1,3.0,,2.0,1.0,0,0,0,1,1,0,0,1.0,0
15261,89,11,1,1,1,47,6.0,5,2,3, ,1,0.0,0.0,0.0,2,5,1,281.693450927734,3,15261-89-11-1,47.0,1,3.0,,2.0,1.0,0,0,0,1,1,0,0,1.0,0
15261,103,11,1,1,2,57,3.0,4,5,3,7,1,0.0,0.0,0.0,2,5,1,281.693450927734,4,15261-103-11-1,57.0,1,3.0,7.0,5.0,1.0,0,0,0,1,1,0,0,1.0,0
15262,8,11,1,1,2,42,5.0,1,4,1,2,4,0.0,0.0,0.0,2,4,1,284.123107910156,3,15262-8-11-1,42.0,1,1.0,2.0,4.0,0.0,0,0,0,1,1,0,0,0.0,0
15262,18,11,1,1,1,32,4.0,0,4,3,7,1,0.0,0.0,0.0,2,4,1,284.123107910156,4,15262-18-11-1,32.0,1,3.0,7.0,4.0,1.0,0,0,0,1,1,0,0,1.0,0
15262,48,11,1,1,1,42,5.0,3,2,3, ,1,0.0,0.0,0.0,2,4,1,284.123107910156,3,15262-48-11-1,42.0,1,3.0,,2.0,1.0,0,0,0,1,1,0,0,1.0,0
15262,76,11,1,1,1,39,6.0,5,2,3, ,1,0.0,8.0,0.0,2,4,1,284.123107910156,2,15262-76-11-1,39.0,1,3.0,,2.0,1.0,0,1,0,1,1,0,0,1.0,0
15262,102,11,1,1,2,47,7.0,2,2,3, ,1,0.0,8.0,0.0,2,4,1,284.123107910156,2,15262-102-11-1,47.0,1,3.0,,2.0,1.0,0,1,0,1,1,0,0,1.0,0
15263,3,11,1,1,2,59,6.0,5,2,3, ,1,0.0,0.0,0.0,2,4,1,313.335693359375,2,15263-3-11-1,59.0,1,3.0,,2.0,1.0,0,0,1,1,1,0,1,1.0,1
15263,40,11,1,1,1,35,7.0,1,4,3,7,1,0.0,8.0,0.0,2,4,1,313.335693359375,2,15263-40-11-1,35.0,1,3.0,7.0,4.0,1.0,0,1,0,1,1,0,0,1.0,0
15263,75,11,1,1,1,46,6.0,5,2,3, ,1,0.0,8.0,0.0,2,4,1,313.335693359375,6,15263-75-11-1,46.0,1,3.0,,2.0,1.0,0,1,0,1,1,0,0,1.0,0
15263,94,11,1,1,1,36,6.0,5,1,1, ,1,0.0,8.0,0.0,2,4,1,313.335693359375,5,15263-94-11-1,36.0,1,1.0,,1.0,0.0,0,1,1,1,1,0,1,0.0,1
15263,112,11,1,1,2,67,3.0,2, , , , ,0.0,0.0,0.0,2,4,1,313.335693359375,2,15263-112-11-1,67.0,1,,,,0.0,0,0,0,1,1,0,0,0.0,0
15264,21,11,1,1,1,63,8.0,3,2,3, ,1,0.0,0.0,0.0,2,4, ,280.732147216797,3,15264-21-11-1,63.0,1,3.0,,2.0,1.0,0,0,0,1,1,0,0,1.0,0
15264,37,11,1,1,2,58,3.0,1,2,3, ,1,0.0,0.0,0.0,2,4, ,280.732147216797,9,15264-37-11-1,58.0,1,3.0,,2.0,1.0,0,0,0,1,1,0,0,1.0,0
15264,86,11,1,1,2,65,4.0,5,2,3, ,1,0.0,8.0,0.0,2,4, ,280.732147216797,2,15264-86-11-1,65.0,1,3.0,,2.0,1.0,0,1,0,1,1,0,0,1.0,0
15264,102,11,1,1,2,32,6.0,5,3,1,3,1,0.0,8.0,0.0,2,4, ,280.732147216797,5,15264-102-11-1,32.0,1,1.0,3.0,3.0,0.0,0,1,0,1,1,0,0,0.0,0
15264,119,11,1,1,1,63,8.0,3,3,2,7,1,0.0,0.0,0.0,2,4, ,280.732147216797,1,15264-119-11-1,63.0,1,2.0,7.0,3.0,1.0,0,0,0,1,1,0,0,1.0,0
15265,43,11,1,1,2,45,6.0,5,3,3,7,1,0.0,0.0,0.0,2,4, ,313.335693359375,2,15265-43-11-1,45.0,1,3.0,7.0,3.0,1.0,0,0,0,1,1,0,0,1.0,0
15267,4,11,1,1,1,41,6.0,5,2,3, ,1,0.0,0.0,0.0,5,5,1,507.162231445313,5,15267-4-11-1,41.0,1,3.0,,2.0,1.0,0,0,0,1,1,0,0,1.0,0
15267,32,11,1,1,2,54,1.0, ,2,3, ,1,0.0,0.0,0.0,5,5,1,507.162231445313,3,15267-32-11-1,54.0,1,3.0,,2.0,1.0,0,0,0,1,1,0,0,1.0,0
15267,69,11,1,1,1,66,4.0,5,2,3, ,1,0.0,0.0,0.0,5,5,1,507.162231445313,4,15267-69-11-1,66.0,1,3.0,,2.0,1.0,0,0,0,1,1,0,0,1.0,0
15267,104,11,1,1,2,70,1.0, ,2,3, ,1,0.0,0.0,0.0,5,5,1,507.162231445313,1,15267-104-11-1,70.0,1,3.0,,2.0,1.0,0,0,0,1,1,0,0,1.0,0
15274,99,11,1,1,1,56,4.0,0,2,3, ,1,0.0,0.0,0.0,2,7,1,109.38842010498,5,15274-99-11-1,56.0,1,3.0,,2.0,1.0,0,0,0,1,1,0,0,1.0,0
15274,103,11,1,1,1,83,5.0,4,1,3, ,1,0.0,0.0,0.0,2,7,1,109.38842010498,2,15274-103-11-1,83.0,1,3.0,,1.0,1.0,0,0,0,1,1,0,0,1.0,0
15274,104,11,1,1,1,46,4.0,0,2,3, ,1,0.0,0.0,0.0,2,7,1,109.38842010498,6,15274-104-11-1,46.0,1,3.0,,2.0,1.0,0,0,0,1,1,0,0,1.0,0
15274,105,11,1,1,1,49,4.0,0,2,3, ,1,0.0,0.0,0.0,2,7,1,109.38842010498,6,15274-105-11-1,49.0,1,3.0,,2.0,1.0,0,0,0,1,1,0,0,1.0,0
15274,106,11,1,1,1,36,4.0,0,4,3,7,1,0.0,0.0,0.0,2,7,1,109.38842010498,5,15274-106-11-1,36.0,1,3.0,7.0,4.0,1.0,0,0,0,1,1,0,0,1.0,0
15278,17,11,1,1,1,52,6.0,5,2,3, ,1,0.0,0.0,0.0,5,7,1,207.590713500977,3,15278-17-11-1,52.0,1,3.0,,2.0,1.0,0,0,0,1,1,0,0,1.0,0
15278,19,11,1,1,1,48,5.0,2,4,3,7,1,0.0,0.0,0.0,5,7,2,207.590713500977,2,15278-19-11-1,48.0,1,3.0,7.0,4.0,1.0,0,0,0,1,1,0,0,1.0,0
15278,72,11,1,1,1,71,4.0,5,2,3, ,1,0.0,0.0,0.0,5,7,1,207.590713500977,6,15278-72-11-1,71.0,1,3.0,,2.0,1.0,0,0,0,1,1,0,0,1.0,0
15278,73,11,1,1,1,43,6.0,5,2,3, ,1,0.0,0.0,0.0,5,7,1,207.590713500977,4,15278-73-11-1,43.0,1,3.0,,2.0,1.0,0,0,0,1,1,0,0,1.0,0
15278,74,11,1,1,1,50,6.0,5,2,3, ,1,0.0,0.0,0.0,5,7,1,207.590713500977,10,15278-74-11-1,50.0,1,3.0,,2.0,1.0,0,0,0,1,1,0,0,1.0,0
15278,75,11,1,1,1,30,5.0,3,2,3, ,1,0.0,0.0,0.0,5,7,1,207.590713500977,3,15278-75-11-1,30.0,1,3.0,,2.0,1.0,0,0,0,1,1,0,0,1.0,0
15278,76,11,1,1,1,43,4.0,0,3,1,7,2,0.0,0.0,0.0,5,7,1,207.590713500977,6,15278-76-11-1,43.0,1,1.0,7.0,3.0,1.0,0,0,0,1,1,0,0,1.0,0
15279,9,11,1,1,1,86,4.0,5, , , , ,0.0,0.0,0.0,5,6,1,217.248901367188,1,15279-9-11-1,86.0,1,,,,0.0,0,0,0,1,1,0,0,0.0,0
15279,15,11,1,1,1,74,10.0,5,2,3, ,1,0.0,0.0,0.0,5,6,1,217.248901367188,4,15279-15-11-1,74.0,1,3.0,,2.0,1.0,0,0,0,1,1,0,0,1.0,0
15279,21,11,1,1,1,47,5.0,1,2,3, ,1,0.0,0.0,0.0,5,6,1,217.248901367188,2,15279-21-11-1,47.0,1,3.0,,2.0,1.0,0,0,0,1,1,0,0,1.0,0
15279,33,11,1,1,1,75,4.0,5,2,3, ,1,0.0,0.0,0.0,5,6,1,217.248901367188,2,15279-33-11-1,75.0,1,3.0,,2.0,1.0,0,0,0,1,1,0,0,1.0,0
15279,44,11,1,1,1,86,4.0,5,2,3, ,1,0.0,0.0,0.0,5,6,1,217.248901367188,2,15279-44-11-1,86.0,1,3.0,,2.0,1.0,0,0,0,1,1,0,0,1.0,0
15279,64,11,1,1,2,48,6.0,5,2,3, ,1,0.0,0.0,0.0,5,6,1,217.248901367188,4,15279-64-11-1,48.0,1,3.0,,2.0,1.0,0,0,0,1,1,0,0,1.0,0
15280,9,11,1,1,1,65,4.0,5,2,3, ,1,0.0,0.0,0.0,5,8,1,207.590713500977,2,15280-9-11-1,65.0,1,3.0,,2.0,1.0,0,0,0,1,1,0,0,1.0,0
15280,10,11,1,1,1,58,4.0,5,2,3, ,1,0.0,0.0,0.0,5,8,1,207.590713500977,1,15280-10-11-1,58.0,1,3.0,,2.0,1.0,0,0,0,1,1,0,0,1.0,0
15280,29,11,1,1,1,24,7.0,1,2,3, ,1,0.0,0.0,0.0,5,8,1,207.590713500977,4,15280-29-11-1,24.0,1,3.0,,2.0,1.0,0,0,0,1,1,0,0,1.0,0
15280,30,11,1,1,1,43,4.0,0,2,3, ,1,0.0,0.0,0.0,5,8,1,207.590713500977,4,15280-30-11-1,43.0,1,3.0,,2.0,1.0,0,0,0,1,1,0,0,1.0,0
15280,32,11,1,1,1,43,4.0,0,2,3, ,1,0.0,0.0,0.0,5,8,1,207.590713500977,6,15280-32-11-1,43.0,1,3.0,,2.0,1.0,0,0,0,1,1,0,0,1.0,0
15280,33,11,1,1,1,60,6.0,5,2,3, ,1,0.0,0.0,0.0,5,8,1,207.590713500977,2,15280-33-11-1,60.0,1,3.0,,2.0,1.0,0,0,0,1,1,0,0,1.0,0
15280,34,11,1,1,2,51,4.0,0,2,3, ,1,0.0,0.0,0.0,5,8,1,207.590713500977,2,15280-34-11-1,51.0,1,3.0,,2.0,1.0,0,0,0,1,1,0,0,1.0,0
15283,15,11,1,1,2,56,6.0,5,2,3, ,1,0.0,0.0,0.0,5,2, ,195.429351806641,3,15283-15-11-1,56.0,1,3.0,,2.0,1.0,0,0,0,1,1,0,0,1.0,0
15283,108,11,1,1,2,33,10.0,6,3, ,2,5,0.0,8.0,0.0,5,2, ,195.429351806641,5,15283-108-11-1,33.0,1,,2.0,3.0,0.0,0,1,0,1,1,0,0,0.0,0
15283,124,11,1,1,2,80,1.0, , , , , ,0.0,0.0,0.0,5,2, ,195.429351806641,4,15283-124-11-1,80.0,1,,,,0.0,0,0,0,1,1,0,0,0.0,0
15287,56,11,1,1,1,46,5.0,4,4,1,2,1,0.0,8.0,0.0,5,2,1,73.9892578125,4,15287-56-11-1,46.0,1,1.0,2.0,4.0,0.0,0,1,0,1,1,0,0,0.0,0
15287,94,11,1,1,2,45,8.0,3,6, ,7,1,0.0,0.0,0.0,5,2,1,73.9892578125,3,15287-94-11-1,45.0,1,,7.0,6.0,1.0,0,0,0,1,1,0,0,1.0,0
15287,133,11,1,1,1,73,3.0,4,2,3, ,1,0.0,0.0,0.0,5,2,1,73.9892578125,2,15287-133-11-1,73.0,1,3.0,,2.0,1.0,0,0,0,1,1,0,0,1.0,0
15297,5,11,1,1,1,70,4.0,5,2,3, ,1,0.0,0.0,0.0,5,2,1,210.793838500977,2,15297-5-11-1,70.0,1,3.0,,2.0,1.0,0,0,0,1,1,0,0,1.0,0
15297,18,11,1,1,1,70,1.0, ,2,3, ,1,0.0,0.0,0.0,5,2,1,210.793838500977,3,15297-18-11-1,70.0,1,3.0,,2.0,1.0,0,0,0,1,1,0,0,1.0,0
15297,44,11,1,1,1,44,8.0,3,3,1,2,1,0.0,8.0,0.0,5,2,1,210.793838500977,4,15297-44-11-1,44.0,1,1.0,2.0,3.0,0.0,0,1,1,1,1,0,1,0.0,1
15297,71,11,1,1,1,51,4.0,0,4,3,7,1,0.0,0.0,0.0,5,2,1,210.793838500977,5,15297-71-11-1,51.0,1,3.0,7.0,4.0,1.0,0,0,0,1,1,0,0,1.0,0
15298,14,11,1,1,2,60,6.0,5, , , , ,0.0,0.0,0.0,5,2,1,177.212142944336,1,15298-14-11-1,60.0,1,,,,0.0,0,0,0,1,1,0,0,0.0,0
15298,26,11,1,1,2,51,5.0,2, , , , ,0.0,8.0,0.0,5,2,1,177.212142944336,4,15298-26-11-1,51.0,1,,,,0.0,0,1,1,1,1,0,1,0.0,1
15298,73,11,1,1,2,69,8.0,5,3, ,1,5,0.0,8.0,0.0,5,2,1,177.212142944336,1,15298-73-11-1,69.0,1,,1.0,3.0,0.0,0,1,0,1,1,0,0,0.0,0
15298,109,11,1,1,1,46,6.0,5, , , , ,0.0,8.0,0.0,5,2,1,177.212142944336,4,15298-109-11-1,46.0,1,,,,0.0,0,1,0,1,1,0,0,0.0,0
15299,4,11,1,1,2,65,5.0,1,2,3, ,1,0.0,0.0,0.0,5,2,1,566.257385253906,5,15299-4-11-1,65.0,1,3.0,,2.0,1.0,0,0,0,1,1,0,0,1.0,0
15299,31,11,1,1,2,72,3.0,0,4,3,7,1,0.0,0.0,0.0,5,2,1,566.257385253906,1,15299-31-11-1,72.0,1,3.0,7.0,4.0,1.0,0,0,0,1,1,0,0,1.0,0
15299,45,11,1,1,1,47,6.0,5,4,3,7,1,0.0,0.0,0.0,5,2,1,566.257385253906,6,15299-45-11-1,47.0,1,3.0,7.0,4.0,1.0,0,0,0,1,1,0,0,1.0,0
15299,59,11,1,1,1,75,3.0,0,4,3,7,1,0.0,0.0,0.0,5,2,1,566.257385253906,1,15299-59-11-1,75.0,1,3.0,7.0,4.0,1.0,0,0,0,1,1,0,0,1.0,0
15299,73,11,1,1,1,50,7.0,2,4,1,2,1,0.0,0.0,0.0,5,2,1,566.257385253906,3,15299-73-11-1,50.0,1,1.0,2.0,4.0,0.0,0,0,0,1,1,0,0,0.0,0
15299,87,11,1,1,1,54,5.0,3,5,3,7,1,0.0,8.0,0.0,5,2,1,566.257385253906,3,15299-87-11-1,54.0,1,3.0,7.0,5.0,1.0,0,1,0,1,1,0,0,1.0,0
15301,16,11,1,1,1,54,7.0,4,1,3, ,1,0.0,0.0,0.0,5,2,1,260.572479248047,4,15301-16-11-1,54.0,1,3.0,,1.0,1.0,0,0,0,1,1,0,0,1.0,0
15301,53,11,1,1,1,35,10.0,5,3,1,2,1,0.0,0.0,0.0,5,2,1,260.572479248047,1,15301-53-11-1,35.0,1,1.0,2.0,3.0,0.0,0,0,1,1,1,0,1,0.0,1
15301,63,11,1,1,2,49,3.0,0,2,3, ,1,0.0,0.0,0.0,5,2,1,260.572479248047,5,15301-63-11-1,49.0,1,3.0,,2.0,1.0,0,0,1,1,1,0,1,1.0,1
15302,7,11,1,1,2,47,8.0,5,1,2, ,1,0.0,8.0,0.0,5,2, ,60.4315299987793,5,15302-7-11-1,47.0,1,2.0,,1.0,0.0,0,1,0,1,1,0,0,0.0,0
15302,80,11,1,1,1,58,8.0,5,3, ,1,5,0.0,8.0,0.0,5,2, ,60.4315299987793,6,15302-80-11-1,58.0,1,,1.0,3.0,0.0,0,1,1,1,1,0,1,0.0,1
15303,40,11,1,1,2,47,6.0,5, , , , ,0.0,0.0,0.0,5,2, ,158.09538269043,3,15303-40-11-1,47.0,1,,,,0.0,0,0,0,1,1,0,0,0.0,0
15303,55,11,1,1,2,59,11.0,2,3, ,1,5,0.0,8.0,0.0,5,2, ,158.09538269043,3,15303-55-11-1,59.0,1,,1.0,3.0,0.0,0,1,0,1,1,0,0,0.0,0
15303,102,11,1,1,2,60,9.0,1,2,3, ,1,0.0,0.0,0.0,5,2, ,158.09538269043,1,15303-102-11-1,60.0,1,3.0,,2.0,1.0,0,0,0,1,1,0,0,1.0,0
15303,131,11,1,1,1,59,3.0,2,2,3, ,1,0.0,0.0,0.0,5,2, ,158.09538269043,5,15303-131-11-1,59.0,1,3.0,,2.0,1.0,0,0,0,1,1,0,0,1.0,0
15314,13,11,1,1,1,43,6.0,5,2,3, ,1,0.0,0.0,0.0,5,5,1,260.572479248047,4,15314-13-11-1,43.0,1,3.0,,2.0,1.0,0,0,0,1,1,0,0,1.0,0
15314,61,11,1,1,1,45,10.0,5,5,3,7,1,0.0,0.0,0.0,5,5,1,260.572479248047,4,15314-61-11-1,45.0,1,3.0,7.0,5.0,1.0,0,0,1,1,1,0,1,1.0,1
15314,130,11,1,1,2,59,3.0,3,2,3, ,1,0.0,8.0,0.0,5,5,1,260.572479248047,2,15314-130-11-1,59.0,1,3.0,,2.0,1.0,0,1,0,1,1,0,0,1.0,0
15315,50,11,1,1,2,58,4.0,5,2,3, ,1,0.0,0.0,0.0,5,5,1,557.662719726563,3,15315-50-11-1,58.0,1,3.0,,2.0,1.0,0,0,0,1,1,0,0,1.0,0
15315,63,11,1,1,1,42,3.0,0,2,3, ,1,0.0,0.0,0.0,5,5,1,557.662719726563,3,15315-63-11-1,42.0,1,3.0,,2.0,1.0,0,0,0,1,1,0,0,1.0,0
15315,96,11,1,1,1,59,4.0,5,4,3,7,1,0.0,0.0,0.0,5,5,1,557.662719726563,3,15315-96-11-1,59.0,1,3.0,7.0,4.0,1.0,0,0,0,1,1,0,0,1.0,0
15315,112,11,1,1,1,48,6.0,5,2,3, ,1,0.0,8.0,0.0,5,5,1,557.662719726563,6,15315-112-11-1,48.0,1,3.0,,2.0,1.0,0,1,0,1,1,0,0,1.0,0
15316,1,11,1,1,1,80,3.0,1,2,3, ,1,0.0,0.0,0.0,5,5,1,236.008773803711,2,15316-1-11-1,80.0,1,3.0,,2.0,1.0,0,0,0,1,1,0,0,1.0,0
15316,15,11,1,1,2,71,3.0,0,2,3, ,1,0.0,0.0,0.0,5,5,1,236.008773803711,1,15316-15-11-1,71.0,1,3.0,,2.0,1.0,0,0,0,1,1,0,0,1.0,0
15316,27,11,1,1,1,38,10.0,5,4,1,2,4,0.0,8.0,0.0,5,5,1,236.008773803711,4,15316-27-11-1,38.0,1,1.0,2.0,4.0,0.0,0,1,0,1,1,0,0,0.0,0
15317,34,11,1,1,1,49,6.0,5,2,3, ,1,0.0,0.0,0.0,5,5,1,236.282852172852,4,15317-34-11-1,49.0,1,3.0,,2.0,1.0,0,0,0,1,1,0,0,1.0,0
15317,49,11,1,1,1,50,4.0,0,4,3,7,1,0.0,0.0,0.0,5,5,1,236.282852172852,4,15317-49-11-1,50.0,1,3.0,7.0,4.0,1.0,0,0,0,1,1,0,0,1.0,0
15317,112,11,1,1,2,43,8.0,3,2,2, ,1,0.0,8.0,0.0,5,5,1,236.282852172852,2,15317-112-11-1,43.0,1,2.0,,2.0,0.0,0,1,1,1,1,0,1,0.0,1
15318,20,11,1,1,1,60,3.0,1,2,3, ,1,0.0,0.0,0.0,5,5, ,566.257385253906,2,15318-20-11-1,60.0,1,3.0,,2.0,1.0,0,0,0,1,1,0,0,1.0,0
15318,33,11,1,1,1,41,6.0,5,2,3, ,1,0.0,0.0,0.0,5,5, ,566.257385253906,3,15318-33-11-1,41.0,1,3.0,,2.0,1.0,0,0,0,1,1,0,0,1.0,0
15318,48,11,1,1,2,26,6.0,5,3,3,7,1,0.0,0.0,0.0,5,5, ,566.257385253906,3,15318-48-11-1,26.0,1,3.0,7.0,3.0,1.0,0,0,0,1,1,0,0,1.0,0
15318,65,11,1,1,1,52,6.0,5,2,3, ,1,0.0,0.0,0.0,5,5, ,566.257385253906,3,15318-65-11-1,52.0,1,3.0,,2.0,1.0,0,0,0,1,1,0,0,1.0,0
15318,99,11,1,1,2,71,1.0, , , , , ,0.0,0.0,0.0,5,5, ,566.257385253906,1,15318-99-11-1,71.0,1,,,,0.0,0,0,0,1,1,0,0,0.0,0
15318,114,11,1,1,1,61,3.0,1,5,3,7,1,0.0,0.0,0.0,5,5, ,566.257385253906,2,15318-114-11-1,61.0,1,3.0,7.0,5.0,1.0,0,0,0,1,1,0,0,1.0,0
15322,1,11,1,1,1,53,6.0,5,2,3, ,1,0.0,0.0,0.0,2,6, ,98.3941040039063,2,15322-1-11-1,53.0,1,3.0,,2.0,1.0,0,0,0,1,1,0,0,1.0,0
15322,28,11,1,1,1,32,6.0,5,2,3, ,1,0.0,8.0,0.0,2,6, ,98.3941040039063,3,15322-28-11-1,32.0,1,3.0,,2.0,1.0,0,1,1,1,1,0,1,1.0,1
15322,64,11,1,1,2,51,3.0,0,4,2,2,1,0.0,0.0,0.0,2,6, ,98.3941040039063,2,15322-64-11-1,51.0,1,2.0,2.0,4.0,0.0,0,0,0,1,1,0,0,0.0,0
15322,75,11,1,1,1,54,6.0,5,2,2, ,1,0.0,8.0,0.0,2,6, ,98.3941040039063,1,15322-75-11-1,54.0,1,2.0,,2.0,0.0,0,1,0,1,1,0,0,0.0,0
15322,98,11,1,1,1,76,3.0,1,2,3, ,1,0.0,0.0,0.0,2,6, ,98.3941040039063,2,15322-98-11-1,76.0,1,3.0,,2.0,1.0,0,0,0,1,1,0,0,1.0,0
15322,109,11,1,1,1,82,3.0,3,2,3, ,1,0.0,0.0,0.0,2,6, ,98.3941040039063,2,15322-109-11-1,82.0,1,3.0,,2.0,1.0,0,0,0,1,1,0,0,1.0,0
15331,53,11,1,1,1,40,6.0,5,4,3,7,1,0.0,0.0,0.0,5,7, ,217.248901367188,5,15331-53-11-1,40.0,1,3.0,7.0,4.0,1.0,0,0,0,1,1,0,0,1.0,0
15331,54,11,1,1,1,43,3.0,0,2,3, ,1,0.0,0.0,0.0,5,7, ,217.248901367188,3,15331-54-11-1,43.0,1,3.0,,2.0,1.0,0,0,0,1,1,0,0,1.0,0
15331,55,11,1,1,2,68,3.0,2,2,3, ,1,0.0,0.0,0.0,5,7, ,217.248901367188,1,15331-55-11-1,68.0,1,3.0,,2.0,1.0,0,0,0,1,1,0,0,1.0,0
15331,56,11,1,1,1,45,1.0, ,4,1,2,1,0.0,0.0,0.0,5,7, ,217.248901367188,8,15331-56-11-1,45.0,1,1.0,2.0,4.0,0.0,0,0,0,1,1,0,0,0.0,0
15331,156,11,1,1,1,69,4.0,5,1,3, ,1,0.0,0.0,0.0,5,7, ,217.248901367188,2,15331-156-11-1,69.0,1,3.0,,1.0,1.0,0,0,0,1,1,0,0,1.0,0
15331,158,11,1,1,1,53,6.0,5,2,3, ,1,0.0,0.0,0.0,5,7, ,217.248901367188,3,15331-158-11-1,53.0,1,3.0,,2.0,1.0,0,0,0,1,1,0,0,1.0,0
15331,159,11,1,1,2,87,1.0, ,2,3, ,1,0.0,0.0,0.0,5,7, ,217.248901367188,1,15331-159-11-1,87.0,1,3.0,,2.0,1.0,0,0,0,1,1,0,0,1.0,0
15362,6,11,1,1,2,54,8.0,5,3, ,1,5,0.0,0.0,0.0,5,6,1,207.590713500977,1,15362-6-11-1,54.0,1,,1.0,3.0,0.0,0,0,0,1,1,0,0,0.0,0
15362,20,11,1,1,1,73,5.0,4,2,3, ,1,0.0,0.0,0.0,5,6,1,207.590713500977,2,15362-20-11-1,73.0,1,3.0,,2.0,1.0,0,0,0,1,1,0,0,1.0,0
15362,26,11,1,1,1,69,3.0,0,2,3, ,1,0.0,0.0,0.0,5,6,1,207.590713500977,4,15362-26-11-1,69.0,1,3.0,,2.0,1.0,0,0,0,1,1,0,0,1.0,0
15362,40,11,1,1,2,87,3.0,4,2,3, ,1,0.0,0.0,0.0,5,6,1,207.590713500977,1,15362-40-11-1,87.0,1,3.0,,2.0,1.0,0,0,0,1,1,0,0,1.0,0
15362,55,11,1,1,1,75,6.0,5,2,3, ,1,0.0,0.0,0.0,5,6,1,207.590713500977,3,15362-55-11-1,75.0,1,3.0,,2.0,1.0,0,0,0,1,1,0,0,1.0,0
15362,81,11,1,1,1,55,3.0,0,2,3, ,1,0.0,0.0,0.0,5,6,1,207.590713500977,3,15362-81-11-1,55.0,1,3.0,,2.0,1.0,0,0,0,1,1,0,0,1.0,0
15368,5,11,1,1,1,47,6.0,5,2,3, ,1,0.0,0.0,0.0,5,6,1,199.514282226563,6,15368-5-11-1,47.0,1,3.0,,2.0,1.0,0,0,0,1,1,0,0,1.0,0
15368,16,11,1,1,1,80,3.0,2,2,3, ,1,0.0,0.0,0.0,5,6,1,199.514282226563,2,15368-16-11-1,80.0,1,3.0,,2.0,1.0,0,0,0,1,1,0,0,1.0,0
15368,21,11,1,1,1,48,4.0,0,2,3, ,1,0.0,0.0,0.0,5,6,1,199.514282226563,9,15368-21-11-1,48.0,1,3.0,,2.0,1.0,0,0,0,1,1,0,0,1.0,0
15368,32,11,1,1,1,40,5.0,4,2,3, ,1,0.0,0.0,0.0,5,6,1,199.514282226563,5,15368-32-11-1,40.0,1,3.0,,2.0,1.0,0,0,0,1,1,0,0,1.0,0
15368,38,11,1,1,1,55,5.0,2,4,3,7,1,0.0,0.0,0.0,5,6,1,199.514282226563,7,15368-38-11-1,55.0,1,3.0,7.0,4.0,1.0,0,0,0,1,1,0,0,1.0,0
15368,47,11,1,1,1,78,3.0,2, , , , ,0.0,0.0,0.0,5,6,1,199.514282226563,2,15368-47-11-1,78.0,1,,,,0.0,0,0,0,1,1,0,0,0.0,0
15368,53,11,1,1,1,88,3.0,2, , , , ,0.0,0.0,0.0,5,6,1,199.514282226563,2,15368-53-11-1,88.0,1,,,,0.0,0,0,0,1,1,0,0,0.0,0
15369,61,11,1,1,1,63,3.0,1,2,3, ,1,0.0,0.0,0.0,5,7,1,207.590713500977,2,15369-61-11-1,63.0,1,3.0,,2.0,1.0,0,0,0,1,1,0,0,1.0,0
15369,62,11,1,1,1,58,10.0,6,3, ,1,5,0.0,0.0,0.0,5,7,1,207.590713500977,2,15369-62-11-1,58.0,1,,1.0,3.0,0.0,0,0,0,1,1,0,0,0.0,0
15369,63,11,1,1,2,92,1.0, , , , , ,0.0,0.0,0.0,5,7,1,207.590713500977,1,15369-63-11-1,92.0,1,,,,0.0,0,0,0,1,1,0,0,0.0,0
15369,64,11,1,1,1,72,3.0,2,2,3, ,1,0.0,0.0,0.0,5,7,1,207.590713500977,5,15369-64-11-1,72.0,1,3.0,,2.0,1.0,0,0,0,1,1,0,0,1.0,0
15369,157,11,1,1,1,35,5.0,2,2,3, ,1,0.0,0.0,0.0,5,7,1,207.590713500977,4,15369-157-11-1,35.0,1,3.0,,2.0,1.0,0,0,0,1,1,0,0,1.0,0
15369,158,11,1,1,1,38,6.0,5,2,3, ,1,0.0,0.0,0.0,5,7,1,207.590713500977,4,15369-158-11-1,38.0,1,3.0,,2.0,1.0,0,0,0,1,1,0,0,1.0,0
15369,159,11,1,1,1,62,4.0,5,2,3, ,1,0.0,0.0,0.0,5,7,1,207.590713500977,3,15369-159-11-1,62.0,1,3.0,,2.0,1.0,0,0,0,1,1,0,0,1.0,0
15369,160,11,1,1,2,43,3.0,0,2,3, ,1,0.0,0.0,0.0,5,7,1,207.590713500977,3,15369-160-11-1,43.0,1,3.0,,2.0,1.0,0,0,0,1,1,0,0,1.0,0
15370,121,11,1,1,1,79,3.0,0,2,3, ,1,0.0,0.0,0.0,5,7,1,199.514282226563,6,15370-121-11-1,79.0,1,3.0,,2.0,1.0,0,0,0,1,1,0,0,1.0,0
15370,122,11,1,1,1,53,3.0,0,2,3, ,1,0.0,0.0,0.0,5,7,1,199.514282226563,4,15370-122-11-1,53.0,1,3.0,,2.0,1.0,0,0,0,1,1,0,0,1.0,0
15370,303,11,1,1,1,30,3.0,0,2,3, ,1,0.0,8.0,0.0,5,7,1,199.514282226563,3,15370-303-11-1,30.0,1,3.0,,2.0,1.0,0,1,1,1,1,0,1,1.0,1
15370,304,11,1,1,1,38,4.0,0,4,1,2,5,0.0,0.0,0.0,5,7,1,199.514282226563,4,15370-304-11-1,38.0,1,1.0,2.0,4.0,0.0,0,0,0,1,1,0,0,0.0,0
15370,305,11,1,1,1,33,6.0,5,2,3, ,1,0.0,0.0,0.0,5,7,1,199.514282226563,3,15370-305-11-1,33.0,1,3.0,,2.0,1.0,0,0,0,1,1,0,0,1.0,0
15370,306,11,1,1,1,69,3.0,4,2,3, ,1,0.0,0.0,0.0,5,7,1,199.514282226563,3,15370-306-11-1,69.0,1,3.0,,2.0,1.0,0,0,0,1,1,0,0,1.0,0
15370,308,11,1,1,1,36,6.0,5,2,3, ,1,0.0,8.0,0.0,5,7,1,199.514282226563,5,15370-308-11-1,36.0,1,3.0,,2.0,1.0,0,1,0,1,1,0,0,1.0,0
15372,21,11,1,1,1,61,4.0,5,3,1,2,5,0.0,8.0,0.0,5,8,1,217.248901367188,3,15372-21-11-1,61.0,1,1.0,2.0,3.0,0.0,0,1,0,1,1,0,0,0.0,0
15372,22,11,1,1,2,53,4.0,0,2,3, ,1,0.0,0.0,0.0,5,8,1,217.248901367188,2,15372-22-11-1,53.0,1,3.0,,2.0,1.0,0,0,0,1,1,0,0,1.0,0
15372,23,11,1,1,1,55,4.0,0,2,3, ,1,0.0,0.0,0.0,5,8,1,217.248901367188,3,15372-23-11-1,55.0,1,3.0,,2.0,1.0,0,0,0,1,1,0,0,1.0,0
15372,65,11,1,1,1,75,1.0, ,2,3, ,1,0.0,0.0,0.0,5,8,1,217.248901367188,2,15372-65-11-1,75.0,1,3.0,,2.0,1.0,0,0,0,1,1,0,0,1.0,0
15372,66,11,1,1,1,84,1.0, ,2,3, ,1,0.0,0.0,0.0,5,8,1,217.248901367188,4,15372-66-11-1,84.0,1,3.0,,2.0,1.0,0,0,0,1,1,0,0,1.0,0
15372,68,11,1,1,1,50,3.0,0,2,3, ,1,0.0,0.0,0.0,5,8,1,217.248901367188,9,15372-68-11-1,50.0,1,3.0,,2.0,1.0,0,0,0,1,1,0,0,1.0,0
15373,48,11,1,1,1,71,3.0,3,2,3, ,1,0.0,0.0,0.0,5,8,1,222.086868286133,3,15373-48-11-1,71.0,1,3.0,,2.0,1.0,0,0,0,1,1,0,0,1.0,0
15373,51,11,1,1,2,83,3.0,1,2,3, ,1,0.0,0.0,0.0,5,8,1,222.086868286133,1,15373-51-11-1,83.0,1,3.0,,2.0,1.0,0,0,0,1,1,0,0,1.0,0
15373,55,11,1,1,1,46,6.0,5,2,3, ,1,0.0,0.0,0.0,5,8,1,222.086868286133,6,15373-55-11-1,46.0,1,3.0,,2.0,1.0,0,0,0,1,1,0,0,1.0,0
15373,57,11,1,1,1,50,6.0,5,2,3, ,1,0.0,0.0,0.0,5,8,1,222.086868286133,5,15373-57-11-1,50.0,1,3.0,,2.0,1.0,0,0,0,1,1,0,0,1.0,0
15373,58,11,1,1,2,69,3.0,4,2,3, ,1,0.0,0.0,0.0,5,8,1,222.086868286133,1,15373-58-11-1,69.0,1,3.0,,2.0,1.0,0,0,0,1,1,0,0,1.0,0
15374,10,11,1,1,2,63,6.0,5,2,3, ,1,0.0,0.0,0.0,5,6,1,217.248901367188,1,15374-10-11-1,63.0,1,3.0,,2.0,1.0,0,0,0,1,1,0,0,1.0,0
15374,18,11,1,1,1,51,11.0,1,2,2, ,1,0.0,0.0,0.0,5,6,1,217.248901367188,4,15374-18-11-1,51.0,1,2.0,,2.0,0.0,0,0,0,1,1,0,0,0.0,0
15374,33,11,1,1,1,52,6.0,5,2,3, ,1,0.0,8.0,0.0,5,6,1,217.248901367188,4,15374-33-11-1,52.0,1,3.0,,2.0,1.0,0,1,0,1,1,0,0,1.0,0
15374,49,11,1,1,1,34,4.0,0,2,3, ,1,0.0,0.0,0.0,5,6,1,217.248901367188,5,15374-49-11-1,34.0,1,3.0,,2.0,1.0,0,0,0,1,1,0,0,1.0,0
15374,80,11,1,1,1,49,10.0,5,3, ,1,5,0.0,0.0,0.0,5,6,1,217.248901367188,1,15374-80-11-1,49.0,1,,1.0,3.0,0.0,0,0,0,1,1,0,0,0.0,0
15374,87,11,1,1,1,38,8.0,3,4,1,2,5,0.0,0.0,0.0,5,6,1,217.248901367188,5,15374-87-11-1,38.0,1,1.0,2.0,4.0,0.0,0,0,0,1,1,0,0,0.0,0
15375,141,11,1,1,2,81,3.0,3,2,3, ,1,0.0,0.0,0.0,5,7,1,207.590713500977,2,15375-141-11-1,81.0,1,3.0,,2.0,1.0,0,0,0,1,1,0,0,1.0,0
15375,142,11,1,1,1,49,5.0,2,2,3, ,1,0.0,0.0,0.0,5,7,1,207.590713500977,3,15375-142-11-1,49.0,1,3.0,,2.0,1.0,0,0,0,1,1,0,0,1.0,0
15375,143,11,1,1,1,58,6.0,5,2,3, ,1,0.0,0.0,0.0,5,7,1,207.590713500977,7,15375-143-11-1,58.0,1,3.0,,2.0,1.0,0,0,1,1,1,0,1,1.0,1
15375,350,11,1,1,2,58,5.0,1,1,2, ,1,0.0,0.0,0.0,5,7,1,207.590713500977,6,15375-350-11-1,58.0,1,2.0,,1.0,0.0,0,0,0,1,1,0,0,0.0,0
15375,351,11,1,1,1,61,4.0,5,4,3,7,1,0.0,0.0,0.0,5,7,1,207.590713500977,3,15375-351-11-1,61.0,1,3.0,7.0,4.0,1.0,0,0,0,1,1,0,0,1.0,0
15375,355,11,1,1,1,46,3.0,0,1,3, ,1,0.0,0.0,0.0,5,7,1,207.590713500977,5,15375-355-11-1,46.0,1,3.0,,1.0,1.0,0,0,0,1,1,0,0,1.0,0
15376,37,11,1,1,1,38,6.0,5,2,3, ,1,0.0,0.0,0.0,5,7,1,217.248901367188,4,15376-37-11-1,38.0,1,3.0,,2.0,1.0,0,0,0,1,1,0,0,1.0,0
15376,38,11,1,1,1,40,4.0,0,2,3, ,1,0.0,0.0,0.0,5,7,1,217.248901367188,4,15376-38-11-1,40.0,1,3.0,,2.0,1.0,0,0,0,1,1,0,0,1.0,0
15376,92,11,1,1,1,32,5.0,4,2,3, ,1,0.0,0.0,0.0,5,7,1,217.248901367188,1,15376-92-11-1,32.0,1,3.0,,2.0,1.0,0,0,0,1,1,0,0,1.0,0
15376,93,11,1,1,2,75,1.0, ,2,3, ,1,0.0,0.0,0.0,5,7,1,217.248901367188,1,15376-93-11-1,75.0,1,3.0,,2.0,1.0,0,0,0,1,1,0,0,1.0,0
15376,94,11,1,1,1,38,4.0,0,2,3, ,1,0.0,0.0,0.0,5,7,1,217.248901367188,4,15376-94-11-1,38.0,1,3.0,,2.0,1.0,0,0,0,1,1,0,0,1.0,0
15376,95,11,1,1,2,75,3.0,0,2,3, ,1,0.0,0.0,0.0,5,7,1,217.248901367188,1,15376-95-11-1,75.0,1,3.0,,2.0,1.0,0,0,0,1,1,0,0,1.0,0
15376,96,11,1,1,1,40,5.0,2,2,3, ,1,0.0,0.0,0.0,5,7,1,217.248901367188,4,15376-96-11-1,40.0,1,3.0,,2.0,1.0,0,0,0,1,1,0,0,1.0,0
15376,97,11,1,1,1,74,4.0,5,2,3, ,1,0.0,0.0,0.0,5,7,1,217.248901367188,1,15376-97-11-1,74.0,1,3.0,,2.0,1.0,0,0,0,1,1,0,0,1.0,0
15377,49,11,1,1,2,49,8.0,5,3, ,1,5,0.0,0.0,0.0,5,7,1,199.514282226563,4,15377-49-11-1,49.0,1,,1.0,3.0,0.0,0,0,0,1,1,0,0,0.0,0
15377,51,11,1,1,2,56,3.0,0,1,3, ,1,0.0,0.0,0.0,5,7,1,199.514282226563,3,15377-51-11-1,56.0,1,3.0,,1.0,1.0,0,0,0,1,1,0,0,1.0,0
15377,169,11,1,1,1,45,4.0,0,4,1,7,3,0.0,0.0,0.0,5,7,1,199.514282226563,5,15377-169-11-1,45.0,1,1.0,7.0,4.0,1.0,0,0,0,1,1,0,0,1.0,0
15377,172,11,1,1,1,76,1.0, ,2,3, ,1,0.0,0.0,0.0,5,7,1,199.514282226563,3,15377-172-11-1,76.0,1,3.0,,2.0,1.0,0,0,0,1,1,0,0,1.0,0
15377,175,11,1,1,1,75,4.0,5,2,3, ,1,0.0,0.0,0.0,5,7,1,199.514282226563,2,15377-175-11-1,75.0,1,3.0,,2.0,1.0,0,0,0,1,1,0,0,1.0,0
15378,10,11,1,1,2,59,3.0,2,2,3, ,1,0.0,0.0,0.0,5,8,1,222.086868286133,2,15378-10-11-1,59.0,1,3.0,,2.0,1.0,0,0,0,1,1,0,0,1.0,0
15378,12,11,1,1,1,61,4.0,5,2,3, ,1,0.0,0.0,0.0,5,8,1,222.086868286133,2,15378-12-11-1,61.0,1,3.0,,2.0,1.0,0,0,0,1,1,0,0,1.0,0
15378,69,11,1,1,1,57,3.0,0,2,3, ,1,0.0,0.0,0.0,5,8,1,222.086868286133,1,15378-69-11-1,57.0,1,3.0,,2.0,1.0,0,0,0,1,1,0,0,1.0,0
15378,70,11,1,1,1,34,4.0,0,2,3, ,1,0.0,0.0,0.0,5,8,1,222.086868286133,5,15378-70-11-1,34.0,1,3.0,,2.0,1.0,0,0,0,1,1,0,0,1.0,0
15378,71,11,1,1,1,63,3.0,4,2,3, ,1,0.0,0.0,0.0,5,8,1,222.086868286133,2,15378-71-11-1,63.0,1,3.0,,2.0,1.0,0,0,0,1,1,0,0,1.0,0
15378,72,11,1,1,1,80,3.0,2,2,3, ,1,0.0,8.0,0.0,5,8,1,222.086868286133,5,15378-72-11-1,80.0,1,3.0,,2.0,1.0,0,1,0,1,1,0,0,1.0,0
15378,73,11,1,1,1,52,1.0, ,2,3, ,1,0.0,0.0,0.0,5,8,1,222.086868286133,6,15378-73-11-1,52.0,1,3.0,,2.0,1.0,0,0,0,1,1,0,0,1.0,0
15379,9,11,1,1,2,73,1.0, ,2,3, ,1,0.0,0.0,0.0,5,8,1,207.590713500977,1,15379-9-11-1,73.0,1,3.0,,2.0,1.0,0,0,0,1,1,0,0,1.0,0
15379,22,11,1,1,1,45,6.0,5,2,3, ,1,0.0,8.0,0.0,5,8,1,207.590713500977,5,15379-22-11-1,45.0,1,3.0,,2.0,1.0,0,1,0,1,1,0,0,1.0,0
15379,25,11,1,1,2,46,4.0,0,5,3,7,1,0.0,0.0,0.0,5,8,1,207.590713500977,4,15379-25-11-1,46.0,1,3.0,7.0,5.0,1.0,0,0,0,1,1,0,0,1.0,0
15381,9,11,1,1,1,76,3.0,3,5,3,7,1,0.0,0.0,0.0,5,7,1,222.086868286133,3,15381-9-11-1,76.0,1,3.0,7.0,5.0,1.0,0,0,0,1,1,0,0,1.0,0
15381,10,11,1,1,1,38,6.0,5,2,3, ,1,0.0,0.0,0.0,5,7,1,222.086868286133,5,15381-10-11-1,38.0,1,3.0,,2.0,1.0,0,0,0,1,1,0,0,1.0,0
15381,85,11,1,1,1,59,4.0,6,2,3, ,1,0.0,0.0,0.0,5,7,1,222.086868286133,6,15381-85-11-1,59.0,1,3.0,,2.0,1.0,0,0,0,1,1,0,0,1.0,0
15381,88,11,1,1,1,40,5.0,3,2,3, ,1,0.0,0.0,0.0,5,7,1,222.086868286133,4,15381-88-11-1,40.0,1,3.0,,2.0,1.0,0,0,0,1,1,0,0,1.0,0
15381,89,11,1,1,1,25,5.0,2,2,3, ,1,0.0,0.0,0.0,5,7,1,222.086868286133,3,15381-89-11-1,25.0,1,3.0,,2.0,1.0,0,0,0,1,1,0,0,1.0,0
15382,54,11,1,1,1,63,3.0,3, , , , ,0.0,0.0,0.0,5,7,1,207.590713500977,2,15382-54-11-1,63.0,1,,,,0.0,0,0,0,1,1,0,0,0.0,0
15382,55,11,1,1,1,71,4.0,5,2,3, ,1,0.0,0.0,0.0,5,7,1,207.590713500977,2,15382-55-11-1,71.0,1,3.0,,2.0,1.0,0,0,0,1,1,0,0,1.0,0
15382,56,11,1,1,1,59,4.0,5,2,3, ,1,0.0,0.0,0.0,5,7,1,207.590713500977,2,15382-56-11-1,59.0,1,3.0,,2.0,1.0,0,0,0,1,1,0,0,1.0,0
15382,167,11,1,1,1,59,3.0,0,2,3, ,1,0.0,0.0,0.0,5,7,1,207.590713500977,3,15382-167-11-1,59.0,1,3.0,,2.0,1.0,0,0,1,1,1,0,1,1.0,1
15382,168,11,1,1,1,57,3.0,0,2,3, ,1,0.0,0.0,0.0,5,7,1,207.590713500977,1,15382-168-11-1,57.0,1,3.0,,2.0,1.0,0,0,0,1,1,0,0,1.0,0
15382,169,11,1,1,1,50,1.0, ,2,3, ,1,0.0,0.0,0.0,5,7,1,207.590713500977,3,15382-169-11-1,50.0,1,3.0,,2.0,1.0,0,0,0,1,1,0,0,1.0,0
15382,170,11,1,1,2,46,3.0,0,2,3, ,1,0.0,0.0,0.0,5,7,1,207.590713500977,2,15382-170-11-1,46.0,1,3.0,,2.0,1.0,0,0,0,1,1,0,0,1.0,0
15384,21,11,1,1,2,50,1.0, ,2,3, ,1,0.0,0.0,0.0,5,8,1,217.248901367188,2,15384-21-11-1,50.0,1,3.0,,2.0,1.0,0,0,0,1,1,0,0,1.0,0
15384,23,11,1,1,1,57,3.0,0,2,3, ,1,0.0,0.0,0.0,5,8,1,217.248901367188,3,15384-23-11-1,57.0,1,3.0,,2.0,1.0,0,0,0,1,1,0,0,1.0,0
15384,119,11,1,1,1,62,3.0,3,2,3, ,1,0.0,0.0,0.0,5,8,1,217.248901367188,4,15384-119-11-1,62.0,1,3.0,,2.0,1.0,0,0,0,1,1,0,0,1.0,0
15384,121,11,1,1,1,53,3.0,0,2,3, ,1,0.0,0.0,0.0,5,8,1,217.248901367188,4,15384-121-11-1,53.0,1,3.0,,2.0,1.0,0,0,0,1,1,0,0,1.0,0
15384,129,11,1,1,1,43,6.0,5,1,3, ,1,0.0,0.0,0.0,5,8,1,217.248901367188,4,15384-129-11-1,43.0,1,3.0,,1.0,1.0,0,0,1,1,1,0,1,1.0,1
15385,13,11,1,1,1,67,3.0,3,2,3, ,1,0.0,0.0,0.0,5,8,1,199.514282226563,5,15385-13-11-1,67.0,1,3.0,,2.0,1.0,0,0,0,1,1,0,0,1.0,0
15385,42,11,1,1,1,32,3.0,0,2,3, ,1,0.0,0.0,0.0,5,8,1,199.514282226563,6,15385-42-11-1,32.0,1,3.0,,2.0,1.0,0,0,0,1,1,0,0,1.0,0
15385,43,11,1,1,1,77,3.0,0,2,3, ,1,0.0,0.0,0.0,5,8,1,199.514282226563,2,15385-43-11-1,77.0,1,3.0,,2.0,1.0,0,0,0,1,1,0,0,1.0,0
15385,44,11,1,1,2,66,3.0,1,2,3, ,1,0.0,0.0,0.0,5,8,1,199.514282226563,1,15385-44-11-1,66.0,1,3.0,,2.0,1.0,0,0,0,1,1,0,0,1.0,0
15385,45,11,1,1,1,57,3.0,0,2,3, ,1,0.0,0.0,0.0,5,8,1,199.514282226563,2,15385-45-11-1,57.0,1,3.0,,2.0,1.0,0,0,0,1,1,0,0,1.0,0
15385,49,11,1,1,1,67,3.0,3,2,3, ,1,0.0,0.0,0.0,5,8,1,199.514282226563,2,15385-49-11-1,67.0,1,3.0,,2.0,1.0,0,0,0,1,1,0,0,1.0,0
15385,54,11,1,1,1,42,3.0,0,2,3, ,1,0.0,0.0,0.0,5,8,1,199.514282226563,5,15385-54-11-1,42.0,1,3.0,,2.0,1.0,0,0,0,1,1,0,0,1.0,0
15385,56,11,1,1,1,63,1.0, ,2,3, ,1,0.0,0.0,0.0,5,8,1,199.514282226563,2,15385-56-11-1,63.0,1,3.0,,2.0,1.0,0,0,0,1,1,0,0,1.0,0
15386,1,11,1,1,1,58,6.0,5,2,3, ,1,0.0,0.0,0.0,5,6, ,222.086868286133,5,15386-1-11-1,58.0,1,3.0,,2.0,1.0,0,0,0,1,1,0,0,1.0,0
15386,57,11,1,1,1,75,7.0,1,5,3,7,1,0.0,0.0,0.0,5,6, ,222.086868286133,3,15386-57-11-1,75.0,1,3.0,7.0,5.0,1.0,0,0,0,1,1,0,0,1.0,0
15386,76,11,1,1,1,45,3.0,0,2,3, ,1,0.0,0.0,0.0,5,6, ,222.086868286133,2,15386-76-11-1,45.0,1,3.0,,2.0,1.0,0,0,0,1,1,0,0,1.0,0
15387,26,11,1,1,1,45,8.0,5,3, ,2,5,0.0,0.0,0.0,5,6, ,199.514282226563,4,15387-26-11-1,45.0,1,,2.0,3.0,0.0,0,0,0,1,1,0,0,0.0,0
15387,47,11,1,1,1,56,4.0,0,2,3, ,1,0.0,8.0,0.0,5,6, ,199.514282226563,2,15387-47-11-1,56.0,1,3.0,,2.0,1.0,0,1,0,1,1,0,0,1.0,0
15387,58,11,1,1,1,53,6.0,5,2,3, ,1,0.0,0.0,0.0,5,6, ,199.514282226563,3,15387-58-11-1,53.0,1,3.0,,2.0,1.0,0,0,0,1,1,0,0,1.0,0
15387,69,11,1,1,2,63,5.0,1,5,3,7,1,0.0,0.0,0.0,5,6, ,199.514282226563,4,15387-69-11-1,63.0,1,3.0,7.0,5.0,1.0,0,0,0,1,1,0,0,1.0,0
15387,80,11,1,1,1,64,3.0,1,2,3, ,1,0.0,0.0,0.0,5,6, ,199.514282226563,2,15387-80-11-1,64.0,1,3.0,,2.0,1.0,0,0,0,1,1,0,0,1.0,0
15387,90,11,1,1,1,46,6.0,5,2,3, ,1,0.0,0.0,0.0,5,6, ,199.514282226563,3,15387-90-11-1,46.0,1,3.0,,2.0,1.0,0,0,0,1,1,0,0,1.0,0
15387,101,11,1,1,1,72,3.0,0,2,3, ,1,0.0,0.0,0.0,5,6, ,199.514282226563,1,15387-101-11-1,72.0,1,3.0,,2.0,1.0,0,0,0,1,1,0,0,1.0,0
15387,110,11,1,1,1,65,3.0,0,2,3, ,1,0.0,0.0,0.0,5,6, ,199.514282226563,3,15387-110-11-1,65.0,1,3.0,,2.0,1.0,0,0,0,1,1,0,0,1.0,0
15388,13,11,1,1,1,47,4.0,0,2,3, ,1,0.0,0.0,0.0,5,7, ,222.086868286133,1,15388-13-11-1,47.0,1,3.0,,2.0,1.0,0,0,0,1,1,0,0,1.0,0
15388,14,11,1,1,2,78,3.0,4,5,3,7,1,0.0,8.0,0.0,5,7, ,222.086868286133,2,15388-14-11-1,78.0,1,3.0,7.0,5.0,1.0,0,1,0,1,1,0,0,1.0,0
15388,15,11,1,1,1,56,6.0,5,2,3, ,1,0.0,0.0,0.0,5,7, ,222.086868286133,7,15388-15-11-1,56.0,1,3.0,,2.0,1.0,0,0,0,1,1,0,0,1.0,0
15388,16,11,1,1,1,43,5.0,3,2,3, ,1,0.0,0.0,0.0,5,7, ,222.086868286133,5,15388-16-11-1,43.0,1,3.0,,2.0,1.0,0,0,0,1,1,0,0,1.0,0
15388,91,11,1,1,1,29,6.0,5,1,3, ,1,0.0,0.0,0.0,5,7, ,222.086868286133,1,15388-91-11-1,29.0,1,3.0,,1.0,1.0,0,0,0,1,1,0,0,1.0,0
15388,93,11,1,1,1,79,3.0,2,2,3, ,1,0.0,0.0,0.0,5,7, ,222.086868286133,2,15388-93-11-1,79.0,1,3.0,,2.0,1.0,0,0,0,1,1,0,0,1.0,0
15388,94,11,1,1,1,64,3.0,2,2,3, ,1,0.0,0.0,0.0,5,7, ,222.086868286133,7,15388-94-11-1,64.0,1,3.0,,2.0,1.0,0,0,0,1,1,0,0,1.0,0
15389,129,11,1,1,1,74,1.0, , , , , ,0.0,0.0,0.0,5,7, ,207.590713500977,5,15389-129-11-1,74.0,1,,,,0.0,0,0,0,1,1,0,0,0.0,0
15389,130,11,1,1,1,46,4.0,0,2,3, ,1,0.0,0.0,0.0,5,7, ,207.590713500977,8,15389-130-11-1,46.0,1,3.0,,2.0,1.0,0,0,0,1,1,0,0,1.0,0
15389,131,11,1,1,1,38,6.0,5,2,3, ,1,0.0,0.0,0.0,5,7, ,207.590713500977,5,15389-131-11-1,38.0,1,3.0,,2.0,1.0,0,0,0,1,1,0,0,1.0,0
15389,132,11,1,1,1,62,4.0,5,1,3, ,1,0.0,0.0,0.0,5,7, ,207.590713500977,3,15389-132-11-1,62.0,1,3.0,,1.0,1.0,0,0,0,1,1,0,0,1.0,0
15389,267,11,1,1,2,58,3.0,1,2,3, ,1,0.0,0.0,0.0,5,7, ,207.590713500977,2,15389-267-11-1,58.0,1,3.0,,2.0,1.0,0,0,0,1,1,0,0,1.0,0
15389,268,11,1,1,2,45,1.0, ,2,3, ,1,0.0,0.0,0.0,5,7, ,207.590713500977,4,15389-268-11-1,45.0,1,3.0,,2.0,1.0,0,0,0,1,1,0,0,1.0,0
15389,269,11,1,1,2,78,1.0, ,2,3, ,1,0.0,0.0,0.0,5,7, ,207.590713500977,1,15389-269-11-1,78.0,1,3.0,,2.0,1.0,0,0,0,1,1,0,0,1.0,0
15389,271,11,1,1,2,73,1.0, ,2,3, ,1,0.0,0.0,0.0,5,7, ,207.590713500977,1,15389-271-11-1,73.0,1,3.0,,2.0,1.0,0,0,0,1,1,0,0,1.0,0
15390,47,11,1,1,1,54,3.0,0,2,3, ,1,0.0,0.0,0.0,5,8, ,199.514282226563,6,15390-47-11-1,54.0,1,3.0,,2.0,1.0,0,0,0,1,1,0,0,1.0,0
15390,48,11,1,1,2,69,1.0, ,2,3, ,1,0.0,0.0,0.0,5,8, ,199.514282226563,1,15390-48-11-1,69.0,1,3.0,,2.0,1.0,0,0,0,1,1,0,0,1.0,0
15390,108,11,1,1,2,73,1.0, ,2,3, ,1,0.0,0.0,0.0,5,8, ,199.514282226563,4,15390-108-11-1,73.0,1,3.0,,2.0,1.0,0,0,0,1,1,0,0,1.0,0
15390,109,11,1,1,1,54,1.0, ,2,3, ,1,0.0,0.0,0.0,5,8, ,199.514282226563,7,15390-109-11-1,54.0,1,3.0,,2.0,1.0,0,0,0,1,1,0,0,1.0,0
15390,110,11,1,1,1,42,3.0,0,2,3, ,1,0.0,0.0,0.0,5,8, ,199.514282226563,5,15390-110-11-1,42.0,1,3.0,,2.0,1.0,0,0,0,1,1,0,0,1.0,0
15390,111,11,1,1,1,46,3.0,0,2,3, ,1,0.0,0.0,0.0,5,8, ,199.514282226563,3,15390-111-11-1,46.0,1,3.0,,2.0,1.0,0,0,0,1,1,0,0,1.0,0
15390,112,11,1,1,1,60,3.0,3,2,3, ,1,0.0,0.0,0.0,5,8, ,199.514282226563,2,15390-112-11-1,60.0,1,3.0,,2.0,1.0,0,0,0,1,1,0,0,1.0,0
15405,53,11,1,1,2,40,10.0,5,3, ,5,5,0.0,8.0,0.0,6,3,1,73.3486709594727,2,15405-53-11-1,40.0,1,,5.0,3.0,0.0,0,1,1,1,1,0,1,0.0,1
15405,69,11,1,1,1,77,10.0,5, , , , ,0.0,0.0,0.0,6,3,1,73.3486709594727,1,15405-69-11-1,77.0,1,,,,0.0,0,0,0,1,1,0,0,0.0,0
15406,30,11,1,1,1,34,8.0,3,3,2,2,2,0.0,8.0,0.0,6,3,1,64.7678680419922,3,15406-30-11-1,34.0,1,2.0,2.0,3.0,0.0,0,1,0,1,1,0,0,0.0,0
15406,81,11,1,1,1,47,10.0,5,3, ,2,5,0.0,8.0,0.0,6,3,1,64.7678680419922,5,15406-81-11-1,47.0,1,,2.0,3.0,0.0,0,1,1,1,1,0,1,0.0,1
15408,84,11,1,1,1,38,10.0,5,3, ,1,5,0.0,0.0,0.0,6,3,1,289.718078613281,4,15408-84-11-1,38.0,1,,1.0,3.0,0.0,0,0,1,1,1,0,1,0.0,1
15408,109,11,1,1,1,40,10.0,5,2,3, ,1,0.0,8.0,0.0,6,3,1,289.718078613281,4,15408-109-11-1,40.0,1,3.0,,2.0,1.0,0,1,1,1,1,0,1,1.0,1
15408,158,11,1,1,1,39,6.0,5,4,3,7,1,0.0,0.0,0.0,6,3,1,289.718078613281,3,15408-158-11-1,39.0,1,3.0,7.0,4.0,1.0,0,0,0,1,1,0,0,1.0,0
15409,37,11,1,1,2,78,3.0,1,2,3, ,1,0.0,0.0,0.0,6,3,1,83.6684951782227,1,15409-37-11-1,78.0,1,3.0,,2.0,1.0,0,0,0,1,1,0,0,1.0,0
15409,85,11,1,1,1,24,6.0,5,2,3, ,1,0.0,0.0,0.0,6,3,1,83.6684951782227,3,15409-85-11-1,24.0,1,3.0,,2.0,1.0,0,0,0,1,1,0,0,1.0,0
15410,11,11,1,1,1,71,5.0,4, , , , ,0.0,0.0,0.0,6,3, ,73.3486709594727,6,15410-11-11-1,71.0,1,,,,0.0,0,0,0,1,1,0,0,0.0,0
15410,54,11,1,1,1,53,6.0,5, , , , ,0.0,0.0,0.0,6,3, ,73.3486709594727,1,15410-54-11-1,53.0,1,,,,0.0,0,0,0,1,1,0,0,0.0,0
15410,81,11,1,1,1,39,9.0,3,4,3,7,1,0.0,0.0,0.0,6,3, ,73.3486709594727,3,15410-81-11-1,39.0,1,3.0,7.0,4.0,1.0,0,0,0,1,1,0,0,1.0,0
15410,108,11,1,1,1,45,6.0,5,4, ,1,5,0.0,8.0,0.0,6,3, ,73.3486709594727,1,15410-108-11-1,45.0,1,,1.0,4.0,0.0,0,1,0,1,1,0,0,0.0,0
15410,121,11,1,1,2,78,3.0,0, , , , ,0.0,0.0,0.0,6,3, ,73.3486709594727,3,15410-121-11-1,78.0,1,,,,0.0,0,0,0,1,1,0,0,0.0,0
15410,135,11,1,1,1,72,10.0,5, , , , ,0.0,0.0,0.0,6,3, ,73.3486709594727,10,15410-135-11-1,72.0,1,,,,0.0,0,0,1,1,1,0,1,0.0,1
15410,147,11,1,1,1,72,6.0,5, , , , ,0.0,0.0,0.0,6,3, ,73.3486709594727,2,15410-147-11-1,72.0,1,,,,0.0,0,0,0,1,1,0,0,0.0,0
15411,12,11,1,1,1,75,11.0,3,3, ,2,5,0.0,0.0,0.0,6,3,1,287.379669189453,1,15411-12-11-1,75.0,1,,2.0,3.0,0.0,0,0,0,1,1,0,0,0.0,0
15411,58,11,1,1,2,35,7.0,1,2,3, ,1,0.0,8.0,0.0,6,3,1,287.379669189453,3,15411-58-11-1,35.0,1,3.0,,2.0,1.0,0,1,0,1,1,0,0,1.0,0
15411,104,11,1,1,2,70,3.0,1,2,3, ,1,0.0,0.0,0.0,6,3,1,287.379669189453,1,15411-104-11-1,70.0,1,3.0,,2.0,1.0,0,0,0,1,1,0,0,1.0,0
15417,4,11,1,1,1,44,3.0,0,2,3, ,1,0.0,0.0,0.0,6,5,1,350.374694824219,4,15417-4-11-1,44.0,1,3.0,,2.0,1.0,0,0,0,1,1,0,0,1.0,0
15417,71,11,1,1,2,73,1.0, ,2,3, ,1,0.0,0.0,0.0,6,5,1,350.374694824219,1,15417-71-11-1,73.0,1,3.0,,2.0,1.0,0,0,0,1,1,0,0,1.0,0
15417,115,11,1,1,1,77,1.0, ,2,3, ,1,0.0,0.0,0.0,6,5,1,350.374694824219,2,15417-115-11-1,77.0,1,3.0,,2.0,1.0,0,0,0,1,1,0,0,1.0,0
15430,12,11,1,1,1,53,3.0,0,2,3, ,1,0.0,0.0,0.0,6,3,1,343.184631347656,2,15430-12-11-1,53.0,1,3.0,,2.0,1.0,0,0,0,1,1,0,0,1.0,0
15430,50,11,1,1,1,25,5.0,1,4,2,7,1,0.0,8.0,0.0,6,3,1,343.184631347656,3,15430-50-11-1,25.0,1,2.0,7.0,4.0,1.0,0,1,0,1,1,0,0,1.0,0
15430,63,11,1,1,1,70,4.0,6,2,3, ,1,0.0,0.0,0.0,6,3,1,343.184631347656,2,15430-63-11-1,70.0,1,3.0,,2.0,1.0,0,0,0,1,1,0,0,1.0,0
15437,20,11,1,1,2,38,3.0,0,4,2,7,1,0.0,0.0,0.0,6,5,1,93.408561706543,5,15437-20-11-1,38.0,1,2.0,7.0,4.0,1.0,0,0,0,1,1,0,0,1.0,0
15438,6,11,1,1,1,54,6.0,5, , , , ,0.0,0.0,0.0,6,5,1,383.172912597656,4,15438-6-11-1,54.0,1,,,,0.0,0,0,0,1,1,0,0,0.0,0
15438,32,11,1,1,1,42,6.0,5,2,3, ,1,0.0,0.0,0.0,6,5,1,383.172912597656,5,15438-32-11-1,42.0,1,3.0,,2.0,1.0,0,0,0,1,1,0,0,1.0,0
15438,43,11,1,1,1,43,7.0,3,4,3,7,1,0.0,0.0,0.0,6,5,1,383.172912597656,5,15438-43-11-1,43.0,1,3.0,7.0,4.0,1.0,0,0,0,1,1,0,0,1.0,0
15438,53,11,1,1,1,34,6.0,5, , , , ,0.0,0.0,0.0,6,5,1,383.172912597656,3,15438-53-11-1,34.0,1,,,,0.0,0,0,0,1,1,0,0,0.0,0
15439,96,11,1,1,2,73,4.0,5,2,2, ,1,0.0,0.0,0.0,6,3,1,86.3571548461914,1,15439-96-11-1,73.0,1,2.0,,2.0,0.0,0,0,0,1,1,0,0,0.0,0
15440,20,11,1,1,2,61,3.0,3,4,3,7,1,0.0,0.0,0.0,6,3,1,350.374694824219,1,15440-20-11-1,61.0,1,3.0,7.0,4.0,1.0,0,0,0,1,1,0,0,1.0,0
15440,76,11,1,1,1,41,10.0,5,3, ,5,5,0.0,8.0,0.0,6,3,1,350.374694824219,4,15440-76-11-1,41.0,1,,5.0,3.0,0.0,0,1,0,1,1,0,0,0.0,0
15440,94,11,1,1,1,71,3.0,0,4,3,7,1,0.0,0.0,0.0,6,3,1,350.374694824219,7,15440-94-11-1,71.0,1,3.0,7.0,4.0,1.0,0,0,0,1,1,0,0,1.0,0
15440,113,11,1,1,1,64,3.0,1,4,3,7,3,0.0,0.0,0.0,6,3,1,350.374694824219,4,15440-113-11-1,64.0,1,3.0,7.0,4.0,1.0,0,0,0,1,1,0,0,1.0,0
15441,21,11,1,1,2,57,1.0, ,2,3, ,1,0.0,0.0,0.0,6,5,1,343.184631347656,2,15441-21-11-1,57.0,1,3.0,,2.0,1.0,0,0,0,1,1,0,0,1.0,0
15441,30,11,1,1,1,57,1.0, ,2,3, ,1,0.0,0.0,0.0,6,5,1,343.184631347656,1,15441-30-11-1,57.0,1,3.0,,2.0,1.0,0,0,0,1,1,0,0,1.0,0
15441,52,11,1,1,2,24,8.0,3, , , , ,0.0,8.0,0.0,6,5,1,343.184631347656,3,15441-52-11-1,24.0,1,,,,0.0,0,1,0,1,1,0,0,0.0,0
15441,61,11,1,1,2,60,1.0, ,2,3, ,1,0.0,0.0,0.0,6,5,1,343.184631347656,3,15441-61-11-1,60.0,1,3.0,,2.0,1.0,0,0,0,1,1,0,0,1.0,0
15442,27,11,1,1,1,54,10.0,5,3, ,1,5,0.0,0.0,0.0,6,3,1,383.172912597656,3,15442-27-11-1,54.0,1,,1.0,3.0,0.0,0,0,1,1,1,0,1,0.0,1
15442,61,11,1,1,1,53,8.0,5,3, ,2,5,0.0,0.0,0.0,6,3,1,383.172912597656,3,15442-61-11-1,53.0,1,,2.0,3.0,0.0,0,0,0,1,1,0,0,0.0,0
15442,79,11,1,1,1,47,6.0,5,4, ,5,5,0.0,0.0,0.0,6,3,1,383.172912597656,5,15442-79-11-1,47.0,1,,5.0,4.0,0.0,0,0,0,1,1,0,0,0.0,0
15442,96,11,1,1,1,69,8.0,5, , , , ,0.0,0.0,0.0,6,3,1,383.172912597656,2,15442-96-11-1,69.0,1,,,,0.0,0,0,0,1,1,0,0,0.0,0
15442,131,11,1,1,1,47,10.0,5,4,3,7,1,0.0,8.0,0.0,6,3,1,383.172912597656,3,15442-131-11-1,47.0,1,3.0,7.0,4.0,1.0,0,1,0,1,1,0,0,1.0,0
15442,147,11,1,1,2,72,10.0,5, , , , ,0.0,0.0,0.0,6,3,1,383.172912597656,2,15442-147-11-1,72.0,1,,,,0.0,0,0,0,1,1,0,0,0.0,0
15444,9,11,1,1,2,39,5.0,2,2,3, ,1,0.0,0.0,0.0,6,5,1,386.290740966797,5,15444-9-11-1,39.0,1,3.0,,2.0,1.0,0,0,0,1,1,0,0,1.0,0
15444,26,11,1,1,1,54,3.0,0,2,3, ,1,0.0,0.0,0.0,6,5,1,386.290740966797,3,15444-26-11-1,54.0,1,3.0,,2.0,1.0,0,0,0,1,1,0,0,1.0,0
15444,60,11,1,1,1,64,3.0,3,4,3,7,1,0.0,0.0,0.0,6,5,1,386.290740966797,4,15444-60-11-1,64.0,1,3.0,7.0,4.0,1.0,0,0,0,1,1,0,0,1.0,0
15444,111,11,1,1,1,58,5.0,2,2,3, ,1,0.0,0.0,0.0,6,5,1,386.290740966797,4,15444-111-11-1,58.0,1,3.0,,2.0,1.0,0,0,0,1,1,0,0,1.0,0
15445,13,11,1,1,2,62,6.0,5,1,2, ,1,0.0,0.0,0.0,6,3, ,83.6684951782227,1,15445-13-11-1,62.0,1,2.0,,1.0,0.0,0,0,0,1,1,0,0,0.0,0
15445,69,11,1,1,1,56,5.0,4,2,3, ,1,0.0,0.0,0.0,6,3, ,83.6684951782227,5,15445-69-11-1,56.0,1,3.0,,2.0,1.0,0,0,0,1,1,0,0,1.0,0
15445,88,11,1,1,1,54,4.0,0,2,3, ,1,0.0,0.0,0.0,6,3, ,83.6684951782227,6,15445-88-11-1,54.0,1,3.0,,2.0,1.0,0,0,1,1,1,0,1,1.0,1
15446,58,11,1,1,2,34,5.0,2, , , , ,0.0,8.0,0.0,6,3, ,383.172912597656,5,15446-58-11-1,34.0,1,,,,0.0,0,1,0,1,1,0,0,0.0,0
15446,74,11,1,1,2,80,1.0, ,2,3, ,1,0.0,0.0,0.0,6,3, ,383.172912597656,1,15446-74-11-1,80.0,1,3.0,,2.0,1.0,0,0,0,1,1,0,0,1.0,0
15446,89,11,1,1,2,42,6.0,5,6, ,7,1,0.0,0.0,0.0,6,3, ,383.172912597656,3,15446-89-11-1,42.0,1,,7.0,6.0,1.0,0,0,1,1,1,0,1,1.0,1
15446,105,11,1,1,1,64,3.0,1,2,3, ,1,0.0,0.0,0.0,6,3, ,383.172912597656,1,15446-105-11-1,64.0,1,3.0,,2.0,1.0,0,0,0,1,1,0,0,1.0,0
15447,14,11,1,1,1,47,5.0,2,2,3, ,1,0.0,0.0,0.0,6,5, ,343.184631347656,6,15447-14-11-1,47.0,1,3.0,,2.0,1.0,0,0,0,1,1,0,0,1.0,0
15447,29,11,1,1,1,50,8.0,5,3, ,1,5,0.0,0.0,0.0,6,5, ,343.184631347656,4,15447-29-11-1,50.0,1,,1.0,3.0,0.0,0,0,0,1,1,0,0,0.0,0
15447,58,11,1,1,1,45,3.0,0,2,3, ,1,0.0,0.0,0.0,6,5, ,343.184631347656,6,15447-58-11-1,45.0,1,3.0,,2.0,1.0,0,0,0,1,1,0,0,1.0,0
15447,73,11,1,1,2,52,5.0,1,2,3, ,1,0.0,0.0,0.0,6,5, ,343.184631347656,2,15447-73-11-1,52.0,1,3.0,,2.0,1.0,0,0,0,1,1,0,0,1.0,0
15447,87,11,1,1,2,42,3.0,0,4,3,7,1,0.0,0.0,0.0,6,5, ,343.184631347656,4,15447-87-11-1,42.0,1,3.0,7.0,4.0,1.0,0,0,0,1,1,0,0,1.0,0
15450,9,11,1,1,1,76,3.0,4, , , , ,0.0,0.0,0.0,6,7,1,162.907363891602,2,15450-9-11-1,76.0,1,,,,0.0,0,0,0,1,1,0,0,0.0,0
15450,10,11,1,1,2,81,1.0, ,2,3, ,1,0.0,0.0,0.0,6,7,1,162.907363891602,2,15450-10-11-1,81.0,1,3.0,,2.0,1.0,0,0,0,1,1,0,0,1.0,0
15450,11,11,1,1,1,74,6.0,5,2,3, ,1,0.0,0.0,0.0,6,7,1,162.907363891602,2,15450-11-11-1,74.0,1,3.0,,2.0,1.0,0,0,0,1,1,0,0,1.0,0
15450,12,11,1,1,1,87,4.0,5,1,3, ,1,0.0,0.0,0.0,6,7,1,162.907363891602,1,15450-12-11-1,87.0,1,3.0,,1.0,1.0,0,0,0,1,1,0,0,1.0,0
15450,97,11,1,1,1,33,8.0,3,2,3, ,1,0.0,0.0,0.0,6,7,1,162.907363891602,4,15450-97-11-1,33.0,1,3.0,,2.0,1.0,0,0,1,1,1,0,1,1.0,1
15450,99,11,1,1,1,65,3.0,1,4,3,7,1,0.0,0.0,0.0,6,7,1,162.907363891602,2,15450-99-11-1,65.0,1,3.0,7.0,4.0,1.0,0,0,0,1,1,0,0,1.0,0
15457,82,11,1,1,2,74,1.0, , , , , ,0.0,0.0,0.0,6,7,1,162.907363891602,4,15457-82-11-1,74.0,1,,,,0.0,0,0,0,1,1,0,0,0.0,0
15457,83,11,1,1,1,62,4.0,5,2,3, ,1,0.0,0.0,0.0,6,7,2,162.907363891602,3,15457-83-11-1,62.0,1,3.0,,2.0,1.0,0,0,0,1,1,0,0,1.0,0
15457,207,11,1,1,2,82,1.0, ,2,3, ,1,0.0,0.0,0.0,6,7,1,162.907363891602,1,15457-207-11-1,82.0,1,3.0,,2.0,1.0,0,0,0,1,1,0,0,1.0,0
15457,208,11,1,1,2,86,1.0, ,2,3, ,1,0.0,0.0,0.0,6,7,2,162.907363891602,1,15457-208-11-1,86.0,1,3.0,,2.0,1.0,0,0,0,1,1,0,0,1.0,0
15457,209,11,1,1,1,55,5.0,3,2,3, ,1,0.0,0.0,0.0,6,7,1,162.907363891602,3,15457-209-11-1,55.0,1,3.0,,2.0,1.0,0,0,0,1,1,0,0,1.0,0
15457,210,11,1,1,1,63,4.0,5,2,3, ,1,0.0,0.0,0.0,6,7,1,162.907363891602,3,15457-210-11-1,63.0,1,3.0,,2.0,1.0,0,0,0,1,1,0,0,1.0,0
15457,211,11,1,1,1,63,4.0,5,2,3, ,1,0.0,0.0,0.0,6,7,2,162.907363891602,4,15457-211-11-1,63.0,1,3.0,,2.0,1.0,0,0,0,1,1,0,0,1.0,0
15459,49,11,1,1,1,33,6.0,5,2,3, ,1,0.0,0.0,0.0,6,7,1,157.041259765625,3,15459-49-11-1,33.0,1,3.0,,2.0,1.0,0,0,1,1,1,0,1,1.0,1
15459,51,11,1,1,1,76,3.0,2,2,3, ,1,0.0,0.0,0.0,6,7,1,157.041259765625,2,15459-51-11-1,76.0,1,3.0,,2.0,1.0,0,0,0,1,1,0,0,1.0,0
15459,52,11,1,1,2,72,1.0, ,2,3, ,1,0.0,0.0,0.0,6,7,1,157.041259765625,1,15459-52-11-1,72.0,1,3.0,,2.0,1.0,0,0,0,1,1,0,0,1.0,0
15459,113,11,1,1,1,34,3.0,0,2,3, ,1,0.0,0.0,0.0,6,7,1,157.041259765625,3,15459-113-11-1,34.0,1,3.0,,2.0,1.0,0,0,0,1,1,0,0,1.0,0
15459,114,11,1,1,1,79,3.0,3,2,3, ,1,0.0,0.0,0.0,6,7,1,157.041259765625,2,15459-114-11-1,79.0,1,3.0,,2.0,1.0,0,0,0,1,1,0,0,1.0,0
15459,115,11,1,1,2,84,1.0, ,2,3, ,1,0.0,0.0,0.0,6,7,1,157.041259765625,1,15459-115-11-1,84.0,1,3.0,,2.0,1.0,0,0,0,1,1,0,0,1.0,0
15474,29,11,1,1,1,52,3.0,0,2,3, ,1,0.0,0.0,0.0,6,6,1,157.041259765625,3,15474-29-11-1,52.0,1,3.0,,2.0,1.0,0,0,0,1,1,0,0,1.0,0
15474,41,11,1,1,1,70,4.0,5,2,3, ,1,0.0,0.0,0.0,6,6,1,157.041259765625,2,15474-41-11-1,70.0,1,3.0,,2.0,1.0,0,0,0,1,1,0,0,1.0,0
15474,53,11,1,1,1,61,9.0,2,5,3,7,1,0.0,8.0,0.0,6,6,1,157.041259765625,2,15474-53-11-1,61.0,1,3.0,7.0,5.0,1.0,0,1,1,1,1,0,1,1.0,1
15474,78,11,1,1,1,36,6.0,5,2,3, ,1,0.0,0.0,0.0,6,6,1,157.041259765625,4,15474-78-11-1,36.0,1,3.0,,2.0,1.0,0,0,0,1,1,0,0,1.0,0
15481,101,11,1,1,1,76,4.0,5,2,3, ,1,0.0,0.0,0.0,6,7,1,156.390151977539,2,15481-101-11-1,76.0,1,3.0,,2.0,1.0,0,0,0,1,1,0,0,1.0,0
15481,102,11,1,1,1,69,4.0,5,2,3, ,1,0.0,0.0,0.0,6,7,1,156.390151977539,2,15481-102-11-1,69.0,1,3.0,,2.0,1.0,0,0,0,1,1,0,0,1.0,0
15481,103,11,1,1,2,88,1.0, ,2,3, ,1,0.0,0.0,0.0,6,7,1,156.390151977539,3,15481-103-11-1,88.0,1,3.0,,2.0,1.0,0,0,0,1,1,0,0,1.0,0
15481,104,11,1,1,2,62,3.0,3,2,3, ,1,0.0,0.0,0.0,6,7,1,156.390151977539,2,15481-104-11-1,62.0,1,3.0,,2.0,1.0,0,0,0,1,1,0,0,1.0,0
15481,224,11,1,1,1,77,4.0,5,2,3, ,1,0.0,0.0,0.0,6,7,1,156.390151977539,2,15481-224-11-1,77.0,1,3.0,,2.0,1.0,0,0,0,1,1,0,0,1.0,0
15481,225,11,1,1,1,48,4.0,0,2,3, ,1,0.0,0.0,0.0,6,7,1,156.390151977539,4,15481-225-11-1,48.0,1,3.0,,2.0,1.0,0,0,0,1,1,0,0,1.0,0
15481,228,11,1,1,1,52,4.0,0,2,3, ,1,0.0,0.0,0.0,6,7,1,156.390151977539,5,15481-228-11-1,52.0,1,3.0,,2.0,1.0,0,0,0,1,1,0,0,1.0,0
15499,2,11,1,1,1,61,3.0,3,2,3, ,1,0.0,0.0,0.0,6,6,1,156.390151977539,5,15499-2-11-1,61.0,1,3.0,,2.0,1.0,0,0,0,1,1,0,0,1.0,0
15499,14,11,1,1,1,62,3.0,4,2,2, ,1,0.0,0.0,0.0,6,6,1,156.390151977539,4,15499-14-11-1,62.0,1,2.0,,2.0,0.0,0,0,0,1,1,0,0,0.0,0
15499,51,11,1,1,2,50,6.0,5,2,3, ,1,0.0,0.0,0.0,6,6,1,156.390151977539,2,15499-51-11-1,50.0,1,3.0,,2.0,1.0,0,0,0,1,1,0,0,1.0,0
15499,63,11,1,1,1,69,9.0,3,4, ,1,5,0.0,0.0,0.0,6,6,1,156.390151977539,3,15499-63-11-1,69.0,1,,1.0,4.0,0.0,0,0,0,1,1,0,0,0.0,0
15499,111,11,1,1,1,54,10.0,5,3, ,1,5,0.0,0.0,0.0,6,6,1,156.390151977539,3,15499-111-11-1,54.0,1,,1.0,3.0,0.0,0,0,0,1,1,0,0,0.0,0
15500,28,11,1,1,1,31,7.0,1,3,1,2,4,0.0,8.0,0.0,6,6,1,166.831756591797,3,15500-28-11-1,31.0,1,1.0,2.0,3.0,0.0,0,1,1,1,1,0,1,0.0,1
15500,40,11,1,1,2,40,6.0,5,2,3, ,1,0.0,8.0,0.0,6,6,1,166.831756591797,3,15500-40-11-1,40.0,1,3.0,,2.0,1.0,0,1,0,1,1,0,0,1.0,0
15500,86,11,1,1,1,57,8.0,3,2,3, ,1,0.0,0.0,0.0,6,6,1,166.831756591797,4,15500-86-11-1,57.0,1,3.0,,2.0,1.0,0,0,0,1,1,0,0,1.0,0
15500,98,11,1,1,2,64,3.0,0, , , , ,0.0,0.0,0.0,6,6,1,166.831756591797,1,15500-98-11-1,64.0,1,,,,0.0,0,0,0,1,1,0,0,0.0,0
15500,109,11,1,1,2,67,4.0,5,2,3, ,1,0.0,0.0,0.0,6,6,1,166.831756591797,6,15500-109-11-1,67.0,1,3.0,,2.0,1.0,0,0,0,1,1,0,0,1.0,0
15500,121,11,1,1,2,42,6.0,5,4,1,2,5,0.0,0.0,0.0,6,6,1,166.831756591797,4,15500-121-11-1,42.0,1,1.0,2.0,4.0,0.0,0,0,0,1,1,0,0,0.0,0
15500,132,11,1,1,1,64,10.0,5,1,3, ,1,0.0,0.0,0.0,6,6,1,166.831756591797,2,15500-132-11-1,64.0,1,3.0,,1.0,1.0,0,0,1,1,1,0,1,1.0,1
15501,17,11,1,1,1,70,1.0, ,2,3, ,1,0.0,0.0,0.0,6,7,1,162.907363891602,2,15501-17-11-1,70.0,1,3.0,,2.0,1.0,0,0,0,1,1,0,0,1.0,0
15501,18,11,1,1,2,76,3.0,1,2,3, ,1,0.0,0.0,0.0,6,7,1,162.907363891602,1,15501-18-11-1,76.0,1,3.0,,2.0,1.0,0,0,0,1,1,0,0,1.0,0
15501,20,11,1,1,1,51,6.0,5,2,3, ,1,0.0,0.0,0.0,6,7,1,162.907363891602,5,15501-20-11-1,51.0,1,3.0,,2.0,1.0,0,0,0,1,1,0,0,1.0,0
15501,101,11,1,1,1,45,4.0,0,2,3, ,1,0.0,0.0,0.0,6,7,1,162.907363891602,2,15501-101-11-1,45.0,1,3.0,,2.0,1.0,0,0,0,1,1,0,0,1.0,0
15501,104,11,1,1,1,82,4.0,5,2,3, ,1,0.0,0.0,0.0,6,7,1,162.907363891602,2,15501-104-11-1,82.0,1,3.0,,2.0,1.0,0,0,0,1,1,0,0,1.0,0
15502,13,11,1,1,1,58,4.0,0,2,3, ,1,0.0,0.0,0.0,6,7,1,156.390151977539,2,15502-13-11-1,58.0,1,3.0,,2.0,1.0,0,0,0,1,1,0,0,1.0,0
15502,15,11,1,1,1,51,4.0,0,2,3, ,1,0.0,0.0,0.0,6,7,1,156.390151977539,2,15502-15-11-1,51.0,1,3.0,,2.0,1.0,0,0,0,1,1,0,0,1.0,0
15502,16,11,1,1,1,86,1.0, ,2,3, ,1,0.0,0.0,0.0,6,7,1,156.390151977539,2,15502-16-11-1,86.0,1,3.0,,2.0,1.0,0,0,0,1,1,0,0,1.0,0
15502,89,11,1,1,1,52,3.0,0,2,3, ,1,0.0,0.0,0.0,6,7,1,156.390151977539,3,15502-89-11-1,52.0,1,3.0,,2.0,1.0,0,0,0,1,1,0,0,1.0,0
15502,93,11,1,1,1,61,4.0,6,2,3, ,1,0.0,0.0,0.0,6,7,1,156.390151977539,2,15502-93-11-1,61.0,1,3.0,,2.0,1.0,0,0,0,1,1,0,0,1.0,0
15503,14,11,1,1,1,75,5.0,1,2,3, ,1,0.0,0.0,0.0,6,7,1,157.041259765625,1,15503-14-11-1,75.0,1,3.0,,2.0,1.0,0,0,0,1,1,0,0,1.0,0
15503,15,11,1,1,1,67,5.0,4,2,3, ,1,0.0,0.0,0.0,6,7,1,157.041259765625,4,15503-15-11-1,67.0,1,3.0,,2.0,1.0,0,0,0,1,1,0,0,1.0,0
15503,165,11,1,1,1,71,4.0,5,2,3, ,1,0.0,0.0,0.0,6,7,1,157.041259765625,2,15503-165-11-1,71.0,1,3.0,,2.0,1.0,0,0,0,1,1,0,0,1.0,0
15504,25,11,1,1,2,20,9.0,3, , , , ,0.0,8.0,0.0,6,8,1,157.041259765625,3,15504-25-11-1,20.0,1,,,,0.0,0,1,0,1,1,0,0,0.0,0
15504,26,11,1,1,2,40,6.0,5,3, ,5,5,0.0,8.0,0.0,6,8,1,157.041259765625,2,15504-26-11-1,40.0,1,,5.0,3.0,0.0,0,1,0,1,1,0,0,0.0,0
15504,28,11,1,1,2,38,7.0,1,2,3, ,1,0.0,0.0,0.0,6,8,1,157.041259765625,5,15504-28-11-1,38.0,1,3.0,,2.0,1.0,0,0,0,1,1,0,0,1.0,0
15504,80,11,1,1,2,54,1.0, ,2,3, ,1,0.0,0.0,0.0,6,8,1,157.041259765625,4,15504-80-11-1,54.0,1,3.0,,2.0,1.0,0,0,0,1,1,0,0,1.0,0
15504,81,11,1,1,2,54,6.0,5,2,3, ,1,0.0,0.0,0.0,6,8,1,157.041259765625,3,15504-81-11-1,54.0,1,3.0,,2.0,1.0,0,0,0,1,1,0,0,1.0,0
15504,83,11,1,1,1,59,6.0,5,4, ,1,5,0.0,0.0,0.0,6,8,1,157.041259765625,4,15504-83-11-1,59.0,1,,1.0,4.0,0.0,0,0,0,1,1,0,0,0.0,0
15504,84,11,1,1,1,64,6.0,5,4,3,7,1,0.0,0.0,0.0,6,8,1,157.041259765625,3,15504-84-11-1,64.0,1,3.0,7.0,4.0,1.0,0,0,0,1,1,0,0,1.0,0
15504,86,11,1,1,2,32,7.0,2, , , , ,0.0,0.0,0.0,6,8,2,157.041259765625,4,15504-86-11-1,32.0,1,,,,0.0,0,0,0,1,1,0,0,0.0,0
15506,11,11,1,1,2,82,1.0, ,2,3, ,1,0.0,0.0,0.0,6,6,1,156.390151977539,2,15506-11-11-1,82.0,1,3.0,,2.0,1.0,0,0,0,1,1,0,0,1.0,0
15506,28,11,1,1,1,70,5.0,2,1,3, ,1,0.0,0.0,0.0,6,6,1,156.390151977539,2,15506-28-11-1,70.0,1,3.0,,1.0,1.0,0,0,0,1,1,0,0,1.0,0
15506,42,11,1,1,1,42,5.0,2,2,3, ,1,0.0,0.0,0.0,6,6,1,156.390151977539,5,15506-42-11-1,42.0,1,3.0,,2.0,1.0,0,0,0,1,1,0,0,1.0,0
15506,57,11,1,1,2,79,4.0,5, , , , ,0.0,0.0,0.0,6,6,1,156.390151977539,1,15506-57-11-1,79.0,1,,,,0.0,0,0,0,1,1,0,0,0.0,0
15506,72,11,1,1,1,40,3.0,0,2,3, ,1,0.0,0.0,0.0,6,6,1,156.390151977539,1,15506-72-11-1,40.0,1,3.0,,2.0,1.0,0,0,0,1,1,0,0,1.0,0
15506,87,11,1,1,1,61,4.0,5,2,3, ,1,0.0,0.0,0.0,6,6,1,156.390151977539,3,15506-87-11-1,61.0,1,3.0,,2.0,1.0,0,0,0,1,1,0,0,1.0,0
15506,147,11,1,1,2,35,6.0,5, , , , ,0.0,8.0,0.0,6,6,2,156.390151977539,3,15506-147-11-1,35.0,1,,,,0.0,0,1,0,1,1,0,0,0.0,0
15507,73,11,1,1,1,72,5.0,3,2,3, ,1,0.0,0.0,0.0,6,7,1,162.907363891602,2,15507-73-11-1,72.0,1,3.0,,2.0,1.0,0,0,0,1,1,0,0,1.0,0
15507,75,11,1,1,1,77,3.0,4,2,3, ,1,0.0,0.0,0.0,6,7,1,162.907363891602,2,15507-75-11-1,77.0,1,3.0,,2.0,1.0,0,0,0,1,1,0,0,1.0,0
15507,155,11,1,1,2,46,3.0,0,2,3, ,1,0.0,0.0,0.0,6,7,1,162.907363891602,5,15507-155-11-1,46.0,1,3.0,,2.0,1.0,0,0,0,1,1,0,0,1.0,0
15507,156,11,1,1,2,38,4.0,0,2,3, ,1,0.0,0.0,0.0,6,7,2,162.907363891602,3,15507-156-11-1,38.0,1,3.0,,2.0,1.0,0,0,0,1,1,0,0,1.0,0
15507,157,11,1,1,2,82,1.0, ,2,3, ,1,0.0,0.0,0.0,6,7,1,162.907363891602,1,15507-157-11-1,82.0,1,3.0,,2.0,1.0,0,0,0,1,1,0,0,1.0,0
15507,158,11,1,1,1,49,3.0,0,2,3, ,1,0.0,0.0,0.0,6,7,1,162.907363891602,3,15507-158-11-1,49.0,1,3.0,,2.0,1.0,0,0,0,1,1,0,0,1.0,0
15508,9,11,1,1,2,61,3.0,1,2,3, ,1,0.0,0.0,0.0,6,7,1,157.041259765625,2,15508-9-11-1,61.0,1,3.0,,2.0,1.0,0,0,0,1,1,0,0,1.0,0
15508,10,11,1,1,2,45,6.0,5,2,3, ,1,0.0,0.0,0.0,6,7,1,157.041259765625,1,15508-10-11-1,45.0,1,3.0,,2.0,1.0,0,0,0,1,1,0,0,1.0,0
15508,11,11,1,1,1,29,5.0,2,2,3, ,1,0.0,0.0,0.0,6,7,1,157.041259765625,4,15508-11-11-1,29.0,1,3.0,,2.0,1.0,0,0,0,1,1,0,0,1.0,0
15508,12,11,1,1,1,59,4.0,5,2,3, ,1,0.0,0.0,0.0,6,7,1,157.041259765625,2,15508-12-11-1,59.0,1,3.0,,2.0,1.0,0,0,0,1,1,0,0,1.0,0
15508,145,11,1,1,2,71,3.0,0, , , , ,0.0,0.0,0.0,6,7,1,157.041259765625,8,15508-145-11-1,71.0,1,,,,0.0,0,0,0,1,1,0,0,0.0,0
15508,146,11,1,1,1,34,5.0,3,1,3, ,1,0.0,0.0,0.0,6,7,1,157.041259765625,4,15508-146-11-1,34.0,1,3.0,,1.0,1.0,0,0,0,1,1,0,0,1.0,0
15508,147,11,1,1,1,47,3.0,0,2,3, ,1,0.0,0.0,0.0,6,7,1,157.041259765625,4,15508-147-11-1,47.0,1,3.0,,2.0,1.0,0,0,0,1,1,0,0,1.0,0
15508,148,11,1,1,1,56,4.0,0,2,3, ,1,0.0,0.0,0.0,6,7,1,157.041259765625,3,15508-148-11-1,56.0,1,3.0,,2.0,1.0,0,0,0,1,1,0,0,1.0,0
15509,49,11,1,1,2,50,3.0,0,2,3, ,1,0.0,0.0,0.0,6,7,1,166.831756591797,4,15509-49-11-1,50.0,1,3.0,,2.0,1.0,0,0,0,1,1,0,0,1.0,0
15509,52,11,1,1,1,64,5.0,1,2,3, ,1,0.0,0.0,0.0,6,7,1,166.831756591797,2,15509-52-11-1,64.0,1,3.0,,2.0,1.0,0,0,0,1,1,0,0,1.0,0
15509,140,11,1,1,1,68,4.0,5,4, ,2,5,0.0,0.0,0.0,6,7,1,166.831756591797,3,15509-140-11-1,68.0,1,,2.0,4.0,0.0,0,0,0,1,1,0,0,0.0,0
15509,141,11,1,1,1,63,4.0,5,2,3, ,1,0.0,0.0,0.0,6,7,1,166.831756591797,3,15509-141-11-1,63.0,1,3.0,,2.0,1.0,0,0,0,1,1,0,0,1.0,0
15509,144,11,1,1,1,52,3.0,0,2,3, ,1,0.0,0.0,0.0,6,7,1,166.831756591797,5,15509-144-11-1,52.0,1,3.0,,2.0,1.0,0,0,0,1,1,0,0,1.0,0
15510,71,11,1,1,1,48,5.0,3,2,3, ,1,0.0,0.0,0.0,6,7,1,166.831756591797,5,15510-71-11-1,48.0,1,3.0,,2.0,1.0,0,0,0,1,1,0,0,1.0,0
15510,74,11,1,1,2,62,4.0,5,2,3, ,1,0.0,0.0,0.0,6,7,1,166.831756591797,1,15510-74-11-1,62.0,1,3.0,,2.0,1.0,0,0,0,1,1,0,0,1.0,0
15511,55,11,1,1,1,47,3.0,0,2,3, ,1,0.0,0.0,0.0,6,8,1,166.831756591797,4,15511-55-11-1,47.0,1,3.0,,2.0,1.0,0,0,0,1,1,0,0,1.0,0
15511,115,11,1,1,1,24,6.0,5,4,1,7,5,0.0,8.0,0.0,6,8,1,166.831756591797,2,15511-115-11-1,24.0,1,1.0,7.0,4.0,1.0,0,1,0,1,1,0,0,1.0,0
15511,116,11,1,1,1,55,3.0,0,2,3, ,1,0.0,0.0,0.0,6,8,2,166.831756591797,3,15511-116-11-1,55.0,1,3.0,,2.0,1.0,0,0,0,1,1,0,0,1.0,0
15512,8,11,1,1,2,72,1.0, ,2,2, ,1,0.0,0.0,0.0,6,6,1,157.041259765625,1,15512-8-11-1,72.0,1,2.0,,2.0,0.0,0,0,0,1,1,0,0,0.0,0
15512,19,11,1,1,1,57,3.0,0,2,3, ,1,0.0,0.0,0.0,6,6,1,157.041259765625,1,15512-19-11-1,57.0,1,3.0,,2.0,1.0,0,0,0,1,1,0,0,1.0,0
15512,28,11,1,1,1,53,4.0,0,2,3, ,1,0.0,0.0,0.0,6,6,1,157.041259765625,2,15512-28-11-1,53.0,1,3.0,,2.0,1.0,0,0,0,1,1,0,0,1.0,0
15512,40,11,1,1,1,68,3.0,1,2,3, ,1,0.0,0.0,0.0,6,6,1,157.041259765625,1,15512-40-11-1,68.0,1,3.0,,2.0,1.0,0,0,0,1,1,0,0,1.0,0
15512,61,11,1,1,1,38,6.0,5,4,3,7,1,0.0,0.0,0.0,6,6,1,157.041259765625,6,15512-61-11-1,38.0,1,3.0,7.0,4.0,1.0,0,0,0,1,1,0,0,1.0,0
15512,101,11,1,1,1,54,5.0,1,2,3, ,1,0.0,0.0,0.0,6,6,1,157.041259765625,7,15512-101-11-1,54.0,1,3.0,,2.0,1.0,0,0,0,1,1,0,0,1.0,0
15513,1,11,1,1,1,63,8.0,3,2,3, ,1,0.0,0.0,0.0,6,6,1,162.907363891602,2,15513-1-11-1,63.0,1,3.0,,2.0,1.0,0,0,0,1,1,0,0,1.0,0
15513,12,11,1,1,1,47,6.0,5,4, ,2,5,0.0,0.0,0.0,6,6,1,162.907363891602,4,15513-12-11-1,47.0,1,,2.0,4.0,0.0,0,0,1,1,1,0,1,0.0,1
15513,23,11,1,1,2,74,3.0,2,2,3, ,1,0.0,0.0,0.0,6,6,1,162.907363891602,2,15513-23-11-1,74.0,1,3.0,,2.0,1.0,0,0,0,1,1,0,0,1.0,0
15513,57,11,1,1,1,73,6.0,5,2,3, ,1,0.0,0.0,0.0,6,6,1,162.907363891602,2,15513-57-11-1,73.0,1,3.0,,2.0,1.0,0,0,0,1,1,0,0,1.0,0
15513,68,11,1,1,1,59,9.0,4,3, ,2,5,0.0,0.0,0.0,6,6,1,162.907363891602,5,15513-68-11-1,59.0,1,,2.0,3.0,0.0,0,0,0,1,1,0,0,0.0,0
15513,102,11,1,1,2,89,1.0, , , , , ,0.0,0.0,0.0,6,6,1,162.907363891602,1,15513-102-11-1,89.0,1,,,,0.0,0,0,0,1,1,0,0,0.0,0
15515,1,11,1,1,1,36,5.0,4,2,3, ,1,0.0,0.0,0.0,6,7,1,156.390151977539,4,15515-1-11-1,36.0,1,3.0,,2.0,1.0,0,0,0,1,1,0,0,1.0,0
15515,2,11,1,1,1,58,4.0,6,2,3, ,1,0.0,0.0,0.0,6,7,1,156.390151977539,2,15515-2-11-1,58.0,1,3.0,,2.0,1.0,0,0,0,1,1,0,0,1.0,0
15515,3,11,1,1,2,75,1.0, ,2,3, ,1,0.0,0.0,0.0,6,7,1,156.390151977539,2,15515-3-11-1,75.0,1,3.0,,2.0,1.0,0,0,0,1,1,0,0,1.0,0
15515,4,11,1,1,1,37,6.0,5,2,3, ,1,0.0,0.0,0.0,6,7,1,156.390151977539,4,15515-4-11-1,37.0,1,3.0,,2.0,1.0,0,0,0,1,1,0,0,1.0,0
15515,118,11,1,1,1,71,3.0,1,2,3, ,1,0.0,0.0,0.0,6,7,1,156.390151977539,2,15515-118-11-1,71.0,1,3.0,,2.0,1.0,0,0,0,1,1,0,0,1.0,0
15515,120,11,1,1,1,63,4.0,5,2,3, ,1,0.0,0.0,0.0,6,7,1,156.390151977539,7,15515-120-11-1,63.0,1,3.0,,2.0,1.0,0,0,0,1,1,0,0,1.0,0
15518,25,11,1,1,1,32,6.0,5,2,3, ,1,0.0,0.0,0.0,6,8,1,166.831756591797,4,15518-25-11-1,32.0,1,3.0,,2.0,1.0,0,0,0,1,1,0,0,1.0,0
15518,27,11,1,1,1,61,3.0,4,2,3, ,1,0.0,0.0,0.0,6,8,1,166.831756591797,3,15518-27-11-1,61.0,1,3.0,,2.0,1.0,0,0,0,1,1,0,0,1.0,0
15518,28,11,1,1,2,62,3.0,3,2,3, ,1,0.0,0.0,0.0,6,8,1,166.831756591797,1,15518-28-11-1,62.0,1,3.0,,2.0,1.0,0,0,0,1,1,0,0,1.0,0
15518,81,11,1,1,2,74,1.0, ,2,3, ,1,0.0,0.0,0.0,6,8,1,166.831756591797,1,15518-81-11-1,74.0,1,3.0,,2.0,1.0,0,0,0,1,1,0,0,1.0,0
15518,82,11,1,1,1,63,4.0,5,2,3, ,1,0.0,0.0,0.0,6,8,1,166.831756591797,2,15518-82-11-1,63.0,1,3.0,,2.0,1.0,0,0,0,1,1,0,0,1.0,0
15518,83,11,1,1,1,75,3.0,2,2,3, ,1,0.0,0.0,0.0,6,8,1,166.831756591797,2,15518-83-11-1,75.0,1,3.0,,2.0,1.0,0,0,0,1,1,0,0,1.0,0
15519,17,11,1,1,1,37,3.0,0,2,3, ,1,0.0,0.0,0.0,6,6, ,157.041259765625,1,15519-17-11-1,37.0,1,3.0,,2.0,1.0,0,0,0,1,1,0,0,1.0,0
15519,60,11,1,1,1,53,3.0,0,2,3, ,1,0.0,0.0,0.0,6,6, ,157.041259765625,3,15519-60-11-1,53.0,1,3.0,,2.0,1.0,0,0,0,1,1,0,0,1.0,0
15519,75,11,1,1,2,42,5.0,3,2,3, ,1,0.0,8.0,0.0,6,6, ,157.041259765625,2,15519-75-11-1,42.0,1,3.0,,2.0,1.0,0,1,0,1,1,0,0,1.0,0
15519,90,11,1,1,1,56,9.0,2,3,2,2,5,0.0,0.0,0.0,6,6, ,157.041259765625,4,15519-90-11-1,56.0,1,2.0,2.0,3.0,0.0,0,0,1,1,1,0,1,0.0,1
15519,104,11,1,1,1,68,5.0,3,2,3, ,1,0.0,0.0,0.0,6,6, ,157.041259765625,1,15519-104-11-1,68.0,1,3.0,,2.0,1.0,0,0,0,1,1,0,0,1.0,0
15519,132,11,1,1,2,84,1.0, ,2,3, ,1,0.0,0.0,0.0,6,6, ,157.041259765625,1,15519-132-11-1,84.0,1,3.0,,2.0,1.0,0,0,0,1,1,0,0,1.0,0
15519,147,11,1,1,1,68,3.0,3,2,3, ,1,0.0,0.0,0.0,6,6, ,157.041259765625,3,15519-147-11-1,68.0,1,3.0,,2.0,1.0,0,0,0,1,1,0,0,1.0,0
15520,8,11,1,1,1,57,1.0, ,2,3, ,1,0.0,0.0,0.0,6,7, ,166.831756591797,7,15520-8-11-1,57.0,1,3.0,,2.0,1.0,0,0,0,1,1,0,0,1.0,0
15520,73,11,1,1,2,55,5.0,3,2,3, ,1,0.0,0.0,0.0,6,7, ,166.831756591797,3,15520-73-11-1,55.0,1,3.0,,2.0,1.0,0,0,0,1,1,0,0,1.0,0
15520,75,11,1,1,1,29,6.0,5,2,3, ,1,0.0,8.0,0.0,6,7, ,166.831756591797,4,15520-75-11-1,29.0,1,3.0,,2.0,1.0,0,1,0,1,1,0,0,1.0,0
15520,76,11,1,1,1,36,4.0,0,2,3, ,1,0.0,0.0,0.0,6,7, ,166.831756591797,5,15520-76-11-1,36.0,1,3.0,,2.0,1.0,0,0,0,1,1,0,0,1.0,0
15521,11,11,1,1,2,28,6.0,5,2,3, ,1,0.0,0.0,0.0,6,7, ,157.041259765625,3,15521-11-11-1,28.0,1,3.0,,2.0,1.0,0,0,0,1,1,0,0,1.0,0
15521,12,11,1,1,1,53,3.0,0,2,3, ,1,0.0,0.0,0.0,6,7, ,157.041259765625,1,15521-12-11-1,53.0,1,3.0,,2.0,1.0,0,0,0,1,1,0,0,1.0,0
15521,159,11,1,1,1,85,4.0,5,2,3, ,1,0.0,0.0,0.0,6,7, ,157.041259765625,2,15521-159-11-1,85.0,1,3.0,,2.0,1.0,0,0,0,1,1,0,0,1.0,0
15521,161,11,1,1,2,49,3.0,0,2,3, ,1,0.0,0.0,0.0,6,7, ,157.041259765625,3,15521-161-11-1,49.0,1,3.0,,2.0,1.0,0,0,0,1,1,0,0,1.0,0
15522,41,11,1,1,1,36,5.0,3,2,3, ,1,0.0,0.0,0.0,6,7, ,156.390151977539,6,15522-41-11-1,36.0,1,3.0,,2.0,1.0,0,0,0,1,1,0,0,1.0,0
15522,42,11,1,1,1,59,4.0,5,2,3, ,1,0.0,0.0,0.0,6,7, ,156.390151977539,3,15522-42-11-1,59.0,1,3.0,,2.0,1.0,0,0,0,1,1,0,0,1.0,0
15522,43,11,1,1,1,58,5.0,3,2,3, ,1,0.0,0.0,0.0,6,7, ,156.390151977539,4,15522-43-11-1,58.0,1,3.0,,2.0,1.0,0,0,0,1,1,0,0,1.0,0
15522,44,11,1,1,2,56,3.0,0,2,3, ,1,0.0,0.0,0.0,6,7, ,156.390151977539,1,15522-44-11-1,56.0,1,3.0,,2.0,1.0,0,0,0,1,1,0,0,1.0,0
15522,98,11,1,1,1,73,3.0,0,2,3, ,1,0.0,0.0,0.0,6,7, ,156.390151977539,2,15522-98-11-1,73.0,1,3.0,,2.0,1.0,0,0,0,1,1,0,0,1.0,0
15522,99,11,1,1,1,62,5.0,3,2,3, ,1,0.0,0.0,0.0,6,7, ,156.390151977539,6,15522-99-11-1,62.0,1,3.0,,2.0,1.0,0,0,0,1,1,0,0,1.0,0
15522,100,11,1,1,2,44,5.0,1,5,3,7,1,0.0,0.0,0.0,6,7, ,156.390151977539,5,15522-100-11-1,44.0,1,3.0,7.0,5.0,1.0,0,0,0,1,1,0,0,1.0,0
15523,77,11,1,1,1,39,5.0,2,2,3, ,1,0.0,0.0,0.0,6,7, ,162.907363891602,4,15523-77-11-1,39.0,1,3.0,,2.0,1.0,0,0,0,1,1,0,0,1.0,0
15523,78,11,1,1,1,61,1.0, ,2,3, ,1,0.0,0.0,0.0,6,7, ,162.907363891602,2,15523-78-11-1,61.0,1,3.0,,2.0,1.0,0,0,0,1,1,0,0,1.0,0
15523,79,11,1,1,1,78,4.0,5,2,3, ,1,0.0,0.0,0.0,6,7, ,162.907363891602,1,15523-79-11-1,78.0,1,3.0,,2.0,1.0,0,0,0,1,1,0,0,1.0,0
15523,80,11,1,1,2,64,1.0, ,2,3, ,1,0.0,0.0,0.0,6,7, ,162.907363891602,2,15523-80-11-1,64.0,1,3.0,,2.0,1.0,0,0,0,1,1,0,0,1.0,0
15523,217,11,1,1,1,64,3.0,1,2,3, ,1,0.0,0.0,0.0,6,7, ,162.907363891602,2,15523-217-11-1,64.0,1,3.0,,2.0,1.0,0,0,0,1,1,0,0,1.0,0
15523,218,11,1,1,1,58,4.0,5,2,3, ,1,0.0,0.0,0.0,6,7, ,162.907363891602,2,15523-218-11-1,58.0,1,3.0,,2.0,1.0,0,0,0,1,1,0,0,1.0,0
15523,219,11,1,1,1,72,3.0,2,2,3, ,1,0.0,0.0,0.0,6,7, ,162.907363891602,2,15523-219-11-1,72.0,1,3.0,,2.0,1.0,0,0,0,1,1,0,0,1.0,0
15523,220,11,1,1,1,64,3.0,3,2,3, ,1,0.0,0.0,0.0,6,7, ,162.907363891602,3,15523-220-11-1,64.0,1,3.0,,2.0,1.0,0,0,0,1,1,0,0,1.0,0
15524,29,11,1,1,1,37,5.0,1,2,3, ,1,0.0,0.0,0.0,6,8, ,156.390151977539,5,15524-29-11-1,37.0,1,3.0,,2.0,1.0,0,0,0,1,1,0,0,1.0,0
15524,30,11,1,1,1,36,6.0,5,2,3, ,1,0.0,0.0,0.0,6,8, ,156.390151977539,4,15524-30-11-1,36.0,1,3.0,,2.0,1.0,0,0,0,1,1,0,0,1.0,0
15524,32,11,1,1,1,40,5.0,2,2,3, ,1,0.0,0.0,0.0,6,8, ,156.390151977539,5,15524-32-11-1,40.0,1,3.0,,2.0,1.0,0,0,0,1,1,0,0,1.0,0
15524,97,11,1,1,2,87,1.0, ,2,3, ,1,0.0,8.0,0.0,6,8, ,156.390151977539,1,15524-97-11-1,87.0,1,3.0,,2.0,1.0,0,1,0,1,1,0,0,1.0,0
15524,98,11,1,1,2,59,3.0,3,2,3, ,1,0.0,0.0,0.0,6,8, ,156.390151977539,2,15524-98-11-1,59.0,1,3.0,,2.0,1.0,0,0,0,1,1,0,0,1.0,0
15524,99,11,1,1,2,80,1.0, ,2,3, ,1,0.0,0.0,0.0,6,8, ,156.390151977539,2,15524-99-11-1,80.0,1,3.0,,2.0,1.0,0,0,0,1,1,0,0,1.0,0
15524,100,11,1,1,1,63,4.0,5,2,3, ,1,0.0,0.0,0.0,6,8, ,156.390151977539,4,15524-100-11-1,63.0,1,3.0,,2.0,1.0,0,0,0,1,1,0,0,1.0,0
15562,7,11,1,1,1,86,3.0,3, , , , ,0.0,0.0,0.0,6,1,1,280.348297119141,3,15562-7-11-1,86.0,1,,,,0.0,0,0,0,1,1,0,0,0.0,0
15562,25,11,1,1,2,51,6.0,5,4,1,2,1,0.0,0.0,0.0,6,1,1,280.348297119141,3,15562-25-11-1,51.0,1,1.0,2.0,4.0,0.0,0,0,0,1,1,0,0,0.0,0
15562,62,11,1,1,1,71,6.0,5,2,3, ,1,0.0,8.0,0.0,6,1,1,280.348297119141,3,15562-62-11-1,71.0,1,3.0,,2.0,1.0,0,1,0,1,1,0,0,1.0,0
15562,79,11,1,1,1,66,5.0,3,2,3, ,1,0.0,8.0,0.0,6,1,1,280.348297119141,7,15562-79-11-1,66.0,1,3.0,,2.0,1.0,0,1,0,1,1,0,0,1.0,0
15585,10,11,1,1,1,28,9.0,3, , , , ,0.0,8.0,0.0,6,1, ,847.1357421875,2,15585-10-11-1,28.0,1,,,,0.0,0,1,0,1,1,0,0,0.0,0
15585,25,11,1,1,1,85,4.0,5, , , , ,0.0,0.0,0.0,6,1, ,847.1357421875,2,15585-25-11-1,85.0,1,,,,0.0,0,0,0,1,1,0,0,0.0,0
15585,71,11,1,1,2,32,6.0,5,4,1,1,3,0.0,0.0,0.0,6,1, ,847.1357421875,2,15585-71-11-1,32.0,1,1.0,1.0,4.0,0.0,0,0,0,1,1,0,0,0.0,0
15593,79,11,1,1,2,64,10.0,5,2,3, ,1,0.0,0.0,0.0,6,1, ,56.1469116210938,2,15593-79-11-1,64.0,1,3.0,,2.0,1.0,0,0,0,1,1,0,0,1.0,0
15608,51,11,1,1,2,36,6.0,5, , , , ,0.0,8.0,0.0,6,1,1,258.768676757813,3,15608-51-11-1,36.0,1,,,,0.0,0,1,0,1,1,0,0,0.0,0
15608,85,11,1,1,2,54,6.0,5, , , , ,0.0,0.0,0.0,6,1,1,258.768676757813,3,15608-85-11-1,54.0,1,,,,0.0,0,0,0,1,1,0,0,0.0,0
15608,151,11,1,1,1,49,6.0,5,4,3,7,1,0.0,0.0,0.0,6,1,1,258.768676757813,6,15608-151-11-1,49.0,1,3.0,7.0,4.0,1.0,0,0,0,1,1,0,0,1.0,0
15615,12,11,1,1,2,67,10.0,5, , , , ,0.0,0.0,0.0,6,1,1,220.743133544922,3,15615-12-11-1,67.0,1,,,,0.0,0,0,0,1,1,0,0,0.0,0
15615,47,11,1,1,2,70,8.0,4, , , , ,0.0,0.0,0.0,6,1,1,220.743133544922,1,15615-47-11-1,70.0,1,,,,0.0,0,0,0,1,1,0,0,0.0,0
15615,117,11,1,1,2,70,6.0,5,2,3, ,1,0.0,8.0,0.0,6,1,1,220.743133544922,3,15615-117-11-1,70.0,1,3.0,,2.0,1.0,0,1,1,1,1,0,1,1.0,1
15616,10,11,1,1,1,59,10.0,5, , , , ,0.0,0.0,0.0,6,1,1,248.549072265625,3,15616-10-11-1,59.0,1,,,,0.0,0,0,0,1,1,0,0,0.0,0
15616,77,11,1,1,2,88,6.0,5, , , , ,0.0,0.0,0.0,6,1,1,248.549072265625,5,15616-77-11-1,88.0,1,,,,0.0,0,0,0,1,1,0,0,0.0,0
15617,13,11,1,1,2,75,3.0,3, , , , ,0.0,0.0,0.0,6,1,1,908.426940917969,4,15617-13-11-1,75.0,1,,,,0.0,0,0,0,1,1,0,0,0.0,0
15617,54,11,1,1,2,61,3.0,2,6, ,7,1,0.0,0.0,0.0,6,1,1,908.426940917969,2,15617-54-11-1,61.0,1,,7.0,6.0,1.0,0,0,0,1,1,0,0,1.0,0
15617,81,11,1,1,2,67,3.0,1, , , , ,0.0,0.0,0.0,6,1,1,908.426940917969,3,15617-81-11-1,67.0,1,,,,0.0,0,0,0,1,1,0,0,0.0,0
15618,15,11,1,1,2,57,7.0,2,4,3,7,1,0.0,0.0,0.0,6,1,1,281.179779052734,3,15618-15-11-1,57.0,1,3.0,7.0,4.0,1.0,0,0,0,1,1,0,0,1.0,0
15618,65,11,1,1,2,55,8.0,3, , , , ,0.0,0.0,0.0,6,1,1,281.179779052734,4,15618-65-11-1,55.0,1,,,,0.0,0,0,1,1,1,0,1,0.0,1
15619,11,11,1,1,1,77,4.0,5, , , , ,0.0,0.0,0.0,6,1,1,279.302886962891,2,15619-11-11-1,77.0,1,,,,0.0,0,0,0,1,1,0,0,0.0,0
15619,47,11,1,1,1,61,8.0,3,4,3,7,1,0.0,8.0,0.0,6,1,1,279.302886962891,2,15619-47-11-1,61.0,1,3.0,7.0,4.0,1.0,0,1,0,1,1,0,0,1.0,0
15619,65,11,1,1,1,57,4.0,0, , , , ,0.0,8.0,0.0,6,1,1,279.302886962891,2,15619-65-11-1,57.0,1,,,,0.0,0,1,0,1,1,0,0,0.0,0
15619,118,11,1,1,2,54,6.0,5,2,3, ,1,0.0,0.0,0.0,6,1,1,279.302886962891,7,15619-118-11-1,54.0,1,3.0,,2.0,1.0,0,0,0,1,1,0,0,1.0,0
15620,58,11,1,1,1,48,6.0,5, , , , ,0.0,0.0,0.0,6,1,2,258.768676757813,1,15620-58-11-1,48.0,1,,,,0.0,0,0,0,1,1,0,0,0.0,0
15620,103,11,1,1,2,59,3.0,0, , , , ,0.0,8.0,0.0,6,1,1,258.768676757813,3,15620-103-11-1,59.0,1,,,,0.0,0,1,0,1,1,0,0,0.0,0
15620,120,11,1,1,1,39,6.0,5,4,3,7,1,0.0,0.0,0.0,6,1,1,258.768676757813,1,15620-120-11-1,39.0,1,3.0,7.0,4.0,1.0,0,0,1,1,1,0,1,1.0,1
15620,136,11,1,1,1,68,3.0,0,3,3,7,1,0.0,0.0,0.0,6,1,1,258.768676757813,4,15620-136-11-1,68.0,1,3.0,7.0,3.0,1.0,0,0,0,1,1,0,0,1.0,0
15621,50,11,1,1,2,55,1.0, ,2,3, ,1,0.0,0.0,0.0,6,1,1,295.487091064453,4,15621-50-11-1,55.0,1,3.0,,2.0,1.0,0,0,0,1,1,0,0,1.0,0
15621,80,11,1,1,2,37,4.0,0,2,3, ,1,0.0,0.0,0.0,6,1,1,295.487091064453,2,15621-80-11-1,37.0,1,3.0,,2.0,1.0,0,0,0,1,1,0,0,1.0,0
15621,124,11,1,1,1,66,5.0,3, , , , ,0.0,0.0,0.0,6,1,1,295.487091064453,2,15621-124-11-1,66.0,1,,,,0.0,0,0,0,1,1,0,0,0.0,0
15621,139,11,1,1,2,59,6.0,5, , , , ,0.0,0.0,0.0,6,1,1,295.487091064453,3,15621-139-11-1,59.0,1,,,,0.0,0,0,1,1,1,0,1,0.0,1
15622,18,11,1,1,1,41,8.0,3,3,1,2,2,0.0,0.0,0.0,6,1,1,282.546539306641,4,15622-18-11-1,41.0,1,1.0,2.0,3.0,0.0,0,0,0,1,1,0,0,0.0,0
15623,1,11,1,1,1,58,5.0,4,2,3, ,1,0.0,8.0,0.0,6,1,1,276.81689453125,2,15623-1-11-1,58.0,1,3.0,,2.0,1.0,0,1,0,1,1,0,0,1.0,0
15623,14,11,1,1,2,55,6.0,5, , , , ,0.0,0.0,0.0,6,1,1,276.81689453125,2,15623-14-11-1,55.0,1,,,,0.0,0,0,0,1,1,0,0,0.0,0
15624,1,11,1,1,2,81,4.0,5,2,3, ,1,0.0,0.0,0.0,6,1,1,279.302886962891,1,15624-1-11-1,81.0,1,3.0,,2.0,1.0,0,0,0,1,1,0,0,1.0,0
15624,18,11,1,1,1,37,7.0,1,4,1,7,1,0.0,8.0,0.0,6,1,1,279.302886962891,4,15624-18-11-1,37.0,1,1.0,7.0,4.0,1.0,0,1,0,1,1,0,0,1.0,0
15624,95,11,1,1,1,60,10.0,5,2,2, ,1,0.0,0.0,0.0,6,1,1,279.302886962891,4,15624-95-11-1,60.0,1,2.0,,2.0,0.0,0,0,0,1,1,0,0,0.0,0
15624,114,11,1,1,1,67,10.0,6,2,3, ,1,0.0,0.0,0.0,6,1,1,279.302886962891,5,15624-114-11-1,67.0,1,3.0,,2.0,1.0,0,0,0,1,1,0,0,1.0,0
15625,18,11,1,1,1,65,10.0,5,2,3, ,1,0.0,0.0,0.0,6,1,1,280.348297119141,1,15625-18-11-1,65.0,1,3.0,,2.0,1.0,0,0,0,1,1,0,0,1.0,0
15625,117,11,1,1,2,77,4.0,5, , , , ,0.0,0.0,0.0,6,1,1,280.348297119141,4,15625-117-11-1,77.0,1,,,,0.0,0,0,0,1,1,0,0,0.0,0
15625,126,11,1,1,1,53,8.0,3,3,2,1,2,0.0,8.0,0.0,6,1,1,280.348297119141,1,15625-126-11-1,53.0,1,2.0,1.0,3.0,0.0,0,1,0,1,1,0,0,0.0,0
15626,29,11,1,1,1,63,10.0,5,2,2, ,1,0.0,8.0,0.0,6,1,1,181.054992675781,3,15626-29-11-1,63.0,1,2.0,,2.0,0.0,0,1,1,1,1,0,1,0.0,1
15626,116,11,1,1,1,72,10.0,5, , , , ,0.0,8.0,0.0,6,1,1,181.054992675781,2,15626-116-11-1,72.0,1,,,,0.0,0,1,0,1,1,0,0,0.0,0
15626,172,11,1,1,2,60,8.0,3,3,2,7,5,0.0,0.0,0.0,6,1,1,181.054992675781,3,15626-172-11-1,60.0,1,2.0,7.0,3.0,1.0,0,0,0,1,1,0,0,1.0,0
15628,9,11,1,1,2,41,7.0,4, , , , ,0.0,0.0,0.0,6,1,1,279.302886962891,6,15628-9-11-1,41.0,1,,,,0.0,0,0,0,1,1,0,0,0.0,0
15628,75,11,1,1,1,44,10.0,5,3,1,5,1,0.0,0.0,0.0,6,1,1,279.302886962891,4,15628-75-11-1,44.0,1,1.0,5.0,3.0,0.0,0,0,0,1,1,0,0,0.0,0
15628,108,11,1,1,1,80,10.0,5, , , , ,0.0,0.0,0.0,6,1,1,279.302886962891,3,15628-108-11-1,80.0,1,,,,0.0,0,0,0,1,1,0,0,0.0,0
15629,61,11,1,1,1,79,2.0,1, , , , ,0.0,0.0,0.0,6,1,1,933.036315917969,1,15629-61-11-1,79.0,1,,,,0.0,0,0,0,1,1,0,0,0.0,0
15630,7,11,1,1,1,35,8.0,3,2,3, ,1,0.0,8.0,0.0,6,1,1,847.1357421875,6,15630-7-11-1,35.0,1,3.0,,2.0,1.0,0,1,0,1,1,0,0,1.0,0
15630,21,11,1,1,1,74,4.0,5,2,3, ,1,0.0,0.0,0.0,6,1,1,847.1357421875,2,15630-21-11-1,74.0,1,3.0,,2.0,1.0,0,0,0,1,1,0,0,1.0,0
15630,48,11,1,1,2,73,10.0,6, , , , ,0.0,0.0,0.0,6,1,1,847.1357421875,2,15630-48-11-1,73.0,1,,,,0.0,0,0,0,1,1,0,0,0.0,0
15630,88,11,1,1,1,58,7.0,2,2,3, ,1,0.0,0.0,0.0,6,1,1,847.1357421875,3,15630-88-11-1,58.0,1,3.0,,2.0,1.0,0,0,0,1,1,0,0,1.0,0
15632,9,11,1,1,2,35,6.0,5, , , , ,0.0,8.0,0.0,6,1,1,388.226470947266,8,15632-9-11-1,35.0,1,,,,0.0,0,1,0,1,1,0,0,0.0,0
15632,62,11,1,1,2,51,6.0,5,3,2,7,1,0.0,0.0,0.0,6,1,1,388.226470947266,4,15632-62-11-1,51.0,1,2.0,7.0,3.0,1.0,0,0,0,1,1,0,0,1.0,0
15632,79,11,1,1,2,70,4.0,6,2,1, ,1,0.0,0.0,0.0,6,1,1,388.226470947266,1,15632-79-11-1,70.0,1,1.0,,2.0,0.0,0,0,0,1,1,0,0,0.0,0
15633,58,11,1,1,1,34,6.0,5,4,3,7,1,0.0,0.0,0.0,6,1,1,276.81689453125,5,15633-58-11-1,34.0,1,3.0,7.0,4.0,1.0,0,0,0,1,1,0,0,1.0,0
15634,49,11,1,1,1,35,6.0,5,2,3, ,1,0.0,0.0,0.0,6,1,1,295.487091064453,4,15634-49-11-1,35.0,1,3.0,,2.0,1.0,0,0,0,1,1,0,0,1.0,0
15634,63,11,1,1,1,42,6.0,5,4,3,7,1,0.0,0.0,0.0,6,1,1,295.487091064453,3,15634-63-11-1,42.0,1,3.0,7.0,4.0,1.0,0,0,0,1,1,0,0,1.0,0
15634,105,11,1,1,2,31,3.0,0, , , , ,0.0,0.0,0.0,6,1,1,295.487091064453,3,15634-105-11-1,31.0,1,,,,0.0,0,0,0,1,1,0,0,0.0,0
15634,120,11,1,1,1,32,6.0,5,4,3,7,1,0.0,0.0,0.0,6,1,1,295.487091064453,3,15634-120-11-1,32.0,1,3.0,7.0,4.0,1.0,0,0,0,1,1,0,0,1.0,0
15636,176,11,1,1,2,65,6.0,5, , , , ,0.0,8.0,0.0,6,1,1,185.325637817383,1,15636-176-11-1,65.0,1,,,,0.0,0,1,1,1,1,0,1,0.0,1
15637,21,11,1,1,2,84,3.0,3, , , , ,0.0,0.0,0.0,6,1,1,281.179779052734,6,15637-21-11-1,84.0,1,,,,0.0,0,0,0,1,1,0,0,0.0,0
15637,33,11,1,1,1,35,10.0,5,3,1,2,1,0.0,8.0,0.0,6,1,1,281.179779052734,2,15637-33-11-1,35.0,1,1.0,2.0,3.0,0.0,0,1,1,1,1,0,1,0.0,1
15637,83,11,1,1,2,67,8.0,3, , , , ,0.0,8.0,0.0,6,1,1,281.179779052734,2,15637-83-11-1,67.0,1,,,,0.0,0,1,0,1,1,0,0,0.0,0
15638,48,11,1,1,2,46,6.0,5,2,3, ,1,0.0,8.0,0.0,6,1,1,291.169860839844,3,15638-48-11-1,46.0,1,3.0,,2.0,1.0,0,1,0,1,1,0,0,1.0,0
15638,120,11,1,1,2,63,6.0,5,2,2, ,1,0.0,8.0,0.0,6,1,1,291.169860839844,2,15638-120-11-1,63.0,1,2.0,,2.0,0.0,0,1,0,1,1,0,0,0.0,0
15638,138,11,1,1,1,46,8.0,5,2,3, ,1,0.0,8.0,0.0,6,1,1,291.169860839844,4,15638-138-11-1,46.0,1,3.0,,2.0,1.0,0,1,0,1,1,0,0,1.0,0
15639,56,11,1,1,1,55,6.0,5,4,1,2,1,0.0,0.0,0.0,6,1,1,872.799438476563,1,15639-56-11-1,55.0,1,1.0,2.0,4.0,0.0,0,0,0,1,1,0,0,0.0,0
15639,71,11,1,1,1,53,5.0,3,4,3,7,1,0.0,0.0,0.0,6,1,1,872.799438476563,4,15639-71-11-1,53.0,1,3.0,7.0,4.0,1.0,0,0,0,1,1,0,0,1.0,0
15640,10,11,1,1,2,43,6.0,5,3,1,7,1,0.0,8.0,0.0,6,1,1,46.4141311645508,2,15640-10-11-1,43.0,1,1.0,7.0,3.0,1.0,0,1,0,1,1,0,0,1.0,0
15640,24,11,1,1,1,68,5.0,1, , , , ,0.0,0.0,0.0,6,1,1,46.4141311645508,2,15640-24-11-1,68.0,1,,,,0.0,0,0,0,1,1,0,0,0.0,0
15640,37,11,1,1,1,63,10.0,5,3, ,1,5,0.0,0.0,0.0,6,1,1,46.4141311645508,5,15640-37-11-1,63.0,1,,1.0,3.0,0.0,0,0,0,1,1,0,0,0.0,0
15640,78,11,1,1,1,57,6.0,5,2,3, ,1,0.0,8.0,0.0,6,1,1,46.4141311645508,4,15640-78-11-1,57.0,1,3.0,,2.0,1.0,0,1,0,1,1,0,0,1.0,0
15640,105,11,1,1,2,53,8.0,5,4,1,1,4,0.0,8.0,0.0,6,1,1,46.4141311645508,2,15640-105-11-1,53.0,1,1.0,1.0,4.0,0.0,0,1,0,1,1,0,0,0.0,0
15642,3,11,1,1,2,48,1.0, ,2,3, ,1,0.0,0.0,0.0,6,1,1,276.81689453125,6,15642-3-11-1,48.0,1,3.0,,2.0,1.0,0,0,0,1,1,0,0,1.0,0
15642,25,11,1,1,1,66,4.0,5,2,3, ,1,0.0,0.0,0.0,6,1,1,276.81689453125,1,15642-25-11-1,66.0,1,3.0,,2.0,1.0,0,0,0,1,1,0,0,1.0,0
15642,59,11,1,1,2,38,6.0,5,2,3, ,1,0.0,8.0,0.0,6,1,1,276.81689453125,5,15642-59-11-1,38.0,1,3.0,,2.0,1.0,0,1,0,1,1,0,0,1.0,0
15644,4,11,1,1,1,43,4.0,0,2,3, ,1,0.0,0.0,0.0,6,1,1,1244.04846191406,4,15644-4-11-1,43.0,1,3.0,,2.0,1.0,0,0,0,1,1,0,0,1.0,0
15644,12,11,1,1,1,32,10.0,5,3,1,2,1,0.0,8.0,0.0,6,1,1,1244.04846191406,1,15644-12-11-1,32.0,1,1.0,2.0,3.0,0.0,0,1,0,1,1,0,0,0.0,0
15645,23,11,1,1,1,33,8.0,3,4,2,7,1,0.0,0.0,0.0,6,1,1,258.768676757813,3,15645-23-11-1,33.0,1,2.0,7.0,4.0,1.0,0,0,0,1,1,0,0,1.0,0
15645,65,11,1,1,1,50,3.0,0,4,2,7,1,0.0,0.0,0.0,6,1,1,258.768676757813,1,15645-65-11-1,50.0,1,2.0,7.0,4.0,1.0,0,0,0,1,1,0,0,1.0,0
15646,1,11,1,1,1,29,10.0,5,3,1,2,1,0.0,8.0,0.0,6,1, ,291.169860839844,2,15646-1-11-1,29.0,1,1.0,2.0,3.0,0.0,0,1,0,1,1,0,0,0.0,0
15646,23,11,1,1,2,48,6.0,5,4,1,2,1,0.0,8.0,0.0,6,1, ,291.169860839844,3,15646-23-11-1,48.0,1,1.0,2.0,4.0,0.0,0,1,0,1,1,0,0,0.0,0
15646,80,11,1,1,2,59,6.0,5,4,1,2,1,0.0,8.0,0.0,6,1, ,291.169860839844,1,15646-80-11-1,59.0,1,1.0,2.0,4.0,0.0,0,1,0,1,1,0,0,0.0,0
15647,47,11,1,1,1,65,9.0,3,2,2, ,1,0.0,0.0,0.0,6,1, ,46.4141311645508,6,15647-47-11-1,65.0,1,2.0,,2.0,0.0,0,0,0,1,1,0,0,0.0,0
15647,107,11,1,1,1,47,10.0,5,3,1,2,3,0.0,0.0,0.0,6,1, ,46.4141311645508,2,15647-107-11-1,47.0,1,1.0,2.0,3.0,0.0,0,0,0,1,1,0,0,0.0,0
15649,19,11,1,1,1,55,6.0,5,4,1,1,2,0.0,8.0,0.0,6,1, ,211.909896850586,5,15649-19-11-1,55.0,1,1.0,1.0,4.0,0.0,0,1,0,1,1,0,0,0.0,0
15649,32,11,1,1,1,56,6.0,5,2,3, ,1,0.0,8.0,0.0,6,1, ,211.909896850586,3,15649-32-11-1,56.0,1,3.0,,2.0,1.0,0,1,0,1,1,0,0,1.0,0
15649,82,11,1,1,1,75,4.0,5,2,3, ,1,0.0,8.0,0.0,6,1, ,211.909896850586,2,15649-82-11-1,75.0,1,3.0,,2.0,1.0,0,1,0,1,1,0,0,1.0,0
15649,96,11,1,1,2,70,3.0,0,2,3, ,1,0.0,0.0,0.0,6,1, ,211.909896850586,1,15649-96-11-1,70.0,1,3.0,,2.0,1.0,0,0,0,1,1,0,0,1.0,0
15650,14,11,1,1,2,58,6.0,5,2,3, ,1,0.0,8.0,0.0,6,1, ,281.179779052734,2,15650-14-11-1,58.0,1,3.0,,2.0,1.0,0,1,0,1,1,0,0,1.0,0
15650,64,11,1,1,2,63,6.0,5, , , , ,0.0,0.0,0.0,6,1, ,281.179779052734,4,15650-64-11-1,63.0,1,,,,0.0,0,0,0,1,1,0,0,0.0,0
15650,81,11,1,1,2,20,6.0,5, , , , ,0.0,8.0,0.0,6,1, ,281.179779052734,1,15650-81-11-1,20.0,1,,,,0.0,0,1,0,1,1,0,0,0.0,0
15650,115,11,1,1,1,52,8.0,3,3,1,2,2,0.0,0.0,0.0,6,1, ,281.179779052734,6,15650-115-11-1,52.0,1,1.0,2.0,3.0,0.0,0,0,0,1,1,0,0,0.0,0
15651,25,11,1,1,2,69,4.0,5,2,2, ,1,0.0,8.0,0.0,6,1, ,933.036315917969,2,15651-25-11-1,69.0,1,2.0,,2.0,0.0,0,1,0,1,1,0,0,0.0,0
15651,40,11,1,1,1,64,6.0,5, , , , ,0.0,8.0,0.0,6,1, ,933.036315917969,5,15651-40-11-1,64.0,1,,,,0.0,0,1,0,1,1,0,0,0.0,0
15651,54,11,1,1,2,68,4.0,5, , , , ,0.0,0.0,0.0,6,1, ,933.036315917969,2,15651-54-11-1,68.0,1,,,,0.0,0,0,0,1,1,0,0,0.0,0
15651,86,11,1,1,2,61,3.0,1,2,3, ,1,0.0,8.0,0.0,6,1, ,933.036315917969,1,15651-86-11-1,61.0,1,3.0,,2.0,1.0,0,1,1,1,1,0,1,1.0,1
15651,102,11,1,1,2,59,4.0,5, , , , ,0.0,0.0,0.0,6,1, ,933.036315917969,5,15651-102-11-1,59.0,1,,,,0.0,0,0,0,1,1,0,0,0.0,0
15651,115,11,1,1,1,70,3.0,3, , , , ,0.0,0.0,0.0,6,1, ,933.036315917969,2,15651-115-11-1,70.0,1,,,,0.0,0,0,0,1,1,0,0,0.0,0
15652,22,11,1,1,1,57,3.0,0,2,3, ,1,0.0,0.0,0.0,6,1, ,279.302886962891,4,15652-22-11-1,57.0,1,3.0,,2.0,1.0,0,0,0,1,1,0,0,1.0,0
15652,41,11,1,1,2,33,3.0,0,4,3,7,1,0.0,8.0,0.0,6,1, ,279.302886962891,4,15652-41-11-1,33.0,1,3.0,7.0,4.0,1.0,0,1,0,1,1,0,0,1.0,0
15652,58,11,1,1,1,59,10.0,5,2,3, ,1,0.0,8.0,0.0,6,1, ,279.302886962891,3,15652-58-11-1,59.0,1,3.0,,2.0,1.0,0,1,0,1,1,0,0,1.0,0
15652,76,11,1,1,2,50,6.0,5, , , , ,0.0,8.0,0.0,6,1, ,279.302886962891,2,15652-76-11-1,50.0,1,,,,0.0,0,1,0,1,1,0,0,0.0,0
15654,100,11,1,1,1,78,3.0,0, , , , ,0.0,0.0,0.0,6,1, ,1211.23596191406,3,15654-100-11-1,78.0,1,,,,0.0,0,0,0,1,1,0,0,0.0,0
15654,118,11,1,1,1,58,6.0,5,4,1,2,4,0.0,0.0,0.0,6,1, ,1211.23596191406,5,15654-118-11-1,58.0,1,1.0,2.0,4.0,0.0,0,0,0,1,1,0,0,0.0,0
15655,38,11,1,1,2,23,8.0,5,4,1,7,1,0.0,8.0,0.0,6,1, ,258.768676757813,1,15655-38-11-1,23.0,1,1.0,7.0,4.0,1.0,0,1,0,1,1,0,0,1.0,0
15655,74,11,1,1,2,53,5.0,1,2,3, ,1,0.0,0.0,0.0,6,1, ,258.768676757813,2,15655-74-11-1,53.0,1,3.0,,2.0,1.0,0,0,0,1,1,0,0,1.0,0
15656,29,11,1,1,1,56,6.0,5,2,3, ,1,0.0,0.0,0.0,6,1, ,276.81689453125,4,15656-29-11-1,56.0,1,3.0,,2.0,1.0,0,0,0,1,1,0,0,1.0,0
15656,64,11,1,1,1,41,8.0,3,4, ,1,5,0.0,8.0,0.0,6,1, ,276.81689453125,1,15656-64-11-1,41.0,1,,1.0,4.0,0.0,0,1,0,1,1,0,0,0.0,0
15666,29,11,1,1,2,53,5.0,2,3,3,7,1,0.0,0.0,0.0,3,5,1,376.696166992188,2,15666-29-11-1,53.0,1,3.0,7.0,3.0,1.0,0,0,0,1,1,0,0,1.0,0
15666,89,11,1,1,1,59,9.0,1, , , , ,0.0,0.0,0.0,3,5,1,376.696166992188,5,15666-89-11-1,59.0,1,,,,0.0,0,0,0,1,1,0,0,0.0,0
15666,104,11,1,1,1,92,6.0,5, , , , ,0.0,0.0,0.0,3,5,1,376.696166992188,1,15666-104-11-1,92.0,1,,,,0.0,0,0,0,1,1,0,0,0.0,0
15681,46,11,1,1,2,36,3.0,0,4,3,7,1,0.0,0.0,0.0,3,4,1,157.562469482422,6,15681-46-11-1,36.0,1,3.0,7.0,4.0,1.0,0,0,0,1,1,0,0,1.0,0
15681,60,11,1,1,1,41,5.0,2,4,1,2,4,0.0,0.0,0.0,3,4,1,157.562469482422,4,15681-60-11-1,41.0,1,1.0,2.0,4.0,0.0,0,0,0,1,1,0,0,0.0,0
15681,75,11,1,1,1,39,4.0,0,4,3,7,1,0.0,0.0,0.0,3,4,1,157.562469482422,4,15681-75-11-1,39.0,1,3.0,7.0,4.0,1.0,0,0,0,1,1,0,0,1.0,0
15681,104,11,1,1,1,49,5.0,2,2,3, ,1,0.0,8.0,0.0,3,4,1,157.562469482422,4,15681-104-11-1,49.0,1,3.0,,2.0,1.0,0,1,1,1,1,0,1,1.0,1
15691,17,11,1,1,1,61,10.0,5,2,2, ,1,0.0,0.0,0.0,3,5,1,364.705871582031,4,15691-17-11-1,61.0,1,2.0,,2.0,0.0,0,0,0,1,1,0,0,0.0,0
15691,32,11,1,1,2,44,9.0,3,2,2, ,1,0.0,0.0,0.0,3,5,1,364.705871582031,3,15691-32-11-1,44.0,1,2.0,,2.0,0.0,0,0,0,1,1,0,0,0.0,0
15691,46,11,1,1,1,73,6.0,5, , , , ,0.0,0.0,0.0,3,5,1,364.705871582031,2,15691-46-11-1,73.0,1,,,,0.0,0,0,0,1,1,0,0,0.0,0
15691,61,11,1,1,2,74,5.0,1,2,3, ,1,0.0,0.0,0.0,3,5,1,364.705871582031,2,15691-61-11-1,74.0,1,3.0,,2.0,1.0,0,0,0,1,1,0,0,1.0,0
15692,6,11,1,1,2,29,8.0,3,4,3,7,1,0.0,0.0,0.0,3,4,1,157.562469482422,2,15692-6-11-1,29.0,1,3.0,7.0,4.0,1.0,0,0,0,1,1,0,0,1.0,0
15692,29,11,1,1,1,83,6.0,5,1,3, ,1,0.0,0.0,0.0,3,4,1,157.562469482422,7,15692-29-11-1,83.0,1,3.0,,1.0,1.0,0,0,0,1,1,0,0,1.0,0
15692,42,11,1,1,1,61,7.0,1, , , , ,0.0,0.0,0.0,3,4,1,157.562469482422,3,15692-42-11-1,61.0,1,,,,0.0,0,0,0,1,1,0,0,0.0,0
15692,52,11,1,1,2,85,3.0,3,2,2, ,1,0.0,0.0,0.0,3,4,1,157.562469482422,1,15692-52-11-1,85.0,1,2.0,,2.0,0.0,0,0,0,1,1,0,0,0.0,0
15692,101,11,1,1,1,65,6.0,5,2,3, ,1,0.0,0.0,0.0,3,4,1,157.562469482422,1,15692-101-11-1,65.0,1,3.0,,2.0,1.0,0,0,0,1,1,0,0,1.0,0
15693,13,11,1,1,1,51,5.0,3,5,3,7,1,0.0,0.0,0.0,3,4,1,180.606674194336,4,15693-13-11-1,51.0,1,3.0,7.0,5.0,1.0,0,0,0,1,1,0,0,1.0,0
15693,39,11,1,1,2,89,3.0,0,2,3, ,1,0.0,0.0,0.0,3,4,1,180.606674194336,2,15693-39-11-1,89.0,1,3.0,,2.0,1.0,0,0,0,1,1,0,0,1.0,0
15693,64,11,1,1,2,71,1.0, , , , , ,0.0,0.0,0.0,3,4,1,180.606674194336,3,15693-64-11-1,71.0,1,,,,0.0,0,0,0,1,1,0,0,0.0,0
15693,75,11,1,1,2,61,1.0, ,4,3,7,2,0.0,0.0,0.0,3,4,1,180.606674194336,1,15693-75-11-1,61.0,1,3.0,7.0,4.0,1.0,0,0,0,1,1,0,0,1.0,0
15694,21,11,1,1,2,59,8.0,3,2,3, ,1,0.0,8.0,0.0,3,4,1,180.606674194336,1,15694-21-11-1,59.0,1,3.0,,2.0,1.0,0,1,0,1,1,0,0,1.0,0
15694,28,11,1,1,1,71,3.0,0, , , , ,0.0,0.0,0.0,3,4,1,180.606674194336,1,15694-28-11-1,71.0,1,,,,0.0,0,0,0,1,1,0,0,0.0,0
15694,48,11,1,1,1,56,5.0,2,4,3,7,1,0.0,0.0,0.0,3,4,1,180.606674194336,1,15694-48-11-1,56.0,1,3.0,7.0,4.0,1.0,0,0,1,1,1,0,1,1.0,1
15695,25,11,1,1,2,45,10.0,5,1,1, ,1,0.0,8.0,0.0,3,4,1,376.696166992188,4,15695-25-11-1,45.0,1,1.0,,1.0,0.0,0,1,0,1,1,0,0,0.0,0
15696,41,11,1,1,1,30,6.0,5,3,1,7,1,0.0,0.0,0.0,3,4,1,338.474517822266,4,15696-41-11-1,30.0,1,1.0,7.0,3.0,1.0,0,0,0,1,1,0,0,1.0,0
15696,116,11,1,1,2,54,6.0,5,2,3, ,1,0.0,0.0,0.0,3,4,1,338.474517822266,2,15696-116-11-1,54.0,1,3.0,,2.0,1.0,0,0,0,1,1,0,0,1.0,0
15696,151,11,1,1,2,55,4.0,0,4,3,7,1,0.0,0.0,0.0,3,4,1,338.474517822266,3,15696-151-11-1,55.0,1,3.0,7.0,4.0,1.0,0,0,0,1,1,0,0,1.0,0
15697,2,11,1,1,2,31,6.0,5,4,3,7,1,0.0,8.0,0.0,3,5,1,171.927291870117,3,15697-2-11-1,31.0,1,3.0,7.0,4.0,1.0,0,1,0,1,1,0,0,1.0,0
15697,22,11,1,1,1,49,8.0,3,3, ,2,5,0.0,0.0,0.0,3,5,1,171.927291870117,3,15697-22-11-1,49.0,1,,2.0,3.0,0.0,0,0,0,1,1,0,0,0.0,0
15697,63,11,1,1,2,88,1.0, , , , , ,0.0,0.0,0.0,3,5,1,171.927291870117,2,15697-63-11-1,88.0,1,,,,0.0,0,0,0,1,1,0,0,0.0,0
15698,61,11,1,1,1,69,10.0,5,3, ,1,5,0.0,8.0,0.0,3,5,1,180.606674194336,2,15698-61-11-1,69.0,1,,1.0,3.0,0.0,0,1,0,1,1,0,0,0.0,0
15698,99,11,1,1,1,39,6.0,5,4,3,7,1,0.0,8.0,0.0,3,5,1,180.606674194336,4,15698-99-11-1,39.0,1,3.0,7.0,4.0,1.0,0,1,1,1,1,0,1,1.0,1
15698,116,11,1,1,2,54,3.0,0,4,3,7,1,0.0,0.0,0.0,3,5,1,180.606674194336,2,15698-116-11-1,54.0,1,3.0,7.0,4.0,1.0,0,0,0,1,1,0,0,1.0,0
15699,8,11,1,1,1,49,9.0,5,3, ,2,5,0.0,8.0,0.0,3,4,1,116.31559753418,4,15699-8-11-1,49.0,1,,2.0,3.0,0.0,0,1,1,1,1,0,1,0.0,1
15701,17,11,1,1,1,74,6.0,5, , , , ,0.0,0.0,0.0,3,5,1,169.818359375,2,15701-17-11-1,74.0,1,,,,0.0,0,0,1,1,1,0,1,0.0,1
15701,83,11,1,1,2,60,3.0,2,4,1,2,4,0.0,0.0,0.0,3,5,1,169.818359375,2,15701-83-11-1,60.0,1,1.0,2.0,4.0,0.0,0,0,1,1,1,0,1,0.0,1
15702,12,11,1,1,2,61,3.0,0,4, ,2,5,0.0,0.0,0.0,3,5,1,180.606674194336,4,15702-12-11-1,61.0,1,,2.0,4.0,0.0,0,0,0,1,1,0,0,0.0,0
15702,31,11,1,1,1,32,5.0,2,2,3, ,1,0.0,0.0,0.0,3,5,1,180.606674194336,4,15702-31-11-1,32.0,1,3.0,,2.0,1.0,0,0,0,1,1,0,0,1.0,0
15702,49,11,1,1,2,36,6.0,5,3,3,7,1,0.0,0.0,0.0,3,5,1,180.606674194336,5,15702-49-11-1,36.0,1,3.0,7.0,3.0,1.0,0,0,1,1,1,0,1,1.0,1
15702,85,11,1,1,1,38,7.0,1, , , , ,0.0,8.0,0.0,3,5,1,180.606674194336,4,15702-85-11-1,38.0,1,,,,0.0,0,1,0,1,1,0,0,0.0,0
15705,2,11,1,1,2,39,6.0,5,5,3,7,1,0.0,8.0,0.0,3,4, ,171.927291870117,3,15705-2-11-1,39.0,1,3.0,7.0,5.0,1.0,0,1,1,1,1,0,1,1.0,1
15705,15,11,1,1,2,41,3.0,0,4,3,7,1,0.0,0.0,0.0,3,4, ,171.927291870117,2,15705-15-11-1,41.0,1,3.0,7.0,4.0,1.0,0,0,0,1,1,0,0,1.0,0
15705,68,11,1,1,1,45,5.0,3,4,3,7,1,0.0,0.0,0.0,3,4, ,171.927291870117,4,15705-68-11-1,45.0,1,3.0,7.0,4.0,1.0,0,0,1,1,1,0,1,1.0,1
15706,42,11,1,1,1,61,5.0,3,2,3, ,1,0.0,0.0,0.0,3,5, ,180.606674194336,2,15706-42-11-1,61.0,1,3.0,,2.0,1.0,0,0,0,1,1,0,0,1.0,0
15706,75,11,1,1,1,45,5.0,4,4,3,7,1,0.0,0.0,0.0,3,5, ,180.606674194336,5,15706-75-11-1,45.0,1,3.0,7.0,4.0,1.0,0,0,0,1,1,0,0,1.0,0
15729,2,11,1,1,1,44,6.0,5,4,1,1,5,0.0,0.0,0.0,6,5,1,276.81689453125,6,15729-2-11-1,44.0,1,1.0,1.0,4.0,0.0,0,0,0,1,1,0,0,0.0,0
15729,56,11,1,1,2,33,8.0,3, , , , ,0.0,0.0,0.0,6,5,1,276.81689453125,5,15729-56-11-1,33.0,1,,,,0.0,0,0,0,1,1,0,0,0.0,0
15729,127,11,1,1,1,28,6.0,5,4,3,7,1,0.0,0.0,0.0,6,5,1,276.81689453125,3,15729-127-11-1,28.0,1,3.0,7.0,4.0,1.0,0,0,0,1,1,0,0,1.0,0
15729,150,11,1,1,2,39,6.0,5,1,2, ,1,0.0,8.0,0.0,6,5,1,276.81689453125,3,15729-150-11-1,39.0,1,2.0,,1.0,0.0,0,1,0,1,1,0,0,0.0,0
15730,8,11,1,1,2,57,8.0,5,2,3, ,1,0.0,8.0,0.0,6,5,1,258.768676757813,1,15730-8-11-1,57.0,1,3.0,,2.0,1.0,0,1,0,1,1,0,0,1.0,0
15730,41,11,1,1,1,33,6.0,5,2,3, ,1,0.0,8.0,0.0,6,5,2,258.768676757813,3,15730-41-11-1,33.0,1,3.0,,2.0,1.0,0,1,1,1,1,0,1,1.0,1
15730,110,11,1,1,2,30,6.0,5, , , , ,0.0,0.0,0.0,6,5,1,258.768676757813,3,15730-110-11-1,30.0,1,,,,0.0,0,0,0,1,1,0,0,0.0,0
15731,15,11,1,1,2,62,9.0,2, , , , ,0.0,0.0,0.0,6,5,1,1129.51428222656,2,15731-15-11-1,62.0,1,,,,0.0,0,0,0,1,1,0,0,0.0,0
15731,31,11,1,1,1,75,4.0,5,1,3, ,1,0.0,0.0,0.0,6,5,1,1129.51428222656,2,15731-31-11-1,75.0,1,3.0,,1.0,1.0,0,0,0,1,1,0,0,1.0,0
15731,52,11,1,1,1,63,6.0,5,4,2,2,1,0.0,8.0,0.0,6,5,1,1129.51428222656,2,15731-52-11-1,63.0,1,2.0,2.0,4.0,0.0,0,1,0,1,1,0,0,0.0,0
15731,72,11,1,1,1,63,6.0,5,4,1,7,1,0.0,0.0,0.0,6,5,1,1129.51428222656,2,15731-72-11-1,63.0,1,1.0,7.0,4.0,1.0,0,0,1,1,1,0,1,1.0,1
15731,92,11,1,1,2,66,5.0,1, , , , ,0.0,0.0,0.0,6,5,1,1129.51428222656,6,15731-92-11-1,66.0,1,,,,0.0,0,0,0,1,1,0,0,0.0,0
15731,132,11,1,1,1,60,6.0,5,2,3, ,1,0.0,8.0,0.0,6,5,1,1129.51428222656,3,15731-132-11-1,60.0,1,3.0,,2.0,1.0,0,1,0,1,1,0,0,1.0,0
15732,17,11,1,1,1,38,9.0,3,2,3, ,1,0.0,8.0,0.0,6,5,1,282.546539306641,4,15732-17-11-1,38.0,1,3.0,,2.0,1.0,0,1,0,1,1,0,0,1.0,0
15732,83,11,1,1,2,42,8.0,3,4,1,7,1,0.0,8.0,0.0,6,5,1,282.546539306641,5,15732-83-11-1,42.0,1,1.0,7.0,4.0,1.0,0,1,0,1,1,0,0,1.0,0
15732,131,11,1,1,2,55,3.0,0,2,3, ,1,0.0,0.0,0.0,6,5,1,282.546539306641,3,15732-131-11-1,55.0,1,3.0,,2.0,1.0,0,0,0,1,1,0,0,1.0,0
15733,11,11,1,1,1,32,6.0,5,4,3,7,1,0.0,0.0,0.0,6,4,1,276.81689453125,4,15733-11-11-1,32.0,1,3.0,7.0,4.0,1.0,0,0,0,1,1,0,0,1.0,0
15733,15,11,1,1,2,29,6.0,5,2,3, ,1,0.0,0.0,0.0,6,4,1,276.81689453125,4,15733-15-11-1,29.0,1,3.0,,2.0,1.0,0,0,0,1,1,0,0,1.0,0
15734,12,11,1,1,1,49,6.0,5, , , , ,0.0,0.0,0.0,6,5, ,282.546539306641,3,15734-12-11-1,49.0,1,,,,0.0,0,0,0,1,1,0,0,0.0,0
15734,32,11,1,1,2,25,9.0,2,4,1,7,1,0.0,8.0,0.0,6,5, ,282.546539306641,3,15734-32-11-1,25.0,1,1.0,7.0,4.0,1.0,0,1,0,1,1,0,0,1.0,0
15734,42,11,1,1,1,56,7.0,2,2,3, ,1,0.0,0.0,0.0,6,5, ,282.546539306641,3,15734-42-11-1,56.0,1,3.0,,2.0,1.0,0,0,0,1,1,0,0,1.0,0
15735,1,11,1,1,1,65,6.0,5,2,3, ,1,0.0,0.0,0.0,6,4,1,282.546539306641,2,15735-1-11-1,65.0,1,3.0,,2.0,1.0,0,0,0,1,1,0,0,1.0,0
15735,16,11,1,1,1,49,5.0,1,2,3, ,1,0.0,0.0,0.0,6,4,1,282.546539306641,4,15735-16-11-1,49.0,1,3.0,,2.0,1.0,0,0,0,1,1,0,0,1.0,0
15736,5,11,1,1,1,57,6.0,5,4,1,1,5,0.0,0.0,0.0,6,5, ,258.768676757813,4,15736-5-11-1,57.0,1,1.0,1.0,4.0,0.0,0,0,1,1,1,0,1,0.0,1
15736,16,11,1,1,2,70,8.0,3,2,3, ,1,0.0,0.0,0.0,6,5, ,258.768676757813,1,15736-16-11-1,70.0,1,3.0,,2.0,1.0,0,0,0,1,1,0,0,1.0,0
15736,48,11,1,1,1,78,3.0,0,2,3, ,1,0.0,0.0,0.0,6,5, ,258.768676757813,1,15736-48-11-1,78.0,1,3.0,,2.0,1.0,0,0,0,1,1,0,0,1.0,0
15736,60,11,1,1,1,49,6.0,5,4,3,2,1,0.0,0.0,0.0,6,5, ,258.768676757813,3,15736-60-11-1,49.0,1,3.0,2.0,4.0,1.0,0,0,0,1,1,0,0,1.0,0
15736,72,11,1,1,1,39,7.0,2,4,2,7,1,0.0,8.0,0.0,6,5, ,258.768676757813,4,15736-72-11-1,39.0,1,2.0,7.0,4.0,1.0,0,1,0,1,1,0,0,1.0,0
15740,218,11,1,1,2,64,1.0, ,4,3,7,1,0.0,0.0,0.0,3,7,1,68.3042068481445,5,15740-218-11-1,64.0,1,3.0,7.0,4.0,1.0,0,0,0,1,1,0,0,1.0,0
15740,219,11,1,1,2,30,6.0,5, , , , ,0.0,0.0,0.0,3,7,1,68.3042068481445,4,15740-219-11-1,30.0,1,,,,0.0,0,0,0,1,1,0,0,0.0,0
15740,220,11,1,1,2,42,3.0,0,2,3, ,1,0.0,0.0,0.0,3,7,1,68.3042068481445,6,15740-220-11-1,42.0,1,3.0,,2.0,1.0,0,0,0,1,1,0,0,1.0,0
15740,222,11,1,1,1,62,5.0,1,4,3,7,1,0.0,0.0,0.0,3,7,1,68.3042068481445,4,15740-222-11-1,62.0,1,3.0,7.0,4.0,1.0,0,0,0,1,1,0,0,1.0,0
15740,224,11,1,1,2,48,3.0,0, , , , ,0.0,0.0,0.0,3,7,1,68.3042068481445,2,15740-224-11-1,48.0,1,,,,0.0,0,0,0,1,1,0,0,0.0,0
15746,182,11,1,1,2,47,6.0,5,4,3,7,1,0.0,8.0,0.0,3,7,1,76.5594711303711,5,15746-182-11-1,47.0,1,3.0,7.0,4.0,1.0,0,1,0,1,1,0,0,1.0,0
15746,183,11,1,1,2,72,5.0,3, , , , ,0.0,0.0,0.0,3,7,1,76.5594711303711,3,15746-183-11-1,72.0,1,,,,0.0,0,0,1,1,1,0,1,0.0,1
15746,381,11,1,1,1,56,6.0,5,4,3,7,1,0.0,0.0,0.0,3,7,1,76.5594711303711,3,15746-381-11-1,56.0,1,3.0,7.0,4.0,1.0,0,0,0,1,1,0,0,1.0,0
15750,134,11,1,1,1,83,4.0,5, , , , ,0.0,0.0,0.0,3,7,1,66.6390228271484,1,15750-134-11-1,83.0,1,,,,0.0,0,0,0,1,1,0,0,0.0,0
15750,135,11,1,1,1,43,6.0,5,2,3, ,1,0.0,0.0,0.0,3,7,1,66.6390228271484,1,15750-135-11-1,43.0,1,3.0,,2.0,1.0,0,0,0,1,1,0,0,1.0,0
15750,270,11,1,1,1,67,7.0,2,3,3,7,1,0.0,0.0,0.0,3,7,1,66.6390228271484,1,15750-270-11-1,67.0,1,3.0,7.0,3.0,1.0,0,0,0,1,1,0,0,1.0,0
15750,272,11,1,1,1,66,6.0,5,2,3, ,1,0.0,0.0,0.0,3,7,1,66.6390228271484,1,15750-272-11-1,66.0,1,3.0,,2.0,1.0,0,0,0,1,1,0,0,1.0,0
15750,273,11,1,1,1,78,3.0,0,2,3, ,1,0.0,0.0,0.0,3,7,1,66.6390228271484,1,15750-273-11-1,78.0,1,3.0,,2.0,1.0,0,0,0,1,1,0,0,1.0,0
15752,21,11,1,1,1,60,5.0,3,4,3,7,1,0.0,0.0,0.0,3,8,1,68.3042068481445,1,15752-21-11-1,60.0,1,3.0,7.0,4.0,1.0,0,0,0,1,1,0,0,1.0,0
15752,23,11,1,1,2,32,5.0,3,2,3, ,1,0.0,0.0,0.0,3,8,1,68.3042068481445,3,15752-23-11-1,32.0,1,3.0,,2.0,1.0,0,0,0,1,1,0,0,1.0,0
15752,24,11,1,1,1,71,10.0,5,2,3, ,1,0.0,0.0,0.0,3,8,1,68.3042068481445,3,15752-24-11-1,71.0,1,3.0,,2.0,1.0,0,0,0,1,1,0,0,1.0,0
15752,76,11,1,1,1,61,4.0,5,4,1,2,4,0.0,0.0,0.0,3,8,1,68.3042068481445,3,15752-76-11-1,61.0,1,1.0,2.0,4.0,0.0,0,0,0,1,1,0,0,0.0,0
15752,77,11,1,1,1,57,6.0,5,4,3,7,1,0.0,0.0,0.0,3,8,1,68.3042068481445,1,15752-77-11-1,57.0,1,3.0,7.0,4.0,1.0,0,0,0,1,1,0,0,1.0,0
15752,78,11,1,1,1,57,3.0,0,2,3, ,1,0.0,0.0,0.0,3,8,2,68.3042068481445,1,15752-78-11-1,57.0,1,3.0,,2.0,1.0,0,0,0,1,1,0,0,1.0,0
15752,79,11,1,1,1,55,5.0,1,4,3,7,1,0.0,0.0,0.0,3,8,1,68.3042068481445,2,15752-79-11-1,55.0,1,3.0,7.0,4.0,1.0,0,0,0,1,1,0,0,1.0,0
15752,80,11,1,1,1,60,4.0,6,5,3,7,1,0.0,0.0,0.0,3,8,1,68.3042068481445,2,15752-80-11-1,60.0,1,3.0,7.0,5.0,1.0,0,0,1,1,1,0,1,1.0,1
15755,29,11,1,1,1,75,6.0,5,2,3, ,1,0.0,0.0,0.0,3,7, ,76.5594711303711,3,15755-29-11-1,75.0,1,3.0,,2.0,1.0,0,0,0,1,1,0,0,1.0,0
15755,31,11,1,1,1,68,4.0,5,4,3,7,1,0.0,0.0,0.0,3,7, ,76.5594711303711,1,15755-31-11-1,68.0,1,3.0,7.0,4.0,1.0,0,0,0,1,1,0,0,1.0,0
15755,116,11,1,1,1,60,4.0,5,2,3, ,1,0.0,0.0,0.0,3,7, ,76.5594711303711,2,15755-116-11-1,60.0,1,3.0,,2.0,1.0,0,0,0,1,1,0,0,1.0,0
15755,117,11,1,1,1,56,5.0,4,2,3, ,1,0.0,8.0,0.0,3,7, ,76.5594711303711,2,15755-117-11-1,56.0,1,3.0,,2.0,1.0,0,1,0,1,1,0,0,1.0,0
15755,118,11,1,1,1,40,5.0,3,4,3,7,1,0.0,0.0,0.0,3,7, ,76.5594711303711,2,15755-118-11-1,40.0,1,3.0,7.0,4.0,1.0,0,0,0,1,1,0,0,1.0,0
15766,16,11,1,1,1,77,4.0,6,2,3, ,1,0.0,0.0,0.0,6,8,1,163.327453613281,3,15766-16-11-1,77.0,1,3.0,,2.0,1.0,0,0,0,1,1,0,0,1.0,0
15766,48,11,1,1,1,69,5.0,3,5,3,7,1,0.0,0.0,0.0,6,8,1,163.327453613281,2,15766-48-11-1,69.0,1,3.0,7.0,5.0,1.0,0,0,0,1,1,0,0,1.0,0
15766,49,11,1,1,1,28,7.0,1,1,3, ,1,0.0,0.0,0.0,6,8,1,163.327453613281,4,15766-49-11-1,28.0,1,3.0,,1.0,1.0,0,0,1,1,1,0,1,1.0,1
15771,49,11,1,1,2,67,1.0, ,2,3, ,1,0.0,0.0,0.0,6,6,1,154.288711547852,1,15771-49-11-1,67.0,1,3.0,,2.0,1.0,0,0,0,1,1,0,0,1.0,0
15771,78,11,1,1,2,70,3.0,3,2,3, ,1,0.0,0.0,0.0,6,6,1,154.288711547852,2,15771-78-11-1,70.0,1,3.0,,2.0,1.0,0,0,0,1,1,0,0,1.0,0
15772,13,11,1,1,2,74,3.0,2,2,3, ,1,0.0,0.0,0.0,6,8,1,158.062057495117,2,15772-13-11-1,74.0,1,3.0,,2.0,1.0,0,0,0,1,1,0,0,1.0,0
15772,14,11,1,1,2,53,4.0,0,2,3, ,1,0.0,0.0,0.0,6,8,1,158.062057495117,3,15772-14-11-1,53.0,1,3.0,,2.0,1.0,0,0,0,1,1,0,0,1.0,0
15772,34,11,1,1,1,50,4.0,0,2,3, ,1,0.0,0.0,0.0,6,8,1,158.062057495117,5,15772-34-11-1,50.0,1,3.0,,2.0,1.0,0,0,0,1,1,0,0,1.0,0
15773,7,11,1,1,2,56,6.0,5,2,3, ,1,0.0,0.0,0.0,6,6,1,158.062057495117,3,15773-7-11-1,56.0,1,3.0,,2.0,1.0,0,0,0,1,1,0,0,1.0,0
15773,17,11,1,1,1,59,4.0,5,2,3, ,1,0.0,0.0,0.0,6,6,1,158.062057495117,1,15773-17-11-1,59.0,1,3.0,,2.0,1.0,0,0,0,1,1,0,0,1.0,0
15773,27,11,1,1,2,55,3.0,0,2,3, ,1,0.0,0.0,0.0,6,6,1,158.062057495117,1,15773-27-11-1,55.0,1,3.0,,2.0,1.0,0,0,0,1,1,0,0,1.0,0
15773,37,11,1,1,2,33,6.0,5,3, ,5,5,0.0,8.0,0.0,6,6,2,158.062057495117,4,15773-37-11-1,33.0,1,,5.0,3.0,0.0,0,1,0,1,1,0,0,0.0,0
15773,57,11,1,1,1,60,6.0,5,4,1,7,1,0.0,0.0,0.0,6,6,1,158.062057495117,3,15773-57-11-1,60.0,1,1.0,7.0,4.0,1.0,0,0,0,1,1,0,0,1.0,0
15773,67,11,1,1,1,41,6.0,5,5,3,7,1,0.0,0.0,0.0,6,6,1,158.062057495117,5,15773-67-11-1,41.0,1,3.0,7.0,5.0,1.0,0,0,0,1,1,0,0,1.0,0
15773,97,11,1,1,2,46,6.0,5,2,3, ,1,0.0,0.0,0.0,6,6,1,158.062057495117,2,15773-97-11-1,46.0,1,3.0,,2.0,1.0,0,0,0,1,1,0,0,1.0,0
15774,5,11,1,1,2,59,4.0,5,2,3, ,1,0.0,0.0,0.0,6,8,1,158.062057495117,2,15774-5-11-1,59.0,1,3.0,,2.0,1.0,0,0,0,1,1,0,0,1.0,0
15774,7,11,1,1,2,53,5.0,4,5,2,7,1,0.0,0.0,0.0,6,8,1,158.062057495117,3,15774-7-11-1,53.0,1,2.0,7.0,5.0,1.0,0,0,0,1,1,0,0,1.0,0
15774,8,11,1,1,1,69,6.0,5,2,3, ,1,0.0,0.0,0.0,6,8,1,158.062057495117,4,15774-8-11-1,69.0,1,3.0,,2.0,1.0,0,0,0,1,1,0,0,1.0,0
15774,37,11,1,1,2,57,3.0,0,2,3, ,1,0.0,0.0,0.0,6,8,1,158.062057495117,4,15774-37-11-1,57.0,1,3.0,,2.0,1.0,0,0,0,1,1,0,0,1.0,0
15774,38,11,1,1,1,32,5.0,2,2,3, ,1,0.0,0.0,0.0,6,8,1,158.062057495117,4,15774-38-11-1,32.0,1,3.0,,2.0,1.0,0,0,0,1,1,0,0,1.0,0
15774,39,11,1,1,1,44,5.0,2,2,3, ,1,0.0,0.0,0.0,6,8,1,158.062057495117,5,15774-39-11-1,44.0,1,3.0,,2.0,1.0,0,0,0,1,1,0,0,1.0,0
15776,31,11,1,1,1,81,3.0,1,2,3, ,1,0.0,0.0,0.0,6,8,1,154.288711547852,2,15776-31-11-1,81.0,1,3.0,,2.0,1.0,0,0,0,1,1,0,0,1.0,0
15776,32,11,1,1,1,61,4.0,5,2,3, ,1,0.0,0.0,0.0,6,8,1,154.288711547852,4,15776-32-11-1,61.0,1,3.0,,2.0,1.0,0,0,0,1,1,0,0,1.0,0
15776,67,11,1,1,1,42,6.0,5,4,3,7,1,0.0,0.0,0.0,6,8,1,154.288711547852,4,15776-67-11-1,42.0,1,3.0,7.0,4.0,1.0,0,0,0,1,1,0,0,1.0,0
15776,70,11,1,1,2,83,1.0, ,2,3, ,1,0.0,0.0,0.0,6,8,1,154.288711547852,5,15776-70-11-1,83.0,1,3.0,,2.0,1.0,0,0,0,1,1,0,0,1.0,0
15776,72,11,1,1,1,42,6.0,5,2,3, ,1,0.0,0.0,0.0,6,8,1,154.288711547852,5,15776-72-11-1,42.0,1,3.0,,2.0,1.0,0,0,0,1,1,0,0,1.0,0
15777,6,11,1,1,1,43,7.0,2,4,3,7,1,0.0,0.0,0.0,6,6, ,154.288711547852,7,15777-6-11-1,43.0,1,3.0,7.0,4.0,1.0,0,0,0,1,1,0,0,1.0,0
15777,9,11,1,1,1,61,4.0,5,5,3,7,1,0.0,0.0,0.0,6,6, ,154.288711547852,2,15777-9-11-1,61.0,1,3.0,7.0,5.0,1.0,0,0,0,1,1,0,0,1.0,0
15777,28,11,1,1,1,44,6.0,5,2,3, ,1,0.0,8.0,0.0,6,6, ,154.288711547852,6,15777-28-11-1,44.0,1,3.0,,2.0,1.0,0,1,0,1,1,0,0,1.0,0
15777,32,11,1,1,1,43,6.0,5,4,3,7,1,0.0,0.0,0.0,6,6, ,154.288711547852,6,15777-32-11-1,43.0,1,3.0,7.0,4.0,1.0,0,0,0,1,1,0,0,1.0,0
15777,75,11,1,1,1,40,5.0,3,2,3, ,1,0.0,0.0,0.0,6,6, ,154.288711547852,6,15777-75-11-1,40.0,1,3.0,,2.0,1.0,0,0,1,1,1,0,1,1.0,1
15778,42,11,1,1,1,68,6.0,5,2,3, ,1,0.0,0.0,0.0,6,7, ,158.062057495117,2,15778-42-11-1,68.0,1,3.0,,2.0,1.0,0,0,0,1,1,0,0,1.0,0
15778,43,11,1,1,1,81,5.0,3,2,3, ,1,0.0,0.0,0.0,6,7, ,158.062057495117,3,15778-43-11-1,81.0,1,3.0,,2.0,1.0,0,0,0,1,1,0,0,1.0,0
15778,129,11,1,1,1,42,5.0,3,2,3, ,1,0.0,0.0,0.0,6,7, ,158.062057495117,4,15778-129-11-1,42.0,1,3.0,,2.0,1.0,0,0,1,1,1,0,1,1.0,1
15778,130,11,1,1,1,48,5.0,4,4,3,7,1,0.0,0.0,0.0,6,7, ,158.062057495117,4,15778-130-11-1,48.0,1,3.0,7.0,4.0,1.0,0,0,0,1,1,0,0,1.0,0
15778,132,11,1,1,1,81,3.0,0,2,3, ,1,0.0,0.0,0.0,6,7, ,158.062057495117,2,15778-132-11-1,81.0,1,3.0,,2.0,1.0,0,0,0,1,1,0,0,1.0,0
15778,134,11,1,1,1,83,3.0,1,2,3, ,1,0.0,0.0,0.0,6,7, ,158.062057495117,2,15778-134-11-1,83.0,1,3.0,,2.0,1.0,0,0,0,1,1,0,0,1.0,0
15778,135,11,1,1,1,53,4.0,0, , , , ,0.0,0.0,0.0,6,7, ,158.062057495117,3,15778-135-11-1,53.0,1,,,,0.0,0,0,0,1,1,0,0,0.0,0
15800,4,11,1,1,2,28,10.0,6,6, ,7,1,0.0,8.0,0.0,5,2,1,18.0577507019043,3,15800-4-11-1,28.0,1,,7.0,6.0,1.0,0,1,0,1,1,0,0,1.0,0
15800,24,11,1,1,2,36,3.0,0,2,3, ,1,0.0,0.0,0.0,5,2,1,18.0577507019043,3,15800-24-11-1,36.0,1,3.0,,2.0,1.0,0,0,0,1,1,0,0,1.0,0
15800,169,11,1,1,1,51,6.0,5,4,3,7,1,0.0,0.0,0.0,5,2,1,18.0577507019043,4,15800-169-11-1,51.0,1,3.0,7.0,4.0,1.0,0,0,0,1,1,0,0,1.0,0
15807,91,11,1,1,1,49,8.0,5,2,3, ,1,0.0,0.0,0.0,5,2,1,205.901565551758,5,15807-91-11-1,49.0,1,3.0,,2.0,1.0,0,0,0,1,1,0,0,1.0,0
15807,132,11,1,1,2,81,3.0,1,2,3, ,1,0.0,0.0,0.0,5,2,1,205.901565551758,2,15807-132-11-1,81.0,1,3.0,,2.0,1.0,0,0,0,1,1,0,0,1.0,0
15810,44,11,1,1,1,66,6.0,5,2,3, ,1,0.0,0.0,0.0,5,2,1,23.0944938659668,3,15810-44-11-1,66.0,1,3.0,,2.0,1.0,0,0,0,1,1,0,0,1.0,0
15810,70,11,1,1,2,43,11.0,1,3,1,2,1,0.0,8.0,0.0,5,2,1,23.0944938659668,3,15810-70-11-1,43.0,1,1.0,2.0,3.0,0.0,0,1,1,1,1,0,1,0.0,1
15810,132,11,1,1,2,57,8.0,5,3, ,1,5,0.0,0.0,0.0,5,2,1,23.0944938659668,2,15810-132-11-1,57.0,1,,1.0,3.0,0.0,0,0,1,1,1,0,1,0.0,1
15811,53,11,1,1,2,23,9.0,2, , , , ,0.0,8.0,0.0,5,2,1,27.4010639190674,3,15811-53-11-1,23.0,1,,,,0.0,0,1,0,1,1,0,0,0.0,0
15811,184,11,1,1,2,57,3.0,3, , , , ,0.0,0.0,0.0,5,2,1,27.4010639190674,1,15811-184-11-1,57.0,1,,,,0.0,0,0,0,1,1,0,0,0.0,0
15812,23,11,1,1,2,61,1.0, , , , , ,0.0,0.0,0.0,5,2,1,207.465179443359,2,15812-23-11-1,61.0,1,,,,0.0,0,0,0,1,1,0,0,0.0,0
15812,34,11,1,1,1,54,6.0,5,4, ,2,5,0.0,0.0,0.0,5,2,1,207.465179443359,2,15812-34-11-1,54.0,1,,2.0,4.0,0.0,0,0,0,1,1,0,0,0.0,0
15815,23,11,1,1,1,75,5.0,4, , , , ,0.0,0.0,0.0,5,2,1,326.1591796875,2,15815-23-11-1,75.0,1,,,,0.0,0,0,0,1,1,0,0,0.0,0
15815,42,11,1,1,2,61,4.0,5,2,3, ,1,0.0,0.0,0.0,5,2,1,326.1591796875,4,15815-42-11-1,61.0,1,3.0,,2.0,1.0,0,0,0,1,1,0,0,1.0,0
15815,58,11,1,1,2,61,6.0,5,3,2,7,1,0.0,0.0,0.0,5,2,1,326.1591796875,2,15815-58-11-1,61.0,1,2.0,7.0,3.0,1.0,0,0,0,1,1,0,0,1.0,0
15815,75,11,1,1,2,30,5.0,1,3,3,7,1,0.0,8.0,0.0,5,2,2,326.1591796875,4,15815-75-11-1,30.0,1,3.0,7.0,3.0,1.0,0,1,0,1,1,0,0,1.0,0
15816,13,11,1,1,1,28,6.0,5,4,2,2,3,0.0,8.0,0.0,5,2,1,340.792907714844,5,15816-13-11-1,28.0,1,2.0,2.0,4.0,0.0,0,1,1,1,1,0,1,0.0,1
15816,21,11,1,1,2,44,6.0,5,6, ,7,1,0.0,0.0,0.0,5,2,1,340.792907714844,5,15816-21-11-1,44.0,1,,7.0,6.0,1.0,0,0,0,1,1,0,0,1.0,0
15816,42,11,1,1,1,67,1.0, ,4,3,7,1,0.0,0.0,0.0,5,2,1,340.792907714844,6,15816-42-11-1,67.0,1,3.0,7.0,4.0,1.0,0,0,0,1,1,0,0,1.0,0
15816,58,11,1,1,1,38,6.0,5,2,3, ,1,0.0,8.0,0.0,5,2,1,340.792907714844,4,15816-58-11-1,38.0,1,3.0,,2.0,1.0,0,1,0,1,1,0,0,1.0,0
15816,72,11,1,1,1,53,5.0,4,4,3,7,1,0.0,0.0,0.0,5,2,2,340.792907714844,4,15816-72-11-1,53.0,1,3.0,7.0,4.0,1.0,0,0,0,1,1,0,0,1.0,0
15817,3,11,1,1,2,41,10.0,5,3,1,2,2,0.0,8.0,0.0,5,2,1,428.027221679688,3,15817-3-11-1,41.0,1,1.0,2.0,3.0,0.0,0,1,0,1,1,0,0,0.0,0
15817,24,11,1,1,2,70,1.0, , , , , ,0.0,0.0,0.0,5,2,1,428.027221679688,2,15817-24-11-1,70.0,1,,,,0.0,0,0,1,1,1,0,1,0.0,1
15817,43,11,1,1,1,39,6.0,5,2,3, ,1,0.0,8.0,0.0,5,2,1,428.027221679688,5,15817-43-11-1,39.0,1,3.0,,2.0,1.0,0,1,0,1,1,0,0,1.0,0
15817,62,11,1,1,1,37,8.0,3,4,1,2,1,0.0,8.0,0.0,5,2,1,428.027221679688,4,15817-62-11-1,37.0,1,1.0,2.0,4.0,0.0,0,1,1,1,1,0,1,0.0,1
15818,8,11,1,1,1,37,6.0,5,2,3, ,1,0.0,0.0,0.0,5,2,1,141.207855224609,5,15818-8-11-1,37.0,1,3.0,,2.0,1.0,0,0,0,1,1,0,0,1.0,0
15818,67,11,1,1,2,66,11.0,3,3,1,2,5,0.0,8.0,0.0,5,2,1,141.207855224609,4,15818-67-11-1,66.0,1,1.0,2.0,3.0,0.0,0,1,1,1,1,0,1,0.0,1
15818,91,11,1,1,1,62,6.0,5,5,3,7,1,0.0,0.0,0.0,5,2,1,141.207855224609,3,15818-91-11-1,62.0,1,3.0,7.0,5.0,1.0,0,0,0,1,1,0,0,1.0,0
15819,10,11,1,1,2,81,1.0, , , , , ,0.0,0.0,0.0,5,2,1,326.1591796875,1,15819-10-11-1,81.0,1,,,,0.0,0,0,0,1,1,0,0,0.0,0
15819,20,11,1,1,2,45,6.0,5,2,3, ,1,0.0,0.0,0.0,5,2,1,326.1591796875,3,15819-20-11-1,45.0,1,3.0,,2.0,1.0,0,0,0,1,1,0,0,1.0,0
15819,41,11,1,1,2,33,8.0,3,3,2,7,1,0.0,0.0,0.0,5,2,1,326.1591796875,2,15819-41-11-1,33.0,1,2.0,7.0,3.0,1.0,0,0,0,1,1,0,0,1.0,0
15819,51,11,1,1,2,61,3.0,1,5,3,7,1,0.0,0.0,0.0,5,2,1,326.1591796875,8,15819-51-11-1,61.0,1,3.0,7.0,5.0,1.0,0,0,0,1,1,0,0,1.0,0
15821,14,11,1,1,2,77,1.0, ,2,3, ,1,0.0,0.0,0.0,5,2, ,205.901565551758,1,15821-14-11-1,77.0,1,3.0,,2.0,1.0,0,0,0,1,1,0,0,1.0,0
15821,33,11,1,1,1,67,6.0,5, , , , ,0.0,0.0,0.0,5,2, ,205.901565551758,2,15821-33-11-1,67.0,1,,,,0.0,0,0,0,1,1,0,0,0.0,0
15821,107,11,1,1,2,66,8.0,5, , , , ,0.0,8.0,0.0,5,2, ,205.901565551758,5,15821-107-11-1,66.0,1,,,,0.0,0,1,0,1,1,0,0,0.0,0
15822,14,11,1,1,1,41,10.0,5,3, ,5,5,0.0,8.0,0.0,5,2, ,326.1591796875,4,15822-14-11-1,41.0,1,,5.0,3.0,0.0,0,1,0,1,1,0,0,0.0,0
15822,40,11,1,1,2,63,4.0,5,2,3, ,1,0.0,8.0,0.0,5,2, ,326.1591796875,3,15822-40-11-1,63.0,1,3.0,,2.0,1.0,0,1,0,1,1,0,0,1.0,0
15822,136,11,1,1,2,42,5.0,3,6, ,7,1,0.0,0.0,0.0,5,2, ,326.1591796875,3,15822-136-11-1,42.0,1,,7.0,6.0,1.0,0,0,0,1,1,0,0,1.0,0
15822,205,11,1,1,2,73,4.0,5, , , , ,0.0,0.0,0.0,5,2, ,326.1591796875,3,15822-205-11-1,73.0,1,,,,0.0,0,0,0,1,1,0,0,0.0,0
15823,11,11,1,1,2,45,10.0,5,3, ,2,5,0.0,0.0,0.0,5,2, ,428.027221679688,2,15823-11-11-1,45.0,1,,2.0,3.0,0.0,0,0,0,1,1,0,0,0.0,0
15823,47,11,1,1,2,40,8.0,3,3, ,1,5,0.0,8.0,0.0,5,2, ,428.027221679688,4,15823-47-11-1,40.0,1,,1.0,3.0,0.0,0,1,0,1,1,0,0,0.0,0
15823,70,11,1,1,2,61,3.0,2,2,3, ,1,0.0,8.0,0.0,5,2, ,428.027221679688,1,15823-70-11-1,61.0,1,3.0,,2.0,1.0,0,1,0,1,1,0,0,1.0,0
15824,4,11,1,1,2,21,6.0,5, , , , ,0.0,0.0,0.0,5,2,1,428.027221679688,3,15824-4-11-1,21.0,1,,,,0.0,0,0,0,1,1,0,0,0.0,0
15824,38,11,1,1,2,48,9.0,3,6, ,7,1,0.0,0.0,0.0,5,2,1,428.027221679688,3,15824-38-11-1,48.0,1,,7.0,6.0,1.0,0,0,0,1,1,0,0,1.0,0
15824,44,11,1,1,1,44,5.0,2,4,3,7,1,0.0,0.0,0.0,5,2,1,428.027221679688,9,15824-44-11-1,44.0,1,3.0,7.0,4.0,1.0,0,0,0,1,1,0,0,1.0,0
15824,57,11,1,1,1,56,4.0,0,2,3, ,1,0.0,0.0,0.0,5,2,1,428.027221679688,1,15824-57-11-1,56.0,1,3.0,,2.0,1.0,0,0,0,1,1,0,0,1.0,0
15834,2,11,1,1,1,67,10.0,5,2,3, ,1,0.0,0.0,0.0,5,5,1,428.027221679688,2,15834-2-11-1,67.0,1,3.0,,2.0,1.0,0,0,0,1,1,0,0,1.0,0
15834,15,11,1,1,1,37,7.0,1,2,3, ,1,0.0,0.0,0.0,5,5,1,428.027221679688,4,15834-15-11-1,37.0,1,3.0,,2.0,1.0,0,0,0,1,1,0,0,1.0,0
15834,39,11,1,1,1,67,6.0,5, , , , ,0.0,0.0,0.0,5,5,1,428.027221679688,1,15834-39-11-1,67.0,1,,,,0.0,0,0,0,1,1,0,0,0.0,0
15834,64,11,1,1,2,84,3.0,3, , , , ,0.0,0.0,0.0,5,5,1,428.027221679688,1,15834-64-11-1,84.0,1,,,,0.0,0,0,0,1,1,0,0,0.0,0
15834,76,11,1,1,1,56,9.0,1,2,3, ,1,0.0,0.0,0.0,5,5,1,428.027221679688,2,15834-76-11-1,56.0,1,3.0,,2.0,1.0,0,0,1,1,1,0,1,1.0,1
15847,5,11,1,1,1,62,6.0,5,4, ,1,5,0.0,0.0,0.0,5,5,1,207.465179443359,3,15847-5-11-1,62.0,1,,1.0,4.0,0.0,0,0,0,1,1,0,0,0.0,0
15849,29,11,1,1,1,68,3.0,2,2,3, ,1,0.0,0.0,0.0,5,5,1,410.718353271484,4,15849-29-11-1,68.0,1,3.0,,2.0,1.0,0,0,0,1,1,0,0,1.0,0
15849,136,11,1,1,1,74,4.0,5, , , , ,0.0,0.0,0.0,5,5,1,410.718353271484,2,15849-136-11-1,74.0,1,,,,0.0,0,0,0,1,1,0,0,0.0,0
15849,154,11,1,1,2,67,1.0, , , , , ,0.0,0.0,0.0,5,5,1,410.718353271484,1,15849-154-11-1,67.0,1,,,,0.0,0,0,0,1,1,0,0,0.0,0
15850,27,11,1,1,2,48,3.0,0,2,3, ,1,0.0,0.0,0.0,5,5,1,434.87890625,2,15850-27-11-1,48.0,1,3.0,,2.0,1.0,0,0,0,1,1,0,0,1.0,0
15850,38,11,1,1,1,34,6.0,5,4,2,7,1,0.0,0.0,0.0,5,5,1,434.87890625,4,15850-38-11-1,34.0,1,2.0,7.0,4.0,1.0,0,0,0,1,1,0,0,1.0,0
15850,94,11,1,1,1,37,4.0,0, , , , ,0.0,0.0,0.0,5,5,1,434.87890625,4,15850-94-11-1,37.0,1,,,,0.0,0,0,0,1,1,0,0,0.0,0
15850,108,11,1,1,1,32,6.0,5,4,2,7,1,0.0,0.0,0.0,5,5,1,434.87890625,4,15850-108-11-1,32.0,1,2.0,7.0,4.0,1.0,0,0,0,1,1,0,0,1.0,0
15851,2,11,1,1,1,41,9.0,3,3, ,5,5,0.0,0.0,0.0,5,5, ,434.87890625,5,15851-2-11-1,41.0,1,,5.0,3.0,0.0,0,0,1,1,1,0,1,0.0,1
15851,16,11,1,1,2,45,4.0,0,2,3, ,1,0.0,0.0,0.0,5,5, ,434.87890625,5,15851-16-11-1,45.0,1,3.0,,2.0,1.0,0,0,0,1,1,0,0,1.0,0
15851,30,11,1,1,1,53,3.0,0,2,3, ,1,0.0,0.0,0.0,5,5, ,434.87890625,7,15851-30-11-1,53.0,1,3.0,,2.0,1.0,0,0,0,1,1,0,0,1.0,0
15851,44,11,1,1,1,52,3.0,0,2,3, ,1,0.0,0.0,0.0,5,5, ,434.87890625,5,15851-44-11-1,52.0,1,3.0,,2.0,1.0,0,0,0,1,1,0,0,1.0,0
15851,71,11,1,1,1,63,3.0,3,1,3, ,1,0.0,0.0,0.0,5,5, ,434.87890625,2,15851-71-11-1,63.0,1,3.0,,1.0,1.0,0,0,0,1,1,0,0,1.0,0
15853,45,11,1,1,1,63,3.0,2,2,3, ,1,0.0,0.0,0.0,5,5,1,454.390563964844,5,15853-45-11-1,63.0,1,3.0,,2.0,1.0,0,0,0,1,1,0,0,1.0,0
15853,76,11,1,1,2,36,3.0,0,4,3,7,1,0.0,0.0,0.0,5,5,1,454.390563964844,7,15853-76-11-1,36.0,1,3.0,7.0,4.0,1.0,0,0,1,1,1,0,1,1.0,1
15853,107,11,1,1,1,43,3.0,0,2,3, ,1,0.0,0.0,0.0,5,5,1,454.390563964844,4,15853-107-11-1,43.0,1,3.0,,2.0,1.0,0,0,1,1,1,0,1,1.0,1
15854,25,11,1,1,1,48,6.0,5,4,2,2,1,0.0,8.0,0.0,5,5,1,410.718353271484,1,15854-25-11-1,48.0,1,2.0,2.0,4.0,0.0,0,1,0,1,1,0,0,0.0,0
15854,52,11,1,1,1,44,6.0,5,2,3, ,1,0.0,0.0,0.0,5,5,1,410.718353271484,4,15854-52-11-1,44.0,1,3.0,,2.0,1.0,0,0,0,1,1,0,0,1.0,0
15854,79,11,1,1,1,50,3.0,0,4,1,2,4,0.0,0.0,0.0,5,5,1,410.718353271484,3,15854-79-11-1,50.0,1,1.0,2.0,4.0,0.0,0,0,0,1,1,0,0,0.0,0
15855,29,11,1,1,2,56,5.0,3,1,1, ,1,0.0,0.0,0.0,5,4, ,207.465179443359,3,15855-29-11-1,56.0,1,1.0,,1.0,0.0,0,0,0,1,1,0,0,0.0,0
15855,45,11,1,1,2,82,6.0,5, , , , ,0.0,0.0,0.0,5,4, ,207.465179443359,1,15855-45-11-1,82.0,1,,,,0.0,0,0,0,1,1,0,0,0.0,0
15855,91,11,1,1,1,64,5.0,4,2,3, ,1,0.0,0.0,0.0,5,4, ,207.465179443359,2,15855-91-11-1,64.0,1,3.0,,2.0,1.0,0,0,1,1,1,0,1,1.0,1
15856,12,11,1,1,1,54,4.0,0,7,3,7,1,0.0,0.0,0.0,5,5, ,454.390563964844,4,15856-12-11-1,54.0,1,3.0,7.0,7.0,1.0,0,0,0,1,1,0,0,1.0,0
15856,23,11,1,1,1,49,6.0,5,2,3, ,1,0.0,0.0,0.0,5,5, ,454.390563964844,4,15856-23-11-1,49.0,1,3.0,,2.0,1.0,0,0,0,1,1,0,0,1.0,0
15856,33,11,1,1,1,44,6.0,5,2,3, ,1,0.0,0.0,0.0,5,5, ,454.390563964844,4,15856-33-11-1,44.0,1,3.0,,2.0,1.0,0,0,0,1,1,0,0,1.0,0
15856,56,11,1,1,2,49,5.0,1,4,1,7,1,0.0,0.0,0.0,5,5, ,454.390563964844,6,15856-56-11-1,49.0,1,1.0,7.0,4.0,1.0,0,0,0,1,1,0,0,1.0,0
15856,78,11,1,1,2,34,6.0,5,2,3, ,1,0.0,0.0,0.0,5,5, ,454.390563964844,4,15856-78-11-1,34.0,1,3.0,,2.0,1.0,0,0,1,1,1,0,1,1.0,1
15857,34,11,1,1,1,35,3.0,0,2,3, ,1,0.0,0.0,0.0,5,5, ,428.027221679688,2,15857-34-11-1,35.0,1,3.0,,2.0,1.0,0,0,0,1,1,0,0,1.0,0
15857,50,11,1,1,1,43,3.0,0,2,3, ,1,0.0,0.0,0.0,5,5, ,428.027221679688,7,15857-50-11-1,43.0,1,3.0,,2.0,1.0,0,0,0,1,1,0,0,1.0,0
15857,82,11,1,1,2,20,5.0,2,2,3, ,1,0.0,0.0,0.0,5,5, ,428.027221679688,2,15857-82-11-1,20.0,1,3.0,,2.0,1.0,0,0,0,1,1,0,0,1.0,0
15857,98,11,1,1,1,48,5.0,2,2,3, ,1,0.0,0.0,0.0,5,5, ,428.027221679688,5,15857-98-11-1,48.0,1,3.0,,2.0,1.0,0,0,0,1,1,0,0,1.0,0
15857,129,11,1,1,1,48,3.0,0,2,3, ,1,0.0,0.0,0.0,5,5, ,428.027221679688,3,15857-129-11-1,48.0,1,3.0,,2.0,1.0,0,0,0,1,1,0,0,1.0,0
15863,16,11,1,1,1,77,3.0,3,2,3, ,1,0.0,0.0,0.0,7,5,2,335.275451660156,2,15863-16-11-1,77.0,1,3.0,,2.0,1.0,0,0,0,1,1,0,0,1.0,0
15863,151,11,1,1,1,75,9.0,4,2,3, ,1,0.0,0.0,0.0,7,5,1,335.275451660156,1,15863-151-11-1,75.0,1,3.0,,2.0,1.0,0,0,1,1,1,0,1,1.0,1
15863,170,11,1,1,1,65,3.0,1,2,3, ,1,0.0,0.0,0.0,7,5,1,335.275451660156,2,15863-170-11-1,65.0,1,3.0,,2.0,1.0,0,0,0,1,1,0,0,1.0,0
15864,13,11,1,1,2,54,1.0, , , , , ,0.0,0.0,0.0,7,5,1,325.419006347656,2,15864-13-11-1,54.0,1,,,,0.0,0,0,0,1,1,0,0,0.0,0
15864,57,11,1,1,1,57,3.0,0,2,3, ,1,0.0,0.0,0.0,7,5,1,325.419006347656,5,15864-57-11-1,57.0,1,3.0,,2.0,1.0,0,0,0,1,1,0,0,1.0,0
15864,84,11,1,1,2,56,3.0,0, , , , ,0.0,0.0,0.0,7,5,1,325.419006347656,2,15864-84-11-1,56.0,1,,,,0.0,0,0,0,1,1,0,0,0.0,0
15864,114,11,1,1,1,51,6.0,5,4,3,7,1,0.0,0.0,0.0,7,5,1,325.419006347656,1,15864-114-11-1,51.0,1,3.0,7.0,4.0,1.0,0,0,0,1,1,0,0,1.0,0
15865,18,11,1,1,2,40,4.0,0, , , , ,0.0,0.0,0.0,7,5,1,292.462097167969,4,15865-18-11-1,40.0,1,,,,0.0,0,0,0,1,1,0,0,0.0,0
15865,34,11,1,1,1,50,3.0,0,2,3, ,1,0.0,0.0,0.0,7,5,1,292.462097167969,4,15865-34-11-1,50.0,1,3.0,,2.0,1.0,0,0,0,1,1,0,0,1.0,0
15865,67,11,1,1,1,46,6.0,5,4,1,2,5,0.0,0.0,0.0,7,5,1,292.462097167969,4,15865-67-11-1,46.0,1,1.0,2.0,4.0,0.0,0,0,1,1,1,0,1,0.0,1
15882,17,11,1,1,1,82,3.0,2,2,3, ,1,0.0,0.0,0.0,5,7, ,179.438827514648,2,15882-17-11-1,82.0,1,3.0,,2.0,1.0,0,0,0,1,1,0,0,1.0,0
15882,18,11,1,1,2,29,4.0,0,2,3, ,1,0.0,0.0,0.0,5,7, ,179.438827514648,5,15882-18-11-1,29.0,1,3.0,,2.0,1.0,0,0,0,1,1,0,0,1.0,0
15882,19,11,1,1,1,58,10.0,5,3, ,2,5,0.0,0.0,0.0,5,7, ,179.438827514648,5,15882-19-11-1,58.0,1,,2.0,3.0,0.0,0,0,0,1,1,0,0,0.0,0
15882,20,11,1,1,1,56,4.0,0,2,3, ,1,0.0,0.0,0.0,5,7, ,179.438827514648,3,15882-20-11-1,56.0,1,3.0,,2.0,1.0,0,0,0,1,1,0,0,1.0,0
15882,143,11,1,1,1,32,5.0,1,2,3, ,1,0.0,8.0,0.0,5,7, ,179.438827514648,5,15882-143-11-1,32.0,1,3.0,,2.0,1.0,0,1,0,1,1,0,0,1.0,0
15882,145,11,1,1,1,67,3.0,1,2,3, ,1,0.0,0.0,0.0,5,7, ,179.438827514648,2,15882-145-11-1,67.0,1,3.0,,2.0,1.0,0,0,0,1,1,0,0,1.0,0
15882,146,11,1,1,2,76,3.0,0,2,3, ,1,0.0,0.0,0.0,5,7, ,179.438827514648,1,15882-146-11-1,76.0,1,3.0,,2.0,1.0,0,0,0,1,1,0,0,1.0,0
15882,147,11,1,1,2,82,1.0, , , , , ,0.0,0.0,0.0,5,7, ,179.438827514648,1,15882-147-11-1,82.0,1,,,,0.0,0,0,0,1,1,0,0,0.0,0
15901,20,11,1,1,2,57,6.0,5,2,2, ,1,0.0,0.0,0.0,5,6,1,163.764602661133,2,15901-20-11-1,57.0,1,2.0,,2.0,0.0,0,0,1,1,1,0,1,0.0,1
15901,68,11,1,1,1,58,9.0,3,2,3, ,1,0.0,8.0,0.0,5,6,1,163.764602661133,2,15901-68-11-1,58.0,1,3.0,,2.0,1.0,0,1,1,1,1,0,1,1.0,1
15901,109,11,1,1,1,39,6.0,5,2,3, ,1,0.0,8.0,0.0,5,6,1,163.764602661133,4,15901-109-11-1,39.0,1,3.0,,2.0,1.0,0,1,0,1,1,0,0,1.0,0
15901,137,11,1,1,1,76,3.0,1,2,3, ,1,0.0,0.0,0.0,5,6,1,163.764602661133,2,15901-137-11-1,76.0,1,3.0,,2.0,1.0,0,0,0,1,1,0,0,1.0,0
15901,151,11,1,1,1,64,8.0,5,3, ,1,5,0.0,0.0,0.0,5,6,1,163.764602661133,2,15901-151-11-1,64.0,1,,1.0,3.0,0.0,0,0,1,1,1,0,1,0.0,1
15902,143,11,1,1,2,38,3.0,0, , , , ,0.0,0.0,0.0,5,7, ,163.764602661133,4,15902-143-11-1,38.0,1,,,,0.0,0,0,0,1,1,0,0,0.0,0
15902,144,11,1,1,1,81,3.0,1,2,3, ,1,0.0,0.0,0.0,5,7, ,163.764602661133,2,15902-144-11-1,81.0,1,3.0,,2.0,1.0,0,0,0,1,1,0,0,1.0,0
15902,146,11,1,1,2,37,3.0,0,5,3,7,1,0.0,0.0,0.0,5,7, ,163.764602661133,7,15902-146-11-1,37.0,1,3.0,7.0,5.0,1.0,0,0,0,1,1,0,0,1.0,0
15902,147,11,1,1,1,70,8.0,3,2,3, ,1,0.0,0.0,0.0,5,7, ,163.764602661133,2,15902-147-11-1,70.0,1,3.0,,2.0,1.0,0,0,0,1,1,0,0,1.0,0
15902,149,11,1,1,2,50,3.0,0,2,3, ,1,0.0,0.0,0.0,5,7, ,163.764602661133,1,15902-149-11-1,50.0,1,3.0,,2.0,1.0,0,0,0,1,1,0,0,1.0,0
15902,152,11,1,1,2,79,1.0, , , , , ,0.0,0.0,0.0,5,7, ,163.764602661133,1,15902-152-11-1,79.0,1,,,,0.0,0,0,0,1,1,0,0,0.0,0
15905,11,11,1,1,2,62,6.0,5,2,3, ,1,0.0,0.0,0.0,5,8,1,163.764602661133,2,15905-11-11-1,62.0,1,3.0,,2.0,1.0,0,0,0,1,1,0,0,1.0,0
15905,12,11,1,1,2,78,1.0, ,2,3, ,1,0.0,0.0,0.0,5,8,1,163.764602661133,1,15905-12-11-1,78.0,1,3.0,,2.0,1.0,0,0,0,1,1,0,0,1.0,0
15905,29,11,1,1,2,64,3.0,1,2,3, ,1,0.0,0.0,0.0,5,8,1,163.764602661133,1,15905-29-11-1,64.0,1,3.0,,2.0,1.0,0,0,0,1,1,0,0,1.0,0
15905,30,11,1,1,1,58,3.0,2,2,3, ,1,0.0,0.0,0.0,5,8,1,163.764602661133,2,15905-30-11-1,58.0,1,3.0,,2.0,1.0,0,0,0,1,1,0,0,1.0,0
15905,33,11,1,1,2,54,3.0,0,1,3, ,1,0.0,8.0,0.0,5,8,1,163.764602661133,4,15905-33-11-1,54.0,1,3.0,,1.0,1.0,0,1,0,1,1,0,0,1.0,0
15905,36,11,1,1,1,74,3.0,3, , , , ,0.0,0.0,0.0,5,8,1,163.764602661133,2,15905-36-11-1,74.0,1,,,,0.0,0,0,0,1,1,0,0,0.0,0
15905,37,11,1,1,2,71,1.0, ,1,3, ,1,0.0,0.0,0.0,5,8,1,163.764602661133,1,15905-37-11-1,71.0,1,3.0,,1.0,1.0,0,0,0,1,1,0,0,1.0,0
15911,17,11,1,1,2,63,1.0, ,2,3, ,1,0.0,0.0,0.0,5,8,1,167.209548950195,1,15911-17-11-1,63.0,1,3.0,,2.0,1.0,0,0,0,1,1,0,0,1.0,0
15911,19,11,1,1,1,83,1.0, ,1,3, ,1,0.0,0.0,0.0,5,8,1,167.209548950195,1,15911-19-11-1,83.0,1,3.0,,1.0,1.0,0,0,0,1,1,0,0,1.0,0
15911,20,11,1,1,2,49,3.0,0,2,3, ,1,0.0,0.0,0.0,5,8,1,167.209548950195,2,15911-20-11-1,49.0,1,3.0,,2.0,1.0,0,0,0,1,1,0,0,1.0,0
15911,32,11,1,1,1,53,3.0,0,5,3,7,1,0.0,0.0,0.0,5,8,1,167.209548950195,7,15911-32-11-1,53.0,1,3.0,7.0,5.0,1.0,0,0,0,1,1,0,0,1.0,0
15911,41,11,1,1,1,61,3.0,0,2,3, ,1,0.0,0.0,0.0,5,8,1,167.209548950195,3,15911-41-11-1,61.0,1,3.0,,2.0,1.0,0,0,0,1,1,0,0,1.0,0
15911,42,11,1,1,1,57,1.0, ,2,3, ,1,0.0,0.0,0.0,5,8,1,167.209548950195,3,15911-42-11-1,57.0,1,3.0,,2.0,1.0,0,0,0,1,1,0,0,1.0,0
15911,46,11,1,1,1,58,6.0,5,2,3, ,1,0.0,0.0,0.0,5,8,1,167.209548950195,4,15911-46-11-1,58.0,1,3.0,,2.0,1.0,0,0,0,1,1,0,0,1.0,0
15919,1,11,1,1,2,62,1.0, ,2,3, ,1,0.0,0.0,0.0,5,6,1,167.209548950195,2,15919-1-11-1,62.0,1,3.0,,2.0,1.0,0,0,0,1,1,0,0,1.0,0
15919,10,11,1,1,2,60,3.0,1,2,3, ,1,0.0,0.0,0.0,5,6,1,167.209548950195,1,15919-10-11-1,60.0,1,3.0,,2.0,1.0,0,0,1,1,1,0,1,1.0,1
15919,19,11,1,1,2,64,3.0,3,7,3,7,1,0.0,0.0,0.0,5,6,1,167.209548950195,1,15919-19-11-1,64.0,1,3.0,7.0,7.0,1.0,0,0,0,1,1,0,0,1.0,0
15919,54,11,1,1,1,83,1.0, , , , , ,0.0,0.0,0.0,5,6,1,167.209548950195,3,15919-54-11-1,83.0,1,,,,0.0,0,0,0,1,1,0,0,0.0,0
15919,69,11,1,1,1,62,4.0,5,2,3, ,1,0.0,0.0,0.0,5,6,1,167.209548950195,1,15919-69-11-1,62.0,1,3.0,,2.0,1.0,0,0,0,1,1,0,0,1.0,0
15919,77,11,1,1,1,58,4.0,5,2,3, ,1,0.0,0.0,0.0,5,6,1,167.209548950195,4,15919-77-11-1,58.0,1,3.0,,2.0,1.0,0,0,0,1,1,0,0,1.0,0
15919,84,11,1,1,1,62,3.0,0,2,3, ,1,0.0,0.0,0.0,5,6,1,167.209548950195,4,15919-84-11-1,62.0,1,3.0,,2.0,1.0,0,0,0,1,1,0,0,1.0,0
15920,3,11,1,1,1,81,3.0,4,2,3, ,1,0.0,0.0,0.0,5,6,1,179.438827514648,2,15920-3-11-1,81.0,1,3.0,,2.0,1.0,0,0,0,1,1,0,0,1.0,0
15920,7,11,1,1,1,40,6.0,5,4,3,7,1,0.0,0.0,0.0,5,6,1,179.438827514648,1,15920-7-11-1,40.0,1,3.0,7.0,4.0,1.0,0,0,1,1,1,0,1,1.0,1
15920,12,11,1,1,1,28,6.0,5,4,1,2,1,0.0,0.0,0.0,5,6,2,179.438827514648,1,15920-12-11-1,28.0,1,1.0,2.0,4.0,0.0,0,0,0,1,1,0,0,0.0,0
15920,20,11,1,1,2,27,6.0,5,4, ,5,5,0.0,0.0,0.0,5,6,1,179.438827514648,2,15920-20-11-1,27.0,1,,5.0,4.0,0.0,0,0,0,1,1,0,0,0.0,0
15920,30,11,1,1,1,62,1.0, ,2,3, ,1,0.0,0.0,0.0,5,6,1,179.438827514648,1,15920-30-11-1,62.0,1,3.0,,2.0,1.0,0,0,0,1,1,0,0,1.0,0
15920,35,11,1,1,1,74,3.0,1,2,3, ,1,0.0,0.0,0.0,5,6,1,179.438827514648,1,15920-35-11-1,74.0,1,3.0,,2.0,1.0,0,0,1,1,1,0,1,1.0,1
15921,1,11,1,1,2,64,1.0, ,2,3, ,1,0.0,0.0,0.0,5,7,1,169.707336425781,1,15921-1-11-1,64.0,1,3.0,,2.0,1.0,0,0,0,1,1,0,0,1.0,0
15921,2,11,1,1,2,94,1.0, , , , , ,0.0,0.0,0.0,5,7,1,169.707336425781,1,15921-2-11-1,94.0,1,,,,0.0,0,0,0,1,1,0,0,0.0,0
15921,3,11,1,1,1,80,1.0, ,2,3, ,1,0.0,0.0,0.0,5,7,1,169.707336425781,3,15921-3-11-1,80.0,1,3.0,,2.0,1.0,0,0,0,1,1,0,0,1.0,0
15921,4,11,1,1,1,58,4.0,5,5,3,7,1,0.0,0.0,0.0,5,7,1,169.707336425781,4,15921-4-11-1,58.0,1,3.0,7.0,5.0,1.0,0,0,0,1,1,0,0,1.0,0
15921,256,11,1,1,1,60,4.0,5,2,3, ,1,0.0,0.0,0.0,5,7,1,169.707336425781,3,15921-256-11-1,60.0,1,3.0,,2.0,1.0,0,0,0,1,1,0,0,1.0,0
15921,258,11,1,1,1,66,3.0,2,2,3, ,1,0.0,0.0,0.0,5,7,1,169.707336425781,2,15921-258-11-1,66.0,1,3.0,,2.0,1.0,0,0,0,1,1,0,0,1.0,0
15921,260,11,1,1,1,46,4.0,0,2,3, ,1,0.0,0.0,0.0,5,7,1,169.707336425781,2,15921-260-11-1,46.0,1,3.0,,2.0,1.0,0,0,0,1,1,0,0,1.0,0
15922,29,11,1,1,2,74,1.0, ,5,3,7,1,0.0,0.0,0.0,5,7,1,163.764602661133,7,15922-29-11-1,74.0,1,3.0,7.0,5.0,1.0,0,0,0,1,1,0,0,1.0,0
15922,208,11,1,1,1,35,5.0,2,2,3, ,1,0.0,0.0,0.0,5,7,1,163.764602661133,4,15922-208-11-1,35.0,1,3.0,,2.0,1.0,0,0,0,1,1,0,0,1.0,0
15922,209,11,1,1,2,81,1.0, ,2,3, ,1,0.0,0.0,0.0,5,7,1,163.764602661133,1,15922-209-11-1,81.0,1,3.0,,2.0,1.0,0,0,0,1,1,0,0,1.0,0
15922,210,11,1,1,1,37,4.0,0,2,3, ,1,0.0,0.0,0.0,5,7,1,163.764602661133,4,15922-210-11-1,37.0,1,3.0,,2.0,1.0,0,0,0,1,1,0,0,1.0,0
15922,211,11,1,1,1,52,3.0,0,2,3, ,1,0.0,0.0,0.0,5,7,1,163.764602661133,5,15922-211-11-1,52.0,1,3.0,,2.0,1.0,0,0,0,1,1,0,0,1.0,0
15923,55,11,1,1,1,34,5.0,3,2,3, ,1,0.0,0.0,0.0,5,7,1,179.438827514648,4,15923-55-11-1,34.0,1,3.0,,2.0,1.0,0,0,0,1,1,0,0,1.0,0
15923,56,11,1,1,1,41,3.0,0,2,3, ,1,0.0,0.0,0.0,5,7,1,179.438827514648,4,15923-56-11-1,41.0,1,3.0,,2.0,1.0,0,0,0,1,1,0,0,1.0,0
15923,164,11,1,1,1,49,5.0,2,2,3, ,1,0.0,0.0,0.0,5,7,1,179.438827514648,4,15923-164-11-1,49.0,1,3.0,,2.0,1.0,0,0,0,1,1,0,0,1.0,0
15923,166,11,1,1,1,47,3.0,0,2,3, ,1,0.0,0.0,0.0,5,7,1,179.438827514648,3,15923-166-11-1,47.0,1,3.0,,2.0,1.0,0,0,0,1,1,0,0,1.0,0
15923,167,11,1,1,2,63,1.0, ,1,3, ,1,0.0,0.0,0.0,5,7,1,179.438827514648,1,15923-167-11-1,63.0,1,3.0,,1.0,1.0,0,0,0,1,1,0,0,1.0,0
15924,23,11,1,1,1,44,4.0,0,2,3, ,1,0.0,0.0,0.0,5,8,1,167.209548950195,6,15924-23-11-1,44.0,1,3.0,,2.0,1.0,0,0,0,1,1,0,0,1.0,0
15924,88,11,1,1,2,37,6.0,5,2,3, ,1,0.0,0.0,0.0,5,8,1,167.209548950195,3,15924-88-11-1,37.0,1,3.0,,2.0,1.0,0,0,0,1,1,0,0,1.0,0
15924,89,11,1,1,2,62,1.0, ,2,3, ,1,0.0,0.0,0.0,5,8,1,167.209548950195,2,15924-89-11-1,62.0,1,3.0,,2.0,1.0,0,0,0,1,1,0,0,1.0,0
15924,90,11,1,1,1,47,4.0,0,1,3, ,1,0.0,0.0,0.0,5,8,1,167.209548950195,8,15924-90-11-1,47.0,1,3.0,,1.0,1.0,0,0,0,1,1,0,0,1.0,0
15926,4,11,1,1,1,56,6.0,5,2,3, ,1,0.0,0.0,0.0,5,6,1,169.707336425781,5,15926-4-11-1,56.0,1,3.0,,2.0,1.0,0,0,0,1,1,0,0,1.0,0
15926,38,11,1,1,2,71,3.0,3,2,3, ,1,0.0,0.0,0.0,5,6,1,169.707336425781,1,15926-38-11-1,71.0,1,3.0,,2.0,1.0,0,0,0,1,1,0,0,1.0,0
15926,45,11,1,1,2,72,3.0,3,2,3, ,1,0.0,0.0,0.0,5,6,1,169.707336425781,2,15926-45-11-1,72.0,1,3.0,,2.0,1.0,0,0,0,1,1,0,0,1.0,0
15926,75,11,1,1,2,56,4.0,0,1,3, ,1,0.0,8.0,0.0,5,6,1,169.707336425781,1,15926-75-11-1,56.0,1,3.0,,1.0,1.0,0,1,0,1,1,0,0,1.0,0
15926,82,11,1,1,2,79,3.0,1, , , , ,0.0,0.0,0.0,5,6,1,169.707336425781,3,15926-82-11-1,79.0,1,,,,0.0,0,0,0,1,1,0,0,0.0,0
15927,23,11,1,1,2,46,5.0,4,4,3,7,1,0.0,0.0,0.0,5,6,1,179.438827514648,2,15927-23-11-1,46.0,1,3.0,7.0,4.0,1.0,0,0,0,1,1,0,0,1.0,0
15927,31,11,1,1,1,79,3.0,0,2,3, ,1,0.0,0.0,0.0,5,6,1,179.438827514648,2,15927-31-11-1,79.0,1,3.0,,2.0,1.0,0,0,0,1,1,0,0,1.0,0
15927,50,11,1,1,1,48,8.0,3,3, ,1,5,0.0,0.0,0.0,5,6,1,179.438827514648,4,15927-50-11-1,48.0,1,,1.0,3.0,0.0,0,0,1,1,1,0,1,0.0,1
15927,60,11,1,1,2,60,3.0,1,2,3, ,1,0.0,0.0,0.0,5,6,1,179.438827514648,1,15927-60-11-1,60.0,1,3.0,,2.0,1.0,0,0,0,1,1,0,0,1.0,0
15927,101,11,1,1,2,77,1.0, , , , , ,0.0,0.0,0.0,5,6,1,179.438827514648,1,15927-101-11-1,77.0,1,,,,0.0,0,0,0,1,1,0,0,0.0,0
15927,116,11,1,1,2,77,1.0, , , , , ,0.0,0.0,0.0,5,6,1,179.438827514648,1,15927-116-11-1,77.0,1,,,,0.0,0,0,0,1,1,0,0,0.0,0
15927,135,11,1,1,2,53,3.0,0,5,3,7,1,0.0,0.0,0.0,5,6,1,179.438827514648,3,15927-135-11-1,53.0,1,3.0,7.0,5.0,1.0,0,0,0,1,1,0,0,1.0,0
15927,147,11,1,1,1,47,6.0,5,2,3, ,1,0.0,0.0,0.0,5,6,1,179.438827514648,1,15927-147-11-1,47.0,1,3.0,,2.0,1.0,0,0,0,1,1,0,0,1.0,0
15928,93,11,1,1,2,57,1.0, ,2,3, ,1,0.0,0.0,0.0,5,7,1,167.209548950195,2,15928-93-11-1,57.0,1,3.0,,2.0,1.0,0,0,0,1,1,0,0,1.0,0
15928,94,11,1,1,2,37,3.0,0,2,3, ,1,0.0,0.0,0.0,5,7,1,167.209548950195,3,15928-94-11-1,37.0,1,3.0,,2.0,1.0,0,0,0,1,1,0,0,1.0,0
15928,241,11,1,1,1,29,6.0,5,2,3, ,1,0.0,0.0,0.0,5,7,1,167.209548950195,3,15928-241-11-1,29.0,1,3.0,,2.0,1.0,0,0,0,1,1,0,0,1.0,0
15928,254,11,1,1,1,53,4.0,0,2,3, ,1,0.0,0.0,0.0,5,7,1,167.209548950195,5,15928-254-11-1,53.0,1,3.0,,2.0,1.0,0,0,0,1,1,0,0,1.0,0
15929,6,11,1,1,1,70,4.0,5,2,3, ,1,0.0,0.0,0.0,5,7, ,169.707336425781,2,15929-6-11-1,70.0,1,3.0,,2.0,1.0,0,0,0,1,1,0,0,1.0,0
15929,7,11,1,1,1,40,6.0,5,2,3, ,1,0.0,0.0,0.0,5,7, ,169.707336425781,4,15929-7-11-1,40.0,1,3.0,,2.0,1.0,0,0,0,1,1,0,0,1.0,0
15929,123,11,1,1,1,78,3.0,2,2,3, ,1,0.0,0.0,0.0,5,7, ,169.707336425781,4,15929-123-11-1,78.0,1,3.0,,2.0,1.0,0,0,0,1,1,0,0,1.0,0
15929,124,11,1,1,1,44,7.0,1,2,3, ,1,0.0,0.0,0.0,5,7, ,169.707336425781,8,15929-124-11-1,44.0,1,3.0,,2.0,1.0,0,0,0,1,1,0,0,1.0,0
15929,125,11,1,1,2,56,3.0,0,2,3, ,1,0.0,0.0,0.0,5,7, ,169.707336425781,2,15929-125-11-1,56.0,1,3.0,,2.0,1.0,0,0,0,1,1,0,0,1.0,0
15929,126,11,1,1,1,65,4.0,5,2,3, ,1,0.0,0.0,0.0,5,7, ,169.707336425781,2,15929-126-11-1,65.0,1,3.0,,2.0,1.0,0,0,0,1,1,0,0,1.0,0
15929,127,11,1,1,1,50,3.0,0,2,3, ,1,0.0,0.0,0.0,5,7, ,169.707336425781,4,15929-127-11-1,50.0,1,3.0,,2.0,1.0,0,0,0,1,1,0,0,1.0,0
15930,21,11,1,1,1,73,4.0,5,2,3, ,1,0.0,0.0,0.0,5,7,1,179.438827514648,2,15930-21-11-1,73.0,1,3.0,,2.0,1.0,0,0,0,1,1,0,0,1.0,0
15930,24,11,1,1,1,77,4.0,5,2,3, ,1,0.0,0.0,0.0,5,7,1,179.438827514648,2,15930-24-11-1,77.0,1,3.0,,2.0,1.0,0,0,0,1,1,0,0,1.0,0
15930,42,11,1,1,2,60,5.0,2,2,3, ,1,0.0,0.0,0.0,5,7,2,179.438827514648,1,15930-42-11-1,60.0,1,3.0,,2.0,1.0,0,0,1,1,1,0,1,1.0,1
15930,44,11,1,1,1,70,6.0,5,2,3, ,1,0.0,0.0,0.0,5,7,1,179.438827514648,1,15930-44-11-1,70.0,1,3.0,,2.0,1.0,0,0,0,1,1,0,0,1.0,0
15931,6,11,1,1,2,74,1.0, ,2,3, ,1,0.0,0.0,0.0,5,8,1,169.707336425781,1,15931-6-11-1,74.0,1,3.0,,2.0,1.0,0,0,0,1,1,0,0,1.0,0
15931,7,11,1,1,1,23,4.0,0,4,3,7,1,0.0,0.0,0.0,5,8,1,169.707336425781,3,15931-7-11-1,23.0,1,3.0,7.0,4.0,1.0,0,0,0,1,1,0,0,1.0,0
15931,33,11,1,1,1,61,3.0,0,2,3, ,1,0.0,0.0,0.0,5,8,1,169.707336425781,1,15931-33-11-1,61.0,1,3.0,,2.0,1.0,0,0,0,1,1,0,0,1.0,0
15931,34,11,1,1,1,49,4.0,0,2,3, ,1,0.0,0.0,0.0,5,8,1,169.707336425781,5,15931-34-11-1,49.0,1,3.0,,2.0,1.0,0,0,0,1,1,0,0,1.0,0
15931,35,11,1,1,1,69,5.0,1,2,3, ,1,0.0,0.0,0.0,5,8,1,169.707336425781,2,15931-35-11-1,69.0,1,3.0,,2.0,1.0,0,0,0,1,1,0,0,1.0,0
15931,38,11,1,1,1,61,5.0,1,2,3, ,1,0.0,0.0,0.0,5,8,1,169.707336425781,2,15931-38-11-1,61.0,1,3.0,,2.0,1.0,0,0,0,1,1,0,0,1.0,0
15932,13,11,1,1,1,62,4.0,5,2,3, ,1,0.0,0.0,0.0,5,6,1,167.209548950195,1,15932-13-11-1,62.0,1,3.0,,2.0,1.0,0,0,0,1,1,0,0,1.0,0
15932,28,11,1,1,1,40,6.0,5,2,3, ,1,0.0,0.0,0.0,5,6,1,167.209548950195,4,15932-28-11-1,40.0,1,3.0,,2.0,1.0,0,0,0,1,1,0,0,1.0,0
15932,59,11,1,1,2,93,1.0, , , , , ,0.0,0.0,0.0,5,6,1,167.209548950195,1,15932-59-11-1,93.0,1,,,,0.0,0,0,0,1,1,0,0,0.0,0
15932,73,11,1,1,1,67,1.0, ,2,3, ,1,0.0,0.0,0.0,5,6,1,167.209548950195,2,15932-73-11-1,67.0,1,3.0,,2.0,1.0,0,0,0,1,1,0,0,1.0,0
15932,121,11,1,1,1,57,5.0,2,1,3, ,1,0.0,0.0,0.0,5,6,1,167.209548950195,3,15932-121-11-1,57.0,1,3.0,,1.0,1.0,0,0,0,1,1,0,0,1.0,0
15932,136,11,1,1,1,60,4.0,5,2,3, ,1,0.0,0.0,0.0,5,6,1,167.209548950195,4,15932-136-11-1,60.0,1,3.0,,2.0,1.0,0,0,0,1,1,0,0,1.0,0
15932,166,11,1,1,1,52,3.0,0, , , , ,0.0,0.0,0.0,5,6,1,167.209548950195,4,15932-166-11-1,52.0,1,,,,0.0,0,0,0,1,1,0,0,0.0,0
15932,177,11,1,1,1,51,6.0,5,2,3, ,1,0.0,0.0,0.0,5,6,1,167.209548950195,5,15932-177-11-1,51.0,1,3.0,,2.0,1.0,0,0,0,1,1,0,0,1.0,0
15933,12,11,1,1,2,81,1.0, , , , , ,0.0,0.0,0.0,5,6,1,179.438827514648,1,15933-12-11-1,81.0,1,,,,0.0,0,0,0,1,1,0,0,0.0,0
15933,20,11,1,1,2,82,1.0, ,2,3, ,1,0.0,0.0,0.0,5,6,1,179.438827514648,1,15933-20-11-1,82.0,1,3.0,,2.0,1.0,0,0,0,1,1,0,0,1.0,0
15933,25,11,1,1,2,68,3.0,4,2,3, ,1,0.0,0.0,0.0,5,6,1,179.438827514648,1,15933-25-11-1,68.0,1,3.0,,2.0,1.0,0,0,0,1,1,0,0,1.0,0
15933,63,11,1,1,2,88,1.0, ,2,3, ,1,0.0,0.0,0.0,5,6,1,179.438827514648,1,15933-63-11-1,88.0,1,3.0,,2.0,1.0,0,0,0,1,1,0,0,1.0,0
15933,64,11,1,1,2,79,1.0, , , , , ,0.0,0.0,0.0,5,6,1,179.438827514648,1,15933-64-11-1,79.0,1,,,,0.0,0,0,0,1,1,0,0,0.0,0
15933,74,11,1,1,1,57,6.0,5,2,3, ,1,0.0,0.0,0.0,5,6,1,179.438827514648,3,15933-74-11-1,57.0,1,3.0,,2.0,1.0,0,0,0,1,1,0,0,1.0,0
15934,3,11,1,1,1,68,1.0, ,2,3, ,1,0.0,0.0,0.0,5,7,2,167.209548950195,2,15934-3-11-1,68.0,1,3.0,,2.0,1.0,0,0,0,1,1,0,0,1.0,0
15934,4,11,1,1,1,46,4.0,0,2,3, ,1,0.0,0.0,0.0,5,7,1,167.209548950195,5,15934-4-11-1,46.0,1,3.0,,2.0,1.0,0,0,0,1,1,0,0,1.0,0
15934,54,11,1,1,1,50,3.0,0,2,3, ,1,0.0,0.0,0.0,5,7,1,167.209548950195,4,15934-54-11-1,50.0,1,3.0,,2.0,1.0,0,0,0,1,1,0,0,1.0,0
15934,58,11,1,1,1,39,6.0,5,2,3, ,1,0.0,0.0,0.0,5,7,1,167.209548950195,3,15934-58-11-1,39.0,1,3.0,,2.0,1.0,0,0,0,1,1,0,0,1.0,0
15934,60,11,1,1,1,35,6.0,5,2,3, ,1,0.0,8.0,0.0,5,7,1,167.209548950195,5,15934-60-11-1,35.0,1,3.0,,2.0,1.0,0,1,0,1,1,0,0,1.0,0
15934,61,11,1,1,1,73,3.0,3,2,3, ,1,0.0,0.0,0.0,5,7,1,167.209548950195,2,15934-61-11-1,73.0,1,3.0,,2.0,1.0,0,0,0,1,1,0,0,1.0,0
15935,21,11,1,1,1,41,5.0,2,2,3, ,1,0.0,0.0,0.0,5,7,1,179.438827514648,5,15935-21-11-1,41.0,1,3.0,,2.0,1.0,0,0,0,1,1,0,0,1.0,0
15935,22,11,1,1,1,46,5.0,3,2,3, ,1,0.0,0.0,0.0,5,7,1,179.438827514648,2,15935-22-11-1,46.0,1,3.0,,2.0,1.0,0,0,0,1,1,0,0,1.0,0
15935,23,11,1,1,1,65,3.0,3,2,3, ,1,0.0,0.0,0.0,5,7,1,179.438827514648,4,15935-23-11-1,65.0,1,3.0,,2.0,1.0,0,0,0,1,1,0,0,1.0,0
15935,24,11,1,1,2,86,1.0, , , , , ,0.0,0.0,0.0,5,7,1,179.438827514648,1,15935-24-11-1,86.0,1,,,,0.0,0,0,0,1,1,0,0,0.0,0
15935,123,11,1,1,1,56,3.0,0,2,3, ,1,0.0,0.0,0.0,5,7,1,179.438827514648,3,15935-123-11-1,56.0,1,3.0,,2.0,1.0,0,0,0,1,1,0,0,1.0,0
15935,127,11,1,1,2,84,1.0, , , , , ,0.0,0.0,0.0,5,7,1,179.438827514648,1,15935-127-11-1,84.0,1,,,,0.0,0,0,0,1,1,0,0,0.0,0
15935,128,11,1,1,2,33,5.0,3,2,3, ,1,0.0,0.0,0.0,5,7,1,179.438827514648,2,15935-128-11-1,33.0,1,3.0,,2.0,1.0,0,0,0,1,1,0,0,1.0,0
15935,129,11,1,1,2,62,1.0, ,2,3, ,1,0.0,0.0,0.0,5,7,1,179.438827514648,1,15935-129-11-1,62.0,1,3.0,,2.0,1.0,0,0,0,1,1,0,0,1.0,0
15937,6,11,1,1,1,49,5.0,2,2,3, ,1,0.0,0.0,0.0,5,8,1,163.764602661133,5,15937-6-11-1,49.0,1,3.0,,2.0,1.0,0,0,0,1,1,0,0,1.0,0
15937,8,11,1,1,1,26,7.0,3,2,3, ,1,0.0,0.0,0.0,5,8,1,163.764602661133,2,15937-8-11-1,26.0,1,3.0,,2.0,1.0,0,0,0,1,1,0,0,1.0,0
15937,61,11,1,1,1,50,3.0,0,4,1,7,1,0.0,0.0,0.0,5,8,1,163.764602661133,3,15937-61-11-1,50.0,1,1.0,7.0,4.0,1.0,0,0,0,1,1,0,0,1.0,0
15937,63,11,1,1,2,57,3.0,0,2,3, ,1,0.0,0.0,0.0,5,8,1,163.764602661133,1,15937-63-11-1,57.0,1,3.0,,2.0,1.0,0,0,0,1,1,0,0,1.0,0
15937,65,11,1,1,1,72,3.0,0,2,3, ,1,0.0,0.0,0.0,5,8,1,163.764602661133,2,15937-65-11-1,72.0,1,3.0,,2.0,1.0,0,0,0,1,1,0,0,1.0,0
15937,67,11,1,1,2,70,1.0, ,2,3, ,1,0.0,0.0,0.0,5,8,1,163.764602661133,1,15937-67-11-1,70.0,1,3.0,,2.0,1.0,0,0,0,1,1,0,0,1.0,0
15938,17,11,1,1,2,76,1.0, ,2,3, ,1,0.0,0.0,0.0,5,6, ,167.209548950195,1,15938-17-11-1,76.0,1,3.0,,2.0,1.0,0,0,0,1,1,0,0,1.0,0
15938,34,11,1,1,1,50,3.0,0,2,3, ,1,0.0,0.0,0.0,5,6, ,167.209548950195,2,15938-34-11-1,50.0,1,3.0,,2.0,1.0,0,0,0,1,1,0,0,1.0,0
15938,52,11,1,1,1,46,5.0,3,2,3, ,1,0.0,0.0,0.0,5,6, ,167.209548950195,7,15938-52-11-1,46.0,1,3.0,,2.0,1.0,0,0,0,1,1,0,0,1.0,0
15938,85,11,1,1,2,72,4.0,5,2,3, ,1,0.0,0.0,0.0,5,6, ,167.209548950195,2,15938-85-11-1,72.0,1,3.0,,2.0,1.0,0,0,0,1,1,0,0,1.0,0
15938,121,11,1,1,1,44,5.0,2,2,3, ,1,0.0,0.0,0.0,5,6, ,167.209548950195,4,15938-121-11-1,44.0,1,3.0,,2.0,1.0,0,0,0,1,1,0,0,1.0,0
15938,172,11,1,1,1,56,3.0,0,2,3, ,1,0.0,0.0,0.0,5,6, ,167.209548950195,1,15938-172-11-1,56.0,1,3.0,,2.0,1.0,0,0,0,1,1,0,0,1.0,0
15938,191,11,1,1,1,44,4.0,0,2,3, ,1,0.0,0.0,0.0,5,6, ,167.209548950195,5,15938-191-11-1,44.0,1,3.0,,2.0,1.0,0,0,0,1,1,0,0,1.0,0
15939,4,11,1,1,1,65,7.0,1,2,3, ,1,0.0,0.0,0.0,5,6, ,179.438827514648,2,15939-4-11-1,65.0,1,3.0,,2.0,1.0,0,0,0,1,1,0,0,1.0,0
15939,24,11,1,1,2,69,6.0,5,5,2,7,1,0.0,0.0,0.0,5,6, ,179.438827514648,2,15939-24-11-1,69.0,1,2.0,7.0,5.0,1.0,0,0,0,1,1,0,0,1.0,0
15939,75,11,1,1,2,82,1.0, , , , , ,0.0,0.0,0.0,5,6, ,179.438827514648,1,15939-75-11-1,82.0,1,,,,0.0,0,0,0,1,1,0,0,0.0,0
15939,90,11,1,1,2,57,4.0,0,3,3,7,1,0.0,0.0,0.0,5,6, ,179.438827514648,1,15939-90-11-1,57.0,1,3.0,7.0,3.0,1.0,0,0,0,1,1,0,0,1.0,0
15939,104,11,1,1,2,46,6.0,5,2,3, ,1,0.0,0.0,0.0,5,6, ,179.438827514648,2,15939-104-11-1,46.0,1,3.0,,2.0,1.0,0,0,0,1,1,0,0,1.0,0
15939,180,11,1,1,2,74,3.0,0, , , , ,0.0,0.0,0.0,5,6, ,179.438827514648,1,15939-180-11-1,74.0,1,,,,0.0,0,0,0,1,1,0,0,0.0,0
15940,46,11,1,1,2,84,1.0, , , , , ,0.0,0.0,0.0,5,7, ,167.209548950195,1,15940-46-11-1,84.0,1,,,,0.0,0,0,0,1,1,0,0,0.0,0
15940,48,11,1,1,1,42,6.0,5,2,3, ,1,0.0,0.0,0.0,5,7, ,167.209548950195,4,15940-48-11-1,42.0,1,3.0,,2.0,1.0,0,0,0,1,1,0,0,1.0,0
15940,155,11,1,1,1,38,6.0,5,2,3, ,1,0.0,0.0,0.0,5,7, ,167.209548950195,1,15940-155-11-1,38.0,1,3.0,,2.0,1.0,0,0,0,1,1,0,0,1.0,0
15940,156,11,1,1,1,66,8.0,3,2,3, ,1,0.0,0.0,0.0,5,7, ,167.209548950195,2,15940-156-11-1,66.0,1,3.0,,2.0,1.0,0,0,0,1,1,0,0,1.0,0
15940,157,11,1,1,1,80,3.0,1,1,3, ,1,0.0,0.0,0.0,5,7, ,167.209548950195,2,15940-157-11-1,80.0,1,3.0,,1.0,1.0,0,0,0,1,1,0,0,1.0,0
15940,159,11,1,1,1,74,4.0,5,2,3, ,1,0.0,0.0,0.0,5,7, ,167.209548950195,2,15940-159-11-1,74.0,1,3.0,,2.0,1.0,0,0,0,1,1,0,0,1.0,0
15940,160,11,1,1,1,74,6.0,5,2,3, ,1,0.0,0.0,0.0,5,7, ,167.209548950195,2,15940-160-11-1,74.0,1,3.0,,2.0,1.0,0,0,0,1,1,0,0,1.0,0
15940,161,11,1,1,2,78,1.0, ,2,3, ,1,0.0,0.0,0.0,5,7, ,167.209548950195,1,15940-161-11-1,78.0,1,3.0,,2.0,1.0,0,0,0,1,1,0,0,1.0,0
15941,101,11,1,1,1,62,3.0,2,2,3, ,1,0.0,0.0,0.0,5,7, ,167.209548950195,5,15941-101-11-1,62.0,1,3.0,,2.0,1.0,0,0,0,1,1,0,0,1.0,0
15941,102,11,1,1,1,35,6.0,5,2,3, ,1,0.0,0.0,0.0,5,7, ,167.209548950195,3,15941-102-11-1,35.0,1,3.0,,2.0,1.0,0,0,0,1,1,0,0,1.0,0
15941,104,11,1,1,1,83,1.0, ,5,3,7,1,0.0,0.0,0.0,5,7, ,167.209548950195,2,15941-104-11-1,83.0,1,3.0,7.0,5.0,1.0,0,0,1,1,1,0,1,1.0,1
15941,262,11,1,1,2,90,1.0, , , , , ,0.0,0.0,0.0,5,7, ,167.209548950195,2,15941-262-11-1,90.0,1,,,,0.0,0,0,1,1,1,0,1,0.0,1
15941,263,11,1,1,2,47,5.0,2,2,3, ,1,0.0,8.0,0.0,5,7, ,167.209548950195,3,15941-263-11-1,47.0,1,3.0,,2.0,1.0,0,1,0,1,1,0,0,1.0,0
15941,264,11,1,1,1,40,6.0,5,2,3, ,1,0.0,0.0,0.0,5,7, ,167.209548950195,3,15941-264-11-1,40.0,1,3.0,,2.0,1.0,0,0,1,1,1,0,1,1.0,1
15941,265,11,1,1,2,68,3.0,1,2,3, ,1,0.0,0.0,0.0,5,7, ,167.209548950195,2,15941-265-11-1,68.0,1,3.0,,2.0,1.0,0,0,1,1,1,0,1,1.0,1
15942,29,11,1,1,1,42,6.0,5,2,3, ,1,0.0,0.0,0.0,5,7, ,163.764602661133,6,15942-29-11-1,42.0,1,3.0,,2.0,1.0,0,0,0,1,1,0,0,1.0,0
15942,31,11,1,1,1,66,8.0,3,2,3, ,1,0.0,0.0,0.0,5,7, ,163.764602661133,3,15942-31-11-1,66.0,1,3.0,,2.0,1.0,0,0,0,1,1,0,0,1.0,0
15942,97,11,1,1,2,56,5.0,3,2,3, ,1,0.0,0.0,0.0,5,7, ,163.764602661133,1,15942-97-11-1,56.0,1,3.0,,2.0,1.0,0,0,0,1,1,0,0,1.0,0
15942,107,11,1,1,1,60,5.0,1,2,3, ,1,0.0,0.0,0.0,5,7, ,163.764602661133,2,15942-107-11-1,60.0,1,3.0,,2.0,1.0,0,0,0,1,1,0,0,1.0,0
15942,110,11,1,1,1,61,3.0,0,2,3, ,1,0.0,0.0,0.0,5,7, ,163.764602661133,1,15942-110-11-1,61.0,1,3.0,,2.0,1.0,0,0,0,1,1,0,0,1.0,0
15949,4,11,1,1,1,59,3.0,1,2,3, ,1,0.0,0.0,0.0,7,7,1,118.913909912109,2,15949-4-11-1,59.0,1,3.0,,2.0,1.0,0,0,0,1,1,0,0,1.0,0
15949,71,11,1,1,2,60,3.0,1,2,3, ,1,0.0,0.0,0.0,7,7,1,118.913909912109,1,15949-71-11-1,60.0,1,3.0,,2.0,1.0,0,0,0,1,1,0,0,1.0,0
15949,72,11,1,1,1,56,3.0,0,2,3, ,1,0.0,0.0,0.0,7,7,1,118.913909912109,1,15949-72-11-1,56.0,1,3.0,,2.0,1.0,0,0,0,1,1,0,0,1.0,0
15949,76,11,1,1,1,94,3.0,2,2,3, ,1,0.0,0.0,0.0,7,7,1,118.913909912109,2,15949-76-11-1,94.0,1,3.0,,2.0,1.0,0,0,0,1,1,0,0,1.0,0
15949,78,11,1,1,2,46,5.0,2,2,3, ,1,0.0,0.0,0.0,7,7,1,118.913909912109,3,15949-78-11-1,46.0,1,3.0,,2.0,1.0,0,0,0,1,1,0,0,1.0,0
15949,79,11,1,1,1,42,3.0,0,2,3, ,1,0.0,0.0,0.0,7,7,1,118.913909912109,4,15949-79-11-1,42.0,1,3.0,,2.0,1.0,0,0,0,1,1,0,0,1.0,0
15950,50,11,1,1,1,56,4.0,0,2,3, ,1,0.0,0.0,0.0,7,7,1,118.913909912109,3,15950-50-11-1,56.0,1,3.0,,2.0,1.0,0,0,1,1,1,0,1,1.0,1
15950,51,11,1,1,2,61,3.0,3,2,3, ,1,0.0,0.0,0.0,7,7,1,118.913909912109,3,15950-51-11-1,61.0,1,3.0,,2.0,1.0,0,0,0,1,1,0,0,1.0,0
15950,52,11,1,1,2,50,3.0,0,5,3,7,1,0.0,0.0,0.0,7,7,1,118.913909912109,3,15950-52-11-1,50.0,1,3.0,7.0,5.0,1.0,0,0,0,1,1,0,0,1.0,0
15950,461,11,1,1,1,27,5.0,2,2,3, ,1,0.0,0.0,0.0,7,7,1,118.913909912109,3,15950-461-11-1,27.0,1,3.0,,2.0,1.0,0,0,0,1,1,0,0,1.0,0
15950,462,11,1,1,1,68,3.0,0,2,3, ,1,0.0,0.0,0.0,7,7,1,118.913909912109,1,15950-462-11-1,68.0,1,3.0,,2.0,1.0,0,0,0,1,1,0,0,1.0,0
15950,463,11,1,1,2,38,5.0,2,2,3, ,1,0.0,0.0,0.0,7,7,1,118.913909912109,3,15950-463-11-1,38.0,1,3.0,,2.0,1.0,0,0,0,1,1,0,0,1.0,0
15954,25,11,1,1,2,54,3.0,0,6, ,7,1,0.0,0.0,0.0,4,2,1,466.294311523438,2,15954-25-11-1,54.0,1,,7.0,6.0,1.0,0,0,0,1,1,0,0,1.0,0
15954,75,12,1,1,2,29,5.0,4,4,3,7,1,0.0,8.0,0.0,4,2,2,466.294311523438,3,15954-75-12-1,29.0,1,3.0,7.0,4.0,1.0,0,1,1,1,1,0,1,1.0,1
15954,123,11,1,1,1,40,6.0,5,4,2,1,5,0.0,8.0,0.0,4,2,1,466.294311523438,4,15954-123-11-1,40.0,1,2.0,1.0,4.0,0.0,0,1,0,1,1,0,0,0.0,0
15954,151,11,1,1,1,47,3.0,0,2,2, ,1,0.0,8.0,0.0,4,2,1,466.294311523438,7,15954-151-11-1,47.0,1,2.0,,2.0,0.0,0,1,0,1,1,0,0,0.0,0
15954,176,11,1,1,2,26,5.0,3, , , , ,0.0,8.0,0.0,4,2,1,466.294311523438,2,15954-176-11-1,26.0,1,,,,0.0,0,1,0,1,1,0,0,0.0,0
15962,39,11,1,1,1,41,11.0,2,3,1,2,5,0.0,8.0,0.0,4,2,1,5.91268682479858,4,15962-39-11-1,41.0,1,1.0,2.0,3.0,0.0,0,1,0,1,1,0,0,0.0,0
15962,57,11,1,1,1,59,6.0,5,2,3, ,1,0.0,8.0,0.0,4,2,1,5.91268682479858,3,15962-57-11-1,59.0,1,3.0,,2.0,1.0,0,1,0,1,1,0,0,1.0,0
15962,90,11,1,1,2,90,1.0, , , , , ,0.0,0.0,0.0,4,2,1,5.91268682479858,1,15962-90-11-1,90.0,1,,,,0.0,0,0,0,1,1,0,0,0.0,0
15962,107,11,1,1,1,64,10.0,5, , , , ,0.0,0.0,0.0,4,2,1,5.91268682479858,3,15962-107-11-1,64.0,1,,,,0.0,0,0,0,1,1,0,0,0.0,0
15962,135,11,1,1,2,40,7.0,1,6, ,7,1,0.0,8.0,0.0,4,2,1,5.91268682479858,3,15962-135-11-1,40.0,1,,7.0,6.0,1.0,0,1,0,1,1,0,0,1.0,0
15962,154,11,1,1,2,61,10.0,5,3, ,6,5,0.0,0.0,0.0,4,2,1,5.91268682479858,6,15962-154-11-1,61.0,1,,6.0,3.0,0.0,0,0,0,1,1,0,0,0.0,0
15973,50,11,1,1,2,32,6.0,5,3,2,7,1,0.0,8.0,0.0,4,2,1,15.0877227783203,4,15973-50-11-1,32.0,1,2.0,7.0,3.0,1.0,0,1,0,1,1,0,0,1.0,0
15975,4,11,1,1,1,38,8.0,3,3,1,2,4,0.0,8.0,0.0,4,2,1,523.268432617188,4,15975-4-11-1,38.0,1,1.0,2.0,3.0,0.0,0,1,0,1,1,0,0,0.0,0
15975,15,11,1,1,2,40,3.0,0,2,3, ,1,0.0,0.0,0.0,4,2,1,523.268432617188,4,15975-15-11-1,40.0,1,3.0,,2.0,1.0,0,0,0,1,1,0,0,1.0,0
15975,26,11,1,1,1,19,7.0,1,2,3, ,1,0.0,8.0,0.0,4,2,1,523.268432617188,1,15975-26-11-1,19.0,1,3.0,,2.0,1.0,0,1,0,1,1,0,0,1.0,0
15975,58,11,1,1,2,79,1.0, ,2,3, ,1,0.0,0.0,0.0,4,2,1,523.268432617188,2,15975-58-11-1,79.0,1,3.0,,2.0,1.0,0,0,0,1,1,0,0,1.0,0
15975,69,11,1,1,2,76,6.0,5,2,3, ,1,0.0,0.0,0.0,4,2,1,523.268432617188,1,15975-69-11-1,76.0,1,3.0,,2.0,1.0,0,0,0,1,1,0,0,1.0,0
15976,12,11,1,1,1,43,10.0,5,3,1,1,5,0.0,8.0,0.0,4,2,1,525.006713867188,5,15976-12-11-1,43.0,1,1.0,1.0,3.0,0.0,0,1,0,1,1,0,0,0.0,0
15976,58,11,1,1,1,32,9.0,2,3,1,2,2,0.0,8.0,0.0,4,2,1,525.006713867188,3,15976-58-11-1,32.0,1,1.0,2.0,3.0,0.0,0,1,1,1,1,0,1,0.0,1
15977,34,11,1,1,2,38,4.0,0, , , , ,0.0,8.0,0.0,4,2,1,511.204467773438,3,15977-34-11-1,38.0,1,,,,0.0,0,1,0,1,1,0,0,0.0,0
15977,67,11,1,1,2,29,10.0,5,3,2,1,5,0.0,8.0,0.0,4,2,1,511.204467773438,2,15977-67-11-1,29.0,1,2.0,1.0,3.0,0.0,0,1,1,1,1,0,1,0.0,1
15977,83,11,1,1,1,41,10.0,5,4,3,7,1,0.0,8.0,0.0,4,2,1,511.204467773438,4,15977-83-11-1,41.0,1,3.0,7.0,4.0,1.0,0,1,1,1,1,0,1,1.0,1
15978,4,11,1,1,1,70,4.0,6,2,3, ,1,0.0,0.0,0.0,4,2,1,54.0282592773438,2,15978-4-11-1,70.0,1,3.0,,2.0,1.0,0,0,0,1,1,0,0,1.0,0
15978,61,11,1,1,2,74,4.0,5,2,3, ,1,0.0,0.0,0.0,4,2,1,54.0282592773438,2,15978-61-11-1,74.0,1,3.0,,2.0,1.0,0,0,0,1,1,0,0,1.0,0
15978,105,11,1,1,1,20,9.0,2,4,2,7,1,0.0,8.0,0.0,4,2,2,54.0282592773438,1,15978-105-11-1,20.0,1,2.0,7.0,4.0,1.0,0,1,0,1,1,0,0,1.0,0
15978,186,11,1,1,1,84,3.0,3, , , , ,0.0,0.0,0.0,4,2,1,54.0282592773438,2,15978-186-11-1,84.0,1,,,,0.0,0,0,0,1,1,0,0,0.0,0
15980,94,11,1,1,2,47,8.0,3,2,3, ,1,0.0,0.0,0.0,4,2,1,586.256713867188,2,15980-94-11-1,47.0,1,3.0,,2.0,1.0,0,0,0,1,1,0,0,1.0,0
15981,34,11,1,1,2,77,6.0,5, , , , ,0.0,0.0,0.0,4,2, ,54.0282592773438,1,15981-34-11-1,77.0,1,,,,0.0,0,0,0,1,1,0,0,0.0,0
15981,51,11,1,1,1,58,10.0,5,3, ,1,5,0.0,8.0,0.0,4,2, ,54.0282592773438,5,15981-51-11-1,58.0,1,,1.0,3.0,0.0,0,1,0,1,1,0,0,0.0,0
15981,70,11,1,1,2,26,9.0,4, , , , ,0.0,8.0,0.0,4,2, ,54.0282592773438,2,15981-70-11-1,26.0,1,,,,0.0,0,1,0,1,1,0,0,0.0,0
15981,107,11,1,1,1,74,8.0,5, , , , ,0.0,0.0,0.0,4,2, ,54.0282592773438,5,15981-107-11-1,74.0,1,,,,0.0,0,0,0,1,1,0,0,0.0,0
15982,39,11,1,1,2,37,10.0,5,3, ,5,5,0.0,8.0,0.0,4,2,1,52.9195404052734,2,15982-39-11-1,37.0,1,,5.0,3.0,0.0,0,1,0,1,1,0,0,0.0,0
15982,98,11,1,1,2,48,6.0,5,2,3, ,1,0.0,8.0,0.0,4,2,1,52.9195404052734,2,15982-98-11-1,48.0,1,3.0,,2.0,1.0,0,1,0,1,1,0,0,1.0,0
15982,111,11,1,1,1,69,6.0,5,4, ,1,5,0.0,0.0,0.0,4,2,1,52.9195404052734,1,15982-111-11-1,69.0,1,,1.0,4.0,0.0,0,0,1,1,1,0,1,0.0,1
15982,125,11,1,1,1,71,8.0,3, , , , ,0.0,8.0,0.0,4,2,1,52.9195404052734,3,15982-125-11-1,71.0,1,,,,0.0,0,1,0,1,1,0,0,0.0,0
15983,9,11,1,1,1,61,1.0, ,4,3,7,1,0.0,0.0,0.0,4,2, ,691.538208007813,3,15983-9-11-1,61.0,1,3.0,7.0,4.0,1.0,0,0,0,1,1,0,0,1.0,0
15983,136,11,1,1,1,54,6.0,5,2,2, ,1,0.0,0.0,0.0,4,2, ,691.538208007813,4,15983-136-11-1,54.0,1,2.0,,2.0,0.0,0,0,0,1,1,0,0,0.0,0
15983,157,11,1,1,1,41,4.0,0,5,3,7,1,0.0,8.0,0.0,4,2, ,691.538208007813,4,15983-157-11-1,41.0,1,3.0,7.0,5.0,1.0,0,1,0,1,1,0,0,1.0,0
16005,13,11,1,1,1,61,3.0,2,4,3,7,1,0.0,0.0,0.0,4,5,1,691.538208007813,5,16005-13-11-1,61.0,1,3.0,7.0,4.0,1.0,0,0,0,1,1,0,0,1.0,0
16005,27,11,1,1,1,89,4.0,5, , , , ,0.0,0.0,0.0,4,5,1,691.538208007813,1,16005-27-11-1,89.0,1,,,,0.0,0,0,0,1,1,0,0,0.0,0
16005,98,11,1,1,2,60,10.0,5, , , , ,0.0,0.0,0.0,4,5,1,691.538208007813,1,16005-98-11-1,60.0,1,,,,0.0,0,0,0,1,1,0,0,0.0,0
16005,126,11,1,1,2,70,8.0,3,2,3, ,1,0.0,0.0,0.0,4,5,2,691.538208007813,2,16005-126-11-1,70.0,1,3.0,,2.0,1.0,0,0,0,1,1,0,0,1.0,0
16007,5,11,1,1,1,76,3.0,0,2,3, ,1,0.0,0.0,0.0,4,5,1,487.965240478516,2,16007-5-11-1,76.0,1,3.0,,2.0,1.0,0,0,0,1,1,0,0,1.0,0
16007,30,11,1,1,1,41,4.0,0,2,3, ,1,0.0,8.0,0.0,4,5,1,487.965240478516,5,16007-30-11-1,41.0,1,3.0,,2.0,1.0,0,1,0,1,1,0,0,1.0,0
16007,42,11,1,1,2,65,1.0, ,2,3, ,1,0.0,0.0,0.0,4,5,1,487.965240478516,2,16007-42-11-1,65.0,1,3.0,,2.0,1.0,0,0,0,1,1,0,0,1.0,0
16007,66,11,1,1,2,62,1.0, ,2,3, ,1,0.0,0.0,0.0,4,5,1,487.965240478516,3,16007-66-11-1,62.0,1,3.0,,2.0,1.0,0,0,0,1,1,0,0,1.0,0
16007,79,11,1,1,1,60,4.0,5,2,3, ,1,0.0,0.0,0.0,4,5,1,487.965240478516,6,16007-79-11-1,60.0,1,3.0,,2.0,1.0,0,0,0,1,1,0,0,1.0,0
16008,33,11,1,1,1,90,3.0,2, , , , ,0.0,0.0,0.0,4,5,1,586.256713867188,4,16008-33-11-1,90.0,1,,,,0.0,0,0,0,1,1,0,0,0.0,0
16008,45,11,1,1,2,39,8.0,5,3, ,2,5,0.0,0.0,0.0,4,5,1,586.256713867188,1,16008-45-11-1,39.0,1,,2.0,3.0,0.0,0,0,0,1,1,0,0,0.0,0
16008,108,11,1,1,2,44,8.0,3,2,3, ,1,0.0,0.0,0.0,4,5,1,586.256713867188,4,16008-108-11-1,44.0,1,3.0,,2.0,1.0,0,0,0,1,1,0,0,1.0,0
16009,37,11,1,1,2,62,1.0, ,2,3, ,1,0.0,0.0,0.0,4,5,1,700.008972167969,3,16009-37-11-1,62.0,1,3.0,,2.0,1.0,0,0,0,1,1,0,0,1.0,0
16009,47,11,1,1,1,86,1.0, ,2,3, ,1,0.0,0.0,0.0,4,5,1,700.008972167969,3,16009-47-11-1,86.0,1,3.0,,2.0,1.0,0,0,0,1,1,0,0,1.0,0
16010,42,11,1,1,2,59,8.0,3,2,3, ,1,0.0,0.0,0.0,4,5,1,681.60595703125,1,16010-42-11-1,59.0,1,3.0,,2.0,1.0,0,0,0,1,1,0,0,1.0,0
16010,57,11,1,1,2,75,1.0, ,2,3, ,1,0.0,0.0,0.0,4,5,1,681.60595703125,2,16010-57-11-1,75.0,1,3.0,,2.0,1.0,0,0,0,1,1,0,0,1.0,0
16010,71,11,1,1,1,37,4.0,0,4,3,7,1,0.0,0.0,0.0,4,5,1,681.60595703125,4,16010-71-11-1,37.0,1,3.0,7.0,4.0,1.0,0,0,0,1,1,0,0,1.0,0
16010,100,11,1,1,2,48,5.0,1, , , , ,0.0,0.0,0.0,4,5,1,681.60595703125,6,16010-100-11-1,48.0,1,,,,0.0,0,0,0,1,1,0,0,0.0,0
16011,11,11,1,1,1,48,6.0,5,4,3,7,1,0.0,0.0,0.0,4,5,1,544.533813476563,4,16011-11-11-1,48.0,1,3.0,7.0,4.0,1.0,0,0,0,1,1,0,0,1.0,0
16011,47,11,1,1,1,54,6.0,5,2,2, ,1,0.0,0.0,0.0,4,5,1,544.533813476563,4,16011-47-11-1,54.0,1,2.0,,2.0,0.0,0,0,0,1,1,0,0,0.0,0
16011,64,11,1,1,1,78,5.0,4, , , , ,0.0,0.0,0.0,4,5,1,544.533813476563,2,16011-64-11-1,78.0,1,,,,0.0,0,0,0,1,1,0,0,0.0,0
16011,82,11,1,1,1,85,3.0,2, , , , ,0.0,0.0,0.0,4,5,1,544.533813476563,3,16011-82-11-1,85.0,1,,,,0.0,0,0,0,1,1,0,0,0.0,0
16011,117,11,1,1,2,63,8.0,5,3, ,1,5,0.0,0.0,0.0,4,5,1,544.533813476563,1,16011-117-11-1,63.0,1,,1.0,3.0,0.0,0,0,0,1,1,0,0,0.0,0
16012,16,11,1,1,2,53,3.0,0, , , , ,0.0,0.0,0.0,4,5,1,466.294311523438,3,16012-16-11-1,53.0,1,,,,0.0,0,0,0,1,1,0,0,0.0,0
16012,37,11,1,1,1,41,10.0,5,1,1, ,1,0.0,8.0,0.0,4,5,1,466.294311523438,4,16012-37-11-1,41.0,1,1.0,,1.0,0.0,0,1,1,1,1,0,1,0.0,1
16012,57,11,1,1,1,68,4.0,5,2,3, ,1,0.0,0.0,0.0,4,5,1,466.294311523438,6,16012-57-11-1,68.0,1,3.0,,2.0,1.0,0,0,0,1,1,0,0,1.0,0
16012,99,11,1,1,1,50,4.0,0, , , , ,0.0,0.0,0.0,4,5,1,466.294311523438,4,16012-99-11-1,50.0,1,,,,0.0,0,0,0,1,1,0,0,0.0,0
16012,119,11,1,1,2,36,4.0,0,5,3,7,1,0.0,0.0,0.0,4,5,1,466.294311523438,5,16012-119-11-1,36.0,1,3.0,7.0,5.0,1.0,0,0,0,1,1,0,0,1.0,0
16012,140,11,1,1,2,81,3.0,3,2,3, ,1,0.0,0.0,0.0,4,5,1,466.294311523438,2,16012-140-11-1,81.0,1,3.0,,2.0,1.0,0,0,0,1,1,0,0,1.0,0
16013,11,11,1,1,1,69,6.0,5,2,3, ,1,0.0,0.0,0.0,4,5, ,681.60595703125,3,16013-11-11-1,69.0,1,3.0,,2.0,1.0,0,0,0,1,1,0,0,1.0,0
16013,46,11,1,1,1,44,4.0,0,2,3, ,1,0.0,0.0,0.0,4,5, ,681.60595703125,5,16013-46-11-1,44.0,1,3.0,,2.0,1.0,0,0,0,1,1,0,0,1.0,0
16013,62,11,1,1,1,47,3.0,0,4,3,7,1,0.0,0.0,0.0,4,5, ,681.60595703125,4,16013-62-11-1,47.0,1,3.0,7.0,4.0,1.0,0,0,0,1,1,0,0,1.0,0
16013,79,11,1,1,1,44,8.0,3,2,3, ,1,0.0,0.0,0.0,4,5, ,681.60595703125,4,16013-79-11-1,44.0,1,3.0,,2.0,1.0,0,0,0,1,1,0,0,1.0,0
16013,114,11,1,1,1,65,8.0,5,3, ,1,5,0.0,8.0,0.0,4,5, ,681.60595703125,5,16013-114-11-1,65.0,1,,1.0,3.0,0.0,0,1,0,1,1,0,0,0.0,0
16013,132,11,1,1,2,44,6.0,5,2,2, ,1,0.0,8.0,0.0,4,5, ,681.60595703125,2,16013-132-11-1,44.0,1,2.0,,2.0,0.0,0,1,1,1,1,0,1,0.0,1
16014,17,11,1,1,2,63,1.0, ,6, ,7,1,0.0,0.0,0.0,4,5, ,487.965240478516,9,16014-17-11-1,63.0,1,,7.0,6.0,1.0,0,0,0,1,1,0,0,1.0,0
16014,36,11,1,1,2,52,3.0,0,2,3, ,1,0.0,0.0,0.0,4,5, ,487.965240478516,2,16014-36-11-1,52.0,1,3.0,,2.0,1.0,0,0,0,1,1,0,0,1.0,0
16014,73,11,1,1,1,52,4.0,0,2,3, ,1,0.0,0.0,0.0,4,5, ,487.965240478516,2,16014-73-11-1,52.0,1,3.0,,2.0,1.0,0,0,0,1,1,0,0,1.0,0
16014,111,11,1,1,1,60,8.0,5,3, ,1,5,0.0,8.0,0.0,4,5, ,487.965240478516,5,16014-111-11-1,60.0,1,,1.0,3.0,0.0,0,1,0,1,1,0,0,0.0,0
16014,127,11,1,1,2,57,6.0,5,2,3, ,1,0.0,0.0,0.0,4,5, ,487.965240478516,1,16014-127-11-1,57.0,1,3.0,,2.0,1.0,0,0,0,1,1,0,0,1.0,0
16014,150,11,1,1,1,39,3.0,0,2,3, ,1,0.0,0.0,0.0,4,5, ,487.965240478516,4,16014-150-11-1,39.0,1,3.0,,2.0,1.0,0,0,0,1,1,0,0,1.0,0
16030,2,11,1,1,2,87,1.0, ,2,3, ,1,0.0,0.0,0.0,7,3,1,197.899108886719,1,16030-2-11-1,87.0,1,3.0,,2.0,1.0,0,0,0,1,1,0,0,1.0,0
16030,20,11,1,1,2,65,1.0, , , , , ,0.0,0.0,0.0,7,3,1,197.899108886719,4,16030-20-11-1,65.0,1,,,,0.0,0,0,0,1,1,0,0,0.0,0
16031,11,11,1,1,1,55,8.0,3,2,2, ,1,0.0,0.0,0.0,7,5,1,158.894134521484,1,16031-11-11-1,55.0,1,2.0,,2.0,0.0,0,0,0,1,1,0,0,0.0,0
16031,63,11,1,1,1,68,9.0,1,2,3, ,1,0.0,0.0,0.0,7,5,1,158.894134521484,2,16031-63-11-1,68.0,1,3.0,,2.0,1.0,0,0,0,1,1,0,0,1.0,0
16031,88,11,1,1,2,56,8.0,4,2,3, ,1,0.0,8.0,0.0,7,5,1,158.894134521484,4,16031-88-11-1,56.0,1,3.0,,2.0,1.0,0,1,0,1,1,0,0,1.0,0
16032,15,11,1,1,1,62,3.0,4,4,3,7,1,0.0,0.0,0.0,7,5,2,849.8828125,2,16032-15-11-1,62.0,1,3.0,7.0,4.0,1.0,0,0,0,1,1,0,0,1.0,0
16032,31,11,1,1,1,61,4.0,5,4,3,7,1,0.0,0.0,0.0,7,5,1,849.8828125,2,16032-31-11-1,61.0,1,3.0,7.0,4.0,1.0,0,0,0,1,1,0,0,1.0,0
16032,47,11,1,1,2,43,6.0,5,2,3, ,1,0.0,0.0,0.0,7,5,1,849.8828125,3,16032-47-11-1,43.0,1,3.0,,2.0,1.0,0,0,0,1,1,0,0,1.0,0
16032,96,11,1,1,2,84,3.0,0, , , , ,0.0,0.0,0.0,7,5,1,849.8828125,1,16032-96-11-1,84.0,1,,,,0.0,0,0,0,1,1,0,0,0.0,0
16033,10,11,1,1,1,40,11.0,2,2,3, ,1,0.0,0.0,0.0,7,3,1,158.894134521484,3,16033-10-11-1,40.0,1,3.0,,2.0,1.0,0,0,0,1,1,0,0,1.0,0
16033,28,11,1,1,1,29,4.0,0,2,3, ,1,0.0,0.0,0.0,7,3,1,158.894134521484,3,16033-28-11-1,29.0,1,3.0,,2.0,1.0,0,0,0,1,1,0,0,1.0,0
16033,121,11,1,1,1,73,8.0,5, , , , ,0.0,0.0,0.0,7,3,1,158.894134521484,6,16033-121-11-1,73.0,1,,,,0.0,0,0,0,1,1,0,0,0.0,0
16034,3,11,1,1,1,56,6.0,5,2,3, ,1,0.0,0.0,0.0,7,3,1,139.58203125,5,16034-3-11-1,56.0,1,3.0,,2.0,1.0,0,0,0,1,1,0,0,1.0,0
16034,33,11,1,1,2,50,4.0,0,3,3,5,3,0.0,0.0,0.0,7,3,1,139.58203125,3,16034-33-11-1,50.0,1,3.0,5.0,3.0,1.0,0,0,0,1,1,0,0,1.0,0
16034,77,11,1,1,2,37,5.0,1,2,3, ,1,0.0,0.0,0.0,7,3,1,139.58203125,1,16034-77-11-1,37.0,1,3.0,,2.0,1.0,0,0,0,1,1,0,0,1.0,0
16035,23,11,1,1,2,59,4.0,5,2,3, ,1,0.0,0.0,0.0,7,5, ,849.8828125,8,16035-23-11-1,59.0,1,3.0,,2.0,1.0,0,0,0,1,1,0,0,1.0,0
16035,46,11,1,1,1,59,7.0,2,4, ,6,5,0.0,0.0,0.0,7,5, ,849.8828125,3,16035-46-11-1,59.0,1,,6.0,4.0,0.0,0,0,0,1,1,0,0,0.0,0
16035,58,11,1,1,1,74,6.0,5, , , , ,0.0,0.0,0.0,7,5, ,849.8828125,4,16035-58-11-1,74.0,1,,,,0.0,0,0,0,1,1,0,0,0.0,0
16035,71,11,1,1,2,63,3.0,2,2,3, ,1,0.0,0.0,0.0,7,5, ,849.8828125,4,16035-71-11-1,63.0,1,3.0,,2.0,1.0,0,0,0,1,1,0,0,1.0,0
16035,83,11,1,1,2,33,6.0,5,2,3, ,1,0.0,0.0,0.0,7,5, ,849.8828125,3,16035-83-11-1,33.0,1,3.0,,2.0,1.0,0,0,0,1,1,0,0,1.0,0
16036,14,11,1,1,1,58,4.0,6,4,3,7,1,0.0,0.0,0.0,7,5, ,162.220153808594,3,16036-14-11-1,58.0,1,3.0,7.0,4.0,1.0,0,0,0,1,1,0,0,1.0,0
16036,34,11,1,1,2,59,8.0,5,3, ,1,5,0.0,0.0,0.0,7,5, ,162.220153808594,3,16036-34-11-1,59.0,1,,1.0,3.0,0.0,0,0,0,1,1,0,0,0.0,0
16036,44,11,1,1,2,65,6.0,5, , , , ,0.0,0.0,0.0,7,5, ,162.220153808594,2,16036-44-11-1,65.0,1,,,,0.0,0,0,0,1,1,0,0,0.0,0
16036,65,11,1,1,1,49,3.0,0,2,3, ,1,0.0,0.0,0.0,7,5, ,162.220153808594,2,16036-65-11-1,49.0,1,3.0,,2.0,1.0,0,0,0,1,1,0,0,1.0,0
16036,74,11,1,1,2,40,8.0,3,2,3, ,1,0.0,0.0,0.0,7,5, ,162.220153808594,3,16036-74-11-1,40.0,1,3.0,,2.0,1.0,0,0,0,1,1,0,0,1.0,0
16036,81,11,1,1,1,55,3.0,0,2,3, ,1,0.0,0.0,0.0,7,5, ,162.220153808594,4,16036-81-11-1,55.0,1,3.0,,2.0,1.0,0,0,0,1,1,0,0,1.0,0
16042,5,11,1,1,1,64,1.0, ,2,3, ,1,0.0,0.0,0.0,1,7,1,132.078247070313,2,16042-5-11-1,64.0,1,3.0,,2.0,1.0,0,0,0,1,1,0,0,1.0,0
16042,8,11,1,1,1,39,6.0,5,2,3, ,1,0.0,0.0,0.0,1,7,1,132.078247070313,5,16042-8-11-1,39.0,1,3.0,,2.0,1.0,0,0,1,1,1,0,1,1.0,1
16042,129,11,1,1,1,62,4.0,5,2,3, ,1,0.0,0.0,0.0,1,7,1,132.078247070313,2,16042-129-11-1,62.0,1,3.0,,2.0,1.0,0,0,0,1,1,0,0,1.0,0
16042,130,11,1,1,1,82,3.0,3,2,3, ,1,0.0,0.0,0.0,1,7,1,132.078247070313,2,16042-130-11-1,82.0,1,3.0,,2.0,1.0,0,0,0,1,1,0,0,1.0,0
16042,133,11,1,1,2,39,3.0,0,2,3, ,1,0.0,0.0,0.0,1,7,1,132.078247070313,3,16042-133-11-1,39.0,1,3.0,,2.0,1.0,0,0,0,1,1,0,0,1.0,0
16042,134,11,1,1,1,94,1.0, ,2,3, ,1,0.0,0.0,0.0,1,7,1,132.078247070313,2,16042-134-11-1,94.0,1,3.0,,2.0,1.0,0,0,0,1,1,0,0,1.0,0
16043,97,11,1,1,1,31,6.0,5,2,3, ,1,0.0,0.0,0.0,1,7,1,93.906623840332,8,16043-97-11-1,31.0,1,3.0,,2.0,1.0,0,0,0,1,1,0,0,1.0,0
16043,98,11,1,1,1,33,6.0,5,2,3, ,1,0.0,8.0,0.0,1,7,1,93.906623840332,3,16043-98-11-1,33.0,1,3.0,,2.0,1.0,0,1,0,1,1,0,0,1.0,0
16043,99,11,1,1,2,91,3.0,1,2,3, ,1,0.0,0.0,0.0,1,7,1,93.906623840332,1,16043-99-11-1,91.0,1,3.0,,2.0,1.0,0,0,0,1,1,0,0,1.0,0
16043,100,11,1,1,1,32,5.0,1,2,3, ,1,0.0,0.0,0.0,1,7,1,93.906623840332,3,16043-100-11-1,32.0,1,3.0,,2.0,1.0,0,0,0,1,1,0,0,1.0,0
16043,236,11,1,1,2,46,1.0, ,2,3, ,1,0.0,8.0,0.0,1,7,1,93.906623840332,2,16043-236-11-1,46.0,1,3.0,,2.0,1.0,0,1,0,1,1,0,0,1.0,0
16043,239,11,1,1,1,37,4.0,0,2,3, ,1,0.0,0.0,0.0,1,7,1,93.906623840332,4,16043-239-11-1,37.0,1,3.0,,2.0,1.0,0,0,0,1,1,0,0,1.0,0
16043,240,11,1,1,2,54,3.0,0,2,3, ,1,0.0,8.0,0.0,1,7,1,93.906623840332,1,16043-240-11-1,54.0,1,3.0,,2.0,1.0,0,1,1,1,1,0,1,1.0,1
16044,33,11,1,1,1,75,4.0,5,2,3, ,1,0.0,0.0,0.0,1,8, ,104.173187255859,2,16044-33-11-1,75.0,1,3.0,,2.0,1.0,0,0,0,1,1,0,0,1.0,0
16044,35,11,1,1,1,57,6.0,5,2,3, ,1,0.0,0.0,0.0,1,8, ,104.173187255859,3,16044-35-11-1,57.0,1,3.0,,2.0,1.0,0,0,1,1,1,0,1,1.0,1
16044,97,11,1,1,1,84,4.0,5, , , , ,0.0,0.0,0.0,1,8, ,104.173187255859,2,16044-97-11-1,84.0,1,,,,0.0,0,0,0,1,1,0,0,0.0,0
16044,98,11,1,1,2,61,4.0,5,2,3, ,1,0.0,0.0,0.0,1,8, ,104.173187255859,1,16044-98-11-1,61.0,1,3.0,,2.0,1.0,0,0,0,1,1,0,0,1.0,0
16044,99,11,1,1,1,65,1.0, ,4,3,7,1,0.0,0.0,0.0,1,8, ,104.173187255859,1,16044-99-11-1,65.0,1,3.0,7.0,4.0,1.0,0,0,0,1,1,0,0,1.0,0
16044,100,11,1,1,1,71,4.0,5,2,3, ,1,0.0,0.0,0.0,1,8, ,104.173187255859,3,16044-100-11-1,71.0,1,3.0,,2.0,1.0,0,0,0,1,1,0,0,1.0,0
16083,26,11,1,1,2,62,3.0,0,2,3, ,1,0.0,0.0,0.0,4,6,1,334.858489990234,2,16083-26-11-1,62.0,1,3.0,,2.0,1.0,0,0,0,1,1,0,0,1.0,0
16083,40,11,1,1,2,73,3.0,2,5,3,7,1,0.0,0.0,0.0,4,6,1,334.858489990234,4,16083-40-11-1,73.0,1,3.0,7.0,5.0,1.0,0,0,0,1,1,0,0,1.0,0
16083,49,11,1,1,1,56,4.0,0,3, ,2,5,0.0,0.0,0.0,4,6,1,334.858489990234,3,16083-49-11-1,56.0,1,,2.0,3.0,0.0,0,0,0,1,1,0,0,0.0,0
16083,55,11,1,1,1,67,4.0,5,1,3, ,1,0.0,0.0,0.0,4,6,1,334.858489990234,1,16083-55-11-1,67.0,1,3.0,,1.0,1.0,0,0,0,1,1,0,0,1.0,0
16083,63,11,1,1,2,63,3.0,0,5,3,7,1,0.0,0.0,0.0,4,6,1,334.858489990234,2,16083-63-11-1,63.0,1,3.0,7.0,5.0,1.0,0,0,0,1,1,0,0,1.0,0
16083,69,11,1,1,1,44,6.0,5,1,3, ,1,0.0,0.0,0.0,4,6,1,334.858489990234,3,16083-69-11-1,44.0,1,3.0,,1.0,1.0,0,0,0,1,1,0,0,1.0,0
16105,2,11,1,1,1,79,3.0,1,2,3, ,1,0.0,0.0,0.0,4,6,1,352.102783203125,2,16105-2-11-1,79.0,1,3.0,,2.0,1.0,0,0,0,1,1,0,0,1.0,0
16105,12,11,1,1,2,70,3.0,2,2,3, ,1,0.0,0.0,0.0,4,6,1,352.102783203125,1,16105-12-11-1,70.0,1,3.0,,2.0,1.0,0,0,0,1,1,0,0,1.0,0
16105,40,11,1,1,1,32,6.0,5,2,3, ,1,0.0,0.0,0.0,4,6,1,352.102783203125,3,16105-40-11-1,32.0,1,3.0,,2.0,1.0,0,0,0,1,1,0,0,1.0,0
16105,59,11,1,1,2,39,3.0,0,2,3, ,1,0.0,0.0,0.0,4,6,1,352.102783203125,4,16105-59-11-1,39.0,1,3.0,,2.0,1.0,0,0,0,1,1,0,0,1.0,0
16105,77,11,1,1,1,50,7.0,4,2,2, ,1,0.0,8.0,0.0,4,6,1,352.102783203125,5,16105-77-11-1,50.0,1,2.0,,2.0,0.0,0,1,0,1,1,0,0,0.0,0
16105,86,11,1,1,1,35,6.0,5,4,3,7,1,0.0,0.0,0.0,4,6,1,352.102783203125,3,16105-86-11-1,35.0,1,3.0,7.0,4.0,1.0,0,0,0,1,1,0,0,1.0,0
16106,101,11,1,1,2,44,6.0,5, , , , ,0.0,0.0,0.0,4,7,1,352.576293945313,2,16106-101-11-1,44.0,1,,,,0.0,0,0,0,1,1,0,0,0.0,0
16106,102,11,1,1,1,90,3.0,3, , , , ,0.0,0.0,0.0,4,7,1,352.576293945313,1,16106-102-11-1,90.0,1,,,,0.0,0,0,0,1,1,0,0,0.0,0
16106,103,11,1,1,2,88,1.0, , , , , ,0.0,0.0,0.0,4,7,1,352.576293945313,1,16106-103-11-1,88.0,1,,,,0.0,0,0,0,1,1,0,0,0.0,0
16106,104,11,1,1,1,63,5.0,1,2,3, ,1,0.0,0.0,0.0,4,7,1,352.576293945313,2,16106-104-11-1,63.0,1,3.0,,2.0,1.0,0,0,0,1,1,0,0,1.0,0
16106,290,11,1,1,1,43,3.0,0,2,3, ,1,0.0,0.0,0.0,4,7,1,352.576293945313,4,16106-290-11-1,43.0,1,3.0,,2.0,1.0,0,0,0,1,1,0,0,1.0,0
16106,291,11,1,1,2,79,1.0, ,2,3, ,1,0.0,0.0,0.0,4,7,1,352.576293945313,1,16106-291-11-1,79.0,1,3.0,,2.0,1.0,0,0,0,1,1,0,0,1.0,0
16106,292,11,1,1,1,70,3.0,2,2,3, ,1,0.0,0.0,0.0,4,7,1,352.576293945313,2,16106-292-11-1,70.0,1,3.0,,2.0,1.0,0,0,0,1,1,0,0,1.0,0
16107,54,11,1,1,2,60,1.0, ,2,3, ,1,0.0,0.0,0.0,4,7,1,334.858489990234,1,16107-54-11-1,60.0,1,3.0,,2.0,1.0,0,0,0,1,1,0,0,1.0,0
16107,55,11,1,1,1,69,4.0,5,2,3, ,1,0.0,0.0,0.0,4,7,1,334.858489990234,2,16107-55-11-1,69.0,1,3.0,,2.0,1.0,0,0,0,1,1,0,0,1.0,0
16107,136,11,1,1,1,66,4.0,5,2,3, ,1,0.0,0.0,0.0,4,7,1,334.858489990234,2,16107-136-11-1,66.0,1,3.0,,2.0,1.0,0,0,0,1,1,0,0,1.0,0
16107,138,11,1,1,1,40,3.0,0,2,3, ,1,0.0,0.0,0.0,4,7,1,334.858489990234,3,16107-138-11-1,40.0,1,3.0,,2.0,1.0,0,0,0,1,1,0,0,1.0,0
16107,139,11,1,1,2,83,3.0,0,2,3, ,1,0.0,0.0,0.0,4,7,1,334.858489990234,1,16107-139-11-1,83.0,1,3.0,,2.0,1.0,0,0,0,1,1,0,0,1.0,0
16107,140,11,1,1,2,42,4.0,0,2,3, ,1,0.0,0.0,0.0,4,7,1,334.858489990234,3,16107-140-11-1,42.0,1,3.0,,2.0,1.0,0,0,0,1,1,0,0,1.0,0
16108,37,11,1,1,2,50,4.0,0,2,3, ,1,0.0,0.0,0.0,4,7,1,330.590240478516,2,16108-37-11-1,50.0,1,3.0,,2.0,1.0,0,0,0,1,1,0,0,1.0,0
16108,38,11,1,1,1,60,4.0,5,2,3, ,1,0.0,0.0,0.0,4,7,1,330.590240478516,2,16108-38-11-1,60.0,1,3.0,,2.0,1.0,0,0,0,1,1,0,0,1.0,0
16108,39,11,1,1,1,63,6.0,5,2,3, ,1,0.0,0.0,0.0,4,7,1,330.590240478516,2,16108-39-11-1,63.0,1,3.0,,2.0,1.0,0,0,0,1,1,0,0,1.0,0
16108,40,11,1,1,1,85,3.0,3,2,3, ,1,0.0,0.0,0.0,4,7,1,330.590240478516,2,16108-40-11-1,85.0,1,3.0,,2.0,1.0,0,0,0,1,1,0,0,1.0,0
16108,117,11,1,1,1,53,6.0,5,2,3, ,1,0.0,0.0,0.0,4,7,1,330.590240478516,3,16108-117-11-1,53.0,1,3.0,,2.0,1.0,0,0,0,1,1,0,0,1.0,0
16108,118,11,1,1,1,44,6.0,5,2,3, ,1,0.0,0.0,0.0,4,7,1,330.590240478516,4,16108-118-11-1,44.0,1,3.0,,2.0,1.0,0,0,0,1,1,0,0,1.0,0
16108,119,11,1,1,2,62,3.0,2,2,3, ,1,0.0,0.0,0.0,4,7,1,330.590240478516,5,16108-119-11-1,62.0,1,3.0,,2.0,1.0,0,0,0,1,1,0,0,1.0,0
16108,120,11,1,1,1,46,6.0,5,4,3,7,1,0.0,0.0,0.0,4,7,1,330.590240478516,5,16108-120-11-1,46.0,1,3.0,7.0,4.0,1.0,0,0,0,1,1,0,0,1.0,0
16109,33,11,1,1,1,36,3.0,0,4,3,7,1,0.0,0.0,0.0,4,7,1,352.102783203125,6,16109-33-11-1,36.0,1,3.0,7.0,4.0,1.0,0,0,0,1,1,0,0,1.0,0
16109,35,11,1,1,1,53,1.0, ,2,3, ,1,0.0,0.0,0.0,4,7,1,352.102783203125,3,16109-35-11-1,53.0,1,3.0,,2.0,1.0,0,0,0,1,1,0,0,1.0,0
16109,36,11,1,1,1,46,6.0,5,2,3, ,1,0.0,0.0,0.0,4,7,1,352.102783203125,6,16109-36-11-1,46.0,1,3.0,,2.0,1.0,0,0,0,1,1,0,0,1.0,0
16109,232,11,1,1,1,73,3.0,1,2,3, ,1,0.0,0.0,0.0,4,7,1,352.102783203125,3,16109-232-11-1,73.0,1,3.0,,2.0,1.0,0,0,0,1,1,0,0,1.0,0
16109,233,11,1,1,1,54,6.0,5,2,3, ,1,0.0,0.0,0.0,4,7,1,352.102783203125,3,16109-233-11-1,54.0,1,3.0,,2.0,1.0,0,0,0,1,1,0,0,1.0,0
16109,234,11,1,1,2,81,1.0, ,2,3, ,1,0.0,0.0,0.0,4,7,1,352.102783203125,1,16109-234-11-1,81.0,1,3.0,,2.0,1.0,0,0,0,1,1,0,0,1.0,0
16109,235,11,1,1,2,34,4.0,0,6, ,7,1,0.0,8.0,0.0,4,7,1,352.102783203125,4,16109-235-11-1,34.0,1,,7.0,6.0,1.0,0,1,0,1,1,0,0,1.0,0
16111,57,11,1,1,2,75,1.0, ,2,3, ,1,0.0,0.0,0.0,4,8,1,352.576293945313,1,16111-57-11-1,75.0,1,3.0,,2.0,1.0,0,0,0,1,1,0,0,1.0,0
16111,60,11,1,1,1,51,4.0,0,2,3, ,1,0.0,0.0,0.0,4,8,1,352.576293945313,5,16111-60-11-1,51.0,1,3.0,,2.0,1.0,0,0,0,1,1,0,0,1.0,0
16111,121,11,1,1,1,56,6.0,5,4,3,7,1,0.0,0.0,0.0,4,8,1,352.576293945313,4,16111-121-11-1,56.0,1,3.0,7.0,4.0,1.0,0,0,0,1,1,0,0,1.0,0
16111,122,11,1,1,1,38,4.0,0,2,3, ,1,0.0,0.0,0.0,4,8,1,352.576293945313,4,16111-122-11-1,38.0,1,3.0,,2.0,1.0,0,0,0,1,1,0,0,1.0,0
16111,123,11,1,1,1,45,5.0,2,1,3, ,1,0.0,0.0,0.0,4,8,1,352.576293945313,3,16111-123-11-1,45.0,1,3.0,,1.0,1.0,0,0,0,1,1,0,0,1.0,0
16111,124,11,1,1,1,56,4.0,0,2,3, ,1,0.0,0.0,0.0,4,8,1,352.576293945313,3,16111-124-11-1,56.0,1,3.0,,2.0,1.0,0,0,0,1,1,0,0,1.0,0
16114,33,11,1,1,1,26,6.0,5,4,1,5,2,0.0,0.0,0.0,4,7,1,334.858489990234,3,16114-33-11-1,26.0,1,1.0,5.0,4.0,0.0,0,0,0,1,1,0,0,0.0,0
16114,34,11,1,1,2,73,1.0, ,2,3, ,1,0.0,0.0,0.0,4,7,1,334.858489990234,2,16114-34-11-1,73.0,1,3.0,,2.0,1.0,0,0,0,1,1,0,0,1.0,0
16114,441,11,1,1,1,27,5.0,2,2,3, ,1,0.0,0.0,0.0,4,7,1,334.858489990234,5,16114-441-11-1,27.0,1,3.0,,2.0,1.0,0,0,0,1,1,0,0,1.0,0
16114,442,11,1,1,2,55,1.0, ,2,3, ,1,0.0,0.0,0.0,4,7,1,334.858489990234,3,16114-442-11-1,55.0,1,3.0,,2.0,1.0,0,0,0,1,1,0,0,1.0,0
16114,443,11,1,1,1,74,1.0, ,2,3, ,1,0.0,0.0,0.0,4,7,1,334.858489990234,2,16114-443-11-1,74.0,1,3.0,,2.0,1.0,0,0,0,1,1,0,0,1.0,0
16114,444,11,1,1,1,89,3.0,0,2,3, ,1,0.0,0.0,0.0,4,7,1,334.858489990234,2,16114-444-11-1,89.0,1,3.0,,2.0,1.0,0,0,0,1,1,0,0,1.0,0
16115,41,11,1,1,2,56,3.0,0,2,3, ,1,0.0,0.0,0.0,4,7,1,330.590240478516,2,16115-41-11-1,56.0,1,3.0,,2.0,1.0,0,0,0,1,1,0,0,1.0,0
16115,42,11,1,1,1,76,3.0,4,2,3, ,1,0.0,0.0,0.0,4,7,1,330.590240478516,2,16115-42-11-1,76.0,1,3.0,,2.0,1.0,0,0,0,1,1,0,0,1.0,0
16115,43,11,1,1,2,47,4.0,0,2,3, ,1,0.0,0.0,0.0,4,7,1,330.590240478516,3,16115-43-11-1,47.0,1,3.0,,2.0,1.0,0,0,0,1,1,0,0,1.0,0
16115,44,11,1,1,1,56,3.0,0,2,3, ,1,0.0,0.0,0.0,4,7,1,330.590240478516,1,16115-44-11-1,56.0,1,3.0,,2.0,1.0,0,0,0,1,1,0,0,1.0,0
16115,244,11,1,1,2,49,3.0,0,2,3, ,1,0.0,0.0,0.0,4,7,1,330.590240478516,2,16115-244-11-1,49.0,1,3.0,,2.0,1.0,0,0,0,1,1,0,0,1.0,0
16115,245,11,1,1,2,74,3.0,1,2,3, ,1,0.0,0.0,0.0,4,7,1,330.590240478516,1,16115-245-11-1,74.0,1,3.0,,2.0,1.0,0,0,0,1,1,0,0,1.0,0
16115,246,11,1,1,1,88,3.0,1,2,3, ,1,0.0,0.0,0.0,4,7,1,330.590240478516,3,16115-246-11-1,88.0,1,3.0,,2.0,1.0,0,0,0,1,1,0,0,1.0,0
16115,248,11,1,1,2,48,5.0,1,2,3, ,1,0.0,0.0,0.0,4,7,1,330.590240478516,2,16115-248-11-1,48.0,1,3.0,,2.0,1.0,0,0,0,1,1,0,0,1.0,0
16116,450,11,1,1,1,68,1.0, ,2,3, ,1,0.0,0.0,0.0,4,7,1,330.590240478516,2,16116-450-11-1,68.0,1,3.0,,2.0,1.0,0,0,0,1,1,0,0,1.0,0
16116,451,11,1,1,1,64,4.0,6,2,3, ,1,0.0,0.0,0.0,4,7,1,330.590240478516,4,16116-451-11-1,64.0,1,3.0,,2.0,1.0,0,0,0,1,1,0,0,1.0,0
16116,452,11,1,1,1,66,1.0, ,2,3, ,1,0.0,0.0,0.0,4,7,1,330.590240478516,1,16116-452-11-1,66.0,1,3.0,,2.0,1.0,0,0,0,1,1,0,0,1.0,0
16116,942,11,1,1,1,50,1.0, ,4,3,7,1,0.0,0.0,0.0,4,7,1,330.590240478516,6,16116-942-11-1,50.0,1,3.0,7.0,4.0,1.0,0,0,0,1,1,0,0,1.0,0
16116,943,11,1,1,1,37,3.0,0,4,3,7,1,0.0,0.0,0.0,4,7,1,330.590240478516,4,16116-943-11-1,37.0,1,3.0,7.0,4.0,1.0,0,0,0,1,1,0,0,1.0,0
16116,944,11,1,1,2,36,3.0,0,2,3, ,1,0.0,0.0,0.0,4,7,1,330.590240478516,2,16116-944-11-1,36.0,1,3.0,,2.0,1.0,0,0,0,1,1,0,0,1.0,0
16116,945,11,1,1,1,68,3.0,2,2,3, ,1,0.0,0.0,0.0,4,7,1,330.590240478516,3,16116-945-11-1,68.0,1,3.0,,2.0,1.0,0,0,0,1,1,0,0,1.0,0
16117,249,11,1,1,2,52,1.0, ,2,3, ,1,0.0,0.0,0.0,4,7,1,352.102783203125,3,16117-249-11-1,52.0,1,3.0,,2.0,1.0,0,0,0,1,1,0,0,1.0,0
16117,251,11,1,1,1,46,3.0,0,2,3, ,1,0.0,0.0,0.0,4,7,1,352.102783203125,3,16117-251-11-1,46.0,1,3.0,,2.0,1.0,0,0,0,1,1,0,0,1.0,0
16117,252,11,1,1,2,59,3.0,2,2,3, ,1,0.0,0.0,0.0,4,7,2,352.102783203125,2,16117-252-11-1,59.0,1,3.0,,2.0,1.0,0,0,0,1,1,0,0,1.0,0
16117,517,11,1,1,1,72,3.0,3,2,3, ,1,0.0,0.0,0.0,4,7,1,352.102783203125,5,16117-517-11-1,72.0,1,3.0,,2.0,1.0,0,0,0,1,1,0,0,1.0,0
16117,518,11,1,1,1,53,4.0,0,4,3,7,1,0.0,0.0,0.0,4,7,1,352.102783203125,3,16117-518-11-1,53.0,1,3.0,7.0,4.0,1.0,0,0,0,1,1,0,0,1.0,0
16117,520,11,1,1,1,39,4.0,0,4,2,7,1,0.0,8.0,0.0,4,7,1,352.102783203125,5,16117-520-11-1,39.0,1,2.0,7.0,4.0,1.0,0,1,0,1,1,0,0,1.0,0
16118,10,11,1,1,1,54,3.0,0,2,3, ,1,0.0,0.0,0.0,4,8,1,330.590240478516,4,16118-10-11-1,54.0,1,3.0,,2.0,1.0,0,0,0,1,1,0,0,1.0,0
16118,11,11,1,1,1,57,4.0,0,2,3, ,1,0.0,0.0,0.0,4,8,1,330.590240478516,2,16118-11-11-1,57.0,1,3.0,,2.0,1.0,0,0,0,1,1,0,0,1.0,0
16118,12,11,1,1,1,52,3.0,0,2,3, ,1,0.0,0.0,0.0,4,8,1,330.590240478516,4,16118-12-11-1,52.0,1,3.0,,2.0,1.0,0,0,0,1,1,0,0,1.0,0
16118,48,11,1,1,1,41,4.0,0,2,3, ,1,0.0,0.0,0.0,4,8,1,330.590240478516,5,16118-48-11-1,41.0,1,3.0,,2.0,1.0,0,0,0,1,1,0,0,1.0,0
16118,49,11,1,1,1,51,3.0,0,2,3, ,1,0.0,0.0,0.0,4,8,1,330.590240478516,4,16118-49-11-1,51.0,1,3.0,,2.0,1.0,0,0,0,1,1,0,0,1.0,0
16118,50,11,1,1,1,40,4.0,0,2,3, ,1,0.0,0.0,0.0,4,8,1,330.590240478516,3,16118-50-11-1,40.0,1,3.0,,2.0,1.0,0,0,0,1,1,0,0,1.0,0
16119,54,11,1,1,1,56,4.0,0,2,3, ,1,0.0,0.0,0.0,4,7,1,334.858489990234,4,16119-54-11-1,56.0,1,3.0,,2.0,1.0,0,0,1,1,1,0,1,1.0,1
16119,55,11,1,1,1,58,4.0,5,2,3, ,1,0.0,0.0,0.0,4,7,1,334.858489990234,3,16119-55-11-1,58.0,1,3.0,,2.0,1.0,0,0,0,1,1,0,0,1.0,0
16119,110,11,1,1,2,91,3.0,1, , , , ,0.0,0.0,0.0,4,7,1,334.858489990234,2,16119-110-11-1,91.0,1,,,,0.0,0,0,0,1,1,0,0,0.0,0
16119,111,11,1,1,1,49,4.0,0,2,3, ,1,0.0,0.0,0.0,4,7,1,334.858489990234,2,16119-111-11-1,49.0,1,3.0,,2.0,1.0,0,0,0,1,1,0,0,1.0,0
16119,113,11,1,1,1,70,3.0,3,2,3, ,1,0.0,0.0,0.0,4,7,1,334.858489990234,2,16119-113-11-1,70.0,1,3.0,,2.0,1.0,0,0,0,1,1,0,0,1.0,0
16119,116,11,1,1,1,36,6.0,5,2,3, ,1,0.0,0.0,0.0,4,7,1,334.858489990234,5,16119-116-11-1,36.0,1,3.0,,2.0,1.0,0,0,1,1,1,0,1,1.0,1
16120,61,11,1,1,1,54,3.0,0,2,3, ,1,0.0,0.0,0.0,4,7,1,330.590240478516,3,16120-61-11-1,54.0,1,3.0,,2.0,1.0,0,0,0,1,1,0,0,1.0,0
16120,62,11,1,1,1,62,4.0,6,2,3, ,1,0.0,0.0,0.0,4,7,1,330.590240478516,4,16120-62-11-1,62.0,1,3.0,,2.0,1.0,0,0,0,1,1,0,0,1.0,0
16120,63,11,1,1,1,46,4.0,0,2,3, ,1,0.0,0.0,0.0,4,7,1,330.590240478516,5,16120-63-11-1,46.0,1,3.0,,2.0,1.0,0,0,0,1,1,0,0,1.0,0
16120,64,11,1,1,1,41,6.0,5,2,3, ,1,0.0,0.0,0.0,4,7,1,330.590240478516,3,16120-64-11-1,41.0,1,3.0,,2.0,1.0,0,0,0,1,1,0,0,1.0,0
16120,202,11,1,1,1,39,4.0,0,2,3, ,1,0.0,0.0,0.0,4,7,1,330.590240478516,2,16120-202-11-1,39.0,1,3.0,,2.0,1.0,0,0,0,1,1,0,0,1.0,0
16120,203,11,1,1,1,73,4.0,5,2,3, ,1,0.0,0.0,0.0,4,7,1,330.590240478516,2,16120-203-11-1,73.0,1,3.0,,2.0,1.0,0,0,0,1,1,0,0,1.0,0
16120,204,11,1,1,1,66,3.0,4,2,3, ,1,0.0,0.0,0.0,4,7,1,330.590240478516,1,16120-204-11-1,66.0,1,3.0,,2.0,1.0,0,0,0,1,1,0,0,1.0,0
16121,105,11,1,1,2,62,3.0,3,2,3, ,1,0.0,0.0,0.0,4,7,1,352.102783203125,3,16121-105-11-1,62.0,1,3.0,,2.0,1.0,0,0,0,1,1,0,0,1.0,0
16121,106,11,1,1,2,36,3.0,0,4,3,7,1,0.0,0.0,0.0,4,7,1,352.102783203125,4,16121-106-11-1,36.0,1,3.0,7.0,4.0,1.0,0,0,0,1,1,0,0,1.0,0
16121,107,11,1,1,1,60,4.0,5,4,2,7,3,0.0,0.0,0.0,4,7,1,352.102783203125,6,16121-107-11-1,60.0,1,2.0,7.0,4.0,1.0,0,0,0,1,1,0,0,1.0,0
16121,108,11,1,1,1,47,1.0, ,4,3,7,1,0.0,0.0,0.0,4,7,1,352.102783203125,5,16121-108-11-1,47.0,1,3.0,7.0,4.0,1.0,0,0,0,1,1,0,0,1.0,0
16121,282,11,1,1,2,53,1.0, ,2,3, ,1,0.0,0.0,0.0,4,7,1,352.102783203125,2,16121-282-11-1,53.0,1,3.0,,2.0,1.0,0,0,0,1,1,0,0,1.0,0
16121,283,11,1,1,1,57,3.0,0,4,3,7,1,0.0,0.0,0.0,4,7,1,352.102783203125,4,16121-283-11-1,57.0,1,3.0,7.0,4.0,1.0,0,0,0,1,1,0,0,1.0,0
16121,284,11,1,1,1,38,4.0,0,4,3,7,1,0.0,0.0,0.0,4,7,1,352.102783203125,4,16121-284-11-1,38.0,1,3.0,7.0,4.0,1.0,0,0,1,1,1,0,1,1.0,1
16122,294,11,1,1,1,62,3.0,2,2,3, ,1,0.0,0.0,0.0,4,7,1,352.576293945313,2,16122-294-11-1,62.0,1,3.0,,2.0,1.0,0,0,0,1,1,0,0,1.0,0
16122,295,11,1,1,2,74,1.0, ,2,3, ,1,0.0,0.0,0.0,4,7,1,352.576293945313,1,16122-295-11-1,74.0,1,3.0,,2.0,1.0,0,0,0,1,1,0,0,1.0,0
16122,296,11,1,1,1,79,3.0,0,2,3, ,1,0.0,0.0,0.0,4,7,1,352.576293945313,3,16122-296-11-1,79.0,1,3.0,,2.0,1.0,0,0,0,1,1,0,0,1.0,0
16122,610,11,1,1,1,40,4.0,0,2,3, ,1,0.0,0.0,0.0,4,7,1,352.576293945313,5,16122-610-11-1,40.0,1,3.0,,2.0,1.0,0,0,1,1,1,0,1,1.0,1
16122,611,11,1,1,2,80,1.0, ,2,3, ,1,0.0,0.0,0.0,4,7,1,352.576293945313,1,16122-611-11-1,80.0,1,3.0,,2.0,1.0,0,0,0,1,1,0,0,1.0,0
16122,612,11,1,1,1,55,3.0,0,2,3, ,1,0.0,0.0,0.0,4,7,1,352.576293945313,5,16122-612-11-1,55.0,1,3.0,,2.0,1.0,0,0,0,1,1,0,0,1.0,0
16122,613,11,1,1,1,50,4.0,0,2,3, ,1,0.0,0.0,0.0,4,7,1,352.576293945313,5,16122-613-11-1,50.0,1,3.0,,2.0,1.0,0,0,0,1,1,0,0,1.0,0
16123,81,11,1,1,2,71,1.0, ,2,3, ,1,0.0,0.0,0.0,4,7,1,352.576293945313,2,16123-81-11-1,71.0,1,3.0,,2.0,1.0,0,0,0,1,1,0,0,1.0,0
16123,82,11,1,1,1,69,4.0,5,2,3, ,1,0.0,0.0,0.0,4,7,1,352.576293945313,2,16123-82-11-1,69.0,1,3.0,,2.0,1.0,0,0,0,1,1,0,0,1.0,0
16123,84,11,1,1,1,54,4.0,0,2,3, ,1,0.0,0.0,0.0,4,7,1,352.576293945313,5,16123-84-11-1,54.0,1,3.0,,2.0,1.0,0,0,0,1,1,0,0,1.0,0
16123,141,11,1,1,1,72,3.0,0,2,3, ,1,0.0,0.0,0.0,4,7,1,352.576293945313,1,16123-141-11-1,72.0,1,3.0,,2.0,1.0,0,0,0,1,1,0,0,1.0,0
16123,142,11,1,1,1,70,3.0,3,5,3,7,1,0.0,0.0,0.0,4,7,1,352.576293945313,3,16123-142-11-1,70.0,1,3.0,7.0,5.0,1.0,0,0,0,1,1,0,0,1.0,0
16123,143,11,1,1,1,38,4.0,0,2,3, ,1,0.0,0.0,0.0,4,7,1,352.576293945313,3,16123-143-11-1,38.0,1,3.0,,2.0,1.0,0,0,0,1,1,0,0,1.0,0
16123,144,11,1,1,2,59,3.0,2,2,3, ,1,0.0,0.0,0.0,4,7,1,352.576293945313,2,16123-144-11-1,59.0,1,3.0,,2.0,1.0,0,0,0,1,1,0,0,1.0,0
16124,1,11,1,1,2,80,1.0, , , , , ,0.0,0.0,0.0,4,7,1,352.102783203125,1,16124-1-11-1,80.0,1,,,,0.0,0,0,0,1,1,0,0,0.0,0
16124,2,11,1,1,1,46,3.0,0,4,3,7,1,0.0,0.0,0.0,4,7,1,352.102783203125,6,16124-2-11-1,46.0,1,3.0,7.0,4.0,1.0,0,0,0,1,1,0,0,1.0,0
16124,3,11,1,1,1,79,1.0, ,2,3, ,1,0.0,0.0,0.0,4,7,1,352.102783203125,1,16124-3-11-1,79.0,1,3.0,,2.0,1.0,0,0,0,1,1,0,0,1.0,0
16124,4,11,1,1,2,69,3.0,4,5,3,7,1,0.0,0.0,0.0,4,7,1,352.102783203125,3,16124-4-11-1,69.0,1,3.0,7.0,5.0,1.0,0,0,0,1,1,0,0,1.0,0
16124,89,11,1,1,1,29,4.0,0,4,3,7,1,0.0,0.0,0.0,4,7,1,352.102783203125,3,16124-89-11-1,29.0,1,3.0,7.0,4.0,1.0,0,0,0,1,1,0,0,1.0,0
16124,90,11,1,1,2,50,1.0, ,2,3, ,1,0.0,0.0,0.0,4,7,1,352.102783203125,1,16124-90-11-1,50.0,1,3.0,,2.0,1.0,0,0,0,1,1,0,0,1.0,0
16124,91,11,1,1,1,33,3.0,0,2,3, ,1,0.0,0.0,0.0,4,7,1,352.102783203125,6,16124-91-11-1,33.0,1,3.0,,2.0,1.0,0,0,0,1,1,0,0,1.0,0
16124,92,11,1,1,1,75,1.0, ,2,3, ,1,0.0,0.0,0.0,4,7,1,352.102783203125,1,16124-92-11-1,75.0,1,3.0,,2.0,1.0,0,0,0,1,1,0,0,1.0,0
16125,13,11,1,1,1,66,3.0,1,2,3, ,1,0.0,0.0,0.0,4,8,1,352.576293945313,4,16125-13-11-1,66.0,1,3.0,,2.0,1.0,0,0,0,1,1,0,0,1.0,0
16125,14,11,1,1,1,41,3.0,0,4,1,7,1,0.0,0.0,0.0,4,8,1,352.576293945313,4,16125-14-11-1,41.0,1,1.0,7.0,4.0,1.0,0,0,0,1,1,0,0,1.0,0
16125,16,11,1,1,2,58,1.0, ,2,3, ,1,0.0,0.0,0.0,4,8,1,352.576293945313,1,16125-16-11-1,58.0,1,3.0,,2.0,1.0,0,0,0,1,1,0,0,1.0,0
16125,100,11,1,1,1,40,6.0,5,2,3, ,1,0.0,0.0,0.0,4,8,1,352.576293945313,5,16125-100-11-1,40.0,1,3.0,,2.0,1.0,0,0,0,1,1,0,0,1.0,0
16125,101,11,1,1,1,78,3.0,0,2,3, ,1,0.0,0.0,0.0,4,8,2,352.576293945313,3,16125-101-11-1,78.0,1,3.0,,2.0,1.0,0,0,0,1,1,0,0,1.0,0
16125,102,11,1,1,1,90,4.0,5,2,3, ,1,0.0,0.0,0.0,4,8,1,352.576293945313,2,16125-102-11-1,90.0,1,3.0,,2.0,1.0,0,0,0,1,1,0,0,1.0,0
16125,104,11,1,1,2,72,3.0,2,2,3, ,1,0.0,0.0,0.0,4,8,1,352.576293945313,1,16125-104-11-1,72.0,1,3.0,,2.0,1.0,0,0,0,1,1,0,0,1.0,0
16126,2,11,1,1,1,53,6.0,5,2,3, ,1,0.0,0.0,0.0,4,6, ,352.576293945313,3,16126-2-11-1,53.0,1,3.0,,2.0,1.0,0,0,0,1,1,0,0,1.0,0
16126,11,11,1,1,1,56,8.0,5,3, ,1,5,0.0,0.0,0.0,4,6, ,352.576293945313,5,16126-11-11-1,56.0,1,,1.0,3.0,0.0,0,0,0,1,1,0,0,0.0,0
16126,19,11,1,1,1,66,6.0,5,3, ,1,5,0.0,0.0,0.0,4,6, ,352.576293945313,3,16126-19-11-1,66.0,1,,1.0,3.0,0.0,0,0,1,1,1,0,1,0.0,1
16126,27,11,1,1,1,76,9.0,1,2,3, ,1,0.0,0.0,0.0,4,6, ,352.576293945313,2,16126-27-11-1,76.0,1,3.0,,2.0,1.0,0,0,0,1,1,0,0,1.0,0
16126,60,11,1,1,2,43,3.0,0,2,3, ,1,0.0,0.0,0.0,4,6, ,352.576293945313,2,16126-60-11-1,43.0,1,3.0,,2.0,1.0,0,0,0,1,1,0,0,1.0,0
16126,88,11,1,1,1,46,6.0,5,1,3, ,1,0.0,0.0,0.0,4,6, ,352.576293945313,3,16126-88-11-1,46.0,1,3.0,,1.0,1.0,0,0,0,1,1,0,0,1.0,0
16127,9,11,1,1,1,61,4.0,5,2,3, ,1,0.0,0.0,0.0,4,7, ,330.590240478516,2,16127-9-11-1,61.0,1,3.0,,2.0,1.0,0,0,0,1,1,0,0,1.0,0
16127,10,11,1,1,1,34,4.0,0,2,3, ,1,0.0,0.0,0.0,4,7, ,330.590240478516,3,16127-10-11-1,34.0,1,3.0,,2.0,1.0,0,0,0,1,1,0,0,1.0,0
16127,11,11,1,1,1,84,3.0,2,2,3, ,1,0.0,0.0,0.0,4,7, ,330.590240478516,2,16127-11-11-1,84.0,1,3.0,,2.0,1.0,0,0,0,1,1,0,0,1.0,0
16127,117,11,1,1,1,49,5.0,3,5,3,7,1,0.0,0.0,0.0,4,7, ,330.590240478516,2,16127-117-11-1,49.0,1,3.0,7.0,5.0,1.0,0,0,0,1,1,0,0,1.0,0
16127,118,11,1,1,1,61,4.0,5,2,3, ,1,0.0,0.0,0.0,4,7, ,330.590240478516,2,16127-118-11-1,61.0,1,3.0,,2.0,1.0,0,0,0,1,1,0,0,1.0,0
16127,119,11,1,1,2,35,6.0,5,2,3, ,1,0.0,0.0,0.0,4,7, ,330.590240478516,3,16127-119-11-1,35.0,1,3.0,,2.0,1.0,0,0,0,1,1,0,0,1.0,0
16128,45,11,1,1,2,68,1.0, ,2,3, ,1,0.0,0.0,0.0,4,7, ,352.102783203125,1,16128-45-11-1,68.0,1,3.0,,2.0,1.0,0,0,0,1,1,0,0,1.0,0
16128,46,11,1,1,1,59,4.0,5,2,3, ,1,0.0,0.0,0.0,4,7, ,352.102783203125,2,16128-46-11-1,59.0,1,3.0,,2.0,1.0,0,0,0,1,1,0,0,1.0,0
16128,47,11,1,1,1,68,4.0,5,2,3, ,1,0.0,0.0,0.0,4,7, ,352.102783203125,3,16128-47-11-1,68.0,1,3.0,,2.0,1.0,0,0,0,1,1,0,0,1.0,0
16128,48,11,1,1,1,53,6.0,5,2,3, ,1,0.0,0.0,0.0,4,7, ,352.102783203125,1,16128-48-11-1,53.0,1,3.0,,2.0,1.0,0,0,0,1,1,0,0,1.0,0
16128,169,11,1,1,1,56,3.0,0,2,3, ,1,0.0,0.0,0.0,4,7, ,352.102783203125,2,16128-169-11-1,56.0,1,3.0,,2.0,1.0,0,0,0,1,1,0,0,1.0,0
16128,171,11,1,1,1,44,3.0,0,2,3, ,1,0.0,0.0,0.0,4,7, ,352.102783203125,3,16128-171-11-1,44.0,1,3.0,,2.0,1.0,0,0,0,1,1,0,0,1.0,0
16128,174,11,1,1,1,71,1.0, ,2,3, ,1,0.0,0.0,0.0,4,7, ,352.102783203125,4,16128-174-11-1,71.0,1,3.0,,2.0,1.0,0,0,0,1,1,0,0,1.0,0
16129,13,11,1,1,1,59,3.0,2,2,3, ,1,0.0,0.0,0.0,4,7, ,352.576293945313,2,16129-13-11-1,59.0,1,3.0,,2.0,1.0,0,0,0,1,1,0,0,1.0,0
16129,15,11,1,1,1,61,3.0,2,2,3, ,1,0.0,0.0,0.0,4,7, ,352.576293945313,3,16129-15-11-1,61.0,1,3.0,,2.0,1.0,0,0,0,1,1,0,0,1.0,0
16129,16,11,1,1,1,70,4.0,5, , , , ,0.0,0.0,0.0,4,7, ,352.576293945313,4,16129-16-11-1,70.0,1,,,,0.0,0,0,0,1,1,0,0,0.0,0
16129,129,11,1,1,2,79,1.0, , , , , ,0.0,0.0,0.0,4,7, ,352.576293945313,1,16129-129-11-1,79.0,1,,,,0.0,0,0,0,1,1,0,0,0.0,0
16129,130,11,1,1,1,82,1.0, ,2,3, ,1,0.0,0.0,0.0,4,7, ,352.576293945313,1,16129-130-11-1,82.0,1,3.0,,2.0,1.0,0,0,0,1,1,0,0,1.0,0
16129,131,11,1,1,2,35,4.0,0,2,3, ,1,0.0,0.0,0.0,4,7, ,352.576293945313,3,16129-131-11-1,35.0,1,3.0,,2.0,1.0,0,0,0,1,1,0,0,1.0,0
16129,132,11,1,1,2,73,3.0,0,1,3, ,1,0.0,0.0,0.0,4,7, ,352.576293945313,1,16129-132-11-1,73.0,1,3.0,,1.0,1.0,0,0,0,1,1,0,0,1.0,0
16130,29,11,1,1,1,48,4.0,0,2,3, ,1,0.0,0.0,0.0,4,7, ,334.858489990234,5,16130-29-11-1,48.0,1,3.0,,2.0,1.0,0,0,0,1,1,0,0,1.0,0
16130,30,11,1,1,1,49,4.0,0,2,3, ,1,0.0,0.0,0.0,4,7, ,334.858489990234,2,16130-30-11-1,49.0,1,3.0,,2.0,1.0,0,0,0,1,1,0,0,1.0,0
16130,78,11,1,1,2,36,3.0,0,2,3, ,1,0.0,0.0,0.0,4,7, ,334.858489990234,3,16130-78-11-1,36.0,1,3.0,,2.0,1.0,0,0,0,1,1,0,0,1.0,0
16130,80,11,1,1,1,48,4.0,0,4,3,7,1,0.0,0.0,0.0,4,7, ,334.858489990234,2,16130-80-11-1,48.0,1,3.0,7.0,4.0,1.0,0,0,0,1,1,0,0,1.0,0
16130,81,11,1,1,1,34,5.0,1,4,3,7,1,0.0,8.0,0.0,4,7, ,334.858489990234,4,16130-81-11-1,34.0,1,3.0,7.0,4.0,1.0,0,1,0,1,1,0,0,1.0,0
16130,84,11,1,1,1,72,3.0,0,2,3, ,1,0.0,0.0,0.0,4,7, ,334.858489990234,2,16130-84-11-1,72.0,1,3.0,,2.0,1.0,0,0,0,1,1,0,0,1.0,0
16131,154,11,1,1,1,65,3.0,2,2,3, ,1,0.0,0.0,0.0,4,7, ,352.576293945313,7,16131-154-11-1,65.0,1,3.0,,2.0,1.0,0,0,0,1,1,0,0,1.0,0
16131,156,11,1,1,1,43,5.0,3,2,3, ,1,0.0,0.0,0.0,4,7, ,352.576293945313,5,16131-156-11-1,43.0,1,3.0,,2.0,1.0,0,0,0,1,1,0,0,1.0,0
16131,424,11,1,1,1,45,3.0,0,2,3, ,1,0.0,0.0,0.0,4,7, ,352.576293945313,4,16131-424-11-1,45.0,1,3.0,,2.0,1.0,0,0,0,1,1,0,0,1.0,0
16131,425,11,1,1,1,34,3.0,0,2,3, ,1,0.0,0.0,0.0,4,7, ,352.576293945313,6,16131-425-11-1,34.0,1,3.0,,2.0,1.0,0,0,0,1,1,0,0,1.0,0
16131,426,11,1,1,1,29,3.0,0,2,3, ,1,0.0,0.0,0.0,4,7, ,352.576293945313,5,16131-426-11-1,29.0,1,3.0,,2.0,1.0,0,0,0,1,1,0,0,1.0,0
16131,427,11,1,1,1,72,1.0, ,2,3, ,1,0.0,0.0,0.0,4,7, ,352.576293945313,2,16131-427-11-1,72.0,1,3.0,,2.0,1.0,0,0,0,1,1,0,0,1.0,0
16132,15,11,1,1,1,73,4.0,5,2,3, ,1,0.0,0.0,0.0,4,8, ,352.102783203125,6,16132-15-11-1,73.0,1,3.0,,2.0,1.0,0,0,0,1,1,0,0,1.0,0
16132,16,11,1,1,1,43,4.0,0,2,3, ,1,0.0,0.0,0.0,4,8, ,352.102783203125,4,16132-16-11-1,43.0,1,3.0,,2.0,1.0,0,0,0,1,1,0,0,1.0,0
16132,51,11,1,1,1,52,6.0,5,2,3, ,1,0.0,0.0,0.0,4,8, ,352.102783203125,2,16132-51-11-1,52.0,1,3.0,,2.0,1.0,0,0,0,1,1,0,0,1.0,0
16132,52,11,1,1,1,84,4.0,5,2,3, ,1,0.0,0.0,0.0,4,8, ,352.102783203125,2,16132-52-11-1,84.0,1,3.0,,2.0,1.0,0,0,0,1,1,0,0,1.0,0
16132,53,11,1,1,1,70,3.0,2,2,3, ,1,0.0,0.0,0.0,4,8, ,352.102783203125,3,16132-53-11-1,70.0,1,3.0,,2.0,1.0,0,0,0,1,1,0,0,1.0,0
16132,61,11,1,1,1,42,4.0,0,2,3, ,1,0.0,0.0,0.0,4,8, ,352.102783203125,3,16132-61-11-1,42.0,1,3.0,,2.0,1.0,0,0,0,1,1,0,0,1.0,0
16132,62,11,1,1,1,58,1.0, ,2,3, ,1,0.0,0.0,0.0,4,8, ,352.102783203125,2,16132-62-11-1,58.0,1,3.0,,2.0,1.0,0,0,0,1,1,0,0,1.0,0
16153,69,11,1,1,1,32,4.0,0,2,3, ,1,0.0,0.0,0.0,7,7,1,230.468078613281,4,16153-69-11-1,32.0,1,3.0,,2.0,1.0,0,0,0,1,1,0,0,1.0,0
16153,71,11,1,1,1,59,4.0,6,2,3, ,1,0.0,0.0,0.0,7,7,1,230.468078613281,3,16153-71-11-1,59.0,1,3.0,,2.0,1.0,0,0,0,1,1,0,0,1.0,0
16153,72,11,1,1,1,48,4.0,0,2,3, ,1,0.0,0.0,0.0,7,7,1,230.468078613281,3,16153-72-11-1,48.0,1,3.0,,2.0,1.0,0,0,0,1,1,0,0,1.0,0
16153,301,11,1,1,1,71,4.0,5,1,3, ,1,0.0,0.0,0.0,7,7,1,230.468078613281,2,16153-301-11-1,71.0,1,3.0,,1.0,1.0,0,0,0,1,1,0,0,1.0,0
16153,303,11,1,1,1,29,6.0,5,1,3, ,1,0.0,0.0,0.0,7,7,1,230.468078613281,4,16153-303-11-1,29.0,1,3.0,,1.0,1.0,0,0,0,1,1,0,0,1.0,0
16153,304,11,1,1,2,84,1.0, , , , , ,0.0,0.0,0.0,7,7,1,230.468078613281,1,16153-304-11-1,84.0,1,,,,0.0,0,0,0,1,1,0,0,0.0,0
16154,29,11,1,1,1,57,3.0,0,1,3, ,1,0.0,0.0,0.0,7,7,1,238.379196166992,5,16154-29-11-1,57.0,1,3.0,,1.0,1.0,0,0,0,1,1,0,0,1.0,0
16154,30,11,1,1,1,43,8.0,3,2,3, ,1,0.0,0.0,0.0,7,7,1,238.379196166992,4,16154-30-11-1,43.0,1,3.0,,2.0,1.0,0,0,0,1,1,0,0,1.0,0
16154,31,11,1,1,1,50,5.0,2,2,3, ,1,0.0,0.0,0.0,7,7,1,238.379196166992,5,16154-31-11-1,50.0,1,3.0,,2.0,1.0,0,0,0,1,1,0,0,1.0,0
16154,32,11,1,1,1,48,3.0,0,4,3,7,1,0.0,0.0,0.0,7,7,1,238.379196166992,3,16154-32-11-1,48.0,1,3.0,7.0,4.0,1.0,0,0,0,1,1,0,0,1.0,0
16154,129,11,1,1,1,50,4.0,0,2,3, ,1,0.0,0.0,0.0,7,7,1,238.379196166992,3,16154-129-11-1,50.0,1,3.0,,2.0,1.0,0,0,0,1,1,0,0,1.0,0
16154,130,11,1,1,1,80,1.0, ,2,3, ,1,0.0,0.0,0.0,7,7,1,238.379196166992,2,16154-130-11-1,80.0,1,3.0,,2.0,1.0,0,0,0,1,1,0,0,1.0,0
16154,131,11,1,1,1,58,4.0,0,2,3, ,1,0.0,0.0,0.0,7,7,1,238.379196166992,3,16154-131-11-1,58.0,1,3.0,,2.0,1.0,0,0,0,1,1,0,0,1.0,0
16154,132,11,1,1,2,56,3.0,0,2,3, ,1,0.0,0.0,0.0,7,7,1,238.379196166992,2,16154-132-11-1,56.0,1,3.0,,2.0,1.0,0,0,0,1,1,0,0,1.0,0
16155,13,11,1,1,1,32,4.0,0,1,3, ,1,0.0,0.0,0.0,7,8,1,264.215789794922,4,16155-13-11-1,32.0,1,3.0,,1.0,1.0,0,0,0,1,1,0,0,1.0,0
16155,14,11,1,1,1,65,4.0,5,4,3,7,1,0.0,0.0,0.0,7,8,1,264.215789794922,4,16155-14-11-1,65.0,1,3.0,7.0,4.0,1.0,0,0,0,1,1,0,0,1.0,0
16155,16,11,1,1,1,63,4.0,5,2,3, ,1,0.0,0.0,0.0,7,8,1,264.215789794922,2,16155-16-11-1,63.0,1,3.0,,2.0,1.0,0,0,0,1,1,0,0,1.0,0
16155,69,11,1,1,1,70,3.0,4,2,3, ,1,0.0,0.0,0.0,7,8,1,264.215789794922,2,16155-69-11-1,70.0,1,3.0,,2.0,1.0,0,0,0,1,1,0,0,1.0,0
16155,71,11,1,1,1,40,8.0,3, , , , ,0.0,8.0,0.0,7,8,1,264.215789794922,5,16155-71-11-1,40.0,1,,,,0.0,0,1,1,1,1,0,1,0.0,1
16155,72,11,1,1,2,62,4.0,5,2,3, ,1,0.0,0.0,0.0,7,8,1,264.215789794922,2,16155-72-11-1,62.0,1,3.0,,2.0,1.0,0,0,0,1,1,0,0,1.0,0
16156,54,11,1,1,1,37,4.0,0,2,3, ,1,0.0,0.0,0.0,7,7,1,264.215789794922,5,16156-54-11-1,37.0,1,3.0,,2.0,1.0,0,0,0,1,1,0,0,1.0,0
16156,55,11,1,1,1,60,5.0,3,1,3, ,1,0.0,0.0,0.0,7,7,1,264.215789794922,4,16156-55-11-1,60.0,1,3.0,,1.0,1.0,0,0,0,1,1,0,0,1.0,0
16156,56,11,1,1,2,58,3.0,1,5,3,7,1,0.0,0.0,0.0,7,7,1,264.215789794922,6,16156-56-11-1,58.0,1,3.0,7.0,5.0,1.0,0,0,0,1,1,0,0,1.0,0
16156,325,11,1,1,1,32,6.0,5,2,3, ,1,0.0,0.0,0.0,7,7,1,264.215789794922,4,16156-325-11-1,32.0,1,3.0,,2.0,1.0,0,0,0,1,1,0,0,1.0,0
16156,326,11,1,1,1,50,3.0,0,2,3, ,1,0.0,0.0,0.0,7,7,1,264.215789794922,3,16156-326-11-1,50.0,1,3.0,,2.0,1.0,0,0,0,1,1,0,0,1.0,0
16156,327,11,1,1,1,60,3.0,3,2,3, ,1,0.0,0.0,0.0,7,7,1,264.215789794922,8,16156-327-11-1,60.0,1,3.0,,2.0,1.0,0,0,0,1,1,0,0,1.0,0
16156,328,11,1,1,1,68,3.0,3,2,3, ,1,0.0,0.0,0.0,7,7,1,264.215789794922,4,16156-328-11-1,68.0,1,3.0,,2.0,1.0,0,0,0,1,1,0,0,1.0,0
16157,45,11,1,1,1,67,4.0,5,4,3,7,1,0.0,0.0,0.0,7,7,1,230.468078613281,1,16157-45-11-1,67.0,1,3.0,7.0,4.0,1.0,0,0,0,1,1,0,0,1.0,0
16157,46,11,1,1,2,75,1.0, ,2,3, ,1,0.0,0.0,0.0,7,7,1,230.468078613281,1,16157-46-11-1,75.0,1,3.0,,2.0,1.0,0,0,0,1,1,0,0,1.0,0
16157,48,11,1,1,1,53,3.0,0,2,3, ,1,0.0,0.0,0.0,7,7,1,230.468078613281,4,16157-48-11-1,53.0,1,3.0,,2.0,1.0,0,0,0,1,1,0,0,1.0,0
16157,180,11,1,1,1,39,3.0,0,2,3, ,1,0.0,0.0,0.0,7,7,1,230.468078613281,3,16157-180-11-1,39.0,1,3.0,,2.0,1.0,0,0,0,1,1,0,0,1.0,0
16157,181,11,1,1,1,28,3.0,0,2,3, ,1,0.0,0.0,0.0,7,7,1,230.468078613281,4,16157-181-11-1,28.0,1,3.0,,2.0,1.0,0,0,0,1,1,0,0,1.0,0
16157,184,11,1,1,1,53,3.0,0,2,3, ,1,0.0,0.0,0.0,7,7,1,230.468078613281,3,16157-184-11-1,53.0,1,3.0,,2.0,1.0,0,0,0,1,1,0,0,1.0,0
16158,25,11,1,1,1,82,4.0,5,2,3, ,1,0.0,0.0,0.0,7,6,1,238.379196166992,4,16158-25-11-1,82.0,1,3.0,,2.0,1.0,0,0,0,1,1,0,0,1.0,0
16158,39,11,1,1,2,68,1.0, ,2,3, ,1,0.0,0.0,0.0,7,6,1,238.379196166992,1,16158-39-11-1,68.0,1,3.0,,2.0,1.0,0,0,0,1,1,0,0,1.0,0
16158,65,11,1,1,1,45,4.0,0,2,3, ,1,0.0,0.0,0.0,7,6,1,238.379196166992,5,16158-65-11-1,45.0,1,3.0,,2.0,1.0,0,0,0,1,1,0,0,1.0,0
16158,92,11,1,1,1,71,3.0,3,2,3, ,1,0.0,0.0,0.0,7,6,1,238.379196166992,2,16158-92-11-1,71.0,1,3.0,,2.0,1.0,0,0,0,1,1,0,0,1.0,0
16158,117,11,1,1,1,40,3.0,0,4,3,7,1,0.0,0.0,0.0,7,6,1,238.379196166992,1,16158-117-11-1,40.0,1,3.0,7.0,4.0,1.0,0,0,0,1,1,0,0,1.0,0
16158,130,11,1,1,2,60,6.0,5,2,3, ,1,0.0,0.0,0.0,7,6,1,238.379196166992,1,16158-130-11-1,60.0,1,3.0,,2.0,1.0,0,0,0,1,1,0,0,1.0,0
16159,14,11,1,1,2,79,3.0,1,2,3, ,1,0.0,0.0,0.0,7,7,1,264.215789794922,3,16159-14-11-1,79.0,1,3.0,,2.0,1.0,0,0,0,1,1,0,0,1.0,0
16159,15,11,1,1,2,38,4.0,0,2,3, ,1,0.0,0.0,0.0,7,7,1,264.215789794922,4,16159-15-11-1,38.0,1,3.0,,2.0,1.0,0,0,0,1,1,0,0,1.0,0
16159,16,11,1,1,1,40,4.0,0,2,3, ,1,0.0,0.0,0.0,7,7,2,264.215789794922,4,16159-16-11-1,40.0,1,3.0,,2.0,1.0,0,0,0,1,1,0,0,1.0,0
16159,90,11,1,1,2,40,4.0,0,2,3, ,1,0.0,0.0,0.0,7,7,1,264.215789794922,2,16159-90-11-1,40.0,1,3.0,,2.0,1.0,0,0,0,1,1,0,0,1.0,0
16159,91,11,1,1,1,53,4.0,0,2,3, ,1,0.0,0.0,0.0,7,7,1,264.215789794922,2,16159-91-11-1,53.0,1,3.0,,2.0,1.0,0,0,0,1,1,0,0,1.0,0
16159,92,11,1,1,1,40,6.0,5,2,3, ,1,0.0,0.0,0.0,7,7,1,264.215789794922,4,16159-92-11-1,40.0,1,3.0,,2.0,1.0,0,0,0,1,1,0,0,1.0,0
16161,33,11,1,1,1,43,6.0,5,2,3, ,1,0.0,0.0,0.0,7,8,1,261.951019287109,6,16161-33-11-1,43.0,1,3.0,,2.0,1.0,0,0,0,1,1,0,0,1.0,0
16161,34,11,1,1,1,65,4.0,5,2,3, ,1,0.0,0.0,0.0,7,8,1,261.951019287109,3,16161-34-11-1,65.0,1,3.0,,2.0,1.0,0,0,0,1,1,0,0,1.0,0
16161,35,11,1,1,1,57,1.0, ,2,3, ,1,0.0,0.0,0.0,7,8,1,261.951019287109,1,16161-35-11-1,57.0,1,3.0,,2.0,1.0,0,0,0,1,1,0,0,1.0,0
16161,36,11,1,1,1,32,6.0,5,2,3, ,1,0.0,0.0,0.0,7,8,1,261.951019287109,3,16161-36-11-1,32.0,1,3.0,,2.0,1.0,0,0,1,1,1,0,1,1.0,1
16161,103,11,1,1,1,94,4.0,6,2,3, ,1,0.0,0.0,0.0,7,8,1,261.951019287109,4,16161-103-11-1,94.0,1,3.0,,2.0,1.0,0,0,0,1,1,0,0,1.0,0
16161,104,11,1,1,1,32,6.0,5,2,3, ,1,0.0,0.0,0.0,7,8,1,261.951019287109,5,16161-104-11-1,32.0,1,3.0,,2.0,1.0,0,0,0,1,1,0,0,1.0,0
16161,105,11,1,1,2,62,4.0,6,2,3, ,1,0.0,0.0,0.0,7,8,1,261.951019287109,3,16161-105-11-1,62.0,1,3.0,,2.0,1.0,0,0,0,1,1,0,0,1.0,0
16162,1,11,1,1,1,65,4.0,5,2,3, ,1,0.0,0.0,0.0,7,6, ,261.951019287109,1,16162-1-11-1,65.0,1,3.0,,2.0,1.0,0,0,0,1,1,0,0,1.0,0
16162,10,11,1,1,1,44,4.0,0,2,3, ,1,0.0,0.0,0.0,7,6, ,261.951019287109,1,16162-10-11-1,44.0,1,3.0,,2.0,1.0,0,0,0,1,1,0,0,1.0,0
16162,18,11,1,1,2,37,4.0,0,2,3, ,1,0.0,0.0,0.0,7,6, ,261.951019287109,3,16162-18-11-1,37.0,1,3.0,,2.0,1.0,0,0,0,1,1,0,0,1.0,0
16162,26,11,1,1,1,77,3.0,4,2,3, ,1,0.0,0.0,0.0,7,6, ,261.951019287109,3,16162-26-11-1,77.0,1,3.0,,2.0,1.0,0,0,0,1,1,0,0,1.0,0
16162,43,11,1,1,1,57,6.0,5,2,3, ,1,0.0,8.0,0.0,7,6, ,261.951019287109,3,16162-43-11-1,57.0,1,3.0,,2.0,1.0,0,1,0,1,1,0,0,1.0,0
16162,61,11,1,1,1,41,3.0,0,2,3, ,1,0.0,0.0,0.0,7,6, ,261.951019287109,4,16162-61-11-1,41.0,1,3.0,,2.0,1.0,0,0,0,1,1,0,0,1.0,0
16162,67,11,1,1,1,58,6.0,5,2,3, ,1,0.0,0.0,0.0,7,6, ,261.951019287109,3,16162-67-11-1,58.0,1,3.0,,2.0,1.0,0,0,0,1,1,0,0,1.0,0
16162,76,11,1,1,1,31,7.0,1,2,2, ,1,0.0,0.0,0.0,7,6, ,261.951019287109,3,16162-76-11-1,31.0,1,2.0,,2.0,0.0,0,0,0,1,1,0,0,0.0,0
16163,53,11,1,1,1,46,6.0,5,2,3, ,1,0.0,0.0,0.0,7,7, ,230.468078613281,3,16163-53-11-1,46.0,1,3.0,,2.0,1.0,0,0,0,1,1,0,0,1.0,0
16163,54,11,1,1,1,43,6.0,5,2,3, ,1,0.0,0.0,0.0,7,7, ,230.468078613281,3,16163-54-11-1,43.0,1,3.0,,2.0,1.0,0,0,1,1,1,0,1,1.0,1
16163,55,11,1,1,1,44,6.0,5,2,3, ,1,0.0,0.0,0.0,7,7, ,230.468078613281,5,16163-55-11-1,44.0,1,3.0,,2.0,1.0,0,0,0,1,1,0,0,1.0,0
16163,56,11,1,1,1,38,5.0,4,4,3,7,1,0.0,0.0,0.0,7,7, ,230.468078613281,2,16163-56-11-1,38.0,1,3.0,7.0,4.0,1.0,0,0,0,1,1,0,0,1.0,0
16163,118,11,1,1,1,82,1.0, ,2,3, ,1,0.0,0.0,0.0,7,7, ,230.468078613281,1,16163-118-11-1,82.0,1,3.0,,2.0,1.0,0,0,0,1,1,0,0,1.0,0
16163,119,11,1,1,1,51,5.0,2,2,3, ,1,0.0,0.0,0.0,7,7, ,230.468078613281,4,16163-119-11-1,51.0,1,3.0,,2.0,1.0,0,0,0,1,1,0,0,1.0,0
16163,120,11,1,1,1,55,6.0,5,2,3, ,1,0.0,0.0,0.0,7,7, ,230.468078613281,1,16163-120-11-1,55.0,1,3.0,,2.0,1.0,0,0,0,1,1,0,0,1.0,0
16164,33,11,1,1,1,80,3.0,1,2,3, ,1,0.0,0.0,0.0,7,8, ,238.379196166992,4,16164-33-11-1,80.0,1,3.0,,2.0,1.0,0,0,0,1,1,0,0,1.0,0
16164,34,11,1,1,1,63,4.0,5,2,3, ,1,0.0,0.0,0.0,7,8, ,238.379196166992,6,16164-34-11-1,63.0,1,3.0,,2.0,1.0,0,0,0,1,1,0,0,1.0,0
16164,35,11,1,1,1,34,6.0,5,2,3, ,1,0.0,0.0,0.0,7,8, ,238.379196166992,4,16164-35-11-1,34.0,1,3.0,,2.0,1.0,0,0,0,1,1,0,0,1.0,0
16164,36,11,1,1,1,67,3.0,1,2,3, ,1,0.0,0.0,0.0,7,8, ,238.379196166992,2,16164-36-11-1,67.0,1,3.0,,2.0,1.0,0,0,0,1,1,0,0,1.0,0
16164,81,11,1,1,1,58,4.0,5,2,3, ,1,0.0,0.0,0.0,7,8, ,238.379196166992,3,16164-81-11-1,58.0,1,3.0,,2.0,1.0,0,0,0,1,1,0,0,1.0,0
16164,82,11,1,1,1,62,6.0,5,1,3, ,1,0.0,0.0,0.0,7,8, ,238.379196166992,3,16164-82-11-1,62.0,1,3.0,,1.0,1.0,0,0,0,1,1,0,0,1.0,0
16164,83,11,1,1,1,56,6.0,5,2,3, ,1,0.0,0.0,0.0,7,8, ,238.379196166992,2,16164-83-11-1,56.0,1,3.0,,2.0,1.0,0,0,1,1,1,0,1,1.0,1
16164,84,11,1,1,1,31,4.0,0,2,3, ,1,0.0,0.0,0.0,7,8, ,238.379196166992,2,16164-84-11-1,31.0,1,3.0,,2.0,1.0,0,0,0,1,1,0,0,1.0,0
16212,32,11,1,1,2,44,10.0,5,2,2, ,1,0.0,0.0,0.0,8,1,1,314.084320068359,3,16212-32-11-1,44.0,1,2.0,,2.0,0.0,0,0,0,1,1,0,0,0.0,0
16212,68,11,1,1,2,90,4.0,5, , , , ,0.0,0.0,0.0,8,1,1,314.084320068359,1,16212-68-11-1,90.0,1,,,,0.0,0,0,0,1,1,0,0,0.0,0
16212,125,11,1,1,1,74,6.0,5, , , , ,0.0,0.0,0.0,8,1,1,314.084320068359,1,16212-125-11-1,74.0,1,,,,0.0,0,0,0,1,1,0,0,0.0,0
16212,144,11,1,1,1,27,10.0,6,3,1,3,3,0.0,8.0,0.0,8,1,1,314.084320068359,1,16212-144-11-1,27.0,1,1.0,3.0,3.0,0.0,0,1,0,1,1,0,0,0.0,0
16212,181,11,1,1,2,60,7.0,2, , , , ,0.0,0.0,0.0,8,1,1,314.084320068359,4,16212-181-11-1,60.0,1,,,,0.0,0,0,0,1,1,0,0,0.0,0
16253,29,11,1,1,2,74,4.0,5, , , , ,0.0,0.0,0.0,8,1, ,306.454162597656,5,16253-29-11-1,74.0,1,,,,0.0,0,0,0,1,1,0,0,0.0,0
16253,68,11,1,1,1,35,10.0,5,4,1,2,1,0.0,0.0,0.0,8,1, ,306.454162597656,1,16253-68-11-1,35.0,1,1.0,2.0,4.0,0.0,0,0,0,1,1,0,0,0.0,0
16253,88,11,1,1,1,67,5.0,2,5,3,7,1,0.0,8.0,0.0,8,1, ,306.454162597656,2,16253-88-11-1,67.0,1,3.0,7.0,5.0,1.0,0,1,0,1,1,0,0,1.0,0
16253,108,11,1,1,2,60,3.0,3,2,3, ,1,0.0,0.0,0.0,8,1, ,306.454162597656,2,16253-108-11-1,60.0,1,3.0,,2.0,1.0,0,0,0,1,1,0,0,1.0,0
16253,125,11,1,1,2,63,3.0,2, , , , ,0.0,0.0,0.0,8,1, ,306.454162597656,2,16253-125-11-1,63.0,1,,,,0.0,0,0,0,1,1,0,0,0.0,0
16253,184,11,1,1,2,60,5.0,3,2,3, ,1,0.0,0.0,0.0,8,1, ,306.454162597656,3,16253-184-11-1,60.0,1,3.0,,2.0,1.0,0,0,0,1,1,0,0,1.0,0
16275,21,11,1,1,1,59,5.0,2,2,3, ,1,0.0,8.0,0.0,8,1,1,280.151947021484,5,16275-21-11-1,59.0,1,3.0,,2.0,1.0,0,1,0,1,1,0,0,1.0,0
16277,58,11,1,1,1,75,4.0,5, , , , ,0.0,0.0,0.0,8,1,1,131.164047241211,2,16277-58-11-1,75.0,1,,,,0.0,0,0,0,1,1,0,0,0.0,0
16277,98,11,1,1,2,24,8.0,3,3, ,6,5,0.0,8.0,0.0,8,1,1,131.164047241211,4,16277-98-11-1,24.0,1,,6.0,3.0,0.0,0,1,0,1,1,0,0,0.0,0
16277,113,11,1,1,1,55,6.0,5,2,3, ,1,0.0,8.0,0.0,8,1,1,131.164047241211,9,16277-113-11-1,55.0,1,3.0,,2.0,1.0,0,1,0,1,1,0,0,1.0,0
16277,127,11,1,1,2,30,10.0,5,2,2, ,1,0.0,8.0,0.0,8,1,1,131.164047241211,2,16277-127-11-1,30.0,1,2.0,,2.0,0.0,0,1,0,1,1,0,0,0.0,0
16278,3,11,1,1,1,83,8.0,3, , , , ,0.0,0.0,0.0,8,1,1,110.749877929688,1,16278-3-11-1,83.0,1,,,,0.0,0,0,0,1,1,0,0,0.0,0
16278,40,11,1,1,2,59,8.0,3, , , , ,0.0,8.0,0.0,8,1,1,110.749877929688,1,16278-40-11-1,59.0,1,,,,0.0,0,1,0,1,1,0,0,0.0,0
16278,53,11,1,1,2,79,8.0,3, , , , ,0.0,0.0,0.0,8,1,1,110.749877929688,1,16278-53-11-1,79.0,1,,,,0.0,0,0,0,1,1,0,0,0.0,0
16278,65,11,1,1,2,53,6.0,5,3,2,2,5,0.0,8.0,0.0,8,1,1,110.749877929688,2,16278-65-11-1,53.0,1,2.0,2.0,3.0,0.0,0,1,0,1,1,0,0,0.0,0
16279,7,11,1,1,2,38,6.0,5, , , , ,0.0,8.0,0.0,8,1,2,314.084320068359,4,16279-7-11-1,38.0,1,,,,0.0,0,1,0,1,1,0,0,0.0,0
16279,92,11,1,1,2,65,6.0,5,2,3, ,1,0.0,8.0,0.0,8,1,1,314.084320068359,3,16279-92-11-1,65.0,1,3.0,,2.0,1.0,0,1,0,1,1,0,0,1.0,0
16280,59,11,1,1,1,68,8.0,3, , , , ,0.0,8.0,0.0,8,1,2,105.456718444824,2,16280-59-11-1,68.0,1,,,,0.0,0,1,0,1,1,0,0,0.0,0
16280,79,11,1,1,1,82,8.0,3, , , , ,0.0,0.0,0.0,8,1,1,105.456718444824,6,16280-79-11-1,82.0,1,,,,0.0,0,0,0,1,1,0,0,0.0,0
16280,137,11,1,1,1,95,8.0,3, , , , ,0.0,0.0,0.0,8,1,1,105.456718444824,2,16280-137-11-1,95.0,1,,,,0.0,0,0,0,1,1,0,0,0.0,0
16280,175,11,1,1,2,30,6.0,5,3,2,7,1,0.0,0.0,0.0,8,1,1,105.456718444824,3,16280-175-11-1,30.0,1,2.0,7.0,3.0,1.0,0,0,0,1,1,0,0,1.0,0
16280,194,11,1,1,2,59,6.0,5,4, ,6,5,0.0,8.0,0.0,8,1,2,105.456718444824,1,16280-194-11-1,59.0,1,,6.0,4.0,0.0,0,1,0,1,1,0,0,0.0,0
16282,85,11,1,1,1,73,6.0,5, , , , ,0.0,8.0,0.0,8,1,1,138.653045654297,3,16282-85-11-1,73.0,1,,,,0.0,0,1,0,1,1,0,0,0.0,0
16282,144,11,1,1,2,74,8.0,3, , , , ,0.0,0.0,0.0,8,1,1,138.653045654297,2,16282-144-11-1,74.0,1,,,,0.0,0,0,0,1,1,0,0,0.0,0
16283,75,11,1,1,2,51,6.0,5, , , , ,0.0,0.0,0.0,8,1,1,386.01806640625,3,16283-75-11-1,51.0,1,,,,0.0,0,0,0,1,1,0,0,0.0,0
16283,131,11,1,1,2,60,7.0,2, , , , ,0.0,0.0,0.0,8,1,1,386.01806640625,5,16283-131-11-1,60.0,1,,,,0.0,0,0,0,1,1,0,0,0.0,0
16283,168,11,1,1,1,70,10.0,5,3,1,5,1,0.0,0.0,0.0,8,1,1,386.01806640625,2,16283-168-11-1,70.0,1,1.0,5.0,3.0,0.0,0,0,0,1,1,0,0,0.0,0
16284,15,11,1,1,1,41,6.0,5,2,1, ,1,0.0,8.0,0.0,8,1,1,600.870788574219,4,16284-15-11-1,41.0,1,1.0,,2.0,0.0,0,1,0,1,1,0,0,0.0,0
16284,26,11,1,1,1,43,6.0,5,2,3, ,1,0.0,0.0,0.0,8,1,1,600.870788574219,5,16284-26-11-1,43.0,1,3.0,,2.0,1.0,0,0,0,1,1,0,0,1.0,0
16284,39,11,1,1,2,37,6.0,5,2,2, ,1,0.0,8.0,0.0,8,1,1,600.870788574219,4,16284-39-11-1,37.0,1,2.0,,2.0,0.0,0,1,0,1,1,0,0,0.0,0
16284,51,11,1,1,1,42,8.0,3,3,1,1,4,0.0,8.0,0.0,8,1,1,600.870788574219,2,16284-51-11-1,42.0,1,1.0,1.0,3.0,0.0,0,1,0,1,1,0,0,0.0,0
16284,64,11,1,1,1,51,6.0,5,2,2, ,1,0.0,8.0,0.0,8,1,1,600.870788574219,7,16284-64-11-1,51.0,1,2.0,,2.0,0.0,0,1,0,1,1,0,0,0.0,0
16284,91,11,1,1,1,34,10.0,5,2,3, ,1,0.0,8.0,0.0,8,1,1,600.870788574219,4,16284-91-11-1,34.0,1,3.0,,2.0,1.0,0,1,0,1,1,0,0,1.0,0
16285,33,11,1,1,1,81,3.0,4, , , , ,0.0,0.0,0.0,8,1,1,408.504821777344,2,16285-33-11-1,81.0,1,,,,0.0,0,0,0,1,1,0,0,0.0,0
16285,58,11,1,1,1,73,3.0,2,5,3,7,1,0.0,8.0,0.0,8,1,1,408.504821777344,2,16285-58-11-1,73.0,1,3.0,7.0,5.0,1.0,0,1,0,1,1,0,0,1.0,0
16285,82,11,1,1,1,67,7.0,1,2,3, ,1,0.0,0.0,0.0,8,1,1,408.504821777344,2,16285-82-11-1,67.0,1,3.0,,2.0,1.0,0,0,0,1,1,0,0,1.0,0
16285,106,11,1,1,2,73,3.0,2, , , , ,0.0,0.0,0.0,8,1,1,408.504821777344,3,16285-106-11-1,73.0,1,,,,0.0,0,0,0,1,1,0,0,0.0,0
16285,155,11,1,1,1,74,5.0,4,2,3, ,1,0.0,0.0,0.0,8,1,1,408.504821777344,2,16285-155-11-1,74.0,1,3.0,,2.0,1.0,0,0,0,1,1,0,0,1.0,0
16286,112,11,1,1,1,37,6.0,5,3,1,2,4,0.0,0.0,0.0,8,1,1,408.605529785156,1,16286-112-11-1,37.0,1,1.0,2.0,3.0,0.0,0,0,0,1,1,0,0,0.0,0
16287,31,11,1,1,1,48,6.0,5,4,3,7,1,0.0,8.0,0.0,8,1,1,282.701507568359,2,16287-31-11-1,48.0,1,3.0,7.0,4.0,1.0,0,1,0,1,1,0,0,1.0,0
16287,55,11,1,1,1,42,4.0,0,2,3, ,1,0.0,0.0,0.0,8,1,1,282.701507568359,4,16287-55-11-1,42.0,1,3.0,,2.0,1.0,0,0,0,1,1,0,0,1.0,0
16287,66,11,1,1,1,40,3.0,0,4,2,2,5,0.0,0.0,0.0,8,1,1,282.701507568359,4,16287-66-11-1,40.0,1,2.0,2.0,4.0,0.0,0,0,0,1,1,0,0,0.0,0
16287,89,11,1,1,2,72,3.0,2, , , , ,0.0,0.0,0.0,8,1,1,282.701507568359,2,16287-89-11-1,72.0,1,,,,0.0,0,0,1,1,1,0,1,0.0,1
16288,66,11,1,1,1,54,6.0,5,2,3, ,1,0.0,8.0,0.0,8,1,1,279.561218261719,2,16288-66-11-1,54.0,1,3.0,,2.0,1.0,0,1,0,1,1,0,0,1.0,0
16288,84,11,1,1,1,41,4.0,0,2,3, ,1,0.0,0.0,0.0,8,1,1,279.561218261719,5,16288-84-11-1,41.0,1,3.0,,2.0,1.0,0,0,0,1,1,0,0,1.0,0
16288,101,11,1,1,1,39,6.0,5,2,3, ,1,0.0,0.0,0.0,8,1,1,279.561218261719,5,16288-101-11-1,39.0,1,3.0,,2.0,1.0,0,0,0,1,1,0,0,1.0,0
16289,20,11,1,1,1,91,4.0,5, , , , ,0.0,0.0,0.0,8,1,1,280.151947021484,3,16289-20-11-1,91.0,1,,,,0.0,0,0,0,1,1,0,0,0.0,0
16289,49,11,1,1,1,65,5.0,1, , , , ,0.0,0.0,0.0,8,1,2,280.151947021484,2,16289-49-11-1,65.0,1,,,,0.0,0,0,0,1,1,0,0,0.0,0
16289,64,11,1,1,1,21,6.0,5,4,3,7,1,0.0,0.0,0.0,8,1,1,280.151947021484,3,16289-64-11-1,21.0,1,3.0,7.0,4.0,1.0,0,0,0,1,1,0,0,1.0,0
16289,78,11,1,1,1,62,6.0,5, , , , ,0.0,8.0,0.0,8,1,1,280.151947021484,3,16289-78-11-1,62.0,1,,,,0.0,0,1,0,1,1,0,0,0.0,0
16289,93,11,1,1,2,62,5.0,3,2,2, ,1,0.0,8.0,0.0,8,1,1,280.151947021484,4,16289-93-11-1,62.0,1,2.0,,2.0,0.0,0,1,0,1,1,0,0,0.0,0
16290,92,11,1,1,2,40,6.0,5, , , , ,0.0,0.0,0.0,8,1,1,278.125274658203,6,16290-92-11-1,40.0,1,,,,0.0,0,0,1,1,1,0,1,0.0,1
16290,108,11,1,1,2,25,6.0,5,2,3, ,1,0.0,0.0,0.0,8,1,1,278.125274658203,3,16290-108-11-1,25.0,1,3.0,,2.0,1.0,0,0,0,1,1,0,0,1.0,0
16291,11,11,1,1,2,56,6.0,5,2,3, ,1,0.0,0.0,0.0,8,1,1,455.030456542969,2,16291-11-11-1,56.0,1,3.0,,2.0,1.0,0,0,0,1,1,0,0,1.0,0
16291,27,11,1,1,2,73,4.0,5, , , , ,0.0,0.0,0.0,8,1,1,455.030456542969,6,16291-27-11-1,73.0,1,,,,0.0,0,0,0,1,1,0,0,0.0,0
16291,74,11,1,1,2,89,4.0,5, , , , ,0.0,0.0,0.0,8,1,1,455.030456542969,2,16291-74-11-1,89.0,1,,,,0.0,0,0,0,1,1,0,0,0.0,0
16291,138,11,1,1,2,58,8.0,3,3,1,2,4,0.0,0.0,0.0,8,1,1,455.030456542969,3,16291-138-11-1,58.0,1,1.0,2.0,3.0,0.0,0,0,0,1,1,0,0,0.0,0
16291,169,11,1,1,2,61,10.0,5, , , , ,0.0,0.0,0.0,8,1, ,455.030456542969,2,16291-169-11-1,61.0,1,,,,0.0,0,0,0,1,1,0,0,0.0,0
16292,17,11,1,1,2,77,3.0,4, , , , ,0.0,0.0,0.0,8,1,1,306.454162597656,1,16292-17-11-1,77.0,1,,,,0.0,0,0,0,1,1,0,0,0.0,0
16292,129,11,1,1,1,31,10.0,5,3, ,2,5,0.0,8.0,0.0,8,1,1,306.454162597656,2,16292-129-11-1,31.0,1,,2.0,3.0,0.0,0,1,0,1,1,0,0,0.0,0
16293,182,11,1,1,2,68,9.0,2, , , , ,0.0,0.0,0.0,8,1,1,138.653045654297,1,16293-182-11-1,68.0,1,,,,0.0,0,0,0,1,1,0,0,0.0,0
16294,19,11,1,1,2,79,6.0,5, , , , ,0.0,0.0,0.0,8,1,2,131.164047241211,2,16294-19-11-1,79.0,1,,,,0.0,0,0,0,1,1,0,0,0.0,0
16294,82,11,1,1,2,74,4.0,5, , , , ,0.0,0.0,0.0,8,1,1,131.164047241211,3,16294-82-11-1,74.0,1,,,,0.0,0,0,0,1,1,0,0,0.0,0
16294,97,11,1,1,1,47,6.0,5, , , , ,0.0,0.0,0.0,8,1,1,131.164047241211,4,16294-97-11-1,47.0,1,,,,0.0,0,0,0,1,1,0,0,0.0,0
16294,112,11,1,1,1,62,6.0,5,2,3, ,1,0.0,0.0,0.0,8,1,1,131.164047241211,3,16294-112-11-1,62.0,1,3.0,,2.0,1.0,0,0,0,1,1,0,0,1.0,0
16294,140,22,1,1,2,70,4.0,6, , , , ,0.0,8.0,0.0,8,1,1,131.164047241211,2,16294-140-22-1,70.0,1,,,,0.0,0,1,0,1,1,0,0,0.0,0
16295,47,11,1,1,2,46,7.0,2,3,2,2,3,0.0,8.0,0.0,8,1,1,289.513549804688,2,16295-47-11-1,46.0,1,2.0,2.0,3.0,0.0,0,1,0,1,1,0,0,0.0,0
16295,154,11,1,1,1,71,6.0,5,4,3,7,1,0.0,0.0,0.0,8,1,1,289.513549804688,3,16295-154-11-1,71.0,1,3.0,7.0,4.0,1.0,0,0,0,1,1,0,0,1.0,0
16296,45,11,1,1,2,68,6.0,5, , , , ,0.0,0.0,0.0,8,1,1,486.023803710938,5,16296-45-11-1,68.0,1,,,,0.0,0,0,0,1,1,0,0,0.0,0
16296,79,11,1,1,1,32,6.0,5,3,2,7,1,0.0,8.0,0.0,8,1,1,486.023803710938,3,16296-79-11-1,32.0,1,2.0,7.0,3.0,1.0,0,1,0,1,1,0,0,1.0,0
16296,147,11,1,1,1,39,6.0,5,3,1,2,4,0.0,8.0,0.0,8,1,1,486.023803710938,2,16296-147-11-1,39.0,1,1.0,2.0,3.0,0.0,0,1,0,1,1,0,0,0.0,0
16297,4,11,1,1,1,46,7.0,1,3,1,1,3,0.0,8.0,0.0,8,1,1,280.151947021484,5,16297-4-11-1,46.0,1,1.0,1.0,3.0,0.0,0,1,0,1,1,0,0,0.0,0
16297,49,11,1,1,2,51,5.0,2, , , , ,0.0,0.0,0.0,8,1,1,280.151947021484,4,16297-49-11-1,51.0,1,,,,0.0,0,0,1,1,1,0,1,0.0,1
16297,64,11,1,1,1,24,8.0,3,2,3, ,1,0.0,8.0,0.0,8,1,1,280.151947021484,2,16297-64-11-1,24.0,1,3.0,,2.0,1.0,0,1,0,1,1,0,0,1.0,0
16297,95,11,1,1,1,47,6.0,5,4,2,2,5,0.0,8.0,0.0,8,1,1,280.151947021484,3,16297-95-11-1,47.0,1,2.0,2.0,4.0,0.0,0,1,0,1,1,0,0,0.0,0
16298,65,11,1,1,1,69,10.0,5,2,3, ,1,0.0,8.0,0.0,8,1,1,408.504821777344,1,16298-65-11-1,69.0,1,3.0,,2.0,1.0,0,1,0,1,1,0,0,1.0,0
16298,107,11,1,1,1,28,6.0,5,2,3, ,1,0.0,0.0,0.0,8,1,1,408.504821777344,1,16298-107-11-1,28.0,1,3.0,,2.0,1.0,0,0,0,1,1,0,0,1.0,0
16299,43,11,1,1,2,26,9.0,2, , , , ,0.0,8.0,0.0,8,1,1,638.987365722656,1,16299-43-11-1,26.0,1,,,,0.0,0,1,1,1,1,0,1,0.0,1
16299,71,11,1,1,2,45,6.0,5, , , , ,0.0,8.0,0.0,8,1,1,638.987365722656,4,16299-71-11-1,45.0,1,,,,0.0,0,1,0,1,1,0,0,0.0,0
16300,4,11,1,1,1,90,4.0,5, , , , ,0.0,8.0,0.0,8,1,2,638.987365722656,7,16300-4-11-1,90.0,1,,,,0.0,0,1,0,1,1,0,0,0.0,0
16300,70,11,1,1,2,49,9.0,2, , , , ,0.0,8.0,0.0,8,1,1,638.987365722656,3,16300-70-11-1,49.0,1,,,,0.0,0,1,0,1,1,0,0,0.0,0
16300,87,11,1,1,2,48,5.0,2, , , , ,0.0,0.0,0.0,8,1,1,638.987365722656,2,16300-87-11-1,48.0,1,,,,0.0,0,0,1,1,1,0,1,0.0,1
16301,3,11,1,1,1,37,5.0,4,4,3,7,1,0.0,0.0,0.0,8,1,1,282.701507568359,4,16301-3-11-1,37.0,1,3.0,7.0,4.0,1.0,0,0,1,1,1,0,1,1.0,1
16301,73,11,1,1,1,49,5.0,3,4,1,1,5,0.0,0.0,0.0,8,1,1,282.701507568359,6,16301-73-11-1,49.0,1,1.0,1.0,4.0,0.0,0,0,0,1,1,0,0,0.0,0
16301,108,11,1,1,1,50,6.0,5, , , , ,0.0,0.0,0.0,8,1,1,282.701507568359,4,16301-108-11-1,50.0,1,,,,0.0,0,0,0,1,1,0,0,0.0,0
16302,61,11,1,1,1,49,6.0,5,2,3, ,1,0.0,8.0,0.0,8,1,1,278.125274658203,4,16302-61-11-1,49.0,1,3.0,,2.0,1.0,0,1,0,1,1,0,0,1.0,0
16303,130,11,1,1,1,50,6.0,5, , , , ,0.0,0.0,0.0,8,1,1,408.605529785156,4,16303-130-11-1,50.0,1,,,,0.0,0,0,0,1,1,0,0,0.0,0
16303,151,11,1,1,1,44,8.0,3,4,1,1,3,0.0,0.0,0.0,8,1,1,408.605529785156,4,16303-151-11-1,44.0,1,1.0,1.0,4.0,0.0,0,0,0,1,1,0,0,0.0,0
16303,170,11,1,1,1,48,6.0,5,1,3, ,1,0.0,8.0,0.0,8,1,2,408.605529785156,7,16303-170-11-1,48.0,1,3.0,,1.0,1.0,0,1,0,1,1,0,0,1.0,0
16304,71,11,1,1,1,33,8.0,3,2,3, ,1,0.0,0.0,0.0,8,1,1,280.151947021484,6,16304-71-11-1,33.0,1,3.0,,2.0,1.0,0,0,0,1,1,0,0,1.0,0
16304,83,11,1,1,1,48,6.0,5,2,3, ,1,0.0,8.0,0.0,8,1,1,280.151947021484,4,16304-83-11-1,48.0,1,3.0,,2.0,1.0,0,1,0,1,1,0,0,1.0,0
16304,94,11,1,1,1,79,8.0,3, , , , ,0.0,0.0,0.0,8,1,1,280.151947021484,2,16304-94-11-1,79.0,1,,,,0.0,0,0,0,1,1,0,0,0.0,0
16305,8,11,1,1,1,80,4.0,5, , , , ,0.0,0.0,0.0,8,1,2,114.660278320313,4,16305-8-11-1,80.0,1,,,,0.0,0,0,0,1,1,0,0,0.0,0
16305,27,11,1,1,2,28,10.0,5,3,1,2,5,0.0,8.0,0.0,8,1,1,114.660278320313,1,16305-27-11-1,28.0,1,1.0,2.0,3.0,0.0,0,1,0,1,1,0,0,0.0,0
16305,83,11,1,1,2,87,4.0,5, , , , ,0.0,0.0,0.0,8,1,2,114.660278320313,2,16305-83-11-1,87.0,1,,,,0.0,0,0,0,1,1,0,0,0.0,0
16305,179,11,1,1,1,62,11.0,2,2,2, ,1,0.0,0.0,0.0,8,1,1,114.660278320313,3,16305-179-11-1,62.0,1,2.0,,2.0,0.0,0,0,1,1,1,0,1,0.0,1
16305,197,11,1,1,1,71,6.0,5, , , , ,0.0,0.0,0.0,8,1,1,114.660278320313,1,16305-197-11-1,71.0,1,,,,0.0,0,0,0,1,1,0,0,0.0,0
16306,9,11,1,1,2,70,8.0,3, , , , ,0.0,8.0,0.0,8,1,1,314.084320068359,2,16306-9-11-1,70.0,1,,,,0.0,0,1,0,1,1,0,0,0.0,0
16306,162,11,1,1,2,68,5.0,4, , , , ,0.0,0.0,0.0,8,1,1,314.084320068359,3,16306-162-11-1,68.0,1,,,,0.0,0,0,0,1,1,0,0,0.0,0
16307,30,11,1,1,1,75,6.0,5, , , , ,0.0,0.0,0.0,8,1,1,135.065139770508,4,16307-30-11-1,75.0,1,,,,0.0,0,0,0,1,1,0,0,0.0,0
16307,106,11,1,1,1,69,6.0,5, , , , ,0.0,8.0,0.0,8,1,1,135.065139770508,1,16307-106-11-1,69.0,1,,,,0.0,0,1,0,1,1,0,0,0.0,0
16308,9,11,1,1,1,67,6.0,5, , , , ,0.0,0.0,0.0,8,1,1,289.513549804688,2,16308-9-11-1,67.0,1,,,,0.0,0,0,0,1,1,0,0,0.0,0
16308,25,11,1,1,2,69,4.0,5,2,3, ,1,0.0,0.0,0.0,8,1,1,289.513549804688,2,16308-25-11-1,69.0,1,3.0,,2.0,1.0,0,0,0,1,1,0,0,1.0,0
16308,60,11,1,1,2,88,4.0,5,5,2,7,1,0.0,0.0,0.0,8,1,1,289.513549804688,5,16308-60-11-1,88.0,1,2.0,7.0,5.0,1.0,0,0,0,1,1,0,0,1.0,0
16308,76,11,1,1,1,80,5.0,3, , , , ,0.0,0.0,0.0,8,1,1,289.513549804688,6,16308-76-11-1,80.0,1,,,,0.0,0,0,0,1,1,0,0,0.0,0
16308,108,11,1,1,1,68,6.0,5,2,3, ,1,0.0,0.0,0.0,8,1,1,289.513549804688,4,16308-108-11-1,68.0,1,3.0,,2.0,1.0,0,0,0,1,1,0,0,1.0,0
16309,11,11,1,1,1,34,6.0,5,3,1,2,2,0.0,8.0,0.0,8,1,1,306.378601074219,3,16309-11-11-1,34.0,1,1.0,2.0,3.0,0.0,0,1,0,1,1,0,0,0.0,0
16309,28,11,1,1,1,46,8.0,3,3,1,2,1,0.0,8.0,0.0,8,1,1,306.378601074219,4,16309-28-11-1,46.0,1,1.0,2.0,3.0,0.0,0,1,0,1,1,0,0,0.0,0
16309,79,11,1,1,1,56,6.0,5,2,3, ,1,0.0,0.0,0.0,8,1,1,306.378601074219,5,16309-79-11-1,56.0,1,3.0,,2.0,1.0,0,0,0,1,1,0,0,1.0,0
16309,112,11,1,1,1,52,10.0,5,4,1,2,2,0.0,0.0,0.0,8,1,1,306.378601074219,3,16309-112-11-1,52.0,1,1.0,2.0,4.0,0.0,0,0,0,1,1,0,0,0.0,0
16309,178,11,1,1,1,82,6.0,5, , , , ,0.0,0.0,0.0,8,1,1,306.378601074219,4,16309-178-11-1,82.0,1,,,,0.0,0,0,0,1,1,0,0,0.0,0
16311,12,11,1,1,2,62,3.0,4,2,3, ,1,0.0,0.0,0.0,8,1,1,606.707275390625,9,16311-12-11-1,62.0,1,3.0,,2.0,1.0,0,0,0,1,1,0,0,1.0,0
16311,29,11,1,1,2,38,8.0,3,6, ,7,1,0.0,0.0,0.0,8,1,2,606.707275390625,3,16311-29-11-1,38.0,1,,7.0,6.0,1.0,0,0,0,1,1,0,0,1.0,0
16311,64,11,1,1,2,48,9.0,4,2,3, ,1,0.0,8.0,0.0,8,1,1,606.707275390625,3,16311-64-11-1,48.0,1,3.0,,2.0,1.0,0,1,0,1,1,0,0,1.0,0
16311,82,11,1,1,1,75,4.0,5,4,2,7,1,0.0,0.0,0.0,8,1,1,606.707275390625,7,16311-82-11-1,75.0,1,2.0,7.0,4.0,1.0,0,0,0,1,1,0,0,1.0,0
16312,8,11,1,1,2,36,6.0,5,6, ,7,1,0.0,8.0,0.0,8,1,1,282.701507568359,4,16312-8-11-1,36.0,1,,7.0,6.0,1.0,0,1,0,1,1,0,0,1.0,0
16312,27,11,1,1,1,61,9.0,2,2,3, ,1,0.0,0.0,0.0,8,1,1,282.701507568359,5,16312-27-11-1,61.0,1,3.0,,2.0,1.0,0,0,0,1,1,0,0,1.0,0
16312,36,11,1,1,1,60,5.0,4,5,3,7,1,0.0,8.0,0.0,8,1,2,282.701507568359,2,16312-36-11-1,60.0,1,3.0,7.0,5.0,1.0,0,1,0,1,1,0,0,1.0,0
16312,55,11,1,1,1,61,5.0,1,2,3, ,1,0.0,0.0,0.0,8,1,1,282.701507568359,4,16312-55-11-1,61.0,1,3.0,,2.0,1.0,0,0,0,1,1,0,0,1.0,0
16313,12,11,1,1,2,52,6.0,5,3,2,7,1,0.0,0.0,0.0,8,1,2,600.870788574219,3,16313-12-11-1,52.0,1,2.0,7.0,3.0,1.0,0,0,0,1,1,0,0,1.0,0
16313,84,11,1,1,2,75,3.0,1,2,3, ,1,0.0,0.0,0.0,8,1,1,600.870788574219,4,16313-84-11-1,75.0,1,3.0,,2.0,1.0,0,0,0,1,1,0,0,1.0,0
16313,181,11,1,1,1,63,8.0,3,2,2, ,1,0.0,0.0,0.0,8,1,1,600.870788574219,3,16313-181-11-1,63.0,1,2.0,,2.0,0.0,0,0,0,1,1,0,0,0.0,0
16313,204,11,1,1,2,84,4.0,5, , , , ,0.0,8.0,0.0,8,1,1,600.870788574219,3,16313-204-11-1,84.0,1,,,,0.0,0,1,0,1,1,0,0,0.0,0
16314,11,11,1,1,1,79,4.0,5, , , , ,0.0,8.0,0.0,8,1,1,648.03173828125,1,16314-11-11-1,79.0,1,,,,0.0,0,1,0,1,1,0,0,0.0,0
16314,29,11,1,1,2,38,5.0,1,2,3, ,1,0.0,8.0,0.0,8,1,1,648.03173828125,3,16314-29-11-1,38.0,1,3.0,,2.0,1.0,0,1,1,1,1,0,1,1.0,1
16314,65,11,1,1,2,51,3.0,0, , , , ,0.0,8.0,0.0,8,1,1,648.03173828125,4,16314-65-11-1,51.0,1,,,,0.0,0,1,0,1,1,0,0,0.0,0
16314,101,11,1,1,2,78,6.0,5,2,3, ,1,0.0,0.0,0.0,8,1,1,648.03173828125,2,16314-101-11-1,78.0,1,3.0,,2.0,1.0,0,0,0,1,1,0,0,1.0,0
16314,119,11,1,1,1,67,4.0,5,2,3, ,1,0.0,8.0,0.0,8,1,2,648.03173828125,1,16314-119-11-1,67.0,1,3.0,,2.0,1.0,0,1,0,1,1,0,0,1.0,0
16315,3,11,1,1,2,42,6.0,5,2,3, ,1,0.0,8.0,0.0,8,1,1,280.151947021484,4,16315-3-11-1,42.0,1,3.0,,2.0,1.0,0,1,0,1,1,0,0,1.0,0
16315,18,11,1,1,2,43,6.0,5,6, ,7,1,0.0,8.0,0.0,8,1,2,280.151947021484,10,16315-18-11-1,43.0,1,,7.0,6.0,1.0,0,1,0,1,1,0,0,1.0,0
16315,48,11,1,1,2,40,6.0,5,4,2,2,2,0.0,8.0,0.0,8,1,1,280.151947021484,3,16315-48-11-1,40.0,1,2.0,2.0,4.0,0.0,0,1,1,1,1,0,1,0.0,1
16315,63,11,1,1,1,64,6.0,5,4,2,2,2,0.0,8.0,0.0,8,1,1,280.151947021484,5,16315-63-11-1,64.0,1,2.0,2.0,4.0,0.0,0,1,0,1,1,0,0,0.0,0
16315,79,11,1,1,1,36,9.0,3,3, ,6,5,0.0,8.0,0.0,8,1,1,280.151947021484,4,16315-79-11-1,36.0,1,,6.0,3.0,0.0,0,1,1,1,1,0,1,0.0,1
16315,94,11,1,1,2,73,4.0,6, , , , ,0.0,0.0,0.0,8,1,1,280.151947021484,1,16315-94-11-1,73.0,1,,,,0.0,0,0,0,1,1,0,0,0.0,0
16316,37,11,1,1,2,35,6.0,5,3,1,2,3,0.0,8.0,0.0,8,1,1,279.561218261719,3,16316-37-11-1,35.0,1,1.0,2.0,3.0,0.0,0,1,0,1,1,0,0,0.0,0
16316,57,11,1,1,2,45,8.0,3,3,1,2,5,0.0,8.0,0.0,8,1,1,279.561218261719,2,16316-57-11-1,45.0,1,1.0,2.0,3.0,0.0,0,1,0,1,1,0,0,0.0,0
16316,77,11,1,1,1,50,3.0,0,2,3, ,1,0.0,0.0,0.0,8,1,1,279.561218261719,5,16316-77-11-1,50.0,1,3.0,,2.0,1.0,0,0,0,1,1,0,0,1.0,0
16316,118,11,1,1,2,52,7.0,2,2,3, ,1,0.0,0.0,0.0,8,1,1,279.561218261719,4,16316-118-11-1,52.0,1,3.0,,2.0,1.0,0,0,0,1,1,0,0,1.0,0
16316,138,11,1,1,2,63,5.0,3, , , , ,0.0,0.0,0.0,8,1,1,279.561218261719,3,16316-138-11-1,63.0,1,,,,0.0,0,0,0,1,1,0,0,0.0,0
16317,51,11,1,1,1,36,6.0,5,4,3,7,1,0.0,8.0,0.0,8,1,2,279.561218261719,7,16317-51-11-1,36.0,1,3.0,7.0,4.0,1.0,0,1,0,1,1,0,0,1.0,0
16317,75,11,1,1,1,32,6.0,5,3,2,7,1,0.0,8.0,0.0,8,1,1,279.561218261719,1,16317-75-11-1,32.0,1,2.0,7.0,3.0,1.0,0,1,0,1,1,0,0,1.0,0
16317,87,11,1,1,2,18,6.0,5, , , , ,0.0,8.0,0.0,8,1,2,279.561218261719,2,16317-87-11-1,18.0,1,,,,0.0,0,1,0,1,1,0,0,0.0,0
16318,45,11,1,1,2,51,7.0,1, , , , ,0.0,8.0,0.0,8,1,1,278.125274658203,3,16318-45-11-1,51.0,1,,,,0.0,0,1,0,1,1,0,0,0.0,0
16318,100,11,1,1,1,34,6.0,5,2,3, ,1,0.0,8.0,0.0,8,1,1,278.125274658203,5,16318-100-11-1,34.0,1,3.0,,2.0,1.0,0,1,0,1,1,0,0,1.0,0
16318,119,11,1,1,1,33,6.0,5,2,3, ,1,0.0,8.0,0.0,8,1,1,278.125274658203,4,16318-119-11-1,33.0,1,3.0,,2.0,1.0,0,1,0,1,1,0,0,1.0,0
16318,152,11,1,1,2,55,5.0,2,3,3,7,1,0.0,8.0,0.0,8,1,1,278.125274658203,2,16318-152-11-1,55.0,1,3.0,7.0,3.0,1.0,0,1,0,1,1,0,0,1.0,0
16319,213,11,1,1,1,47,8.0,3,3, , , ,0.0,8.0,0.0,8,1, ,306.454162597656,4,16319-213-11-1,47.0,1,,,3.0,0.0,0,1,0,1,1,0,0,0.0,0
16319,280,11,1,1,2,45,6.0,5,3,1,5,5,0.0,8.0,0.0,8,1, ,306.454162597656,1,16319-280-11-1,45.0,1,1.0,5.0,3.0,0.0,0,1,1,1,1,0,1,0.0,1
16319,612,11,1,1,1,21,9.0,2,3,1,2,2,0.0,8.0,0.0,8,1, ,306.454162597656,2,16319-612-11-1,21.0,1,1.0,2.0,3.0,0.0,0,1,0,1,1,0,0,0.0,0
16321,13,11,1,1,1,47,6.0,5,4,1,2,3,0.0,8.0,0.0,8,1, ,105.456718444824,3,16321-13-11-1,47.0,1,1.0,2.0,4.0,0.0,0,1,0,1,1,0,0,0.0,0
16321,48,11,1,1,1,45,6.0,5,2,2, ,1,0.0,8.0,0.0,8,1, ,105.456718444824,4,16321-48-11-1,45.0,1,2.0,,2.0,0.0,0,1,1,1,1,0,1,0.0,1
16321,67,11,1,1,1,76,8.0,3, , , , ,0.0,0.0,0.0,8,1, ,105.456718444824,3,16321-67-11-1,76.0,1,,,,0.0,0,0,0,1,1,0,0,0.0,0
16322,48,11,1,1,2,61,8.0,3,2,3, ,1,0.0,8.0,0.0,8,1, ,314.084320068359,2,16322-48-11-1,61.0,1,3.0,,2.0,1.0,0,1,0,1,1,0,0,1.0,0
16322,140,11,1,1,2,68,8.0,3,2,3, ,1,0.0,8.0,0.0,8,1, ,314.084320068359,4,16322-140-11-1,68.0,1,3.0,,2.0,1.0,0,1,0,1,1,0,0,1.0,0
16323,32,11,1,1,1,50,8.0,3,3,1,1,1,0.0,8.0,0.0,8,1, ,306.378601074219,4,16323-32-11-1,50.0,1,1.0,1.0,3.0,0.0,0,1,0,1,1,0,0,0.0,0
16323,44,11,1,1,1,58,6.0,5,1,3, ,1,0.0,8.0,0.0,8,1, ,306.378601074219,3,16323-44-11-1,58.0,1,3.0,,1.0,1.0,0,1,0,1,1,0,0,1.0,0
16323,63,11,1,1,1,81,10.0,5, , , , ,0.0,0.0,0.0,8,1, ,306.378601074219,3,16323-63-11-1,81.0,1,,,,0.0,0,0,0,1,1,0,0,0.0,0
16323,78,11,1,1,1,70,4.0,5, , , , ,0.0,0.0,0.0,8,1, ,306.378601074219,3,16323-78-11-1,70.0,1,,,,0.0,0,0,0,1,1,0,0,0.0,0
16325,47,11,1,1,2,59,3.0,3, , , , ,0.0,0.0,0.0,8,1, ,282.701507568359,4,16325-47-11-1,59.0,1,,,,0.0,0,0,1,1,1,0,1,0.0,1
16325,96,11,1,1,1,23,5.0,3, , , , ,0.0,8.0,0.0,8,1, ,282.701507568359,1,16325-96-11-1,23.0,1,,,,0.0,0,1,0,1,1,0,0,0.0,0
16325,126,11,1,1,1,71,6.0,5, , , , ,0.0,0.0,0.0,8,1, ,282.701507568359,2,16325-126-11-1,71.0,1,,,,0.0,0,0,0,1,1,0,0,0.0,0
16325,146,11,1,1,2,40,5.0,2, , , , ,0.0,8.0,0.0,8,1, ,282.701507568359,6,16325-146-11-1,40.0,1,,,,0.0,0,1,0,1,1,0,0,0.0,0
16325,172,11,1,1,2,55,3.0,0, , , , ,0.0,0.0,0.0,8,1, ,282.701507568359,7,16325-172-11-1,55.0,1,,,,0.0,0,0,1,1,1,0,1,0.0,1
16326,11,11,1,1,1,60,8.0,3,2,3, ,1,0.0,0.0,0.0,8,1, ,648.03173828125,2,16326-11-11-1,60.0,1,3.0,,2.0,1.0,0,0,0,1,1,0,0,1.0,0
16326,80,11,1,1,1,65,5.0,3, , , , ,0.0,0.0,0.0,8,1, ,648.03173828125,3,16326-80-11-1,65.0,1,,,,0.0,0,0,0,1,1,0,0,0.0,0
16326,96,11,1,1,1,53,6.0,5,1,1, ,1,0.0,8.0,0.0,8,1, ,648.03173828125,5,16326-96-11-1,53.0,1,1.0,,1.0,0.0,0,1,0,1,1,0,0,0.0,0
16326,115,11,1,1,1,71,3.0,4, , , , ,0.0,0.0,0.0,8,1, ,648.03173828125,7,16326-115-11-1,71.0,1,,,,0.0,0,0,0,1,1,0,0,0.0,0
16326,130,11,1,1,1,65,8.0,5,2,3, ,1,0.0,8.0,0.0,8,1, ,648.03173828125,4,16326-130-11-1,65.0,1,3.0,,2.0,1.0,0,1,0,1,1,0,0,1.0,0
16327,1,11,1,1,1,32,8.0,3,3,1,2,5,0.0,0.0,0.0,8,1, ,386.01806640625,6,16327-1-11-1,32.0,1,1.0,2.0,3.0,0.0,0,0,0,1,1,0,0,0.0,0
16327,25,11,1,1,1,60,1.0, ,2,3, ,1,0.0,0.0,0.0,8,1, ,386.01806640625,1,16327-25-11-1,60.0,1,3.0,,2.0,1.0,0,0,0,1,1,0,0,1.0,0
16327,122,11,1,1,2,75,5.0,3,4, ,7,5,0.0,0.0,0.0,8,1, ,386.01806640625,1,16327-122-11-1,75.0,1,,7.0,4.0,1.0,0,0,0,1,1,0,0,1.0,0
16328,31,11,1,1,1,81,7.0,1, , , , ,0.0,0.0,0.0,8,1, ,280.151947021484,2,16328-31-11-1,81.0,1,,,,0.0,0,0,0,1,1,0,0,0.0,0
16328,72,11,1,1,1,64,6.0,5,2,3, ,1,0.0,8.0,0.0,8,1, ,280.151947021484,1,16328-72-11-1,64.0,1,3.0,,2.0,1.0,0,1,0,1,1,0,0,1.0,0
16328,114,11,1,1,1,57,6.0,5,3,1,2,5,0.0,8.0,0.0,8,1, ,280.151947021484,5,16328-114-11-1,57.0,1,1.0,2.0,3.0,0.0,0,1,1,1,1,0,1,0.0,1
16329,15,11,1,1,1,60,5.0,3,2,2, ,1,0.0,0.0,0.0,8,1, ,279.561218261719,1,16329-15-11-1,60.0,1,2.0,,2.0,0.0,0,0,0,1,1,0,0,0.0,0
16329,36,11,1,1,1,57,4.0,5, , , , ,0.0,8.0,0.0,8,1, ,279.561218261719,4,16329-36-11-1,57.0,1,,,,0.0,0,1,0,1,1,0,0,0.0,0
16329,77,11,1,1,1,38,6.0,5,4,2,2,1,0.0,8.0,0.0,8,1, ,279.561218261719,5,16329-77-11-1,38.0,1,2.0,2.0,4.0,0.0,0,1,0,1,1,0,0,0.0,0
16329,98,11,1,1,2,53,4.0,0, , , , ,0.0,0.0,0.0,8,1, ,279.561218261719,2,16329-98-11-1,53.0,1,,,,0.0,0,0,0,1,1,0,0,0.0,0
16329,119,11,1,1,2,28,8.0,3,3,1,2,1,0.0,8.0,0.0,8,1, ,279.561218261719,4,16329-119-11-1,28.0,1,1.0,2.0,3.0,0.0,0,1,0,1,1,0,0,0.0,0
16329,140,11,1,1,1,55,6.0,5,4,1,1,4,0.0,0.0,0.0,8,1, ,279.561218261719,3,16329-140-11-1,55.0,1,1.0,1.0,4.0,0.0,0,0,0,1,1,0,0,0.0,0
16330,19,11,1,1,2,21,6.0,5, , , , ,0.0,8.0,0.0,8,1, ,278.125274658203,5,16330-19-11-1,21.0,1,,,,0.0,0,1,0,1,1,0,0,0.0,0
16330,52,11,1,1,2,64,4.0,6,2,3, ,1,0.0,0.0,0.0,8,1, ,278.125274658203,1,16330-52-11-1,64.0,1,3.0,,2.0,1.0,0,0,0,1,1,0,0,1.0,0
16330,101,11,1,1,2,49,4.0,0,4,2,7,1,0.0,0.0,0.0,8,1, ,278.125274658203,6,16330-101-11-1,49.0,1,2.0,7.0,4.0,1.0,0,0,0,1,1,0,0,1.0,0
16330,117,11,1,1,2,50,4.0,0,2,3, ,1,0.0,8.0,0.0,8,1, ,278.125274658203,4,16330-117-11-1,50.0,1,3.0,,2.0,1.0,0,1,0,1,1,0,0,1.0,0
16330,132,11,1,1,2,44,6.0,5, , , , ,0.0,0.0,0.0,8,1, ,278.125274658203,5,16330-132-11-1,44.0,1,,,,0.0,0,0,0,1,1,0,0,0.0,0
16331,37,11,1,1,1,29,7.0,1,3,1,1,5,0.0,8.0,0.0,8,1, ,279.561218261719,3,16331-37-11-1,29.0,1,1.0,1.0,3.0,0.0,0,1,0,1,1,0,0,0.0,0
16331,50,11,1,1,1,40,4.0,0,4,1,2,5,0.0,8.0,0.0,8,1, ,279.561218261719,3,16331-50-11-1,40.0,1,1.0,2.0,4.0,0.0,0,1,1,1,1,0,1,0.0,1
16331,62,11,1,1,2,64,3.0,3, , , , ,0.0,0.0,0.0,8,1, ,279.561218261719,6,16331-62-11-1,64.0,1,,,,0.0,0,0,0,1,1,0,0,0.0,0
16331,100,11,1,1,1,23,5.0,3,4,1,5,4,0.0,8.0,0.0,8,1, ,279.561218261719,2,16331-100-11-1,23.0,1,1.0,5.0,4.0,0.0,0,1,0,1,1,0,0,0.0,0
16332,8,11,1,1,1,36,6.0,5,4,1,2,5,0.0,8.0,0.0,8,1, ,282.701507568359,4,16332-8-11-1,36.0,1,1.0,2.0,4.0,0.0,0,1,0,1,1,0,0,0.0,0
16332,18,11,1,1,1,37,7.0,2,4,1,1,4,0.0,8.0,0.0,8,1, ,282.701507568359,5,16332-18-11-1,37.0,1,1.0,1.0,4.0,0.0,0,1,0,1,1,0,0,0.0,0
16332,27,11,1,1,1,41,8.0,3,3,1,2,1,0.0,8.0,0.0,8,1, ,282.701507568359,4,16332-27-11-1,41.0,1,1.0,2.0,3.0,0.0,0,1,0,1,1,0,0,0.0,0
16332,36,11,1,1,1,50,6.0,5,2,3, ,1,0.0,0.0,0.0,8,1, ,282.701507568359,7,16332-36-11-1,50.0,1,3.0,,2.0,1.0,0,0,0,1,1,0,0,1.0,0
16332,66,11,1,1,1,43,6.0,5,2,3, ,1,0.0,8.0,0.0,8,1, ,282.701507568359,4,16332-66-11-1,43.0,1,3.0,,2.0,1.0,0,1,0,1,1,0,0,1.0,0
16332,72,11,1,1,1,41,6.0,5,3,1,2,1,0.0,8.0,0.0,8,1, ,282.701507568359,5,16332-72-11-1,41.0,1,1.0,2.0,3.0,0.0,0,1,0,1,1,0,0,0.0,0
16348,17,11,1,1,2,72,10.0,5, , , , ,0.0,0.0,0.0,6,2,1,218.069488525391,3,16348-17-11-1,72.0,1,,,,0.0,0,0,0,1,1,0,0,0.0,0
16348,45,11,1,1,1,32,9.0,2,3, , , ,0.0,8.0,0.0,6,2,1,218.069488525391,1,16348-45-11-1,32.0,1,,,3.0,0.0,0,1,1,1,1,0,1,0.0,1
16348,101,11,1,1,1,50,8.0,5,3, ,1,5,0.0,8.0,0.0,6,2,1,218.069488525391,4,16348-101-11-1,50.0,1,,1.0,3.0,0.0,0,1,1,1,1,0,1,0.0,1
16348,115,11,1,1,1,54,8.0,3,4,3,7,1,0.0,0.0,0.0,6,2,1,218.069488525391,5,16348-115-11-1,54.0,1,3.0,7.0,4.0,1.0,0,0,0,1,1,0,0,1.0,0
16348,129,11,1,1,1,53,8.0,3,3, ,2,5,0.0,0.0,0.0,6,2,1,218.069488525391,7,16348-129-11-1,53.0,1,,2.0,3.0,0.0,0,0,0,1,1,0,0,0.0,0
16362,60,11,1,1,1,77,3.0,3, , , , ,0.0,0.0,0.0,6,2,1,207.137313842773,2,16362-60-11-1,77.0,1,,,,0.0,0,0,0,1,1,0,0,0.0,0
16362,79,11,1,1,2,64,7.0,1,3,1,1,5,0.0,0.0,0.0,6,2,1,207.137313842773,5,16362-79-11-1,64.0,1,1.0,1.0,3.0,0.0,0,0,0,1,1,0,0,0.0,0
16362,175,11,1,1,1,37,6.0,5,4,3,7,1,0.0,0.0,0.0,6,2,1,207.137313842773,5,16362-175-11-1,37.0,1,3.0,7.0,4.0,1.0,0,0,0,1,1,0,0,1.0,0
16369,75,11,1,1,2,58,6.0,5,6, ,7,1,0.0,0.0,0.0,6,2,1,28.6183185577393,2,16369-75-11-1,58.0,1,,7.0,6.0,1.0,0,0,0,1,1,0,0,1.0,0
16369,102,11,1,1,2,33,10.0,5,3,1,2,5,0.0,8.0,0.0,6,2,2,28.6183185577393,3,16369-102-11-1,33.0,1,1.0,2.0,3.0,0.0,0,1,0,1,1,0,0,0.0,0
16370,49,11,1,1,1,74,9.0,1,2,3, ,1,0.0,0.0,0.0,6,2,1,91.9049453735352,1,16370-49-11-1,74.0,1,3.0,,2.0,1.0,0,0,1,1,1,0,1,1.0,1
16370,78,11,1,1,1,30,6.0,5,5,3,7,1,0.0,0.0,0.0,6,2,2,91.9049453735352,5,16370-78-11-1,30.0,1,3.0,7.0,5.0,1.0,0,0,0,1,1,0,0,1.0,0
16371,12,11,1,1,2,62,6.0,5,2,3, ,1,0.0,8.0,0.0,6,2,1,276.18310546875,4,16371-12-11-1,62.0,1,3.0,,2.0,1.0,0,1,0,1,1,0,0,1.0,0
16371,32,11,1,1,2,44,3.0,0,3,2,7,1,0.0,8.0,0.0,6,2,1,276.18310546875,4,16371-32-11-1,44.0,1,2.0,7.0,3.0,1.0,0,1,0,1,1,0,0,1.0,0
16371,49,11,1,1,2,58,5.0,1,2,3, ,1,0.0,0.0,0.0,6,2,1,276.18310546875,2,16371-49-11-1,58.0,1,3.0,,2.0,1.0,0,0,0,1,1,0,0,1.0,0
16371,78,11,1,1,2,58,8.0,5,3, ,1,5,0.0,8.0,0.0,6,2,1,276.18310546875,2,16371-78-11-1,58.0,1,,1.0,3.0,0.0,0,1,1,1,1,0,1,0.0,1
16371,92,11,1,1,2,50,1.0, ,2,3, ,1,0.0,0.0,0.0,6,2,1,276.18310546875,4,16371-92-11-1,50.0,1,3.0,,2.0,1.0,0,0,0,1,1,0,0,1.0,0
16372,2,11,1,1,1,45,5.0,4,2,3, ,1,0.0,0.0,0.0,6,2,1,751.828430175781,4,16372-2-11-1,45.0,1,3.0,,2.0,1.0,0,0,0,1,1,0,0,1.0,0
16372,8,11,1,1,2,53,4.0,0,4,3,7,1,0.0,0.0,0.0,6,2,1,751.828430175781,2,16372-8-11-1,53.0,1,3.0,7.0,4.0,1.0,0,0,0,1,1,0,0,1.0,0
16372,39,11,1,1,2,52,6.0,5,2,3, ,1,0.0,0.0,0.0,6,2,1,751.828430175781,2,16372-39-11-1,52.0,1,3.0,,2.0,1.0,0,0,0,1,1,0,0,1.0,0
16372,45,11,1,1,1,41,6.0,5,4,3,7,1,0.0,0.0,0.0,6,2,1,751.828430175781,4,16372-45-11-1,41.0,1,3.0,7.0,4.0,1.0,0,0,1,1,1,0,1,1.0,1
16373,2,11,1,1,1,63,9.0,4,3, ,1,5,0.0,0.0,0.0,6,2,1,218.069488525391,4,16373-2-11-1,63.0,1,,1.0,3.0,0.0,0,0,0,1,1,0,0,0.0,0
16373,20,11,1,1,1,49,6.0,5,2,3, ,1,0.0,0.0,0.0,6,2,1,218.069488525391,4,16373-20-11-1,49.0,1,3.0,,2.0,1.0,0,0,0,1,1,0,0,1.0,0
16374,27,11,1,1,2,29,6.0,5,3,3,7,1,0.0,8.0,0.0,6,2,1,534.753356933594,3,16374-27-11-1,29.0,1,3.0,7.0,3.0,1.0,0,1,0,1,1,0,0,1.0,0
16374,53,11,1,1,1,64,10.0,5,3,1,2,5,0.0,0.0,0.0,6,2,1,534.753356933594,4,16374-53-11-1,64.0,1,1.0,2.0,3.0,0.0,0,0,0,1,1,0,0,0.0,0
16374,104,11,1,1,1,54,6.0,5,2,3, ,1,0.0,0.0,0.0,6,2,1,534.753356933594,2,16374-104-11-1,54.0,1,3.0,,2.0,1.0,0,0,0,1,1,0,0,1.0,0
16374,117,11,1,1,1,33,6.0,5,3,2,7,1,0.0,8.0,0.0,6,2,1,534.753356933594,2,16374-117-11-1,33.0,1,2.0,7.0,3.0,1.0,0,1,0,1,1,0,0,1.0,0
16375,34,11,1,1,2,62,8.0,3,2,3, ,1,0.0,0.0,0.0,6,2,1,284.042633056641,1,16375-34-11-1,62.0,1,3.0,,2.0,1.0,0,0,0,1,1,0,0,1.0,0
16375,79,11,1,1,1,53,6.0,5,2,3, ,1,0.0,8.0,0.0,6,2,1,284.042633056641,2,16375-79-11-1,53.0,1,3.0,,2.0,1.0,0,1,0,1,1,0,0,1.0,0
16375,124,11,1,1,2,47,6.0,5,6, ,7,1,0.0,0.0,0.0,6,2,1,284.042633056641,4,16375-124-11-1,47.0,1,,7.0,6.0,1.0,0,0,0,1,1,0,0,1.0,0
16375,168,11,1,1,1,61,6.0,5,4,3,7,1,0.0,0.0,0.0,6,2,1,284.042633056641,2,16375-168-11-1,61.0,1,3.0,7.0,4.0,1.0,0,0,0,1,1,0,0,1.0,0
16376,38,11,1,1,2,61,5.0,1,2,3, ,1,0.0,0.0,0.0,6,2,1,689.856140136719,3,16376-38-11-1,61.0,1,3.0,,2.0,1.0,0,0,0,1,1,0,0,1.0,0
16376,69,11,1,1,1,46,6.0,5,2,3, ,1,0.0,8.0,0.0,6,2,1,689.856140136719,4,16376-69-11-1,46.0,1,3.0,,2.0,1.0,0,1,0,1,1,0,0,1.0,0
16376,85,11,1,1,1,53,4.0,0,4,1,2,3,0.0,0.0,0.0,6,2,1,689.856140136719,5,16376-85-11-1,53.0,1,1.0,2.0,4.0,0.0,0,0,0,1,1,0,0,0.0,0
16376,101,11,1,1,1,58,1.0, , , , , ,0.0,0.0,0.0,6,2,1,689.856140136719,2,16376-101-11-1,58.0,1,,,,0.0,0,0,0,1,1,0,0,0.0,0
16376,117,11,1,1,1,28,7.0,2,2,3, ,1,0.0,8.0,0.0,6,2,1,689.856140136719,3,16376-117-11-1,28.0,1,3.0,,2.0,1.0,0,1,1,1,1,0,1,1.0,1
16377,54,11,1,1,2,64,5.0,2, , , , ,0.0,0.0,0.0,6,2,1,198.582977294922,2,16377-54-11-1,64.0,1,,,,0.0,0,0,0,1,1,0,0,0.0,0
16377,65,11,1,1,1,59,11.0,2,2,2, ,1,0.0,8.0,0.0,6,2,1,198.582977294922,2,16377-65-11-1,59.0,1,2.0,,2.0,0.0,0,1,0,1,1,0,0,0.0,0
16377,107,11,1,1,2,34,11.0,2,3, , , ,0.0,8.0,0.0,6,2,1,198.582977294922,2,16377-107-11-1,34.0,1,,,3.0,0.0,0,1,1,1,1,0,1,0.0,1
16379,22,11,1,1,1,74,10.0,5, , , , ,0.0,0.0,0.0,6,2,1,534.753356933594,2,16379-22-11-1,74.0,1,,,,0.0,0,0,0,1,1,0,0,0.0,0
16379,85,11,1,1,2,33,5.0,2,2,3, ,1,0.0,8.0,0.0,6,2,1,534.753356933594,3,16379-85-11-1,33.0,1,3.0,,2.0,1.0,0,1,0,1,1,0,0,1.0,0
16379,100,11,1,1,2,58,6.0,5,4,3,7,1,0.0,0.0,0.0,6,2,1,534.753356933594,3,16379-100-11-1,58.0,1,3.0,7.0,4.0,1.0,0,0,0,1,1,0,0,1.0,0
16379,130,11,1,1,2,66,3.0,3,2,2, ,1,0.0,8.0,0.0,6,2,1,534.753356933594,3,16379-130-11-1,66.0,1,2.0,,2.0,0.0,0,1,0,1,1,0,0,0.0,0
16379,145,11,1,1,2,66,1.0, , , , , ,0.0,0.0,0.0,6,2,1,534.753356933594,4,16379-145-11-1,66.0,1,,,,0.0,0,0,0,1,1,0,0,0.0,0
16380,9,11,1,1,1,82,10.0,5, , , , ,0.0,0.0,0.0,6,2,1,213.031982421875,2,16380-9-11-1,82.0,1,,,,0.0,0,0,0,1,1,0,0,0.0,0
16380,36,11,1,1,2,62,10.0,5,3, ,1,5,0.0,8.0,0.0,6,2,1,213.031982421875,2,16380-36-11-1,62.0,1,,1.0,3.0,0.0,0,1,0,1,1,0,0,0.0,0
16380,49,11,1,1,1,46,8.0,3,2,2, ,1,0.0,8.0,0.0,6,2,1,213.031982421875,2,16380-49-11-1,46.0,1,2.0,,2.0,0.0,0,1,0,1,1,0,0,0.0,0
16380,63,11,1,1,1,35,5.0,3,2,2, ,1,0.0,8.0,0.0,6,2,1,213.031982421875,4,16380-63-11-1,35.0,1,2.0,,2.0,0.0,0,1,1,1,1,0,1,0.0,1
16380,144,11,1,1,1,41,6.0,5,2,3, ,1,0.0,8.0,0.0,6,2,1,213.031982421875,6,16380-144-11-1,41.0,1,3.0,,2.0,1.0,0,1,0,1,1,0,0,1.0,0
16381,27,11,1,1,1,69,5.0,4,2,3, ,1,0.0,0.0,0.0,6,2,1,795.343078613281,2,16381-27-11-1,69.0,1,3.0,,2.0,1.0,0,0,0,1,1,0,0,1.0,0
16381,42,11,1,1,2,33,10.0,5,3,2,7,1,0.0,8.0,0.0,6,2,1,795.343078613281,5,16381-42-11-1,33.0,1,2.0,7.0,3.0,1.0,0,1,1,1,1,0,1,1.0,1
16381,57,11,1,1,1,66,3.0,0,2,3, ,1,0.0,0.0,0.0,6,2,1,795.343078613281,5,16381-57-11-1,66.0,1,3.0,,2.0,1.0,0,0,0,1,1,0,0,1.0,0
16381,101,11,1,1,1,52,6.0,5,3,3,7,1,0.0,0.0,0.0,6,2,1,795.343078613281,3,16381-101-11-1,52.0,1,3.0,7.0,3.0,1.0,0,0,1,1,1,0,1,1.0,1
16382,75,11,1,1,2,75,11.0,2,3, ,1,5,0.0,8.0,0.0,6,2, ,207.137313842773,2,16382-75-11-1,75.0,1,,1.0,3.0,0.0,0,1,0,1,1,0,0,0.0,0
16382,94,11,1,1,2,32,10.0,5,3,1,2,5,0.0,8.0,0.0,6,2, ,207.137313842773,4,16382-94-11-1,32.0,1,1.0,2.0,3.0,0.0,0,1,0,1,1,0,0,0.0,0
16383,14,11,1,1,2,64,4.0,5,2,3, ,1,0.0,0.0,0.0,6,2, ,106.755401611328,3,16383-14-11-1,64.0,1,3.0,,2.0,1.0,0,0,0,1,1,0,0,1.0,0
16383,89,11,1,1,2,41,4.0,0,6, ,7,1,0.0,0.0,0.0,6,2, ,106.755401611328,3,16383-89-11-1,41.0,1,,7.0,6.0,1.0,0,0,0,1,1,0,0,1.0,0
16384,59,11,1,1,2,77,1.0, ,5,3,7,1,0.0,0.0,0.0,6,2, ,596.50732421875,2,16384-59-11-1,77.0,1,3.0,7.0,5.0,1.0,0,0,0,1,1,0,0,1.0,0
16384,80,11,1,1,1,79,6.0,5, , , , ,0.0,0.0,0.0,6,2, ,596.50732421875,3,16384-80-11-1,79.0,1,,,,0.0,0,0,0,1,1,0,0,0.0,0
16384,158,11,1,1,2,69,6.0,5, , , , ,0.0,0.0,0.0,6,2, ,596.50732421875,2,16384-158-11-1,69.0,1,,,,0.0,0,0,0,1,1,0,0,0.0,0
16385,94,11,1,1,2,48,5.0,3,3,2,7,1,0.0,0.0,0.0,6,2, ,751.828430175781,3,16385-94-11-1,48.0,1,2.0,7.0,3.0,1.0,0,0,1,1,1,0,1,1.0,1
16386,4,11,1,1,2,46,4.0,0,2,3, ,1,0.0,8.0,0.0,6,2, ,689.856140136719,3,16386-4-11-1,46.0,1,3.0,,2.0,1.0,0,1,0,1,1,0,0,1.0,0
16386,18,11,1,1,2,49,5.0,1,4,1,7,1,0.0,0.0,0.0,6,2, ,689.856140136719,4,16386-18-11-1,49.0,1,1.0,7.0,4.0,1.0,0,0,0,1,1,0,0,1.0,0
16404,7,11,1,1,2,57,8.0,5,3, ,1,5,0.0,0.0,0.0,6,5,1,689.856140136719,2,16404-7-11-1,57.0,1,,1.0,3.0,0.0,0,0,0,1,1,0,0,0.0,0
16404,118,11,1,1,2,70,6.0,5,2,3, ,1,0.0,0.0,0.0,6,5,1,689.856140136719,2,16404-118-11-1,70.0,1,3.0,,2.0,1.0,0,0,0,1,1,0,0,1.0,0
16404,136,11,1,1,1,77,6.0,5,1,2, ,1,0.0,0.0,0.0,6,5,1,689.856140136719,1,16404-136-11-1,77.0,1,2.0,,1.0,0.0,0,0,0,1,1,0,0,0.0,0
16410,28,11,1,1,1,40,8.0,3,4,1,2,5,0.0,8.0,0.0,6,5,1,795.343078613281,5,16410-28-11-1,40.0,1,1.0,2.0,4.0,0.0,0,1,0,1,1,0,0,0.0,0
16410,51,11,1,1,2,66,6.0,5,2,3, ,1,0.0,0.0,0.0,6,5,1,795.343078613281,1,16410-51-11-1,66.0,1,3.0,,2.0,1.0,0,0,0,1,1,0,0,1.0,0
16416,29,11,1,1,1,72,10.0,5, , , , ,0.0,0.0,0.0,6,4,1,142.340530395508,2,16416-29-11-1,72.0,1,,,,0.0,0,0,0,1,1,0,0,0.0,0
16416,83,11,1,1,1,47,3.0,0,4,3,7,1,0.0,0.0,0.0,6,4,1,142.340530395508,3,16416-83-11-1,47.0,1,3.0,7.0,4.0,1.0,0,0,0,1,1,0,0,1.0,0
16417,24,11,1,1,2,61,3.0,4,2,3, ,1,0.0,0.0,0.0,6,4,1,689.856140136719,2,16417-24-11-1,61.0,1,3.0,,2.0,1.0,0,0,0,1,1,0,0,1.0,0
16417,37,11,1,1,1,61,3.0,4,2,3, ,1,0.0,0.0,0.0,6,4,1,689.856140136719,3,16417-37-11-1,61.0,1,3.0,,2.0,1.0,0,0,0,1,1,0,0,1.0,0
16417,87,11,1,1,1,57,5.0,3,2,3, ,1,0.0,0.0,0.0,6,4,1,689.856140136719,3,16417-87-11-1,57.0,1,3.0,,2.0,1.0,0,0,0,1,1,0,0,1.0,0
16417,111,11,1,1,2,27,7.0,4,3,3,7,1,0.0,0.0,0.0,6,4,1,689.856140136719,2,16417-111-11-1,27.0,1,3.0,7.0,3.0,1.0,0,0,0,1,1,0,0,1.0,0
16418,5,11,1,1,1,94,3.0,1, , , , ,0.0,0.0,0.0,6,5,1,795.343078613281,2,16418-5-11-1,94.0,1,,,,0.0,0,0,0,1,1,0,0,0.0,0
16418,19,11,1,1,1,60,3.0,1,2,3, ,1,0.0,0.0,0.0,6,5,1,795.343078613281,3,16418-19-11-1,60.0,1,3.0,,2.0,1.0,0,0,0,1,1,0,0,1.0,0
16418,62,11,1,1,1,67,6.0,5, , , , ,0.0,0.0,0.0,6,5,1,795.343078613281,2,16418-62-11-1,67.0,1,,,,0.0,0,0,0,1,1,0,0,0.0,0
16418,76,11,1,1,1,38,1.0, ,4, ,5,5,0.0,0.0,0.0,6,5,1,795.343078613281,4,16418-76-11-1,38.0,1,,5.0,4.0,0.0,0,0,0,1,1,0,0,0.0,0
16421,44,11,1,1,1,66,6.0,5,2,3, ,1,0.0,0.0,0.0,6,5,1,751.828430175781,2,16421-44-11-1,66.0,1,3.0,,2.0,1.0,0,0,0,1,1,0,0,1.0,0
16421,54,11,1,1,1,54,6.0,5,3, ,2,5,0.0,0.0,0.0,6,5,1,751.828430175781,5,16421-54-11-1,54.0,1,,2.0,3.0,0.0,0,0,1,1,1,0,1,0.0,1
16421,63,11,1,1,1,34,8.0,3,2,3, ,1,0.0,0.0,0.0,6,5,1,751.828430175781,4,16421-63-11-1,34.0,1,3.0,,2.0,1.0,0,0,1,1,1,0,1,1.0,1
16422,2,11,1,1,1,36,6.0,5,4,1,2,1,0.0,0.0,0.0,6,5,1,284.042633056641,2,16422-2-11-1,36.0,1,1.0,2.0,4.0,0.0,0,0,0,1,1,0,0,0.0,0
16422,21,11,1,1,1,41,9.0,2,1,2, ,1,0.0,8.0,0.0,6,5,1,284.042633056641,3,16422-21-11-1,41.0,1,2.0,,1.0,0.0,0,1,0,1,1,0,0,0.0,0
16422,63,11,1,1,1,62,6.0,5,3, ,1,5,0.0,0.0,0.0,6,5,1,284.042633056641,5,16422-63-11-1,62.0,1,,1.0,3.0,0.0,0,0,0,1,1,0,0,0.0,0
16422,84,11,1,1,1,50,6.0,5,2,2, ,1,0.0,8.0,0.0,6,5,1,284.042633056641,4,16422-84-11-1,50.0,1,2.0,,2.0,0.0,0,1,0,1,1,0,0,0.0,0
16423,35,11,1,1,2,54,6.0,5,1,3, ,1,0.0,0.0,0.0,6,5,1,689.856140136719,7,16423-35-11-1,54.0,1,3.0,,1.0,1.0,0,0,1,1,1,0,1,1.0,1
16424,4,11,1,1,1,53,3.0,0,4,3,7,1,0.0,0.0,0.0,6,5,1,751.828430175781,4,16424-4-11-1,53.0,1,3.0,7.0,4.0,1.0,0,0,0,1,1,0,0,1.0,0
16424,16,11,1,1,1,53,3.0,0,4,3,2,1,0.0,0.0,0.0,6,5,1,751.828430175781,5,16424-16-11-1,53.0,1,3.0,2.0,4.0,1.0,0,0,0,1,1,0,0,1.0,0
16424,29,11,1,1,1,36,6.0,5,2,3, ,1,0.0,0.0,0.0,6,5,1,751.828430175781,5,16424-29-11-1,36.0,1,3.0,,2.0,1.0,0,0,0,1,1,0,0,1.0,0
16424,65,11,1,1,1,38,6.0,5, , , , ,0.0,0.0,0.0,6,5,2,751.828430175781,2,16424-65-11-1,38.0,1,,,,0.0,0,0,0,1,1,0,0,0.0,0
16425,18,11,1,1,1,52,6.0,5,2,3, ,1,0.0,0.0,0.0,6,5,2,713.004516601563,7,16425-18-11-1,52.0,1,3.0,,2.0,1.0,0,0,0,1,1,0,0,1.0,0
16425,28,11,1,1,2,63,3.0,2,2,3, ,1,0.0,0.0,0.0,6,5,1,713.004516601563,5,16425-28-11-1,63.0,1,3.0,,2.0,1.0,0,0,0,1,1,0,0,1.0,0
16425,47,11,1,1,1,28,6.0,5,2,3, ,1,0.0,8.0,0.0,6,5,1,713.004516601563,2,16425-47-11-1,28.0,1,3.0,,2.0,1.0,0,1,0,1,1,0,0,1.0,0
16425,56,11,1,1,2,70,3.0,0,2,3, ,1,0.0,0.0,0.0,6,5,1,713.004516601563,2,16425-56-11-1,70.0,1,3.0,,2.0,1.0,0,0,0,1,1,0,0,1.0,0
16425,66,11,1,1,1,71,6.0,5,2,3, ,1,0.0,0.0,0.0,6,5,1,713.004516601563,3,16425-66-11-1,71.0,1,3.0,,2.0,1.0,0,0,0,1,1,0,0,1.0,0
16425,75,11,1,1,1,67,4.0,5,2,3, ,1,0.0,0.0,0.0,6,5,1,713.004516601563,2,16425-75-11-1,67.0,1,3.0,,2.0,1.0,0,0,0,1,1,0,0,1.0,0
16428,21,11,1,1,2,54,3.0,0,2,3, ,1,0.0,0.0,0.0,6,5,1,751.828430175781,1,16428-21-11-1,54.0,1,3.0,,2.0,1.0,0,0,0,1,1,0,0,1.0,0
16428,67,11,1,1,1,44,5.0,3,2,3, ,1,0.0,0.0,0.0,6,5,1,751.828430175781,3,16428-67-11-1,44.0,1,3.0,,2.0,1.0,0,0,0,1,1,0,0,1.0,0
16428,79,11,1,1,2,72,1.0, ,2,3, ,1,0.0,0.0,0.0,6,5,2,751.828430175781,1,16428-79-11-1,72.0,1,3.0,,2.0,1.0,0,0,0,1,1,0,0,1.0,0
16435,50,11,1,1,1,81,1.0, ,2,3, ,1,0.0,0.0,0.0,7,5,1,14.948917388916,4,16435-50-11-1,81.0,1,3.0,,2.0,1.0,0,0,0,1,1,0,0,1.0,0
16435,97,11,1,1,2,38,5.0,2,2,3, ,1,0.0,0.0,0.0,7,5,1,14.948917388916,3,16435-97-11-1,38.0,1,3.0,,2.0,1.0,0,0,0,1,1,0,0,1.0,0
16435,112,11,1,1,1,20,6.0,5,3, ,2,5,0.0,0.0,0.0,7,5,2,14.948917388916,1,16435-112-11-1,20.0,1,,2.0,3.0,0.0,0,0,0,1,1,0,0,0.0,0
16436,32,11,1,1,1,32,9.0,1,4, ,5,5,0.0,8.0,0.0,7,5,1,594.073791503906,1,16436-32-11-1,32.0,1,,5.0,4.0,0.0,0,1,1,1,1,0,1,0.0,1
16436,46,11,1,1,1,37,6.0,5,2,3, ,1,0.0,0.0,0.0,7,5,1,594.073791503906,5,16436-46-11-1,37.0,1,3.0,,2.0,1.0,0,0,0,1,1,0,0,1.0,0
16437,6,11,1,1,2,52,3.0,0,4,2,7,1,0.0,0.0,0.0,7,5, ,594.073791503906,3,16437-6-11-1,52.0,1,2.0,7.0,4.0,1.0,0,0,0,1,1,0,0,1.0,0
16437,34,11,1,1,2,62,1.0, ,2,3, ,1,0.0,0.0,0.0,7,5, ,594.073791503906,3,16437-34-11-1,62.0,1,3.0,,2.0,1.0,0,0,0,1,1,0,0,1.0,0
16437,48,11,1,1,1,41,10.0,4, , , , ,0.0,8.0,0.0,7,5, ,594.073791503906,3,16437-48-11-1,41.0,1,,,,0.0,0,1,0,1,1,0,0,0.0,0
16437,62,11,1,1,1,41,6.0,5,2,3, ,1,0.0,8.0,0.0,7,5, ,594.073791503906,3,16437-62-11-1,41.0,1,3.0,,2.0,1.0,0,1,1,1,1,0,1,1.0,1
16437,91,11,1,1,2,42,5.0,2,2,3, ,1,0.0,0.0,0.0,7,5, ,594.073791503906,3,16437-91-11-1,42.0,1,3.0,,2.0,1.0,0,0,1,1,1,0,1,1.0,1
16444,1,11,1,1,1,58,3.0,3,2,3, ,1,0.0,0.0,0.0,6,6,1,302.951477050781,2,16444-1-11-1,58.0,1,3.0,,2.0,1.0,0,0,0,1,1,0,0,1.0,0
16444,14,11,1,1,1,57,4.0,0,2,3, ,1,0.0,0.0,0.0,6,6,1,302.951477050781,4,16444-14-11-1,57.0,1,3.0,,2.0,1.0,0,0,0,1,1,0,0,1.0,0
16444,37,11,1,1,1,57,3.0,0,4,3,7,1,0.0,0.0,0.0,6,6,2,302.951477050781,1,16444-37-11-1,57.0,1,3.0,7.0,4.0,1.0,0,0,0,1,1,0,0,1.0,0
16444,117,11,1,1,2,41,6.0,5,2,3, ,1,0.0,0.0,0.0,6,6,1,302.951477050781,4,16444-117-11-1,41.0,1,3.0,,2.0,1.0,0,0,0,1,1,0,0,1.0,0
16444,127,11,1,1,1,60,4.0,5,2,3, ,1,0.0,0.0,0.0,6,6,1,302.951477050781,3,16444-127-11-1,60.0,1,3.0,,2.0,1.0,0,0,0,1,1,0,0,1.0,0
16460,5,11,1,1,1,56,3.0,0,2,3, ,1,0.0,0.0,0.0,6,8,1,302.951477050781,5,16460-5-11-1,56.0,1,3.0,,2.0,1.0,0,0,0,1,1,0,0,1.0,0
16460,6,11,1,1,1,57,4.0,0,2,3, ,1,0.0,0.0,0.0,6,8,1,302.951477050781,3,16460-6-11-1,57.0,1,3.0,,2.0,1.0,0,0,0,1,1,0,0,1.0,0
16460,74,11,1,1,2,91,1.0, , , , , ,0.0,0.0,0.0,6,8,1,302.951477050781,1,16460-74-11-1,91.0,1,,,,0.0,0,0,0,1,1,0,0,0.0,0
16460,76,11,1,1,1,43,5.0,2,2,3, ,1,0.0,8.0,0.0,6,8,1,302.951477050781,5,16460-76-11-1,43.0,1,3.0,,2.0,1.0,0,1,0,1,1,0,0,1.0,0
16460,78,11,1,1,2,80,1.0, ,2,3, ,1,0.0,0.0,0.0,6,8,1,302.951477050781,1,16460-78-11-1,80.0,1,3.0,,2.0,1.0,0,0,0,1,1,0,0,1.0,0
16469,169,11,1,1,1,57,3.0,3,2,3, ,1,0.0,0.0,0.0,6,7,1,307.867431640625,3,16469-169-11-1,57.0,1,3.0,,2.0,1.0,0,0,0,1,1,0,0,1.0,0
16469,171,11,1,1,1,61,5.0,3,2,3, ,1,0.0,0.0,0.0,6,7,1,307.867431640625,2,16469-171-11-1,61.0,1,3.0,,2.0,1.0,0,0,0,1,1,0,0,1.0,0
16469,663,11,1,1,2,48,3.0,0,2,3, ,1,0.0,0.0,0.0,6,7,1,307.867431640625,2,16469-663-11-1,48.0,1,3.0,,2.0,1.0,0,0,0,1,1,0,0,1.0,0
16469,664,11,1,1,1,37,5.0,2,2,2, ,1,0.0,0.0,0.0,6,7,1,307.867431640625,4,16469-664-11-1,37.0,1,2.0,,2.0,0.0,0,0,0,1,1,0,0,0.0,0
16469,665,11,1,1,2,56,3.0,0,2,3, ,1,0.0,0.0,0.0,6,7,1,307.867431640625,5,16469-665-11-1,56.0,1,3.0,,2.0,1.0,0,0,0,1,1,0,0,1.0,0
16469,667,11,1,1,1,69,3.0,2,2,3, ,1,0.0,0.0,0.0,6,7,1,307.867431640625,1,16469-667-11-1,69.0,1,3.0,,2.0,1.0,0,0,0,1,1,0,0,1.0,0
16469,668,11,1,1,2,52,3.0,0,2,3, ,1,0.0,0.0,0.0,6,7,1,307.867431640625,3,16469-668-11-1,52.0,1,3.0,,2.0,1.0,0,0,0,1,1,0,0,1.0,0
16483,9,11,1,1,2,55,3.0,0,2,3, ,1,0.0,0.0,0.0,6,6,1,273.348999023438,3,16483-9-11-1,55.0,1,3.0,,2.0,1.0,0,0,0,1,1,0,0,1.0,0
16483,22,11,1,1,1,49,6.0,5,2,3, ,1,0.0,0.0,0.0,6,6,1,273.348999023438,4,16483-22-11-1,49.0,1,3.0,,2.0,1.0,0,0,1,1,1,0,1,1.0,1
16483,47,11,1,1,1,79,3.0,3,2,3, ,1,0.0,0.0,0.0,6,6,1,273.348999023438,1,16483-47-11-1,79.0,1,3.0,,2.0,1.0,0,0,0,1,1,0,0,1.0,0
16483,59,11,1,1,2,66,6.0,5,2,3, ,1,0.0,0.0,0.0,6,6,1,273.348999023438,3,16483-59-11-1,66.0,1,3.0,,2.0,1.0,0,0,0,1,1,0,0,1.0,0
16483,72,11,1,1,1,80,10.0,5,2,3, ,1,0.0,0.0,0.0,6,6,1,273.348999023438,3,16483-72-11-1,80.0,1,3.0,,2.0,1.0,0,0,0,1,1,0,0,1.0,0
16483,85,11,1,1,2,51,10.0,5,3, ,1,5,0.0,0.0,0.0,6,6,1,273.348999023438,4,16483-85-11-1,51.0,1,,1.0,3.0,0.0,0,0,0,1,1,0,0,0.0,0
16483,110,11,1,1,2,42,5.0,3,4, ,7,5,0.0,0.0,0.0,6,6,1,273.348999023438,5,16483-110-11-1,42.0,1,,7.0,4.0,1.0,0,0,1,1,1,0,1,1.0,1
16483,122,11,1,1,2,53,5.0,3,4, ,7,5,0.0,0.0,0.0,6,6,1,273.348999023438,5,16483-122-11-1,53.0,1,,7.0,4.0,1.0,0,0,0,1,1,0,0,1.0,0
16484,126,11,1,1,1,77,4.0,5,2,3, ,1,0.0,0.0,0.0,6,7,1,307.867431640625,3,16484-126-11-1,77.0,1,3.0,,2.0,1.0,0,0,0,1,1,0,0,1.0,0
16484,127,11,1,1,2,78,1.0, ,2,3, ,1,0.0,0.0,0.0,6,7,1,307.867431640625,1,16484-127-11-1,78.0,1,3.0,,2.0,1.0,0,0,0,1,1,0,0,1.0,0
16484,130,11,1,1,1,54,5.0,1,2,3, ,1,0.0,0.0,0.0,6,7,1,307.867431640625,5,16484-130-11-1,54.0,1,3.0,,2.0,1.0,0,0,0,1,1,0,0,1.0,0
16484,131,11,1,1,1,61,3.0,0,2,3, ,1,0.0,0.0,0.0,6,7,1,307.867431640625,2,16484-131-11-1,61.0,1,3.0,,2.0,1.0,0,0,0,1,1,0,0,1.0,0
16484,132,11,1,1,1,77,3.0,2,2,3, ,1,0.0,0.0,0.0,6,7,1,307.867431640625,1,16484-132-11-1,77.0,1,3.0,,2.0,1.0,0,0,0,1,1,0,0,1.0,0
16485,85,11,1,1,1,55,1.0, ,2,3, ,1,0.0,0.0,0.0,6,7,1,302.951477050781,3,16485-85-11-1,55.0,1,3.0,,2.0,1.0,0,0,0,1,1,0,0,1.0,0
16485,86,11,1,1,2,72,1.0, ,2,3, ,1,0.0,0.0,0.0,6,7,1,302.951477050781,1,16485-86-11-1,72.0,1,3.0,,2.0,1.0,0,0,0,1,1,0,0,1.0,0
16485,88,11,1,1,2,77,1.0, ,5,3,7,1,0.0,8.0,0.0,6,7,1,302.951477050781,2,16485-88-11-1,77.0,1,3.0,7.0,5.0,1.0,0,1,0,1,1,0,0,1.0,0
16485,136,11,1,1,1,81,1.0, ,2,3, ,1,0.0,0.0,0.0,6,7,1,302.951477050781,2,16485-136-11-1,81.0,1,3.0,,2.0,1.0,0,0,0,1,1,0,0,1.0,0
16485,138,11,1,1,1,54,3.0,0,5,3,7,1,0.0,0.0,0.0,6,7,1,302.951477050781,5,16485-138-11-1,54.0,1,3.0,7.0,5.0,1.0,0,0,0,1,1,0,0,1.0,0
16485,139,11,1,1,2,65,1.0, ,2,3, ,1,0.0,0.0,0.0,6,7,1,302.951477050781,2,16485-139-11-1,65.0,1,3.0,,2.0,1.0,0,0,0,1,1,0,0,1.0,0
16486,57,11,1,1,1,46,4.0,0,2,3, ,1,0.0,0.0,0.0,6,7,1,281.27685546875,5,16486-57-11-1,46.0,1,3.0,,2.0,1.0,0,0,0,1,1,0,0,1.0,0
16486,59,11,1,1,1,51,4.0,0,2,3, ,1,0.0,0.0,0.0,6,7,1,281.27685546875,4,16486-59-11-1,51.0,1,3.0,,2.0,1.0,0,0,0,1,1,0,0,1.0,0
16486,60,11,1,1,1,39,4.0,0,2,3, ,1,0.0,0.0,0.0,6,7,1,281.27685546875,5,16486-60-11-1,39.0,1,3.0,,2.0,1.0,0,0,0,1,1,0,0,1.0,0
16486,176,11,1,1,1,33,6.0,5,2,3, ,1,0.0,0.0,0.0,6,7,1,281.27685546875,4,16486-176-11-1,33.0,1,3.0,,2.0,1.0,0,0,0,1,1,0,0,1.0,0
16486,179,11,1,1,1,74,3.0,4,2,3, ,1,0.0,0.0,0.0,6,7,1,281.27685546875,2,16486-179-11-1,74.0,1,3.0,,2.0,1.0,0,0,0,1,1,0,0,1.0,0
16486,180,11,1,1,1,60,3.0,3,2,3, ,1,0.0,0.0,0.0,6,7,1,281.27685546875,3,16486-180-11-1,60.0,1,3.0,,2.0,1.0,0,0,0,1,1,0,0,1.0,0
16487,45,11,1,1,2,70,3.0,1,2,3, ,1,0.0,0.0,0.0,6,7,1,273.348999023438,3,16487-45-11-1,70.0,1,3.0,,2.0,1.0,0,0,0,1,1,0,0,1.0,0
16487,46,11,1,1,1,41,6.0,5,2,3, ,1,0.0,0.0,0.0,6,7,1,273.348999023438,5,16487-46-11-1,41.0,1,3.0,,2.0,1.0,0,0,0,1,1,0,0,1.0,0
16487,48,11,1,1,2,72,3.0,2,2,3, ,1,0.0,0.0,0.0,6,7,1,273.348999023438,1,16487-48-11-1,72.0,1,3.0,,2.0,1.0,0,0,0,1,1,0,0,1.0,0
16487,263,11,1,1,1,78,3.0,2,2,3, ,1,0.0,0.0,0.0,6,7,1,273.348999023438,2,16487-263-11-1,78.0,1,3.0,,2.0,1.0,0,0,0,1,1,0,0,1.0,0
16487,264,11,1,1,1,58,6.0,5,2,3, ,1,0.0,0.0,0.0,6,7,1,273.348999023438,2,16487-264-11-1,58.0,1,3.0,,2.0,1.0,0,0,0,1,1,0,0,1.0,0
16487,265,11,1,1,1,59,8.0,3,2,3, ,1,0.0,0.0,0.0,6,7,1,273.348999023438,6,16487-265-11-1,59.0,1,3.0,,2.0,1.0,0,0,0,1,1,0,0,1.0,0
16487,267,11,1,1,2,54,3.0,0,2,3, ,1,0.0,0.0,0.0,6,7,1,273.348999023438,2,16487-267-11-1,54.0,1,3.0,,2.0,1.0,0,0,0,1,1,0,0,1.0,0
16488,6,11,1,1,1,54,3.0,0,2,3, ,1,0.0,0.0,0.0,6,8,1,281.27685546875,2,16488-6-11-1,54.0,1,3.0,,2.0,1.0,0,0,0,1,1,0,0,1.0,0
16488,7,11,1,1,1,62,3.0,0,2,3, ,1,0.0,0.0,0.0,6,8,1,281.27685546875,2,16488-7-11-1,62.0,1,3.0,,2.0,1.0,0,0,0,1,1,0,0,1.0,0
16488,8,11,1,1,1,75,3.0,1,2,3, ,1,0.0,0.0,0.0,6,8,1,281.27685546875,2,16488-8-11-1,75.0,1,3.0,,2.0,1.0,0,0,0,1,1,0,0,1.0,0
16488,58,11,1,1,2,80,1.0, ,2,3, ,1,0.0,8.0,0.0,6,8,1,281.27685546875,1,16488-58-11-1,80.0,1,3.0,,2.0,1.0,0,1,0,1,1,0,0,1.0,0
16488,59,11,1,1,2,49,3.0,0,2,3, ,1,0.0,0.0,0.0,6,8,1,281.27685546875,3,16488-59-11-1,49.0,1,3.0,,2.0,1.0,0,0,0,1,1,0,0,1.0,0
16488,61,11,1,1,1,68,1.0, ,2,3, ,1,0.0,0.0,0.0,6,8,1,281.27685546875,2,16488-61-11-1,68.0,1,3.0,,2.0,1.0,0,0,0,1,1,0,0,1.0,0
16488,62,11,1,1,1,66,3.0,0,2,3, ,1,0.0,0.0,0.0,6,8,1,281.27685546875,3,16488-62-11-1,66.0,1,3.0,,2.0,1.0,0,0,0,1,1,0,0,1.0,0
16489,1,11,1,1,2,80,1.0, ,2,3, ,1,0.0,0.0,0.0,6,7,1,273.348999023438,1,16489-1-11-1,80.0,1,3.0,,2.0,1.0,0,0,0,1,1,0,0,1.0,0
16489,2,11,1,1,1,62,3.0,3,2,3, ,1,0.0,0.0,0.0,6,7,1,273.348999023438,3,16489-2-11-1,62.0,1,3.0,,2.0,1.0,0,0,0,1,1,0,0,1.0,0
16489,3,11,1,1,1,48,3.0,0,2,3, ,1,0.0,0.0,0.0,6,7,1,273.348999023438,5,16489-3-11-1,48.0,1,3.0,,2.0,1.0,0,0,0,1,1,0,0,1.0,0
16489,4,11,1,1,1,66,3.0,3,2,3, ,1,0.0,0.0,0.0,6,7,1,273.348999023438,1,16489-4-11-1,66.0,1,3.0,,2.0,1.0,0,0,0,1,1,0,0,1.0,0
16489,145,11,1,1,1,35,4.0,0,2,3, ,1,0.0,0.0,0.0,6,7,1,273.348999023438,4,16489-145-11-1,35.0,1,3.0,,2.0,1.0,0,0,0,1,1,0,0,1.0,0
16489,146,11,1,1,1,35,3.0,0,2,3, ,1,0.0,0.0,0.0,6,7,1,273.348999023438,5,16489-146-11-1,35.0,1,3.0,,2.0,1.0,0,0,0,1,1,0,0,1.0,0
16489,147,11,1,1,1,45,3.0,0,2,3, ,1,0.0,0.0,0.0,6,7,1,273.348999023438,7,16489-147-11-1,45.0,1,3.0,,2.0,1.0,0,0,0,1,1,0,0,1.0,0
16489,148,11,1,1,2,82,1.0, ,2,3, ,1,0.0,0.0,0.0,6,7,1,273.348999023438,1,16489-148-11-1,82.0,1,3.0,,2.0,1.0,0,0,0,1,1,0,0,1.0,0
16490,270,11,1,1,1,67,3.0,0,2,3, ,1,0.0,8.0,0.0,6,7,1,281.27685546875,2,16490-270-11-1,67.0,1,3.0,,2.0,1.0,0,1,0,1,1,0,0,1.0,0
16490,272,11,1,1,1,55,3.0,0,2,3, ,1,0.0,0.0,0.0,6,7,1,281.27685546875,5,16490-272-11-1,55.0,1,3.0,,2.0,1.0,0,0,0,1,1,0,0,1.0,0
16490,521,11,1,1,2,56,3.0,0,2,3, ,1,0.0,0.0,0.0,6,7,1,281.27685546875,1,16490-521-11-1,56.0,1,3.0,,2.0,1.0,0,0,0,1,1,0,0,1.0,0
16490,523,11,1,1,1,58,3.0,2,2,3, ,1,0.0,0.0,0.0,6,7,1,281.27685546875,2,16490-523-11-1,58.0,1,3.0,,2.0,1.0,0,0,0,1,1,0,0,1.0,0
16490,524,11,1,1,1,67,3.0,2,2,3, ,1,0.0,0.0,0.0,6,7,1,281.27685546875,1,16490-524-11-1,67.0,1,3.0,,2.0,1.0,0,0,0,1,1,0,0,1.0,0
16490,525,11,1,1,1,61,3.0,0,2,3, ,1,0.0,0.0,0.0,6,7,1,281.27685546875,2,16490-525-11-1,61.0,1,3.0,,2.0,1.0,0,0,0,1,1,0,0,1.0,0
16491,130,11,1,1,2,65,3.0,0,2,3, ,1,0.0,0.0,0.0,6,7,1,281.27685546875,3,16491-130-11-1,65.0,1,3.0,,2.0,1.0,0,0,0,1,1,0,0,1.0,0
16491,132,11,1,1,1,73,3.0,1,2,3, ,1,0.0,0.0,0.0,6,7,1,281.27685546875,2,16491-132-11-1,73.0,1,3.0,,2.0,1.0,0,0,0,1,1,0,0,1.0,0
16491,281,11,1,1,2,46,8.0,3,2,3, ,1,0.0,0.0,0.0,6,7,1,281.27685546875,8,16491-281-11-1,46.0,1,3.0,,2.0,1.0,0,0,0,1,1,0,0,1.0,0
16491,282,11,1,1,1,70,3.0,3,2,3, ,1,0.0,0.0,0.0,6,7,1,281.27685546875,2,16491-282-11-1,70.0,1,3.0,,2.0,1.0,0,0,0,1,1,0,0,1.0,0
16491,283,11,1,1,1,75,4.0,5,2,3, ,1,0.0,0.0,0.0,6,7,1,281.27685546875,1,16491-283-11-1,75.0,1,3.0,,2.0,1.0,0,0,0,1,1,0,0,1.0,0
16491,288,11,1,1,2,75,1.0, ,2,3, ,1,0.0,0.0,0.0,6,7,1,281.27685546875,2,16491-288-11-1,75.0,1,3.0,,2.0,1.0,0,0,0,1,1,0,0,1.0,0
16493,18,11,1,1,2,84,1.0, ,2,3, ,1,0.0,0.0,0.0,6,8,1,273.348999023438,4,16493-18-11-1,84.0,1,3.0,,2.0,1.0,0,0,0,1,1,0,0,1.0,0
16493,20,11,1,1,1,41,6.0,5,2,3, ,1,0.0,0.0,0.0,6,8,1,273.348999023438,5,16493-20-11-1,41.0,1,3.0,,2.0,1.0,0,0,0,1,1,0,0,1.0,0
16493,46,11,1,1,1,67,4.0,5,2,3, ,1,0.0,0.0,0.0,6,8,1,273.348999023438,1,16493-46-11-1,67.0,1,3.0,,2.0,1.0,0,0,0,1,1,0,0,1.0,0
16493,47,11,1,1,1,65,5.0,2,2,3, ,1,0.0,0.0,0.0,6,8,1,273.348999023438,3,16493-47-11-1,65.0,1,3.0,,2.0,1.0,0,0,0,1,1,0,0,1.0,0
16493,49,11,1,1,2,82,1.0, ,2,3, ,1,0.0,0.0,0.0,6,8,1,273.348999023438,1,16493-49-11-1,82.0,1,3.0,,2.0,1.0,0,0,0,1,1,0,0,1.0,0
16493,50,11,1,1,1,42,4.0,0,2,3, ,1,0.0,0.0,0.0,6,8,1,273.348999023438,6,16493-50-11-1,42.0,1,3.0,,2.0,1.0,0,0,0,1,1,0,0,1.0,0
16493,51,11,1,1,1,86,3.0,1,2,3, ,1,0.0,0.0,0.0,6,8,1,273.348999023438,2,16493-51-11-1,86.0,1,3.0,,2.0,1.0,0,0,0,1,1,0,0,1.0,0
16493,57,11,1,1,1,52,5.0,4,2,3, ,1,0.0,0.0,0.0,6,8,1,273.348999023438,4,16493-57-11-1,52.0,1,3.0,,2.0,1.0,0,0,0,1,1,0,0,1.0,0
16494,12,11,1,1,1,52,8.0,3,4, ,2,5,0.0,0.0,0.0,6,6,1,281.27685546875,3,16494-12-11-1,52.0,1,,2.0,4.0,0.0,0,0,0,1,1,0,0,0.0,0
16494,29,11,1,1,2,47,4.0,0,4,2,7,1,0.0,0.0,0.0,6,6,1,281.27685546875,3,16494-29-11-1,47.0,1,2.0,7.0,4.0,1.0,0,0,0,1,1,0,0,1.0,0
16494,36,11,1,1,2,77,3.0,1,2,3, ,1,0.0,0.0,0.0,6,6,1,281.27685546875,1,16494-36-11-1,77.0,1,3.0,,2.0,1.0,0,0,0,1,1,0,0,1.0,0
16494,70,11,1,1,1,65,6.0,5,4,3,2,1,0.0,0.0,0.0,6,6,1,281.27685546875,2,16494-70-11-1,65.0,1,3.0,2.0,4.0,1.0,0,0,0,1,1,0,0,1.0,0
16494,78,11,1,1,1,41,6.0,5,2,3, ,1,0.0,0.0,0.0,6,6,1,281.27685546875,5,16494-78-11-1,41.0,1,3.0,,2.0,1.0,0,0,1,1,1,0,1,1.0,1
16495,18,11,1,1,1,36,5.0,4,2,3, ,1,0.0,0.0,0.0,6,7,1,281.27685546875,5,16495-18-11-1,36.0,1,3.0,,2.0,1.0,0,0,0,1,1,0,0,1.0,0
16495,19,11,1,1,1,83,3.0,0,2,3, ,1,0.0,0.0,0.0,6,7,1,281.27685546875,1,16495-19-11-1,83.0,1,3.0,,2.0,1.0,0,0,0,1,1,0,0,1.0,0
16495,20,11,1,1,2,65,4.0,5,2,3, ,1,0.0,0.0,0.0,6,7,1,281.27685546875,1,16495-20-11-1,65.0,1,3.0,,2.0,1.0,0,0,0,1,1,0,0,1.0,0
16495,120,11,1,1,1,82,3.0,0,2,3, ,1,0.0,0.0,0.0,6,7,1,281.27685546875,1,16495-120-11-1,82.0,1,3.0,,2.0,1.0,0,0,0,1,1,0,0,1.0,0
16495,121,11,1,1,2,54,1.0, ,2,3, ,1,0.0,0.0,0.0,6,7,1,281.27685546875,2,16495-121-11-1,54.0,1,3.0,,2.0,1.0,0,0,0,1,1,0,0,1.0,0
16495,122,11,1,1,1,55,3.0,0,2,3, ,1,0.0,0.0,0.0,6,7,1,281.27685546875,2,16495-122-11-1,55.0,1,3.0,,2.0,1.0,0,0,1,1,1,0,1,1.0,1
16495,123,11,1,1,1,88,3.0,1,2,3, ,1,0.0,0.0,0.0,6,7,1,281.27685546875,1,16495-123-11-1,88.0,1,3.0,,2.0,1.0,0,0,0,1,1,0,0,1.0,0
16495,124,11,1,1,1,64,5.0,3,2,3, ,1,0.0,0.0,0.0,6,7,1,281.27685546875,2,16495-124-11-1,64.0,1,3.0,,2.0,1.0,0,0,0,1,1,0,0,1.0,0
16496,2,11,1,1,1,39,6.0,5,4,1,7,2,0.0,8.0,0.0,6,7,1,273.348999023438,5,16496-2-11-1,39.0,1,1.0,7.0,4.0,1.0,0,1,0,1,1,0,0,1.0,0
16496,3,11,1,1,1,45,6.0,5,2,3, ,1,0.0,0.0,0.0,6,7,1,273.348999023438,3,16496-3-11-1,45.0,1,3.0,,2.0,1.0,0,0,0,1,1,0,0,1.0,0
16496,92,11,1,1,1,48,4.0,0,2,3, ,1,0.0,0.0,0.0,6,7,1,273.348999023438,3,16496-92-11-1,48.0,1,3.0,,2.0,1.0,0,0,0,1,1,0,0,1.0,0
16496,93,11,1,1,1,63,5.0,1,2,3, ,1,0.0,0.0,0.0,6,7,1,273.348999023438,2,16496-93-11-1,63.0,1,3.0,,2.0,1.0,0,0,0,1,1,0,0,1.0,0
16496,95,11,1,1,2,49,3.0,0,2,3, ,1,0.0,0.0,0.0,6,7,1,273.348999023438,1,16496-95-11-1,49.0,1,3.0,,2.0,1.0,0,0,0,1,1,0,0,1.0,0
16496,96,11,1,1,1,52,5.0,4,2,3, ,1,0.0,0.0,0.0,6,7,1,273.348999023438,4,16496-96-11-1,52.0,1,3.0,,2.0,1.0,0,0,0,1,1,0,0,1.0,0
16498,73,11,1,1,1,68,4.0,5,2,3, ,1,0.0,0.0,0.0,6,7,1,302.951477050781,4,16498-73-11-1,68.0,1,3.0,,2.0,1.0,0,0,0,1,1,0,0,1.0,0
16498,75,11,1,1,2,65,1.0, ,2,3, ,1,0.0,0.0,0.0,6,7,1,302.951477050781,1,16498-75-11-1,65.0,1,3.0,,2.0,1.0,0,0,0,1,1,0,0,1.0,0
16498,76,11,1,1,1,56,3.0,0,2,3, ,1,0.0,0.0,0.0,6,7,1,302.951477050781,3,16498-76-11-1,56.0,1,3.0,,2.0,1.0,0,0,0,1,1,0,0,1.0,0
16498,155,11,1,1,1,65,3.0,2,2,3, ,1,0.0,0.0,0.0,6,7,1,302.951477050781,5,16498-155-11-1,65.0,1,3.0,,2.0,1.0,0,0,0,1,1,0,0,1.0,0
16498,158,11,1,1,1,30,6.0,5,2,3, ,1,0.0,0.0,0.0,6,7,1,302.951477050781,4,16498-158-11-1,30.0,1,3.0,,2.0,1.0,0,0,0,1,1,0,0,1.0,0
16498,161,11,1,1,1,61,7.0,2,2,3, ,1,0.0,0.0,0.0,6,7,1,302.951477050781,4,16498-161-11-1,61.0,1,3.0,,2.0,1.0,0,0,0,1,1,0,0,1.0,0
16499,25,11,1,1,1,69,5.0,3,2,3, ,1,0.0,0.0,0.0,6,8, ,302.951477050781,2,16499-25-11-1,69.0,1,3.0,,2.0,1.0,0,0,0,1,1,0,0,1.0,0
16499,27,11,1,1,1,62,6.0,5,2,3, ,1,0.0,0.0,0.0,6,8, ,302.951477050781,4,16499-27-11-1,62.0,1,3.0,,2.0,1.0,0,0,0,1,1,0,0,1.0,0
16499,60,11,1,1,1,66,6.0,5,2,3, ,1,0.0,0.0,0.0,6,8, ,302.951477050781,1,16499-60-11-1,66.0,1,3.0,,2.0,1.0,0,0,0,1,1,0,0,1.0,0
16499,61,11,1,1,1,47,6.0,5,2,2, ,1,0.0,0.0,0.0,6,8, ,302.951477050781,5,16499-61-11-1,47.0,1,2.0,,2.0,0.0,0,0,0,1,1,0,0,0.0,0
16499,62,11,1,1,1,56,5.0,2,2,3, ,1,0.0,0.0,0.0,6,8, ,302.951477050781,2,16499-62-11-1,56.0,1,3.0,,2.0,1.0,0,0,0,1,1,0,0,1.0,0
16499,63,11,1,1,1,45,6.0,5,2,3, ,1,0.0,0.0,0.0,6,8, ,302.951477050781,4,16499-63-11-1,45.0,1,3.0,,2.0,1.0,0,0,0,1,1,0,0,1.0,0
16500,28,11,1,1,2,43,3.0,0,2,3, ,1,0.0,0.0,0.0,6,6, ,302.951477050781,5,16500-28-11-1,43.0,1,3.0,,2.0,1.0,0,0,0,1,1,0,0,1.0,0
16500,38,11,1,1,2,34,8.0,3,3, ,2,5,0.0,0.0,0.0,6,6, ,302.951477050781,3,16500-38-11-1,34.0,1,,2.0,3.0,0.0,0,0,0,1,1,0,0,0.0,0
16500,59,11,1,1,1,37,3.0,0,4,3,7,1,0.0,0.0,0.0,6,6, ,302.951477050781,4,16500-59-11-1,37.0,1,3.0,7.0,4.0,1.0,0,0,0,1,1,0,0,1.0,0
16500,115,11,1,1,2,50,1.0, ,5,3,7,1,0.0,0.0,0.0,6,6, ,302.951477050781,4,16500-115-11-1,50.0,1,3.0,7.0,5.0,1.0,0,0,0,1,1,0,0,1.0,0
16501,56,11,1,1,1,49,5.0,1,4,1,2,5,0.0,0.0,0.0,6,7, ,273.348999023438,4,16501-56-11-1,49.0,1,1.0,2.0,4.0,0.0,0,0,0,1,1,0,0,0.0,0
16501,157,11,1,1,1,65,1.0, ,2,3, ,1,0.0,0.0,0.0,6,7, ,273.348999023438,2,16501-157-11-1,65.0,1,3.0,,2.0,1.0,0,0,0,1,1,0,0,1.0,0
16501,158,11,1,1,1,57,3.0,0,2,3, ,1,0.0,0.0,0.0,6,7, ,273.348999023438,2,16501-158-11-1,57.0,1,3.0,,2.0,1.0,0,0,0,1,1,0,0,1.0,0
16501,159,11,1,1,1,42,5.0,2,2,3, ,1,0.0,0.0,0.0,6,7, ,273.348999023438,4,16501-159-11-1,42.0,1,3.0,,2.0,1.0,0,0,0,1,1,0,0,1.0,0
16502,149,11,1,1,1,49,3.0,0,2,3, ,1,0.0,0.0,0.0,6,7, ,281.27685546875,1,16502-149-11-1,49.0,1,3.0,,2.0,1.0,0,0,0,1,1,0,0,1.0,0
16502,150,11,1,1,2,55,1.0, ,2,3, ,1,0.0,0.0,0.0,6,7, ,281.27685546875,2,16502-150-11-1,55.0,1,3.0,,2.0,1.0,0,0,0,1,1,0,0,1.0,0
16502,151,11,1,1,1,58,5.0,1,2,3, ,1,0.0,0.0,0.0,6,7, ,281.27685546875,6,16502-151-11-1,58.0,1,3.0,,2.0,1.0,0,0,0,1,1,0,0,1.0,0
16502,152,11,1,1,2,37,3.0,0,2,3, ,1,0.0,0.0,0.0,6,7, ,281.27685546875,3,16502-152-11-1,37.0,1,3.0,,2.0,1.0,0,0,0,1,1,0,0,1.0,0
16502,154,11,1,1,2,52,1.0, ,2,3, ,1,0.0,0.0,0.0,6,7, ,281.27685546875,2,16502-154-11-1,52.0,1,3.0,,2.0,1.0,0,0,0,1,1,0,0,1.0,0
16502,155,11,1,1,1,51,3.0,0,2,3, ,1,0.0,0.0,0.0,6,7, ,281.27685546875,4,16502-155-11-1,51.0,1,3.0,,2.0,1.0,0,0,0,1,1,0,0,1.0,0
16503,37,11,1,1,1,35,6.0,5,2,3, ,1,0.0,0.0,0.0,6,7, ,302.951477050781,4,16503-37-11-1,35.0,1,3.0,,2.0,1.0,0,0,0,1,1,0,0,1.0,0
16503,38,11,1,1,1,34,6.0,5,2,3, ,1,0.0,0.0,0.0,6,7, ,302.951477050781,6,16503-38-11-1,34.0,1,3.0,,2.0,1.0,0,0,0,1,1,0,0,1.0,0
16503,39,11,1,1,2,35,6.0,5,2,3, ,1,0.0,0.0,0.0,6,7, ,302.951477050781,5,16503-39-11-1,35.0,1,3.0,,2.0,1.0,0,0,0,1,1,0,0,1.0,0
16503,40,11,1,1,2,36,7.0,2,2,3, ,1,0.0,0.0,0.0,6,7, ,302.951477050781,2,16503-40-11-1,36.0,1,3.0,,2.0,1.0,0,0,0,1,1,0,0,1.0,0
16503,159,11,1,1,1,72,3.0,3,2,3, ,1,0.0,0.0,0.0,6,7, ,302.951477050781,2,16503-159-11-1,72.0,1,3.0,,2.0,1.0,0,0,0,1,1,0,0,1.0,0
16503,160,11,1,1,2,26,6.0,5, , , , ,0.0,0.0,0.0,6,7, ,302.951477050781,5,16503-160-11-1,26.0,1,,,,0.0,0,0,0,1,1,0,0,0.0,0
16504,37,11,1,1,1,56,3.0,0,2,3, ,1,0.0,0.0,0.0,6,7, ,307.867431640625,1,16504-37-11-1,56.0,1,3.0,,2.0,1.0,0,0,0,1,1,0,0,1.0,0
16504,38,11,1,1,1,54,6.0,5,4, ,5,5,0.0,0.0,0.0,6,7, ,307.867431640625,2,16504-38-11-1,54.0,1,,5.0,4.0,0.0,0,0,0,1,1,0,0,0.0,0
16504,39,11,1,1,1,76,1.0, ,2,3, ,1,0.0,0.0,0.0,6,7, ,307.867431640625,2,16504-39-11-1,76.0,1,3.0,,2.0,1.0,0,0,0,1,1,0,0,1.0,0
16504,40,11,1,1,1,73,3.0,0,2,3, ,1,0.0,0.0,0.0,6,7, ,307.867431640625,2,16504-40-11-1,73.0,1,3.0,,2.0,1.0,0,0,0,1,1,0,0,1.0,0
16504,175,11,1,1,1,53,4.0,0,2,3, ,1,0.0,0.0,0.0,6,7, ,307.867431640625,4,16504-175-11-1,53.0,1,3.0,,2.0,1.0,0,0,0,1,1,0,0,1.0,0
16504,178,11,1,1,1,76,3.0,0,2,3, ,1,0.0,0.0,0.0,6,7, ,307.867431640625,2,16504-178-11-1,76.0,1,3.0,,2.0,1.0,0,0,0,1,1,0,0,1.0,0
16504,180,11,1,1,2,65,1.0, ,2,3, ,1,0.0,0.0,0.0,6,7, ,307.867431640625,1,16504-180-11-1,65.0,1,3.0,,2.0,1.0,0,0,0,1,1,0,0,1.0,0
16517,6,11,1,1,1,59,2.0,3,2,3, ,1,0.0,0.0,0.0,7,8,1,200.586715698242,2,16517-6-11-1,59.0,1,3.0,,2.0,1.0,0,0,0,1,1,0,0,1.0,0
16517,8,11,1,1,1,46,5.0,1,2,3, ,1,0.0,0.0,0.0,7,8,1,200.586715698242,3,16517-8-11-1,46.0,1,3.0,,2.0,1.0,0,0,0,1,1,0,0,1.0,0
16517,12,11,1,1,2,45,2.0,3,2,3, ,1,0.0,0.0,0.0,7,8,2,200.586715698242,4,16517-12-11-1,45.0,1,3.0,,2.0,1.0,0,0,0,1,1,0,0,1.0,0
16517,40,11,1,1,2,68,3.0,3,2,3, ,1,0.0,0.0,0.0,7,8,1,200.586715698242,4,16517-40-11-1,68.0,1,3.0,,2.0,1.0,0,0,0,1,1,0,0,1.0,0
16517,42,11,1,1,1,46,5.0,3,2,3, ,1,0.0,0.0,0.0,7,8,1,200.586715698242,5,16517-42-11-1,46.0,1,3.0,,2.0,1.0,0,0,0,1,1,0,0,1.0,0
16517,48,11,1,1,1,63,3.0,4,5,3,7,1,0.0,0.0,0.0,7,8,1,200.586715698242,2,16517-48-11-1,63.0,1,3.0,7.0,5.0,1.0,0,0,0,1,1,0,0,1.0,0
16518,25,11,1,1,1,27,6.0,5,4, ,2,5,0.0,0.0,0.0,7,7,1,200.586715698242,3,16518-25-11-1,27.0,1,,2.0,4.0,0.0,0,0,0,1,1,0,0,0.0,0
16518,26,11,1,1,1,39,5.0,2,4,1,7,1,0.0,0.0,0.0,7,7,1,200.586715698242,6,16518-26-11-1,39.0,1,1.0,7.0,4.0,1.0,0,0,1,1,1,0,1,1.0,1
16518,28,11,1,1,1,30,6.0,5,4, ,2,5,0.0,0.0,0.0,7,7,1,200.586715698242,4,16518-28-11-1,30.0,1,,2.0,4.0,0.0,0,0,0,1,1,0,0,0.0,0
16518,100,11,1,1,1,51,1.0, ,4, ,2,5,0.0,0.0,0.0,7,7,1,200.586715698242,3,16518-100-11-1,51.0,1,,2.0,4.0,0.0,0,0,0,1,1,0,0,0.0,0
16520,10,11,1,1,1,56,9.0,2,2,3, ,1,0.0,8.0,0.0,7,6, ,215.58642578125,4,16520-10-11-1,56.0,1,3.0,,2.0,1.0,0,1,0,1,1,0,0,1.0,0
16520,35,11,1,1,1,58,4.0,0,2,3, ,1,0.0,0.0,0.0,7,6, ,215.58642578125,5,16520-35-11-1,58.0,1,3.0,,2.0,1.0,0,0,1,1,1,0,1,1.0,1
16520,86,11,1,1,2,48,3.0,0, , , , ,0.0,0.0,0.0,7,6, ,215.58642578125,4,16520-86-11-1,48.0,1,,,,0.0,0,0,0,1,1,0,0,0.0,0
16520,111,11,1,1,1,48,4.0,0,2,3, ,1,0.0,0.0,0.0,7,6, ,215.58642578125,4,16520-111-11-1,48.0,1,3.0,,2.0,1.0,0,0,1,1,1,0,1,1.0,1
16520,123,11,1,1,1,36,6.0,5,2,3, ,1,0.0,0.0,0.0,7,6, ,215.58642578125,4,16520-123-11-1,36.0,1,3.0,,2.0,1.0,0,0,0,1,1,0,0,1.0,0
16520,135,11,1,1,1,74,5.0,2,1,3, ,1,0.0,0.0,0.0,7,6, ,215.58642578125,2,16520-135-11-1,74.0,1,3.0,,1.0,1.0,0,0,0,1,1,0,0,1.0,0
16520,145,11,1,1,1,21,5.0,3,4, ,2,5,0.0,0.0,0.0,7,6, ,215.58642578125,3,16520-145-11-1,21.0,1,,2.0,4.0,0.0,0,0,0,1,1,0,0,0.0,0
16533,1,11,1,1,1,49,8.0,3,2,3, ,1,0.0,0.0,0.0,5,4,1,1.11623513698578,5,16533-1-11-1,49.0,1,3.0,,2.0,1.0,0,0,0,1,1,0,0,1.0,0
16533,27,11,1,1,1,66,6.0,5, , , , ,0.0,0.0,0.0,5,4,1,1.11623513698578,3,16533-27-11-1,66.0,1,,,,0.0,0,0,0,1,1,0,0,0.0,0
16533,41,11,1,1,1,49,11.0,2,3, ,1,5,0.0,8.0,0.0,5,4,1,1.11623513698578,3,16533-41-11-1,49.0,1,,1.0,3.0,0.0,0,1,0,1,1,0,0,0.0,0
16533,80,11,1,1,2,52,10.0,5,3, ,1,5,0.0,0.0,0.0,5,4,1,1.11623513698578,2,16533-80-11-1,52.0,1,,1.0,3.0,0.0,0,0,0,1,1,0,0,0.0,0
16533,105,11,1,1,1,67,6.0,5,4, ,1,5,0.0,8.0,0.0,5,4,1,1.11623513698578,4,16533-105-11-1,67.0,1,,1.0,4.0,0.0,0,1,0,1,1,0,0,0.0,0
16533,119,11,1,1,1,52,6.0,5,1,3, ,1,0.0,0.0,0.0,5,4,1,1.11623513698578,7,16533-119-11-1,52.0,1,3.0,,1.0,1.0,0,0,0,1,1,0,0,1.0,0
16534,35,11,1,1,1,55,6.0,5,4, ,1,5,0.0,0.0,0.0,5,4,1,337.026519775391,4,16534-35-11-1,55.0,1,,1.0,4.0,0.0,0,0,0,1,1,0,0,0.0,0
16534,54,11,1,1,1,57,6.0,5, , , , ,0.0,0.0,0.0,5,4,1,337.026519775391,4,16534-54-11-1,57.0,1,,,,0.0,0,0,0,1,1,0,0,0.0,0
16534,74,11,1,1,1,45,6.0,5,4, ,6,5,0.0,0.0,0.0,5,4,1,337.026519775391,3,16534-74-11-1,45.0,1,,6.0,4.0,0.0,0,0,1,1,1,0,1,0.0,1
16534,113,11,1,1,2,44,6.0,5, , , , ,0.0,0.0,0.0,5,4,1,337.026519775391,2,16534-113-11-1,44.0,1,,,,0.0,0,0,0,1,1,0,0,0.0,0
16534,133,11,1,1,1,61,6.0,5,3, ,1,5,0.0,0.0,0.0,5,4,1,337.026519775391,5,16534-133-11-1,61.0,1,,1.0,3.0,0.0,0,0,0,1,1,0,0,0.0,0
16535,11,11,1,1,1,35,6.0,5,4,1,2,1,0.0,0.0,0.0,5,4,1,348.890716552734,5,16535-11-11-1,35.0,1,1.0,2.0,4.0,0.0,0,0,0,1,1,0,0,0.0,0
16535,22,11,1,1,1,51,8.0,3,1,3, ,1,0.0,8.0,0.0,5,4,1,348.890716552734,3,16535-22-11-1,51.0,1,3.0,,1.0,1.0,0,1,0,1,1,0,0,1.0,0
16535,33,11,1,1,2,29,6.0,5,3,3,7,1,0.0,0.0,0.0,5,4,1,348.890716552734,3,16535-33-11-1,29.0,1,3.0,7.0,3.0,1.0,0,0,0,1,1,0,0,1.0,0
16535,45,11,1,1,1,48,5.0,4,2,2, ,1,0.0,8.0,0.0,5,4,1,348.890716552734,4,16535-45-11-1,48.0,1,2.0,,2.0,0.0,0,1,0,1,1,0,0,0.0,0
16536,4,11,1,1,1,37,9.0,1,4,3,7,1,0.0,0.0,0.0,5,4,1,241.651321411133,4,16536-4-11-1,37.0,1,3.0,7.0,4.0,1.0,0,0,1,1,1,0,1,1.0,1
16536,16,11,1,1,2,49,10.0,6,3, ,2,5,0.0,0.0,0.0,5,4,1,241.651321411133,3,16536-16-11-1,49.0,1,,2.0,3.0,0.0,0,0,0,1,1,0,0,0.0,0
16536,85,11,1,1,2,58,3.0,1,2,3, ,1,0.0,0.0,0.0,5,4,1,241.651321411133,3,16536-85-11-1,58.0,1,3.0,,2.0,1.0,0,0,0,1,1,0,0,1.0,0
16536,97,11,1,1,2,38,6.0,5,2,3, ,1,0.0,0.0,0.0,5,4,1,241.651321411133,4,16536-97-11-1,38.0,1,3.0,,2.0,1.0,0,0,0,1,1,0,0,1.0,0
16536,120,11,1,1,2,50,4.0,0,2,3, ,1,0.0,0.0,0.0,5,4,1,241.651321411133,2,16536-120-11-1,50.0,1,3.0,,2.0,1.0,0,0,0,1,1,0,0,1.0,0
16537,28,11,1,1,2,64,10.0,5,2,2, ,1,0.0,0.0,0.0,5,4, ,48.7789497375488,5,16537-28-11-1,64.0,1,2.0,,2.0,0.0,0,0,1,1,1,0,1,0.0,1
16537,39,11,1,1,2,47,6.0,5, , , , ,0.0,0.0,0.0,5,4, ,48.7789497375488,4,16537-39-11-1,47.0,1,,,,0.0,0,0,0,1,1,0,0,0.0,0
16537,52,11,1,1,2,58,8.0,5,3, ,1,5,0.0,0.0,0.0,5,4, ,48.7789497375488,4,16537-52-11-1,58.0,1,,1.0,3.0,0.0,0,0,1,1,1,0,1,0.0,1
16537,88,11,1,1,1,46,10.0,5,2,2, ,1,0.0,8.0,0.0,5,4, ,48.7789497375488,8,16537-88-11-1,46.0,1,2.0,,2.0,0.0,0,1,0,1,1,0,0,0.0,0
16537,113,11,1,1,1,85,11.0,2, , , , ,0.0,0.0,0.0,5,4, ,48.7789497375488,4,16537-113-11-1,85.0,1,,,,0.0,0,0,0,1,1,0,0,0.0,0
16538,12,11,1,1,2,47,8.0,5, , , , ,0.0,0.0,0.0,5,4, ,337.026519775391,2,16538-12-11-1,47.0,1,,,,0.0,0,0,1,1,1,0,1,0.0,1
16538,27,11,1,1,1,72,3.0,3,4,3,7,1,0.0,0.0,0.0,5,4, ,337.026519775391,3,16538-27-11-1,72.0,1,3.0,7.0,4.0,1.0,0,0,0,1,1,0,0,1.0,0
16538,55,11,1,1,2,88,1.0, , , , , ,0.0,0.0,0.0,5,4, ,337.026519775391,1,16538-55-11-1,88.0,1,,,,0.0,0,0,0,1,1,0,0,0.0,0
16538,70,11,1,1,2,64,4.0,5,2,3, ,1,0.0,0.0,0.0,5,4, ,337.026519775391,4,16538-70-11-1,64.0,1,3.0,,2.0,1.0,0,0,0,1,1,0,0,1.0,0
16538,84,11,1,1,1,47,8.0,3,4,3,7,1,0.0,8.0,0.0,5,4, ,337.026519775391,4,16538-84-11-1,47.0,1,3.0,7.0,4.0,1.0,0,1,0,1,1,0,0,1.0,0
16538,112,11,1,1,2,75,1.0, ,2,3, ,1,0.0,0.0,0.0,5,4, ,337.026519775391,1,16538-112-11-1,75.0,1,3.0,,2.0,1.0,0,0,0,1,1,0,0,1.0,0
16553,3,11,1,1,1,31,6.0,5,2,3, ,1,0.0,0.0,0.0,5,5,1,308.392700195313,5,16553-3-11-1,31.0,1,3.0,,2.0,1.0,0,0,0,1,1,0,0,1.0,0
16553,27,11,1,1,1,39,5.0,3,2,3, ,1,0.0,8.0,0.0,5,5,1,308.392700195313,5,16553-27-11-1,39.0,1,3.0,,2.0,1.0,0,1,0,1,1,0,0,1.0,0
16553,38,11,1,1,2,60,3.0,1,2,3, ,1,0.0,0.0,0.0,5,5,1,308.392700195313,2,16553-38-11-1,60.0,1,3.0,,2.0,1.0,0,0,0,1,1,0,0,1.0,0
16553,50,11,1,1,1,48,3.0,0,2,3, ,1,0.0,0.0,0.0,5,5,1,308.392700195313,4,16553-50-11-1,48.0,1,3.0,,2.0,1.0,0,0,0,1,1,0,0,1.0,0
16553,62,11,1,1,1,50,5.0,4,2,3, ,1,0.0,0.0,0.0,5,5,1,308.392700195313,2,16553-62-11-1,50.0,1,3.0,,2.0,1.0,0,0,0,1,1,0,0,1.0,0
16553,74,11,1,1,2,43,4.0,0,2,3, ,1,0.0,0.0,0.0,5,5,1,308.392700195313,3,16553-74-11-1,43.0,1,3.0,,2.0,1.0,0,0,0,1,1,0,0,1.0,0
16554,10,11,1,1,2,53,8.0,5,3, ,1,5,0.0,0.0,0.0,5,5,1,1.84336805343628,2,16554-10-11-1,53.0,1,,1.0,3.0,0.0,0,0,1,1,1,0,1,0.0,1
16554,28,11,1,1,1,50,4.0,0,4,3,7,1,0.0,0.0,0.0,5,5,1,1.84336805343628,6,16554-28-11-1,50.0,1,3.0,7.0,4.0,1.0,0,0,0,1,1,0,0,1.0,0
16554,120,11,1,1,2,41,8.0,3,3, ,1,5,0.0,0.0,0.0,5,5,1,1.84336805343628,4,16554-120-11-1,41.0,1,,1.0,3.0,0.0,0,0,1,1,1,0,1,0.0,1
16555,28,11,1,1,1,52,3.0,0,2,3, ,1,0.0,0.0,0.0,5,5,1,308.392700195313,5,16555-28-11-1,52.0,1,3.0,,2.0,1.0,0,0,0,1,1,0,0,1.0,0
16555,55,11,1,1,1,80,4.0,5,2,3, ,1,0.0,0.0,0.0,5,5,1,308.392700195313,2,16555-55-11-1,80.0,1,3.0,,2.0,1.0,0,0,0,1,1,0,0,1.0,0
16555,81,11,1,1,2,68,3.0,3,2,3, ,1,0.0,0.0,0.0,5,5,1,308.392700195313,1,16555-81-11-1,68.0,1,3.0,,2.0,1.0,0,0,0,1,1,0,0,1.0,0
16555,93,11,1,1,2,72,1.0, ,2,3, ,1,0.0,0.0,0.0,5,5,1,308.392700195313,1,16555-93-11-1,72.0,1,3.0,,2.0,1.0,0,0,0,1,1,0,0,1.0,0
16556,31,11,1,1,1,23,10.0,5,4,3,7,1,0.0,0.0,0.0,5,5,1,337.026519775391,1,16556-31-11-1,23.0,1,3.0,7.0,4.0,1.0,0,0,0,1,1,0,0,1.0,0
16556,49,11,1,1,2,45,11.0,2, , , , ,0.0,0.0,0.0,5,5,1,337.026519775391,4,16556-49-11-1,45.0,1,,,,0.0,0,0,0,1,1,0,0,0.0,0
16556,108,11,1,1,1,88,6.0,5,2,3, ,1,0.0,0.0,0.0,5,5,1,337.026519775391,4,16556-108-11-1,88.0,1,3.0,,2.0,1.0,0,0,0,1,1,0,0,1.0,0
16556,128,11,1,1,1,52,10.0,5,3, , , ,0.0,8.0,0.0,5,5,1,337.026519775391,5,16556-128-11-1,52.0,1,,,3.0,0.0,0,1,0,1,1,0,0,0.0,0
16558,32,11,1,1,1,64,4.0,5,2,3, ,1,0.0,0.0,0.0,5,5,1,348.890716552734,4,16558-32-11-1,64.0,1,3.0,,2.0,1.0,0,0,0,1,1,0,0,1.0,0
16558,47,11,1,1,1,68,3.0,3,2,3, ,1,0.0,8.0,0.0,5,5,1,348.890716552734,2,16558-47-11-1,68.0,1,3.0,,2.0,1.0,0,1,0,1,1,0,0,1.0,0
16559,3,11,1,1,1,48,8.0,3,2,3, ,1,0.0,0.0,0.0,5,5,1,322.201751708984,7,16559-3-11-1,48.0,1,3.0,,2.0,1.0,0,0,0,1,1,0,0,1.0,0
16559,30,11,1,1,1,72,8.0,3,2,3, ,1,0.0,0.0,0.0,5,5,1,322.201751708984,1,16559-30-11-1,72.0,1,3.0,,2.0,1.0,0,0,0,1,1,0,0,1.0,0
16559,44,11,1,1,1,52,6.0,5,2,3, ,1,0.0,0.0,0.0,5,5,1,322.201751708984,2,16559-44-11-1,52.0,1,3.0,,2.0,1.0,0,0,0,1,1,0,0,1.0,0
16559,101,11,1,1,1,47,5.0,3,2,3, ,1,0.0,0.0,0.0,5,5,1,322.201751708984,6,16559-101-11-1,47.0,1,3.0,,2.0,1.0,0,0,0,1,1,0,0,1.0,0
16560,46,11,1,1,1,83,3.0,2,2,3, ,1,0.0,0.0,0.0,5,5, ,322.201751708984,1,16560-46-11-1,83.0,1,3.0,,2.0,1.0,0,0,0,1,1,0,0,1.0,0
16560,62,11,1,1,1,70,8.0,3,2,3, ,1,0.0,0.0,0.0,5,5, ,322.201751708984,2,16560-62-11-1,70.0,1,3.0,,2.0,1.0,0,0,0,1,1,0,0,1.0,0
16560,77,11,1,1,1,41,10.0,5,3, ,6,5,0.0,0.0,0.0,5,5, ,322.201751708984,3,16560-77-11-1,41.0,1,,6.0,3.0,0.0,0,0,0,1,1,0,0,0.0,0
16560,104,11,1,1,1,72,10.0,5,2,2, ,1,0.0,0.0,0.0,5,5, ,322.201751708984,4,16560-104-11-1,72.0,1,2.0,,2.0,0.0,0,0,1,1,1,0,1,0.0,1
16560,117,11,1,1,1,66,3.0,4,5,3,7,1,0.0,0.0,0.0,5,5, ,322.201751708984,2,16560-117-11-1,66.0,1,3.0,7.0,5.0,1.0,0,0,0,1,1,0,0,1.0,0
16563,33,11,1,1,2,39,4.0,0,2,3, ,1,0.0,0.0,0.0,5,7, ,150.620132446289,3,16563-33-11-1,39.0,1,3.0,,2.0,1.0,0,0,0,1,1,0,0,1.0,0
16563,34,11,1,1,1,61,4.0,5,2,3, ,1,0.0,0.0,0.0,5,7, ,150.620132446289,2,16563-34-11-1,61.0,1,3.0,,2.0,1.0,0,0,0,1,1,0,0,1.0,0
16563,35,11,1,1,1,42,5.0,2,2,3, ,1,0.0,0.0,0.0,5,7, ,150.620132446289,5,16563-35-11-1,42.0,1,3.0,,2.0,1.0,0,0,0,1,1,0,0,1.0,0
16563,36,11,1,1,1,51,8.0,3,2,3, ,1,0.0,0.0,0.0,5,7, ,150.620132446289,3,16563-36-11-1,51.0,1,3.0,,2.0,1.0,0,0,0,1,1,0,0,1.0,0
16563,102,11,1,1,1,52,1.0, ,2,3, ,1,0.0,0.0,0.0,5,7, ,150.620132446289,3,16563-102-11-1,52.0,1,3.0,,2.0,1.0,0,0,0,1,1,0,0,1.0,0
16563,103,11,1,1,1,58,4.0,5,2,3, ,1,0.0,0.0,0.0,5,7, ,150.620132446289,3,16563-103-11-1,58.0,1,3.0,,2.0,1.0,0,0,0,1,1,0,0,1.0,0
16563,105,11,1,1,1,63,4.0,5,2,3, ,1,0.0,0.0,0.0,5,7, ,150.620132446289,2,16563-105-11-1,63.0,1,3.0,,2.0,1.0,0,0,0,1,1,0,0,1.0,0
16563,106,11,1,1,2,44,3.0,0,2,3, ,1,0.0,0.0,0.0,5,7, ,150.620132446289,3,16563-106-11-1,44.0,1,3.0,,2.0,1.0,0,0,0,1,1,0,0,1.0,0
16583,125,11,1,1,2,72,1.0, ,2,3, ,1,0.0,0.0,0.0,5,7,1,156.397872924805,1,16583-125-11-1,72.0,1,3.0,,2.0,1.0,0,0,0,1,1,0,0,1.0,0
16583,126,11,1,1,1,45,6.0,5,2,3, ,1,0.0,0.0,0.0,5,7,1,156.397872924805,7,16583-126-11-1,45.0,1,3.0,,2.0,1.0,0,0,0,1,1,0,0,1.0,0
16583,127,11,1,1,1,35,5.0,3,2,3, ,1,0.0,0.0,0.0,5,7,1,156.397872924805,5,16583-127-11-1,35.0,1,3.0,,2.0,1.0,0,0,0,1,1,0,0,1.0,0
16583,128,11,1,1,2,50,1.0, ,2,3, ,1,0.0,0.0,0.0,5,7,1,156.397872924805,5,16583-128-11-1,50.0,1,3.0,,2.0,1.0,0,0,0,1,1,0,0,1.0,0
16583,430,11,1,1,2,57,1.0, ,2,3, ,1,0.0,0.0,0.0,5,7,1,156.397872924805,2,16583-430-11-1,57.0,1,3.0,,2.0,1.0,0,0,0,1,1,0,0,1.0,0
16583,434,11,1,1,1,28,6.0,5,2,3, ,1,0.0,0.0,0.0,5,7,1,156.397872924805,2,16583-434-11-1,28.0,1,3.0,,2.0,1.0,0,0,0,1,1,0,0,1.0,0
16583,435,11,1,1,1,35,6.0,5,2,3, ,1,0.0,0.0,0.0,5,7,1,156.397872924805,4,16583-435-11-1,35.0,1,3.0,,2.0,1.0,0,0,0,1,1,0,0,1.0,0
16606,30,11,1,1,2,70,5.0,1,2,3, ,1,0.0,0.0,0.0,5,7,1,149.580154418945,1,16606-30-11-1,70.0,1,3.0,,2.0,1.0,0,0,0,1,1,0,0,1.0,0
16606,31,11,1,1,1,54,6.0,5,2,3, ,1,0.0,0.0,0.0,5,7,1,149.580154418945,4,16606-31-11-1,54.0,1,3.0,,2.0,1.0,0,0,0,1,1,0,0,1.0,0
16606,72,11,1,1,1,56,3.0,0,2,3, ,1,0.0,0.0,0.0,5,7,1,149.580154418945,5,16606-72-11-1,56.0,1,3.0,,2.0,1.0,0,0,0,1,1,0,0,1.0,0
16606,73,11,1,1,1,63,4.0,5,2,3, ,1,0.0,0.0,0.0,5,7,1,149.580154418945,3,16606-73-11-1,63.0,1,3.0,,2.0,1.0,0,0,0,1,1,0,0,1.0,0
16606,74,11,1,1,1,46,6.0,5,2,3, ,1,0.0,0.0,0.0,5,7,1,149.580154418945,4,16606-74-11-1,46.0,1,3.0,,2.0,1.0,0,0,0,1,1,0,0,1.0,0
16606,75,11,1,1,2,74,1.0, ,2,3, ,1,0.0,0.0,0.0,5,7,1,149.580154418945,1,16606-75-11-1,74.0,1,3.0,,2.0,1.0,0,0,0,1,1,0,0,1.0,0
16606,76,11,1,1,1,52,3.0,0,2,3, ,1,0.0,0.0,0.0,5,7,1,149.580154418945,3,16606-76-11-1,52.0,1,3.0,,2.0,1.0,0,0,0,1,1,0,0,1.0,0
16615,9,11,1,1,1,62,6.0,5,1,2, ,1,0.0,0.0,0.0,5,7,1,163.693298339844,3,16615-9-11-1,62.0,1,2.0,,1.0,0.0,0,0,0,1,1,0,0,0.0,0
16615,10,11,1,1,2,32,6.0,5,2,3, ,1,0.0,0.0,0.0,5,7,1,163.693298339844,4,16615-10-11-1,32.0,1,3.0,,2.0,1.0,0,0,0,1,1,0,0,1.0,0
16615,91,11,1,1,1,47,3.0,0,2,3, ,1,0.0,0.0,0.0,5,7,1,163.693298339844,5,16615-91-11-1,47.0,1,3.0,,2.0,1.0,0,0,0,1,1,0,0,1.0,0
16615,92,11,1,1,1,36,6.0,5,2,3, ,1,0.0,0.0,0.0,5,7,1,163.693298339844,4,16615-92-11-1,36.0,1,3.0,,2.0,1.0,0,0,0,1,1,0,0,1.0,0
16615,93,11,1,1,1,51,3.0,0,2,3, ,1,0.0,0.0,0.0,5,7,1,163.693298339844,6,16615-93-11-1,51.0,1,3.0,,2.0,1.0,0,0,0,1,1,0,0,1.0,0
16615,94,11,1,1,2,40,5.0,2,2,3, ,1,0.0,0.0,0.0,5,7,1,163.693298339844,6,16615-94-11-1,40.0,1,3.0,,2.0,1.0,0,0,0,1,1,0,0,1.0,0
16615,95,11,1,1,2,71,3.0,2,2,3, ,1,0.0,0.0,0.0,5,7,1,163.693298339844,1,16615-95-11-1,71.0,1,3.0,,2.0,1.0,0,0,0,1,1,0,0,1.0,0
16615,96,11,1,1,1,49,4.0,0,2,3, ,1,0.0,0.0,0.0,5,7,1,163.693298339844,5,16615-96-11-1,49.0,1,3.0,,2.0,1.0,0,0,0,1,1,0,0,1.0,0
16617,5,11,1,1,1,81,3.0,0,2,3, ,1,0.0,0.0,0.0,5,7, ,163.693298339844,1,16617-5-11-1,81.0,1,3.0,,2.0,1.0,0,0,0,1,1,0,0,1.0,0
16617,6,11,1,1,2,61,3.0,2,2,3, ,1,0.0,0.0,0.0,5,7, ,163.693298339844,1,16617-6-11-1,61.0,1,3.0,,2.0,1.0,0,0,0,1,1,0,0,1.0,0
16617,7,11,1,1,2,91,1.0, ,2,3, ,1,0.0,0.0,0.0,5,7, ,163.693298339844,1,16617-7-11-1,91.0,1,3.0,,2.0,1.0,0,0,0,1,1,0,0,1.0,0
16617,8,11,1,1,2,67,1.0, ,2,3, ,1,0.0,0.0,0.0,5,7, ,163.693298339844,2,16617-8-11-1,67.0,1,3.0,,2.0,1.0,0,0,0,1,1,0,0,1.0,0
16617,82,11,1,1,2,52,6.0,5,1,3, ,1,0.0,0.0,0.0,5,7, ,163.693298339844,2,16617-82-11-1,52.0,1,3.0,,1.0,1.0,0,0,0,1,1,0,0,1.0,0
16617,85,11,1,1,1,54,1.0, ,2,3, ,1,0.0,0.0,0.0,5,7, ,163.693298339844,2,16617-85-11-1,54.0,1,3.0,,2.0,1.0,0,0,0,1,1,0,0,1.0,0
16617,86,11,1,1,2,74,1.0, ,2,3, ,1,0.0,0.0,0.0,5,7, ,163.693298339844,2,16617-86-11-1,74.0,1,3.0,,2.0,1.0,0,0,0,1,1,0,0,1.0,0
16631,7,11,1,1,2,89,1.0, ,2,3, ,1,0.0,0.0,0.0,5,6,1,150.620132446289,2,16631-7-11-1,89.0,1,3.0,,2.0,1.0,0,0,0,1,1,0,0,1.0,0
16631,29,11,1,1,1,57,4.0,0,4,3,7,1,0.0,0.0,0.0,5,6,1,150.620132446289,3,16631-29-11-1,57.0,1,3.0,7.0,4.0,1.0,0,0,0,1,1,0,0,1.0,0
16631,62,11,1,1,2,48,5.0,3,2,3, ,1,0.0,0.0,0.0,5,6,1,150.620132446289,4,16631-62-11-1,48.0,1,3.0,,2.0,1.0,0,0,0,1,1,0,0,1.0,0
16631,74,11,1,1,2,37,4.0,0,4,3,7,1,0.0,0.0,0.0,5,6,1,150.620132446289,4,16631-74-11-1,37.0,1,3.0,7.0,4.0,1.0,0,0,0,1,1,0,0,1.0,0
16631,107,11,1,1,1,67,4.0,5,2,3, ,1,0.0,0.0,0.0,5,6,1,150.620132446289,1,16631-107-11-1,67.0,1,3.0,,2.0,1.0,0,0,0,1,1,0,0,1.0,0
16631,117,11,1,1,1,40,4.0,0,2,3, ,1,0.0,0.0,0.0,5,6,1,150.620132446289,7,16631-117-11-1,40.0,1,3.0,,2.0,1.0,0,0,0,1,1,0,0,1.0,0
16632,2,11,1,1,1,53,5.0,1, , , , ,0.0,0.0,0.0,5,6,1,149.580154418945,1,16632-2-11-1,53.0,1,,,,0.0,0,0,0,1,1,0,0,0.0,0
16632,10,11,1,1,2,43,3.0,0,2,3, ,1,0.0,8.0,0.0,5,6,1,149.580154418945,4,16632-10-11-1,43.0,1,3.0,,2.0,1.0,0,1,0,1,1,0,0,1.0,0
16632,53,11,1,1,2,67,10.0,6, , , , ,0.0,8.0,0.0,5,6,1,149.580154418945,3,16632-53-11-1,67.0,1,,,,0.0,0,1,0,1,1,0,0,0.0,0
16632,86,11,1,1,1,41,6.0,5,3, ,6,5,0.0,8.0,0.0,5,6,1,149.580154418945,6,16632-86-11-1,41.0,1,,6.0,3.0,0.0,0,1,0,1,1,0,0,0.0,0
16633,66,11,1,1,1,67,3.0,3,2,3, ,1,0.0,0.0,0.0,5,7,2,163.693298339844,2,16633-66-11-1,67.0,1,3.0,,2.0,1.0,0,0,0,1,1,0,0,1.0,0
16633,68,11,1,1,1,60,4.0,5,2,3, ,1,0.0,0.0,0.0,5,7,1,163.693298339844,4,16633-68-11-1,60.0,1,3.0,,2.0,1.0,0,0,0,1,1,0,0,1.0,0
16633,175,11,1,1,1,61,4.0,5,2,3, ,1,0.0,0.0,0.0,5,7,1,163.693298339844,1,16633-175-11-1,61.0,1,3.0,,2.0,1.0,0,0,0,1,1,0,0,1.0,0
16633,177,11,1,1,2,86,3.0,0,2,3, ,1,0.0,0.0,0.0,5,7,1,163.693298339844,1,16633-177-11-1,86.0,1,3.0,,2.0,1.0,0,0,0,1,1,0,0,1.0,0
16633,178,11,1,1,2,68,1.0, ,2,3, ,1,0.0,0.0,0.0,5,7,1,163.693298339844,1,16633-178-11-1,68.0,1,3.0,,2.0,1.0,0,0,0,1,1,0,0,1.0,0
16633,180,11,1,1,2,69,3.0,2,2,3, ,1,0.0,0.0,0.0,5,7,1,163.693298339844,1,16633-180-11-1,69.0,1,3.0,,2.0,1.0,0,0,0,1,1,0,0,1.0,0
16633,181,11,1,1,1,42,6.0,5,2,3, ,1,0.0,0.0,0.0,5,7,1,163.693298339844,7,16633-181-11-1,42.0,1,3.0,,2.0,1.0,0,0,0,1,1,0,0,1.0,0
16634,98,11,1,1,2,73,1.0, ,2,3, ,1,0.0,0.0,0.0,5,7,1,150.620132446289,5,16634-98-11-1,73.0,1,3.0,,2.0,1.0,0,0,0,1,1,0,0,1.0,0
16634,99,11,1,1,1,29,5.0,3,2,3, ,1,0.0,0.0,0.0,5,7,1,150.620132446289,3,16634-99-11-1,29.0,1,3.0,,2.0,1.0,0,0,0,1,1,0,0,1.0,0
16634,100,11,1,1,1,59,4.0,5,2,3, ,1,0.0,0.0,0.0,5,7,1,150.620132446289,2,16634-100-11-1,59.0,1,3.0,,2.0,1.0,0,0,0,1,1,0,0,1.0,0
16634,245,11,1,1,1,69,3.0,2,2,3, ,1,0.0,0.0,0.0,5,7,1,150.620132446289,2,16634-245-11-1,69.0,1,3.0,,2.0,1.0,0,0,0,1,1,0,0,1.0,0
16634,246,11,1,1,1,55,4.0,0,2,3, ,1,0.0,0.0,0.0,5,7,1,150.620132446289,3,16634-246-11-1,55.0,1,3.0,,2.0,1.0,0,0,0,1,1,0,0,1.0,0
16634,247,11,1,1,1,35,6.0,5,2,3, ,1,0.0,0.0,0.0,5,7,1,150.620132446289,4,16634-247-11-1,35.0,1,3.0,,2.0,1.0,0,0,0,1,1,0,0,1.0,0
16634,248,11,1,1,2,39,4.0,0,2,3, ,1,0.0,0.0,0.0,5,7,1,150.620132446289,2,16634-248-11-1,39.0,1,3.0,,2.0,1.0,0,0,0,1,1,0,0,1.0,0
16635,53,11,1,1,2,64,1.0, ,2,3, ,1,0.0,0.0,0.0,5,7,1,156.397872924805,2,16635-53-11-1,64.0,1,3.0,,2.0,1.0,0,0,0,1,1,0,0,1.0,0
16635,55,11,1,1,1,43,3.0,0,2,3, ,1,0.0,0.0,0.0,5,7,1,156.397872924805,5,16635-55-11-1,43.0,1,3.0,,2.0,1.0,0,0,0,1,1,0,0,1.0,0
16635,139,11,1,1,1,39,6.0,5,2,3, ,1,0.0,0.0,0.0,5,7,1,156.397872924805,5,16635-139-11-1,39.0,1,3.0,,2.0,1.0,0,0,0,1,1,0,0,1.0,0
16635,140,11,1,1,2,85,1.0, ,2,3, ,1,0.0,0.0,0.0,5,7,1,156.397872924805,1,16635-140-11-1,85.0,1,3.0,,2.0,1.0,0,0,0,1,1,0,0,1.0,0
16636,121,11,1,1,2,87,1.0, , , , , ,0.0,0.0,0.0,5,7,1,156.397872924805,1,16636-121-11-1,87.0,1,,,,0.0,0,0,0,1,1,0,0,0.0,0
16636,122,11,1,1,1,51,5.0,1,2,3, ,1,0.0,0.0,0.0,5,7,1,156.397872924805,4,16636-122-11-1,51.0,1,3.0,,2.0,1.0,0,0,0,1,1,0,0,1.0,0
16636,123,11,1,1,2,64,3.0,2,2,3, ,1,0.0,0.0,0.0,5,7,1,156.397872924805,5,16636-123-11-1,64.0,1,3.0,,2.0,1.0,0,0,0,1,1,0,0,1.0,0
16636,124,11,1,1,2,63,4.0,5,2,3, ,1,0.0,0.0,0.0,5,7,1,156.397872924805,3,16636-124-11-1,63.0,1,3.0,,2.0,1.0,0,0,0,1,1,0,0,1.0,0
16636,190,11,1,1,1,41,5.0,3,2,3, ,1,0.0,0.0,0.0,5,7,1,156.397872924805,5,16636-190-11-1,41.0,1,3.0,,2.0,1.0,0,0,0,1,1,0,0,1.0,0
16636,191,11,1,1,1,78,3.0,4,2,3, ,1,0.0,0.0,0.0,5,7,1,156.397872924805,2,16636-191-11-1,78.0,1,3.0,,2.0,1.0,0,0,0,1,1,0,0,1.0,0
16636,192,11,1,1,2,80,3.0,0,1,3, ,1,0.0,0.0,0.0,5,7,1,156.397872924805,1,16636-192-11-1,80.0,1,3.0,,1.0,1.0,0,0,0,1,1,0,0,1.0,0
16637,21,11,1,1,1,45,6.0,5,2,3, ,1,0.0,0.0,0.0,5,7,1,149.580154418945,5,16637-21-11-1,45.0,1,3.0,,2.0,1.0,0,0,0,1,1,0,0,1.0,0
16637,24,11,1,1,1,83,4.0,5,2,3, ,1,0.0,0.0,0.0,5,7,1,149.580154418945,2,16637-24-11-1,83.0,1,3.0,,2.0,1.0,0,0,0,1,1,0,0,1.0,0
16637,90,11,1,1,2,84,3.0,0, , , , ,0.0,0.0,0.0,5,7,1,149.580154418945,1,16637-90-11-1,84.0,1,,,,0.0,0,0,0,1,1,0,0,0.0,0
16637,91,11,1,1,1,56,5.0,3,2,3, ,1,0.0,0.0,0.0,5,7,1,149.580154418945,2,16637-91-11-1,56.0,1,3.0,,2.0,1.0,0,0,0,1,1,0,0,1.0,0
16637,92,11,1,1,1,45,6.0,5,2,3, ,1,0.0,0.0,0.0,5,7,1,149.580154418945,4,16637-92-11-1,45.0,1,3.0,,2.0,1.0,0,0,0,1,1,0,0,1.0,0
16637,96,11,1,1,1,54,6.0,5,2,3, ,1,0.0,0.0,0.0,5,7,1,149.580154418945,3,16637-96-11-1,54.0,1,3.0,,2.0,1.0,0,0,0,1,1,0,0,1.0,0
16638,34,11,1,1,1,46,6.0,5,2,3, ,1,0.0,0.0,0.0,5,8,1,150.620132446289,5,16638-34-11-1,46.0,1,3.0,,2.0,1.0,0,0,0,1,1,0,0,1.0,0
16638,35,11,1,1,1,44,6.0,5,4,1,2,3,0.0,0.0,0.0,5,8,1,150.620132446289,5,16638-35-11-1,44.0,1,1.0,2.0,4.0,0.0,0,0,0,1,1,0,0,0.0,0
16638,36,11,1,1,1,40,6.0,5,2,3, ,1,0.0,0.0,0.0,5,8,1,150.620132446289,4,16638-36-11-1,40.0,1,3.0,,2.0,1.0,0,0,0,1,1,0,0,1.0,0
16638,96,11,1,1,2,60,3.0,2,2,3, ,1,0.0,0.0,0.0,5,8,1,150.620132446289,1,16638-96-11-1,60.0,1,3.0,,2.0,1.0,0,0,0,1,1,0,0,1.0,0
16638,97,11,1,1,2,34,4.0,0,1,3, ,1,0.0,0.0,0.0,5,8,1,150.620132446289,3,16638-97-11-1,34.0,1,3.0,,1.0,1.0,0,0,0,1,1,0,0,1.0,0
16638,100,11,1,1,2,48,3.0,0,2,3, ,1,0.0,0.0,0.0,5,8,1,150.620132446289,1,16638-100-11-1,48.0,1,3.0,,2.0,1.0,0,0,0,1,1,0,0,1.0,0
16638,101,11,1,1,1,69,3.0,3,2,3, ,1,0.0,0.0,0.0,5,8,1,150.620132446289,2,16638-101-11-1,69.0,1,3.0,,2.0,1.0,0,0,0,1,1,0,0,1.0,0
16639,6,11,1,1,1,72,5.0,2,2,3, ,1,0.0,0.0,0.0,5,6,1,163.693298339844,1,16639-6-11-1,72.0,1,3.0,,2.0,1.0,0,0,0,1,1,0,0,1.0,0
16639,21,11,1,1,1,50,10.0,6,2,3, ,1,0.0,0.0,0.0,5,6,1,163.693298339844,5,16639-21-11-1,50.0,1,3.0,,2.0,1.0,0,0,1,1,1,0,1,1.0,1
16639,37,11,1,1,2,33,6.0,5,2,3, ,1,0.0,0.0,0.0,5,6,1,163.693298339844,5,16639-37-11-1,33.0,1,3.0,,2.0,1.0,0,0,0,1,1,0,0,1.0,0
16639,69,11,1,1,2,52,3.0,0,2,3, ,1,0.0,0.0,0.0,5,6,1,163.693298339844,1,16639-69-11-1,52.0,1,3.0,,2.0,1.0,0,0,0,1,1,0,0,1.0,0
16639,101,11,1,1,1,38,4.0,0,2,3, ,1,0.0,0.0,0.0,5,6,1,163.693298339844,5,16639-101-11-1,38.0,1,3.0,,2.0,1.0,0,0,0,1,1,0,0,1.0,0
16639,116,11,1,1,1,49,10.0,5,3, ,6,5,0.0,0.0,0.0,5,6,1,163.693298339844,5,16639-116-11-1,49.0,1,,6.0,3.0,0.0,0,0,1,1,1,0,1,0.0,1
16639,132,11,1,1,2,69,8.0,3,2,3, ,1,0.0,0.0,0.0,5,6,1,163.693298339844,2,16639-132-11-1,69.0,1,3.0,,2.0,1.0,0,0,0,1,1,0,0,1.0,0
16639,148,11,1,1,1,66,5.0,3,2,3, ,1,0.0,0.0,0.0,5,6,1,163.693298339844,2,16639-148-11-1,66.0,1,3.0,,2.0,1.0,0,0,0,1,1,0,0,1.0,0
16640,37,11,1,1,1,60,5.0,2,2,3, ,1,0.0,0.0,0.0,5,6,1,150.620132446289,2,16640-37-11-1,60.0,1,3.0,,2.0,1.0,0,0,0,1,1,0,0,1.0,0
16640,76,11,1,1,1,56,6.0,5,4,1,2,2,0.0,0.0,0.0,5,6,1,150.620132446289,2,16640-76-11-1,56.0,1,1.0,2.0,4.0,0.0,0,0,0,1,1,0,0,0.0,0
16642,29,11,1,1,1,42,5.0,2,2,3, ,1,0.0,0.0,0.0,5,7,1,150.620132446289,6,16642-29-11-1,42.0,1,3.0,,2.0,1.0,0,0,0,1,1,0,0,1.0,0
16642,30,11,1,1,2,27,8.0,3,2,3, ,1,0.0,0.0,0.0,5,7,1,150.620132446289,3,16642-30-11-1,27.0,1,3.0,,2.0,1.0,0,0,0,1,1,0,0,1.0,0
16642,31,11,1,1,1,36,6.0,5,2,3, ,1,0.0,0.0,0.0,5,7,1,150.620132446289,5,16642-31-11-1,36.0,1,3.0,,2.0,1.0,0,0,0,1,1,0,0,1.0,0
16642,32,11,1,1,1,79,3.0,3,2,3, ,1,0.0,0.0,0.0,5,7,1,150.620132446289,1,16642-32-11-1,79.0,1,3.0,,2.0,1.0,0,0,0,1,1,0,0,1.0,0
16642,106,11,1,1,1,50,4.0,0,2,3, ,1,0.0,0.0,0.0,5,7,1,150.620132446289,4,16642-106-11-1,50.0,1,3.0,,2.0,1.0,0,0,0,1,1,0,0,1.0,0
16642,108,11,1,1,2,39,1.0, ,2,3, ,1,0.0,0.0,0.0,5,7,1,150.620132446289,4,16642-108-11-1,39.0,1,3.0,,2.0,1.0,0,0,0,1,1,0,0,1.0,0
16642,110,11,1,1,1,47,5.0,1,2,3, ,1,0.0,0.0,0.0,5,7,1,150.620132446289,2,16642-110-11-1,47.0,1,3.0,,2.0,1.0,0,0,0,1,1,0,0,1.0,0
16645,197,11,1,1,2,76,3.0,3,2,3, ,1,0.0,0.0,0.0,5,7,1,163.693298339844,1,16645-197-11-1,76.0,1,3.0,,2.0,1.0,0,0,0,1,1,0,0,1.0,0
16645,466,11,1,1,1,66,4.0,5,4, ,7,5,0.0,0.0,0.0,5,7,1,163.693298339844,3,16645-466-11-1,66.0,1,,7.0,4.0,1.0,0,0,0,1,1,0,0,1.0,0
16645,467,11,1,1,1,62,1.0, ,2,3, ,1,0.0,0.0,0.0,5,7,1,163.693298339844,2,16645-467-11-1,62.0,1,3.0,,2.0,1.0,0,0,0,1,1,0,0,1.0,0
16645,468,11,1,1,1,56,3.0,0,2,3, ,1,0.0,0.0,0.0,5,7,1,163.693298339844,3,16645-468-11-1,56.0,1,3.0,,2.0,1.0,0,0,0,1,1,0,0,1.0,0
16645,469,11,1,1,2,66,4.0,5,2,3, ,1,0.0,0.0,0.0,5,7,1,163.693298339844,1,16645-469-11-1,66.0,1,3.0,,2.0,1.0,0,0,0,1,1,0,0,1.0,0
16645,470,11,1,1,1,69,4.0,6,2,3, ,1,0.0,0.0,0.0,5,7,1,163.693298339844,2,16645-470-11-1,69.0,1,3.0,,2.0,1.0,0,0,0,1,1,0,0,1.0,0
16646,20,11,1,1,2,69,5.0,3,2,3, ,1,0.0,0.0,0.0,5,8,1,163.693298339844,1,16646-20-11-1,69.0,1,3.0,,2.0,1.0,0,0,0,1,1,0,0,1.0,0
16646,21,11,1,1,2,59,4.0,5,2,3, ,1,0.0,0.0,0.0,5,8,1,163.693298339844,1,16646-21-11-1,59.0,1,3.0,,2.0,1.0,0,0,0,1,1,0,0,1.0,0
16646,24,11,1,1,2,74,4.0,5,2,3, ,1,0.0,0.0,0.0,5,8,1,163.693298339844,1,16646-24-11-1,74.0,1,3.0,,2.0,1.0,0,0,0,1,1,0,0,1.0,0
16646,103,11,1,1,2,41,6.0,5,2,3, ,1,0.0,0.0,0.0,5,8,1,163.693298339844,5,16646-103-11-1,41.0,1,3.0,,2.0,1.0,0,0,0,1,1,0,0,1.0,0
16647,1,11,1,1,2,75,1.0, ,2,3, ,1,0.0,0.0,0.0,5,8,1,149.580154418945,1,16647-1-11-1,75.0,1,3.0,,2.0,1.0,0,0,0,1,1,0,0,1.0,0
16647,2,11,1,1,1,72,5.0,2,2,3, ,1,0.0,0.0,0.0,5,8,1,149.580154418945,2,16647-2-11-1,72.0,1,3.0,,2.0,1.0,0,0,0,1,1,0,0,1.0,0
16647,4,11,1,1,1,77,3.0,3,2,3, ,1,0.0,0.0,0.0,5,8,1,149.580154418945,6,16647-4-11-1,77.0,1,3.0,,2.0,1.0,0,0,0,1,1,0,0,1.0,0
16647,55,11,1,1,1,55,3.0,0,2,3, ,1,0.0,0.0,0.0,5,8,1,149.580154418945,5,16647-55-11-1,55.0,1,3.0,,2.0,1.0,0,0,0,1,1,0,0,1.0,0
16647,56,11,1,1,1,50,5.0,3,4,3,7,1,0.0,0.0,0.0,5,8,1,149.580154418945,3,16647-56-11-1,50.0,1,3.0,7.0,4.0,1.0,0,0,0,1,1,0,0,1.0,0
16647,57,11,1,1,1,80,3.0,3,2,3, ,1,0.0,0.0,0.0,5,8,1,149.580154418945,5,16647-57-11-1,80.0,1,3.0,,2.0,1.0,0,0,0,1,1,0,0,1.0,0
16647,58,11,1,1,1,53,6.0,5,2,3, ,1,0.0,0.0,0.0,5,8,1,149.580154418945,3,16647-58-11-1,53.0,1,3.0,,2.0,1.0,0,0,0,1,1,0,0,1.0,0
16647,59,11,1,1,1,43,4.0,0,2,3, ,1,0.0,0.0,0.0,5,8,1,149.580154418945,3,16647-59-11-1,43.0,1,3.0,,2.0,1.0,0,0,0,1,1,0,0,1.0,0
16648,4,11,1,1,1,42,5.0,1,2,3, ,1,0.0,0.0,0.0,5,6,1,156.397872924805,5,16648-4-11-1,42.0,1,3.0,,2.0,1.0,0,0,0,1,1,0,0,1.0,0
16648,19,11,1,1,1,45,4.0,0,2,3, ,1,0.0,0.0,0.0,5,6,1,156.397872924805,3,16648-19-11-1,45.0,1,3.0,,2.0,1.0,0,0,0,1,1,0,0,1.0,0
16648,27,11,1,1,1,44,6.0,5,2,3, ,1,0.0,8.0,0.0,5,6,1,156.397872924805,7,16648-27-11-1,44.0,1,3.0,,2.0,1.0,0,1,1,1,1,0,1,1.0,1
16648,43,11,1,1,2,77,1.0, ,2,3, ,1,0.0,0.0,0.0,5,6,1,156.397872924805,1,16648-43-11-1,77.0,1,3.0,,2.0,1.0,0,0,0,1,1,0,0,1.0,0
16648,49,11,1,1,1,66,5.0,1,2,3, ,1,0.0,0.0,0.0,5,6,1,156.397872924805,2,16648-49-11-1,66.0,1,3.0,,2.0,1.0,0,0,0,1,1,0,0,1.0,0
16648,56,11,1,1,2,49,3.0,0, , , , ,0.0,0.0,0.0,5,6,1,156.397872924805,2,16648-56-11-1,49.0,1,,,,0.0,0,0,0,1,1,0,0,0.0,0
16648,79,11,1,1,1,41,3.0,0,2,3, ,1,0.0,0.0,0.0,5,6,1,156.397872924805,7,16648-79-11-1,41.0,1,3.0,,2.0,1.0,0,0,0,1,1,0,0,1.0,0
16649,26,11,1,1,1,42,8.0,3,5,3,7,1,0.0,0.0,0.0,5,6,1,163.693298339844,3,16649-26-11-1,42.0,1,3.0,7.0,5.0,1.0,0,0,0,1,1,0,0,1.0,0
16649,53,11,1,1,2,38,6.0,5,2,3, ,1,0.0,0.0,0.0,5,6,1,163.693298339844,3,16649-53-11-1,38.0,1,3.0,,2.0,1.0,0,0,0,1,1,0,0,1.0,0
16649,80,11,1,1,1,68,3.0,4,2,2, ,1,0.0,0.0,0.0,5,6,1,163.693298339844,2,16649-80-11-1,68.0,1,2.0,,2.0,0.0,0,0,0,1,1,0,0,0.0,0
16649,136,11,1,1,2,48,6.0,5,2,3, ,1,0.0,0.0,0.0,5,6,1,163.693298339844,2,16649-136-11-1,48.0,1,3.0,,2.0,1.0,0,0,0,1,1,0,0,1.0,0
16651,18,11,1,1,1,46,1.0, ,2,3, ,1,0.0,0.0,0.0,5,7,1,150.620132446289,5,16651-18-11-1,46.0,1,3.0,,2.0,1.0,0,0,0,1,1,0,0,1.0,0
16651,20,11,1,1,1,64,3.0,0,2,3, ,1,0.0,0.0,0.0,5,7,1,150.620132446289,2,16651-20-11-1,64.0,1,3.0,,2.0,1.0,0,0,0,1,1,0,0,1.0,0
16651,55,11,1,1,1,54,6.0,5,2,3, ,1,0.0,0.0,0.0,5,7,1,150.620132446289,5,16651-55-11-1,54.0,1,3.0,,2.0,1.0,0,0,0,1,1,0,0,1.0,0
16651,57,11,1,1,1,42,5.0,4,2,3, ,1,0.0,8.0,0.0,5,7,1,150.620132446289,5,16651-57-11-1,42.0,1,3.0,,2.0,1.0,0,1,0,1,1,0,0,1.0,0
16651,59,11,1,1,1,47,4.0,0,2,3, ,1,0.0,0.0,0.0,5,7,1,150.620132446289,5,16651-59-11-1,47.0,1,3.0,,2.0,1.0,0,0,0,1,1,0,0,1.0,0
16652,83,11,1,1,1,70,3.0,2,2,3, ,1,0.0,0.0,0.0,5,7,1,149.580154418945,3,16652-83-11-1,70.0,1,3.0,,2.0,1.0,0,0,0,1,1,0,0,1.0,0
16652,84,11,1,1,1,41,4.0,0,4,3,7,1,0.0,0.0,0.0,5,7,1,149.580154418945,4,16652-84-11-1,41.0,1,3.0,7.0,4.0,1.0,0,0,1,1,1,0,1,1.0,1
16652,174,11,1,1,1,55,3.0,0,2,3, ,1,0.0,0.0,0.0,5,7,1,149.580154418945,6,16652-174-11-1,55.0,1,3.0,,2.0,1.0,0,0,0,1,1,0,0,1.0,0
16652,175,11,1,1,1,47,3.0,0,2,3, ,1,0.0,0.0,0.0,5,7,1,149.580154418945,7,16652-175-11-1,47.0,1,3.0,,2.0,1.0,0,0,1,1,1,0,1,1.0,1
16652,176,11,1,1,1,39,4.0,0,2,3, ,1,0.0,0.0,0.0,5,7,1,149.580154418945,6,16652-176-11-1,39.0,1,3.0,,2.0,1.0,0,0,0,1,1,0,0,1.0,0
16652,179,11,1,1,2,63,1.0, ,2,3, ,1,0.0,0.0,0.0,5,7,1,149.580154418945,1,16652-179-11-1,63.0,1,3.0,,2.0,1.0,0,0,0,1,1,0,0,1.0,0
16652,181,11,1,1,2,36,4.0,0,2,3, ,1,0.0,0.0,0.0,5,7,1,149.580154418945,3,16652-181-11-1,36.0,1,3.0,,2.0,1.0,0,0,1,1,1,0,1,1.0,1
16653,6,11,1,1,2,77,1.0, ,2,3, ,1,0.0,0.0,0.0,5,7,1,156.397872924805,2,16653-6-11-1,77.0,1,3.0,,2.0,1.0,0,0,0,1,1,0,0,1.0,0
16653,7,11,1,1,1,64,1.0, ,2,3, ,1,0.0,0.0,0.0,5,7,1,156.397872924805,2,16653-7-11-1,64.0,1,3.0,,2.0,1.0,0,0,0,1,1,0,0,1.0,0
16653,8,11,1,1,1,38,10.0,5,2,3, ,1,0.0,8.0,0.0,5,7,1,156.397872924805,5,16653-8-11-1,38.0,1,3.0,,2.0,1.0,0,1,0,1,1,0,0,1.0,0
16653,65,11,1,1,2,55,4.0,0,2,3, ,1,0.0,0.0,0.0,5,7,1,156.397872924805,3,16653-65-11-1,55.0,1,3.0,,2.0,1.0,0,0,1,1,1,0,1,1.0,1
16653,66,11,1,1,1,74,3.0,4,2,3, ,1,0.0,0.0,0.0,5,7,1,156.397872924805,1,16653-66-11-1,74.0,1,3.0,,2.0,1.0,0,0,0,1,1,0,0,1.0,0
16653,67,11,1,1,1,43,4.0,0,2,3, ,1,0.0,0.0,0.0,5,7,1,156.397872924805,5,16653-67-11-1,43.0,1,3.0,,2.0,1.0,0,0,0,1,1,0,0,1.0,0
16653,68,11,1,1,2,43,3.0,0,2,3, ,1,0.0,0.0,0.0,5,7,1,156.397872924805,5,16653-68-11-1,43.0,1,3.0,,2.0,1.0,0,0,0,1,1,0,0,1.0,0
16654,29,11,1,1,1,59,6.0,5,2,3, ,1,0.0,0.0,0.0,5,7,1,156.397872924805,2,16654-29-11-1,59.0,1,3.0,,2.0,1.0,0,0,0,1,1,0,0,1.0,0
16654,30,11,1,1,1,36,6.0,5,2,3, ,1,0.0,8.0,0.0,5,7,1,156.397872924805,4,16654-30-11-1,36.0,1,3.0,,2.0,1.0,0,1,0,1,1,0,0,1.0,0
16654,31,11,1,1,2,82,1.0, ,2,3, ,1,0.0,0.0,0.0,5,7,1,156.397872924805,1,16654-31-11-1,82.0,1,3.0,,2.0,1.0,0,0,0,1,1,0,0,1.0,0
16654,32,11,1,1,1,58,6.0,5,4,3,7,1,0.0,0.0,0.0,5,7,1,156.397872924805,5,16654-32-11-1,58.0,1,3.0,7.0,4.0,1.0,0,0,0,1,1,0,0,1.0,0
16654,125,11,1,1,1,42,4.0,0,2,3, ,1,0.0,0.0,0.0,5,7,1,156.397872924805,6,16654-125-11-1,42.0,1,3.0,,2.0,1.0,0,0,0,1,1,0,0,1.0,0
16654,126,11,1,1,1,69,1.0, ,2,3, ,1,0.0,0.0,0.0,5,7,1,156.397872924805,1,16654-126-11-1,69.0,1,3.0,,2.0,1.0,0,0,0,1,1,0,0,1.0,0
16655,13,11,1,1,1,46,3.0,0,2,3, ,1,0.0,0.0,0.0,5,8,1,150.620132446289,6,16655-13-11-1,46.0,1,3.0,,2.0,1.0,0,0,0,1,1,0,0,1.0,0
16655,16,11,1,1,1,55,3.0,0,2,3, ,1,0.0,0.0,0.0,5,8,1,150.620132446289,5,16655-16-11-1,55.0,1,3.0,,2.0,1.0,0,0,0,1,1,0,0,1.0,0
16655,51,11,1,1,2,78,1.0, ,2,3, ,1,0.0,0.0,0.0,5,8,1,150.620132446289,1,16655-51-11-1,78.0,1,3.0,,2.0,1.0,0,0,0,1,1,0,0,1.0,0
16655,58,11,1,1,1,59,3.0,0,2,3, ,1,0.0,0.0,0.0,5,8,1,150.620132446289,4,16655-58-11-1,59.0,1,3.0,,2.0,1.0,0,0,0,1,1,0,0,1.0,0
16655,60,11,1,1,2,45,3.0,0,2,3, ,1,0.0,0.0,0.0,5,8,1,150.620132446289,3,16655-60-11-1,45.0,1,3.0,,2.0,1.0,0,0,0,1,1,0,0,1.0,0
16655,61,11,1,1,1,44,3.0,0,2,3, ,1,0.0,0.0,0.0,5,8,1,150.620132446289,6,16655-61-11-1,44.0,1,3.0,,2.0,1.0,0,0,0,1,1,0,0,1.0,0
16655,62,11,1,1,1,34,4.0,0,2,3, ,1,0.0,0.0,0.0,5,8,1,150.620132446289,3,16655-62-11-1,34.0,1,3.0,,2.0,1.0,0,0,0,1,1,0,0,1.0,0
16655,63,11,1,1,1,31,5.0,3,2,3, ,1,0.0,0.0,0.0,5,8,2,150.620132446289,4,16655-63-11-1,31.0,1,3.0,,2.0,1.0,0,0,0,1,1,0,0,1.0,0
16656,18,11,1,1,1,32,5.0,4,2,3, ,1,0.0,0.0,0.0,5,8,1,163.693298339844,5,16656-18-11-1,32.0,1,3.0,,2.0,1.0,0,0,0,1,1,0,0,1.0,0
16656,20,11,1,1,2,68,5.0,1,2,3, ,1,0.0,0.0,0.0,5,8,1,163.693298339844,2,16656-20-11-1,68.0,1,3.0,,2.0,1.0,0,0,0,1,1,0,0,1.0,0
16656,36,11,1,1,2,62,4.0,5,2,3, ,1,0.0,0.0,0.0,5,8,1,163.693298339844,4,16656-36-11-1,62.0,1,3.0,,2.0,1.0,0,0,0,1,1,0,0,1.0,0
16656,37,11,1,1,1,69,4.0,5,2,3, ,1,0.0,0.0,0.0,5,8,1,163.693298339844,2,16656-37-11-1,69.0,1,3.0,,2.0,1.0,0,0,0,1,1,0,0,1.0,0
16656,49,11,1,1,2,93,3.0,1,2,3, ,1,0.0,0.0,0.0,5,8,1,163.693298339844,1,16656-49-11-1,93.0,1,3.0,,2.0,1.0,0,0,0,1,1,0,0,1.0,0
16658,34,11,1,1,1,54,4.0,0,4,3,7,1,0.0,0.0,0.0,5,6, ,163.693298339844,5,16658-34-11-1,54.0,1,3.0,7.0,4.0,1.0,0,0,0,1,1,0,0,1.0,0
16658,51,11,1,1,2,56,3.0,0,4,3,7,1,0.0,0.0,0.0,5,6, ,163.693298339844,1,16658-51-11-1,56.0,1,3.0,7.0,4.0,1.0,0,0,0,1,1,0,0,1.0,0
16658,57,11,1,1,2,75,3.0,4,2,3, ,1,0.0,0.0,0.0,5,6, ,163.693298339844,1,16658-57-11-1,75.0,1,3.0,,2.0,1.0,0,0,0,1,1,0,0,1.0,0
16658,64,11,1,1,1,51,5.0,1,2,3, ,1,0.0,0.0,0.0,5,6, ,163.693298339844,3,16658-64-11-1,51.0,1,3.0,,2.0,1.0,0,0,0,1,1,0,0,1.0,0
16658,75,11,1,1,1,57,6.0,5,2,3, ,1,0.0,0.0,0.0,5,6, ,163.693298339844,2,16658-75-11-1,57.0,1,3.0,,2.0,1.0,0,0,0,1,1,0,0,1.0,0
16660,10,11,1,1,1,36,3.0,0,2,3, ,1,0.0,0.0,0.0,5,7, ,156.397872924805,4,16660-10-11-1,36.0,1,3.0,,2.0,1.0,0,0,0,1,1,0,0,1.0,0
16660,11,11,1,1,2,75,3.0,0, , , , ,0.0,0.0,0.0,5,7, ,156.397872924805,5,16660-11-11-1,75.0,1,,,,0.0,0,0,0,1,1,0,0,0.0,0
16660,87,11,1,1,1,66,1.0, ,2,3, ,1,0.0,0.0,0.0,5,7, ,156.397872924805,2,16660-87-11-1,66.0,1,3.0,,2.0,1.0,0,0,0,1,1,0,0,1.0,0
16660,88,11,1,1,1,38,6.0,5,2,3, ,1,0.0,0.0,0.0,5,7, ,156.397872924805,5,16660-88-11-1,38.0,1,3.0,,2.0,1.0,0,0,0,1,1,0,0,1.0,0
16660,89,11,1,1,1,48,3.0,0,2,3, ,1,0.0,0.0,0.0,5,7, ,156.397872924805,4,16660-89-11-1,48.0,1,3.0,,2.0,1.0,0,0,0,1,1,0,0,1.0,0
16660,90,11,1,1,1,47,4.0,0,2,3, ,1,0.0,0.0,0.0,5,7, ,156.397872924805,4,16660-90-11-1,47.0,1,3.0,,2.0,1.0,0,0,0,1,1,0,0,1.0,0
16660,92,11,1,1,1,62,3.0,3,2,3, ,1,0.0,0.0,0.0,5,7, ,156.397872924805,4,16660-92-11-1,62.0,1,3.0,,2.0,1.0,0,0,0,1,1,0,0,1.0,0
16661,69,11,1,1,2,82,1.0, ,2,3, ,1,0.0,0.0,0.0,5,7, ,149.580154418945,1,16661-69-11-1,82.0,1,3.0,,2.0,1.0,0,0,0,1,1,0,0,1.0,0
16661,70,11,1,1,1,43,6.0,5,2,3, ,1,0.0,0.0,0.0,5,7, ,149.580154418945,4,16661-70-11-1,43.0,1,3.0,,2.0,1.0,0,0,0,1,1,0,0,1.0,0
16661,71,11,1,1,2,81,1.0, ,2,3, ,1,0.0,0.0,0.0,5,7, ,149.580154418945,1,16661-71-11-1,81.0,1,3.0,,2.0,1.0,0,0,0,1,1,0,0,1.0,0
16661,72,11,1,1,1,57,5.0,4,2,3, ,1,0.0,0.0,0.0,5,7, ,149.580154418945,2,16661-72-11-1,57.0,1,3.0,,2.0,1.0,0,0,0,1,1,0,0,1.0,0
16661,241,11,1,1,1,56,6.0,5,2,3, ,1,0.0,0.0,0.0,5,7, ,149.580154418945,2,16661-241-11-1,56.0,1,3.0,,2.0,1.0,0,0,0,1,1,0,0,1.0,0
16661,242,11,1,1,1,61,4.0,5,2,3, ,1,0.0,0.0,0.0,5,7, ,149.580154418945,7,16661-242-11-1,61.0,1,3.0,,2.0,1.0,0,0,0,1,1,0,0,1.0,0
16661,243,11,1,1,1,59,3.0,3,2,3, ,1,0.0,0.0,0.0,5,7, ,149.580154418945,4,16661-243-11-1,59.0,1,3.0,,2.0,1.0,0,0,0,1,1,0,0,1.0,0
16661,244,11,1,1,1,57,3.0,0,2,3, ,1,0.0,0.0,0.0,5,7, ,149.580154418945,5,16661-244-11-1,57.0,1,3.0,,2.0,1.0,0,0,0,1,1,0,0,1.0,0
16662,2,11,1,1,1,72,1.0, ,2,3, ,1,0.0,0.0,0.0,5,7, ,150.620132446289,2,16662-2-11-1,72.0,1,3.0,,2.0,1.0,0,0,0,1,1,0,0,1.0,0
16662,3,11,1,1,1,30,5.0,3,2,3, ,1,0.0,0.0,0.0,5,7, ,150.620132446289,4,16662-3-11-1,30.0,1,3.0,,2.0,1.0,0,0,0,1,1,0,0,1.0,0
16662,4,11,1,1,2,45,3.0,0,1,3, ,1,0.0,0.0,0.0,5,7, ,150.620132446289,3,16662-4-11-1,45.0,1,3.0,,1.0,1.0,0,0,0,1,1,0,0,1.0,0
16662,177,11,1,1,1,61,3.0,3,2,3, ,1,0.0,0.0,0.0,5,7, ,150.620132446289,3,16662-177-11-1,61.0,1,3.0,,2.0,1.0,0,0,0,1,1,0,0,1.0,0
16662,178,11,1,1,1,35,4.0,0,2,3, ,1,0.0,0.0,0.0,5,7, ,150.620132446289,5,16662-178-11-1,35.0,1,3.0,,2.0,1.0,0,0,1,1,1,0,1,1.0,1
16662,180,11,1,1,1,38,5.0,4,2,3, ,1,0.0,0.0,0.0,5,7, ,150.620132446289,5,16662-180-11-1,38.0,1,3.0,,2.0,1.0,0,0,0,1,1,0,0,1.0,0
16662,181,11,1,1,1,47,1.0, ,2,3, ,1,0.0,0.0,0.0,5,7, ,150.620132446289,1,16662-181-11-1,47.0,1,3.0,,2.0,1.0,0,0,0,1,1,0,0,1.0,0
16662,183,11,1,1,2,63,3.0,1,2,3, ,1,0.0,0.0,0.0,5,7, ,150.620132446289,1,16662-183-11-1,63.0,1,3.0,,2.0,1.0,0,0,0,1,1,0,0,1.0,0
16663,21,11,1,1,2,78,1.0, ,2,3, ,1,0.0,0.0,0.0,5,7, ,163.693298339844,2,16663-21-11-1,78.0,1,3.0,,2.0,1.0,0,0,0,1,1,0,0,1.0,0
16663,22,11,1,1,1,58,4.0,0,2,3, ,1,0.0,0.0,0.0,5,7, ,163.693298339844,2,16663-22-11-1,58.0,1,3.0,,2.0,1.0,0,0,0,1,1,0,0,1.0,0
16663,24,11,1,1,2,58,3.0,1,2,3, ,1,0.0,0.0,0.0,5,7, ,163.693298339844,2,16663-24-11-1,58.0,1,3.0,,2.0,1.0,0,0,0,1,1,0,0,1.0,0
16663,85,11,1,1,1,52,3.0,0,2,3, ,1,0.0,0.0,0.0,5,7, ,163.693298339844,5,16663-85-11-1,52.0,1,3.0,,2.0,1.0,0,0,0,1,1,0,0,1.0,0
16663,86,11,1,1,1,69,3.0,1,2,3, ,1,0.0,0.0,0.0,5,7, ,163.693298339844,2,16663-86-11-1,69.0,1,3.0,,2.0,1.0,0,0,0,1,1,0,0,1.0,0
16663,87,11,1,1,1,77,3.0,4,2,3, ,1,0.0,0.0,0.0,5,7, ,163.693298339844,2,16663-87-11-1,77.0,1,3.0,,2.0,1.0,0,0,0,1,1,0,0,1.0,0
16663,88,11,1,1,1,59,6.0,5,2,3, ,1,0.0,0.0,0.0,5,7, ,163.693298339844,3,16663-88-11-1,59.0,1,3.0,,2.0,1.0,0,0,0,1,1,0,0,1.0,0
16695,144,11,1,1,1,60,9.0,1,5,3,7,1,0.0,0.0,0.0,7,2,1,2.33714890480042,3,16695-144-11-1,60.0,1,3.0,7.0,5.0,1.0,0,0,0,1,1,0,0,1.0,0
16695,178,11,1,1,2,90,5.0,2, , , , ,0.0,0.0,0.0,7,2,1,2.33714890480042,1,16695-178-11-1,90.0,1,,,,0.0,0,0,0,1,1,0,0,0.0,0
16696,18,11,1,1,1,46,9.0,1,3,1,2,3,0.0,8.0,0.0,7,2,2,1.9110095500946,4,16696-18-11-1,46.0,1,1.0,2.0,3.0,0.0,0,1,0,1,1,0,0,0.0,0
16696,35,11,1,1,1,52,1.0, ,2,3, ,1,0.0,0.0,0.0,7,2,1,1.9110095500946,2,16696-35-11-1,52.0,1,3.0,,2.0,1.0,0,0,0,1,1,0,0,1.0,0
16696,53,11,1,1,2,70,4.0,5,2,2, ,1,0.0,8.0,0.0,7,2,1,1.9110095500946,1,16696-53-11-1,70.0,1,2.0,,2.0,0.0,0,1,0,1,1,0,0,0.0,0
16696,102,11,1,1,1,33,5.0,3,2,3, ,1,0.0,0.0,0.0,7,2,1,1.9110095500946,3,16696-102-11-1,33.0,1,3.0,,2.0,1.0,0,0,0,1,1,0,0,1.0,0
16696,134,11,1,1,1,65,6.0,5,3,3,7,1,0.0,0.0,0.0,7,2,1,1.9110095500946,1,16696-134-11-1,65.0,1,3.0,7.0,3.0,1.0,0,0,0,1,1,0,0,1.0,0
16697,23,11,1,1,1,51,5.0,3,4,3,7,1,0.0,0.0,0.0,7,2,1,78.8108367919922,7,16697-23-11-1,51.0,1,3.0,7.0,4.0,1.0,0,0,0,1,1,0,0,1.0,0
16697,55,11,1,1,2,53,4.0,0,2,3, ,1,0.0,8.0,0.0,7,2,2,78.8108367919922,7,16697-55-11-1,53.0,1,3.0,,2.0,1.0,0,1,0,1,1,0,0,1.0,0
16697,71,11,1,1,1,84,10.0,5, , , , ,0.0,0.0,0.0,7,2,1,78.8108367919922,1,16697-71-11-1,84.0,1,,,,0.0,0,0,0,1,1,0,0,0.0,0
16698,15,11,1,1,2,56,1.0, ,2,3, ,1,0.0,0.0,0.0,7,2,1,116.767944335938,2,16698-15-11-1,56.0,1,3.0,,2.0,1.0,0,0,0,1,1,0,0,1.0,0
16698,38,11,1,1,1,44,9.0,3,3,2,7,1,0.0,0.0,0.0,7,2,1,116.767944335938,4,16698-38-11-1,44.0,1,2.0,7.0,3.0,1.0,0,0,0,1,1,0,0,1.0,0
16698,50,11,1,1,1,58,4.0,5,3,3,7,1,0.0,0.0,0.0,7,2,1,116.767944335938,5,16698-50-11-1,58.0,1,3.0,7.0,3.0,1.0,0,0,0,1,1,0,0,1.0,0
16698,72,11,1,1,1,69,3.0,3,2,3, ,1,0.0,0.0,0.0,7,2,2,116.767944335938,3,16698-72-11-1,69.0,1,3.0,,2.0,1.0,0,0,0,1,1,0,0,1.0,0
16699,31,11,1,1,2,63,11.0,2,3, ,2,5,0.0,8.0,0.0,7,2,1,1.52136182785034,2,16699-31-11-1,63.0,1,,2.0,3.0,0.0,0,1,0,1,1,0,0,0.0,0
16699,46,11,1,1,2,58,10.0,5,3,3,7,1,0.0,0.0,0.0,7,2,1,1.52136182785034,1,16699-46-11-1,58.0,1,3.0,7.0,3.0,1.0,0,0,0,1,1,0,0,1.0,0
16699,104,11,1,1,1,40,10.0,5,3,1,2,2,0.0,8.0,0.0,7,2,1,1.52136182785034,4,16699-104-11-1,40.0,1,1.0,2.0,3.0,0.0,0,1,1,1,1,0,1,0.0,1
16699,148,11,1,1,1,47,11.0,2, , , , ,0.0,0.0,0.0,7,2,1,1.52136182785034,5,16699-148-11-1,47.0,1,,,,0.0,0,0,0,1,1,0,0,0.0,0
16700,99,11,1,1,2,64,3.0,2,2,3, ,1,0.0,0.0,0.0,7,2,1,59.1081237792969,2,16700-99-11-1,64.0,1,3.0,,2.0,1.0,0,0,0,1,1,0,0,1.0,0
16701,6,11,1,1,2,52,4.0,0,4,1,7,1,0.0,0.0,0.0,7,2,1,133.546859741211,3,16701-6-11-1,52.0,1,1.0,7.0,4.0,1.0,0,0,0,1,1,0,0,1.0,0
16701,26,11,1,1,1,46,4.0,0,2,3, ,1,0.0,8.0,0.0,7,2,1,133.546859741211,5,16701-26-11-1,46.0,1,3.0,,2.0,1.0,0,1,0,1,1,0,0,1.0,0
16701,46,11,1,1,1,36,6.0,5,2,3, ,1,0.0,0.0,0.0,7,2,1,133.546859741211,3,16701-46-11-1,36.0,1,3.0,,2.0,1.0,0,0,0,1,1,0,0,1.0,0
16701,106,11,1,1,2,69,1.0, , , , , ,0.0,0.0,0.0,7,2,1,133.546859741211,3,16701-106-11-1,69.0,1,,,,0.0,0,0,0,1,1,0,0,0.0,0
16702,6,11,1,1,2,25,7.0,1,2,3, ,1,0.0,8.0,0.0,7,2,1,118.996566772461,2,16702-6-11-1,25.0,1,3.0,,2.0,1.0,0,1,0,1,1,0,0,1.0,0
16702,39,11,1,1,1,59,7.0,1,4,3,7,1,0.0,0.0,0.0,7,2,1,118.996566772461,4,16702-39-11-1,59.0,1,3.0,7.0,4.0,1.0,0,0,0,1,1,0,0,1.0,0
16702,53,11,1,1,1,29,6.0,5,2,3, ,1,0.0,0.0,0.0,7,2,1,118.996566772461,5,16702-53-11-1,29.0,1,3.0,,2.0,1.0,0,0,0,1,1,0,0,1.0,0
16702,64,11,1,1,2,43,1.0, ,2,3, ,1,0.0,0.0,0.0,7,2,1,118.996566772461,3,16702-64-11-1,43.0,1,3.0,,2.0,1.0,0,0,0,1,1,0,0,1.0,0
16702,75,11,1,1,2,60,3.0,0, , , , ,0.0,0.0,0.0,7,2,1,118.996566772461,2,16702-75-11-1,60.0,1,,,,0.0,0,0,0,1,1,0,0,0.0,0
16703,3,11,1,1,2,59,6.0,5,2,3, ,1,0.0,0.0,0.0,7,2,1,49.5345993041992,1,16703-3-11-1,59.0,1,3.0,,2.0,1.0,0,0,0,1,1,0,0,1.0,0
16703,19,11,1,1,1,48,10.0,5,1,1, ,1,0.0,0.0,0.0,7,2,1,49.5345993041992,4,16703-19-11-1,48.0,1,1.0,,1.0,0.0,0,0,0,1,1,0,0,0.0,0
16703,161,11,1,1,1,72,6.0,5, , , , ,0.0,0.0,0.0,7,2,1,49.5345993041992,2,16703-161-11-1,72.0,1,,,,0.0,0,0,1,1,1,0,1,0.0,1
16705,81,11,1,1,1,49,10.0,5,3, ,6,5,0.0,0.0,0.0,7,2,1,57.072093963623,4,16705-81-11-1,49.0,1,,6.0,3.0,0.0,0,0,1,1,1,0,1,0.0,1
16705,116,11,1,1,2,52,8.0,3,4, ,2,5,0.0,0.0,0.0,7,2,1,57.072093963623,3,16705-116-11-1,52.0,1,,2.0,4.0,0.0,0,0,0,1,1,0,0,0.0,0
16705,133,11,1,1,2,59,4.0,5, , , , ,0.0,0.0,0.0,7,2,1,57.072093963623,2,16705-133-11-1,59.0,1,,,,0.0,0,0,0,1,1,0,0,0.0,0
16705,167,11,1,1,1,48,6.0,5, , , , ,0.0,8.0,0.0,7,2,1,57.072093963623,4,16705-167-11-1,48.0,1,,,,0.0,0,1,0,1,1,0,0,0.0,0
16706,18,11,1,1,1,33,6.0,5,4,1,2,5,0.0,0.0,0.0,7,2,2,123.355690002441,3,16706-18-11-1,33.0,1,1.0,2.0,4.0,0.0,0,0,0,1,1,0,0,0.0,0
16706,30,11,1,1,1,82,3.0,0,2,3, ,1,0.0,0.0,0.0,7,2,1,123.355690002441,2,16706-30-11-1,82.0,1,3.0,,2.0,1.0,0,0,0,1,1,0,0,1.0,0
16706,42,11,1,1,2,51,3.0,0, , , , ,0.0,0.0,0.0,7,2,1,123.355690002441,1,16706-42-11-1,51.0,1,,,,0.0,0,0,0,1,1,0,0,0.0,0
16706,54,11,1,1,1,54,6.0,5,2,3, ,1,0.0,0.0,0.0,7,2,1,123.355690002441,3,16706-54-11-1,54.0,1,3.0,,2.0,1.0,0,0,0,1,1,0,0,1.0,0
16706,73,11,1,1,2,52,3.0,0,2,3, ,1,0.0,0.0,0.0,7,2,1,123.355690002441,4,16706-73-11-1,52.0,1,3.0,,2.0,1.0,0,0,0,1,1,0,0,1.0,0
16707,1,11,1,1,1,68,10.0,5,2,2, ,1,0.0,0.0,0.0,7,2, ,2.33714890480042,2,16707-1-11-1,68.0,1,2.0,,2.0,0.0,0,0,1,1,1,0,1,0.0,1
16707,91,11,1,1,2,41,9.0,1,3,2,7,1,0.0,8.0,0.0,7,2, ,2.33714890480042,3,16707-91-11-1,41.0,1,2.0,7.0,3.0,1.0,0,1,0,1,1,0,0,1.0,0
16707,108,11,1,1,1,76,6.0,5,2,3, ,1,0.0,0.0,0.0,7,2, ,2.33714890480042,2,16707-108-11-1,76.0,1,3.0,,2.0,1.0,0,0,0,1,1,0,0,1.0,0
16707,126,11,1,1,2,24,9.0,3,3,1,7,1,0.0,8.0,0.0,7,2, ,2.33714890480042,2,16707-126-11-1,24.0,1,1.0,7.0,3.0,1.0,0,1,1,1,1,0,1,1.0,1
16707,164,11,1,1,2,62,7.0,1, , , , ,0.0,8.0,0.0,7,2, ,2.33714890480042,4,16707-164-11-1,62.0,1,,,,0.0,0,1,1,1,1,0,1,0.0,1
16708,35,11,1,1,1,46,7.0,1,1,3, ,1,0.0,0.0,0.0,7,2, ,59.1081237792969,5,16708-35-11-1,46.0,1,3.0,,1.0,1.0,0,0,0,1,1,0,0,1.0,0
16708,73,11,1,1,2,80,1.0, , , , , ,0.0,0.0,0.0,7,2, ,59.1081237792969,1,16708-73-11-1,80.0,1,,,,0.0,0,0,0,1,1,0,0,0.0,0
16708,93,11,1,1,1,65,10.0,5, , , , ,0.0,0.0,0.0,7,2, ,59.1081237792969,2,16708-93-11-1,65.0,1,,,,0.0,0,0,0,1,1,0,0,0.0,0
16708,167,11,1,1,1,81,6.0,5, , , , ,0.0,0.0,0.0,7,2, ,59.1081237792969,3,16708-167-11-1,81.0,1,,,,0.0,0,0,0,1,1,0,0,0.0,0
16709,13,11,1,1,1,55,3.0,0,4,3,7,1,0.0,0.0,0.0,7,2, ,116.767944335938,2,16709-13-11-1,55.0,1,3.0,7.0,4.0,1.0,0,0,0,1,1,0,0,1.0,0
16709,30,11,1,1,1,27,6.0,5,2,2, ,1,0.0,8.0,0.0,7,2, ,116.767944335938,3,16709-30-11-1,27.0,1,2.0,,2.0,0.0,0,1,1,1,1,0,1,0.0,1
16709,65,11,1,1,2,59,8.0,5,3, ,1,5,0.0,0.0,0.0,7,2, ,116.767944335938,4,16709-65-11-1,59.0,1,,1.0,3.0,0.0,0,0,0,1,1,0,0,0.0,0
16709,100,11,1,1,2,29,6.0,5,3,2,7,1,0.0,0.0,0.0,7,2, ,116.767944335938,3,16709-100-11-1,29.0,1,2.0,7.0,3.0,1.0,0,0,0,1,1,0,0,1.0,0
16709,117,11,1,1,1,49,10.0,5, , , , ,0.0,0.0,0.0,7,2, ,116.767944335938,4,16709-117-11-1,49.0,1,,,,0.0,0,0,0,1,1,0,0,0.0,0
16710,44,11,1,1,2,36,6.0,5,2,3, ,1,0.0,8.0,0.0,7,2, ,133.546859741211,2,16710-44-11-1,36.0,1,3.0,,2.0,1.0,0,1,0,1,1,0,0,1.0,0
16710,71,11,1,1,1,29,6.0,5,4,3,7,1,0.0,8.0,0.0,7,2, ,133.546859741211,4,16710-71-11-1,29.0,1,3.0,7.0,4.0,1.0,0,1,0,1,1,0,0,1.0,0
16710,85,11,1,1,1,38,6.0,5,7,3,7,1,0.0,0.0,0.0,7,2, ,133.546859741211,7,16710-85-11-1,38.0,1,3.0,7.0,7.0,1.0,0,0,0,1,1,0,0,1.0,0
16710,99,11,1,1,2,63,4.0,5, , , , ,0.0,0.0,0.0,7,2, ,133.546859741211,1,16710-99-11-1,63.0,1,,,,0.0,0,0,0,1,1,0,0,0.0,0
16723,4,11,1,1,2,48,1.0, ,4,3,7,1,0.0,0.0,0.0,5,5,1,781.23193359375,2,16723-4-11-1,48.0,1,3.0,7.0,4.0,1.0,0,0,1,1,1,0,1,1.0,1
16723,17,11,1,1,2,55,3.0,0,2,3, ,1,0.0,0.0,0.0,5,5,1,781.23193359375,1,16723-17-11-1,55.0,1,3.0,,2.0,1.0,0,0,0,1,1,0,0,1.0,0
16723,42,11,1,1,1,59,3.0,3,2,3, ,1,0.0,0.0,0.0,5,5,1,781.23193359375,2,16723-42-11-1,59.0,1,3.0,,2.0,1.0,0,0,0,1,1,0,0,1.0,0
16723,79,11,1,1,2,55,6.0,5,2,3, ,1,0.0,0.0,0.0,5,5,1,781.23193359375,2,16723-79-11-1,55.0,1,3.0,,2.0,1.0,0,0,0,1,1,0,0,1.0,0
16724,4,11,1,1,1,36,10.0,5,3, ,2,5,0.0,8.0,0.0,5,5,1,849.50732421875,4,16724-4-11-1,36.0,1,,2.0,3.0,0.0,0,1,0,1,1,0,0,0.0,0
16724,18,11,1,1,1,26,7.0,2,3,2,7,1,0.0,8.0,0.0,5,5,2,849.50732421875,2,16724-18-11-1,26.0,1,2.0,7.0,3.0,1.0,0,1,0,1,1,0,0,1.0,0
16724,62,11,1,1,2,27,5.0,4, , , , ,0.0,0.0,0.0,5,5,1,849.50732421875,4,16724-62-11-1,27.0,1,,,,0.0,0,0,0,1,1,0,0,0.0,0
16724,72,11,1,1,1,20,7.0,2, , , , ,0.0,8.0,0.0,5,5,1,849.50732421875,1,16724-72-11-1,20.0,1,,,,0.0,0,1,0,1,1,0,0,0.0,0
16725,39,11,1,1,2,50,6.0,5,2,2, ,1,0.0,0.0,0.0,5,5,1,504.799530029297,2,16725-39-11-1,50.0,1,2.0,,2.0,0.0,0,0,0,1,1,0,0,0.0,0
16725,99,11,1,1,2,56,4.0,0,2,2, ,1,0.0,0.0,0.0,5,5,1,504.799530029297,2,16725-99-11-1,56.0,1,2.0,,2.0,0.0,0,0,0,1,1,0,0,0.0,0
16725,162,11,1,1,1,51,3.0,0,2,3, ,1,0.0,0.0,0.0,5,5,1,504.799530029297,5,16725-162-11-1,51.0,1,3.0,,2.0,1.0,0,0,0,1,1,0,0,1.0,0
16726,38,11,1,1,1,44,6.0,5,1,3, ,1,0.0,0.0,0.0,5,5,1,849.50732421875,4,16726-38-11-1,44.0,1,3.0,,1.0,1.0,0,0,0,1,1,0,0,1.0,0
16726,66,11,1,1,1,32,6.0,5,2,3, ,1,0.0,0.0,0.0,5,5,1,849.50732421875,6,16726-66-11-1,32.0,1,3.0,,2.0,1.0,0,0,0,1,1,0,0,1.0,0
16726,104,11,1,1,2,80,1.0, , , , , ,0.0,0.0,0.0,5,5,1,849.50732421875,1,16726-104-11-1,80.0,1,,,,0.0,0,0,0,1,1,0,0,0.0,0
16726,117,11,1,1,1,98,1.0, , , , , ,0.0,0.0,0.0,5,5,1,849.50732421875,3,16726-117-11-1,98.0,1,,,,0.0,0,0,0,1,1,0,0,0.0,0
16727,15,11,1,1,2,46,3.0,0,1,3, ,1,0.0,0.0,0.0,5,5,1,768.34814453125,3,16727-15-11-1,46.0,1,3.0,,1.0,1.0,0,0,0,1,1,0,0,1.0,0
16727,47,11,1,1,1,61,3.0,0,2,3, ,1,0.0,0.0,0.0,5,5,1,768.34814453125,2,16727-47-11-1,61.0,1,3.0,,2.0,1.0,0,0,0,1,1,0,0,1.0,0
16727,60,11,1,1,1,36,5.0,2,1,3, ,1,0.0,0.0,0.0,5,5,1,768.34814453125,5,16727-60-11-1,36.0,1,3.0,,1.0,1.0,0,0,0,1,1,0,0,1.0,0
16727,102,11,1,1,1,44,6.0,5,4, ,6,5,0.0,8.0,0.0,5,5,1,768.34814453125,5,16727-102-11-1,44.0,1,,6.0,4.0,0.0,0,1,0,1,1,0,0,0.0,0
16727,115,11,1,1,2,30,3.0,0,2,3, ,1,0.0,0.0,0.0,5,5,1,768.34814453125,3,16727-115-11-1,30.0,1,3.0,,2.0,1.0,0,0,0,1,1,0,0,1.0,0
16728,11,11,1,1,1,64,4.0,5,4,3,7,1,0.0,0.0,0.0,5,5, ,982.355163574219,6,16728-11-11-1,64.0,1,3.0,7.0,4.0,1.0,0,0,0,1,1,0,0,1.0,0
16728,31,11,1,1,1,63,4.0,5,2,3, ,1,0.0,0.0,0.0,5,5, ,982.355163574219,4,16728-31-11-1,63.0,1,3.0,,2.0,1.0,0,0,0,1,1,0,0,1.0,0
16728,41,11,1,1,1,30,6.0,5,4,3,7,1,0.0,8.0,0.0,5,5, ,982.355163574219,3,16728-41-11-1,30.0,1,3.0,7.0,4.0,1.0,0,1,0,1,1,0,0,1.0,0
16728,52,11,1,1,1,40,6.0,5,2,3, ,1,0.0,8.0,0.0,5,5, ,982.355163574219,5,16728-52-11-1,40.0,1,3.0,,2.0,1.0,0,1,1,1,1,0,1,1.0,1
16728,62,11,1,1,2,55,3.0,0, , , , ,0.0,0.0,0.0,5,5, ,982.355163574219,2,16728-62-11-1,55.0,1,,,,0.0,0,0,0,1,1,0,0,0.0,0
16729,19,11,1,1,1,39,8.0,3,2,3, ,1,0.0,0.0,0.0,5,5,1,781.23193359375,5,16729-19-11-1,39.0,1,3.0,,2.0,1.0,0,0,0,1,1,0,0,1.0,0
16729,76,11,1,1,1,60,9.0,2,2,3, ,1,0.0,8.0,0.0,5,5,1,781.23193359375,1,16729-76-11-1,60.0,1,3.0,,2.0,1.0,0,1,0,1,1,0,0,1.0,0
16729,95,11,1,1,1,58,4.0,5,2,3, ,1,0.0,0.0,0.0,5,5,1,781.23193359375,5,16729-95-11-1,58.0,1,3.0,,2.0,1.0,0,0,0,1,1,0,0,1.0,0
16729,115,11,1,1,2,70,3.0,1,2,3, ,1,0.0,0.0,0.0,5,5,1,781.23193359375,1,16729-115-11-1,70.0,1,3.0,,2.0,1.0,0,0,0,1,1,0,0,1.0,0
16729,132,11,1,1,1,65,8.0,5,3, ,1,5,0.0,0.0,0.0,5,5,1,781.23193359375,4,16729-132-11-1,65.0,1,,1.0,3.0,0.0,0,0,0,1,1,0,0,0.0,0
16746,7,11,1,1,2,81,3.0,3, , , , ,0.0,0.0,0.0,7,3,1,3.11619853973389,4,16746-7-11-1,81.0,1,,,,0.0,0,0,0,1,1,0,0,0.0,0
16746,48,11,1,1,1,39,6.0,5, , , , ,0.0,0.0,0.0,7,3,1,3.11619853973389,6,16746-48-11-1,39.0,1,,,,0.0,0,0,0,1,1,0,0,0.0,0
16746,61,11,1,1,2,66,6.0,5,2,3, ,1,0.0,0.0,0.0,7,3,1,3.11619853973389,3,16746-61-11-1,66.0,1,3.0,,2.0,1.0,0,0,1,1,1,0,1,1.0,1
16746,72,11,1,1,1,43,6.0,5,2,3, ,1,0.0,0.0,0.0,7,3,2,3.11619853973389,1,16746-72-11-1,43.0,1,3.0,,2.0,1.0,0,0,0,1,1,0,0,1.0,0
16746,85,11,1,1,1,59,10.0,5,3, ,1,5,0.0,8.0,0.0,7,3,1,3.11619853973389,3,16746-85-11-1,59.0,1,,1.0,3.0,0.0,0,1,0,1,1,0,0,0.0,0
16747,20,11,1,1,2,87,1.0, , , , , ,0.0,0.0,0.0,7,3,1,116.767944335938,2,16747-20-11-1,87.0,1,,,,0.0,0,0,0,1,1,0,0,0.0,0
16747,39,11,1,1,1,67,6.0,5,2,2, ,1,0.0,8.0,0.0,7,3,1,116.767944335938,2,16747-39-11-1,67.0,1,2.0,,2.0,0.0,0,1,0,1,1,0,0,0.0,0
16747,97,11,1,1,2,51,6.0,5,2,3, ,1,0.0,0.0,0.0,7,3,1,116.767944335938,3,16747-97-11-1,51.0,1,3.0,,2.0,1.0,0,0,0,1,1,0,0,1.0,0
16747,117,11,1,1,2,46,5.0,1,6, ,7,1,0.0,0.0,0.0,7,3,1,116.767944335938,3,16747-117-11-1,46.0,1,,7.0,6.0,1.0,0,0,0,1,1,0,0,1.0,0
16748,2,11,1,1,1,44,6.0,5,4,3,7,1,0.0,8.0,0.0,7,3,1,69.0185699462891,6,16748-2-11-1,44.0,1,3.0,7.0,4.0,1.0,0,1,1,1,1,0,1,1.0,1
16748,49,11,1,1,2,30,9.0,4,3,3,7,1,0.0,8.0,0.0,7,3,1,69.0185699462891,2,16748-49-11-1,30.0,1,3.0,7.0,3.0,1.0,0,1,1,1,1,0,1,1.0,1
16748,62,11,1,1,2,39,6.0,5, , , , ,0.0,8.0,0.0,7,3,1,69.0185699462891,3,16748-62-11-1,39.0,1,,,,0.0,0,1,0,1,1,0,0,0.0,0
16749,29,11,1,1,2,75,3.0,3,2,3, ,1,0.0,0.0,0.0,7,5,1,123.355690002441,2,16749-29-11-1,75.0,1,3.0,,2.0,1.0,0,0,0,1,1,0,0,1.0,0
16749,45,11,1,1,1,52,3.0,0,2,3, ,1,0.0,0.0,0.0,7,5,1,123.355690002441,1,16749-45-11-1,52.0,1,3.0,,2.0,1.0,0,0,0,1,1,0,0,1.0,0
16749,61,11,1,1,1,36,7.0,1,4,3,7,1,0.0,8.0,0.0,7,5,1,123.355690002441,8,16749-61-11-1,36.0,1,3.0,7.0,4.0,1.0,0,1,1,1,1,0,1,1.0,1
16749,77,11,1,1,2,49,6.0,5,2,3, ,1,0.0,0.0,0.0,7,5,1,123.355690002441,1,16749-77-11-1,49.0,1,3.0,,2.0,1.0,0,0,0,1,1,0,0,1.0,0
16749,94,11,1,1,1,58,3.0,0,4,3,7,1,0.0,0.0,0.0,7,5,1,123.355690002441,2,16749-94-11-1,58.0,1,3.0,7.0,4.0,1.0,0,0,0,1,1,0,0,1.0,0
16749,126,11,1,1,1,47,5.0,3,2,3, ,1,0.0,0.0,0.0,7,5,1,123.355690002441,2,16749-126-11-1,47.0,1,3.0,,2.0,1.0,0,0,0,1,1,0,0,1.0,0
16750,1,11,1,1,1,51,10.0,6,3, ,1,5,0.0,0.0,0.0,7,3,1,133.546859741211,4,16750-1-11-1,51.0,1,,1.0,3.0,0.0,0,0,1,1,1,0,1,0.0,1
16750,15,11,1,1,1,86,4.0,5, , , , ,0.0,0.0,0.0,7,3,1,133.546859741211,4,16750-15-11-1,86.0,1,,,,0.0,0,0,0,1,1,0,0,0.0,0
16750,26,11,1,1,2,60,8.0,3,3, ,1,5,0.0,0.0,0.0,7,3,1,133.546859741211,2,16750-26-11-1,60.0,1,,1.0,3.0,0.0,0,0,0,1,1,0,0,0.0,0
16750,60,11,1,1,2,46,6.0,5,2,3, ,1,0.0,0.0,0.0,7,3,1,133.546859741211,3,16750-60-11-1,46.0,1,3.0,,2.0,1.0,0,0,0,1,1,0,0,1.0,0
16751,2,11,1,1,2,79,1.0, ,2,3, ,1,0.0,0.0,0.0,7,3,1,118.996566772461,5,16751-2-11-1,79.0,1,3.0,,2.0,1.0,0,0,0,1,1,0,0,1.0,0
16751,79,11,1,1,1,69,5.0,4,2,3, ,1,0.0,0.0,0.0,7,3,1,118.996566772461,4,16751-79-11-1,69.0,1,3.0,,2.0,1.0,0,0,0,1,1,0,0,1.0,0
16751,91,11,1,1,1,61,4.0,5,2,3, ,1,0.0,0.0,0.0,7,3,1,118.996566772461,5,16751-91-11-1,61.0,1,3.0,,2.0,1.0,0,0,0,1,1,0,0,1.0,0
16752,26,11,1,1,2,63,5.0,4,2,3, ,1,0.0,8.0,0.0,7,3, ,2.02848243713379,2,16752-26-11-1,63.0,1,3.0,,2.0,1.0,0,1,0,1,1,0,0,1.0,0
16752,63,11,1,1,2,70,6.0,5, , , , ,0.0,0.0,0.0,7,3, ,2.02848243713379,2,16752-63-11-1,70.0,1,,,,0.0,0,0,1,1,1,0,1,0.0,1
16753,98,11,1,1,1,39,7.0,1,3,3,7,1,0.0,8.0,0.0,7,3, ,123.355690002441,3,16753-98-11-1,39.0,1,3.0,7.0,3.0,1.0,0,1,0,1,1,0,0,1.0,0
16753,137,11,1,1,1,64,6.0,5,2,3, ,1,0.0,0.0,0.0,7,3, ,123.355690002441,3,16753-137-11-1,64.0,1,3.0,,2.0,1.0,0,0,0,1,1,0,0,1.0,0
16784,67,11,1,1,1,44,6.0,5,2,3, ,1,0.0,8.0,0.0,5,6,1,276.022735595703,7,16784-67-11-1,44.0,1,3.0,,2.0,1.0,0,1,0,1,1,0,0,1.0,0
16784,81,11,1,1,1,65,4.0,5,2,3, ,1,0.0,0.0,0.0,5,6,1,276.022735595703,2,16784-81-11-1,65.0,1,3.0,,2.0,1.0,0,0,0,1,1,0,0,1.0,0
16784,95,11,1,1,1,44,6.0,5,2,3, ,1,0.0,0.0,0.0,5,6,1,276.022735595703,5,16784-95-11-1,44.0,1,3.0,,2.0,1.0,0,0,0,1,1,0,0,1.0,0
16784,147,11,1,1,1,54,4.0,0,2,3, ,1,0.0,0.0,0.0,5,6,1,276.022735595703,4,16784-147-11-1,54.0,1,3.0,,2.0,1.0,0,0,0,1,1,0,0,1.0,0
16803,55,11,1,1,2,74,1.0, ,2,3, ,1,0.0,0.0,0.0,5,6,1,246.752212524414,2,16803-55-11-1,74.0,1,3.0,,2.0,1.0,0,0,0,1,1,0,0,1.0,0
16803,74,11,1,1,2,45,6.0,5,2,3, ,1,0.0,0.0,0.0,5,6,1,246.752212524414,3,16803-74-11-1,45.0,1,3.0,,2.0,1.0,0,0,0,1,1,0,0,1.0,0
16803,92,11,1,1,2,66,1.0, ,2,3, ,1,0.0,0.0,0.0,5,6,1,246.752212524414,2,16803-92-11-1,66.0,1,3.0,,2.0,1.0,0,0,0,1,1,0,0,1.0,0
16803,129,11,1,1,1,42,6.0,5,4,3,7,1,0.0,8.0,0.0,5,6,1,246.752212524414,1,16803-129-11-1,42.0,1,3.0,7.0,4.0,1.0,0,1,0,1,1,0,0,1.0,0
16803,148,11,1,1,1,80,5.0,2,2,3, ,1,0.0,0.0,0.0,5,6,1,246.752212524414,1,16803-148-11-1,80.0,1,3.0,,2.0,1.0,0,0,0,1,1,0,0,1.0,0
16803,167,11,1,1,1,82,6.0,5,2,3, ,1,0.0,0.0,0.0,5,6,1,246.752212524414,3,16803-167-11-1,82.0,1,3.0,,2.0,1.0,0,0,0,1,1,0,0,1.0,0
16804,21,11,1,1,1,73,3.0,0,1,3, ,1,0.0,0.0,0.0,5,7,1,258.749237060547,5,16804-21-11-1,73.0,1,3.0,,1.0,1.0,0,0,0,1,1,0,0,1.0,0
16804,24,11,1,1,1,64,1.0, ,4,3,7,1,0.0,0.0,0.0,5,7,1,258.749237060547,4,16804-24-11-1,64.0,1,3.0,7.0,4.0,1.0,0,0,0,1,1,0,0,1.0,0
16804,252,11,1,1,2,33,3.0,0,2,3, ,1,0.0,8.0,0.0,5,7,1,258.749237060547,4,16804-252-11-1,33.0,1,3.0,,2.0,1.0,0,1,1,1,1,0,1,1.0,1
16804,253,11,1,1,1,36,3.0,0,2,3, ,1,0.0,0.0,0.0,5,7,1,258.749237060547,4,16804-253-11-1,36.0,1,3.0,,2.0,1.0,0,0,0,1,1,0,0,1.0,0
16805,125,11,1,1,1,46,4.0,0,2,3, ,1,0.0,0.0,0.0,5,7,1,246.752212524414,7,16805-125-11-1,46.0,1,3.0,,2.0,1.0,0,0,0,1,1,0,0,1.0,0
16805,127,11,1,1,2,74,1.0, ,2,3, ,1,0.0,0.0,0.0,5,7,1,246.752212524414,1,16805-127-11-1,74.0,1,3.0,,2.0,1.0,0,0,0,1,1,0,0,1.0,0
16805,128,11,1,1,2,52,1.0, ,5,3,7,1,0.0,0.0,0.0,5,7,1,246.752212524414,3,16805-128-11-1,52.0,1,3.0,7.0,5.0,1.0,0,0,0,1,1,0,0,1.0,0
16805,285,11,1,1,1,51,3.0,0,2,3, ,1,0.0,0.0,0.0,5,7,1,246.752212524414,5,16805-285-11-1,51.0,1,3.0,,2.0,1.0,0,0,0,1,1,0,0,1.0,0
16805,286,11,1,1,1,41,4.0,0,1,3, ,1,0.0,0.0,0.0,5,7,1,246.752212524414,8,16805-286-11-1,41.0,1,3.0,,1.0,1.0,0,0,0,1,1,0,0,1.0,0
16805,287,11,1,1,1,75,3.0,2,2,3, ,1,0.0,0.0,0.0,5,7,1,246.752212524414,2,16805-287-11-1,75.0,1,3.0,,2.0,1.0,0,0,0,1,1,0,0,1.0,0
16805,289,11,1,1,1,68,3.0,0,2,3, ,1,0.0,0.0,0.0,5,7,1,246.752212524414,3,16805-289-11-1,68.0,1,3.0,,2.0,1.0,0,0,1,1,1,0,1,1.0,1
16806,191,11,1,1,2,44,3.0,0,2,3, ,1,0.0,0.0,0.0,5,7,1,276.022735595703,2,16806-191-11-1,44.0,1,3.0,,2.0,1.0,0,0,0,1,1,0,0,1.0,0
16806,192,11,1,1,2,60,1.0, ,2,3, ,1,0.0,0.0,0.0,5,7,1,276.022735595703,4,16806-192-11-1,60.0,1,3.0,,2.0,1.0,0,0,0,1,1,0,0,1.0,0
16806,194,11,1,1,2,70,1.0, ,2,3, ,1,0.0,0.0,0.0,5,7,1,276.022735595703,1,16806-194-11-1,70.0,1,3.0,,2.0,1.0,0,0,0,1,1,0,0,1.0,0
16806,397,11,1,1,2,38,4.0,0,5,3,7,1,0.0,0.0,0.0,5,7,2,276.022735595703,5,16806-397-11-1,38.0,1,3.0,7.0,5.0,1.0,0,0,0,1,1,0,0,1.0,0
16806,399,11,1,1,1,66,1.0, ,2,3, ,1,0.0,0.0,0.0,5,7,1,276.022735595703,10,16806-399-11-1,66.0,1,3.0,,2.0,1.0,0,0,0,1,1,0,0,1.0,0
16806,401,11,1,1,2,68,1.0, ,2,3, ,1,0.0,0.0,0.0,5,7,1,276.022735595703,1,16806-401-11-1,68.0,1,3.0,,2.0,1.0,0,0,0,1,1,0,0,1.0,0
16807,65,11,1,1,2,45,1.0, ,2,3, ,1,0.0,0.0,0.0,5,7,1,256.639282226563,4,16807-65-11-1,45.0,1,3.0,,2.0,1.0,0,0,0,1,1,0,0,1.0,0
16807,66,11,1,1,2,44,3.0,0,1,3, ,1,0.0,0.0,0.0,5,7,1,256.639282226563,4,16807-66-11-1,44.0,1,3.0,,1.0,1.0,0,0,0,1,1,0,0,1.0,0
16807,169,11,1,1,1,36,6.0,5,4,3,7,1,0.0,8.0,0.0,5,7,1,256.639282226563,5,16807-169-11-1,36.0,1,3.0,7.0,4.0,1.0,0,1,0,1,1,0,0,1.0,0
16807,170,11,1,1,2,77,1.0, ,2,3, ,1,0.0,0.0,0.0,5,7,1,256.639282226563,1,16807-170-11-1,77.0,1,3.0,,2.0,1.0,0,0,0,1,1,0,0,1.0,0
16807,171,11,1,1,2,52,1.0, ,2,3, ,1,0.0,0.0,0.0,5,7,1,256.639282226563,1,16807-171-11-1,52.0,1,3.0,,2.0,1.0,0,0,0,1,1,0,0,1.0,0
16807,172,11,1,1,1,32,5.0,2,2,3, ,1,0.0,0.0,0.0,5,7,1,256.639282226563,4,16807-172-11-1,32.0,1,3.0,,2.0,1.0,0,0,0,1,1,0,0,1.0,0
16808,36,11,1,1,1,84,1.0, ,2,3, ,1,0.0,0.0,0.0,5,8,1,276.022735595703,2,16808-36-11-1,84.0,1,3.0,,2.0,1.0,0,0,0,1,1,0,0,1.0,0
16808,37,11,1,1,2,60,3.0,2,2,3, ,1,0.0,0.0,0.0,5,8,1,276.022735595703,1,16808-37-11-1,60.0,1,3.0,,2.0,1.0,0,0,0,1,1,0,0,1.0,0
16808,48,11,1,1,1,49,4.0,0,2,3, ,1,0.0,0.0,0.0,5,8,1,276.022735595703,6,16808-48-11-1,49.0,1,3.0,,2.0,1.0,0,0,0,1,1,0,0,1.0,0
16808,55,11,1,1,2,65,6.0,5,2,3, ,1,0.0,0.0,0.0,5,8,1,276.022735595703,1,16808-55-11-1,65.0,1,3.0,,2.0,1.0,0,0,0,1,1,0,0,1.0,0
16809,33,11,1,1,1,36,3.0,0,2,3, ,1,0.0,0.0,0.0,5,8,1,258.749237060547,7,16809-33-11-1,36.0,1,3.0,,2.0,1.0,0,0,0,1,1,0,0,1.0,0
16809,34,11,1,1,1,47,1.0, ,2,3, ,1,0.0,8.0,0.0,5,8,1,258.749237060547,2,16809-34-11-1,47.0,1,3.0,,2.0,1.0,0,1,0,1,1,0,0,1.0,0
16809,35,11,1,1,1,44,3.0,0,1,3, ,1,0.0,8.0,0.0,5,8,1,258.749237060547,8,16809-35-11-1,44.0,1,3.0,,1.0,1.0,0,1,0,1,1,0,0,1.0,0
16809,36,11,1,1,2,60,3.0,3,2,3, ,1,0.0,0.0,0.0,5,8,1,258.749237060547,2,16809-36-11-1,60.0,1,3.0,,2.0,1.0,0,0,0,1,1,0,0,1.0,0
16809,37,11,1,1,1,70,4.0,5,2,3, ,1,0.0,0.0,0.0,5,8,1,258.749237060547,1,16809-37-11-1,70.0,1,3.0,,2.0,1.0,0,0,0,1,1,0,0,1.0,0
16810,2,11,1,1,1,68,5.0,3,5,3,7,1,0.0,0.0,0.0,5,6,1,256.639282226563,2,16810-2-11-1,68.0,1,3.0,7.0,5.0,1.0,0,0,0,1,1,0,0,1.0,0
16810,20,11,1,1,1,47,7.0,4,2,3, ,1,0.0,8.0,0.0,5,6,1,256.639282226563,1,16810-20-11-1,47.0,1,3.0,,2.0,1.0,0,1,0,1,1,0,0,1.0,0
16810,30,11,1,1,1,44,5.0,3,1,3, ,1,0.0,0.0,0.0,5,6,1,256.639282226563,5,16810-30-11-1,44.0,1,3.0,,1.0,1.0,0,0,0,1,1,0,0,1.0,0
16810,48,11,1,1,2,70,3.0,3,2,3, ,1,0.0,0.0,0.0,5,6,1,256.639282226563,2,16810-48-11-1,70.0,1,3.0,,2.0,1.0,0,0,0,1,1,0,0,1.0,0
16810,66,11,1,1,1,46,6.0,5,2,3, ,1,0.0,0.0,0.0,5,6,1,256.639282226563,3,16810-66-11-1,46.0,1,3.0,,2.0,1.0,0,0,0,1,1,0,0,1.0,0
16810,75,11,1,1,2,67,1.0, ,2,3, ,1,0.0,0.0,0.0,5,6,1,256.639282226563,1,16810-75-11-1,67.0,1,3.0,,2.0,1.0,0,0,0,1,1,0,0,1.0,0
16810,94,11,1,1,2,38,6.0,5,2,3, ,1,0.0,8.0,0.0,5,6,1,256.639282226563,3,16810-94-11-1,38.0,1,3.0,,2.0,1.0,0,1,0,1,1,0,0,1.0,0
16811,3,11,1,1,1,54,3.0,0,1,3, ,1,0.0,0.0,0.0,5,6,1,256.639282226563,6,16811-3-11-1,54.0,1,3.0,,1.0,1.0,0,0,0,1,1,0,0,1.0,0
16811,10,11,1,1,1,89,4.0,5, , , , ,0.0,0.0,0.0,5,6,1,256.639282226563,1,16811-10-11-1,89.0,1,,,,0.0,0,0,0,1,1,0,0,0.0,0
16811,16,11,1,1,1,63,9.0,1,3, ,1,5,0.0,0.0,0.0,5,6,1,256.639282226563,1,16811-16-11-1,63.0,1,,1.0,3.0,0.0,0,0,0,1,1,0,0,0.0,0
16811,36,11,1,1,1,50,4.0,0,2,3, ,1,0.0,0.0,0.0,5,6,1,256.639282226563,5,16811-36-11-1,50.0,1,3.0,,2.0,1.0,0,0,0,1,1,0,0,1.0,0
16811,55,11,1,1,2,74,5.0,3,1,3, ,1,0.0,0.0,0.0,5,6,1,256.639282226563,2,16811-55-11-1,74.0,1,3.0,,1.0,1.0,0,0,0,1,1,0,0,1.0,0
16811,68,11,1,1,2,80,3.0,3,2,3, ,1,0.0,0.0,0.0,5,6,1,256.639282226563,2,16811-68-11-1,80.0,1,3.0,,2.0,1.0,0,0,0,1,1,0,0,1.0,0
16813,73,11,1,1,2,32,6.0,5,2,3, ,1,0.0,0.0,0.0,5,7,1,258.749237060547,2,16813-73-11-1,32.0,1,3.0,,2.0,1.0,0,0,0,1,1,0,0,1.0,0
16813,76,11,1,1,1,48,3.0,0,2,3, ,1,0.0,0.0,0.0,5,7,1,258.749237060547,2,16813-76-11-1,48.0,1,3.0,,2.0,1.0,0,0,0,1,1,0,0,1.0,0
16813,251,11,1,1,1,64,3.0,4,2,3, ,1,0.0,0.0,0.0,5,7,1,258.749237060547,2,16813-251-11-1,64.0,1,3.0,,2.0,1.0,0,0,0,1,1,0,0,1.0,0
16813,253,11,1,1,1,76,3.0,1,2,3, ,1,0.0,0.0,0.0,5,7,1,258.749237060547,2,16813-253-11-1,76.0,1,3.0,,2.0,1.0,0,0,0,1,1,0,0,1.0,0
16813,256,11,1,1,1,64,3.0,3,2,3, ,1,0.0,0.0,0.0,5,7,1,258.749237060547,6,16813-256-11-1,64.0,1,3.0,,2.0,1.0,0,0,0,1,1,0,0,1.0,0
16814,9,11,1,1,1,75,3.0,2,2,3, ,1,0.0,0.0,0.0,5,7,1,276.022735595703,3,16814-9-11-1,75.0,1,3.0,,2.0,1.0,0,0,0,1,1,0,0,1.0,0
16814,12,11,1,1,1,72,4.0,6,2,3, ,1,0.0,0.0,0.0,5,7,1,276.022735595703,5,16814-12-11-1,72.0,1,3.0,,2.0,1.0,0,0,1,1,1,0,1,1.0,1
16814,132,11,1,1,2,76,5.0,3,2,3, ,1,0.0,8.0,0.0,5,7,1,276.022735595703,2,16814-132-11-1,76.0,1,3.0,,2.0,1.0,0,1,0,1,1,0,0,1.0,0
16814,134,11,1,1,1,38,6.0,5,1,3, ,1,0.0,0.0,0.0,5,7,2,276.022735595703,1,16814-134-11-1,38.0,1,3.0,,1.0,1.0,0,0,1,1,1,0,1,1.0,1
16814,136,11,1,1,1,66,10.0,5,3, ,1,5,0.0,0.0,0.0,5,7,1,276.022735595703,5,16814-136-11-1,66.0,1,,1.0,3.0,0.0,0,0,1,1,1,0,1,0.0,1
16815,130,11,1,1,1,61,1.0, ,2,3, ,1,0.0,0.0,0.0,5,8,1,246.752212524414,2,16815-130-11-1,61.0,1,3.0,,2.0,1.0,0,0,0,1,1,0,0,1.0,0
16815,132,11,1,1,1,30,3.0,0,2,3, ,1,0.0,0.0,0.0,5,8,1,246.752212524414,6,16815-132-11-1,30.0,1,3.0,,2.0,1.0,0,0,0,1,1,0,0,1.0,0
16816,12,11,1,1,1,58,5.0,2,2,3, ,1,0.0,0.0,0.0,5,6,1,276.022735595703,2,16816-12-11-1,58.0,1,3.0,,2.0,1.0,0,0,0,1,1,0,0,1.0,0
16816,31,11,1,1,2,51,4.0,0,4,3,7,1,0.0,0.0,0.0,5,6,1,276.022735595703,3,16816-31-11-1,51.0,1,3.0,7.0,4.0,1.0,0,0,0,1,1,0,0,1.0,0
16816,40,11,1,1,2,64,1.0, ,2,3, ,1,0.0,0.0,0.0,5,6,1,276.022735595703,1,16816-40-11-1,64.0,1,3.0,,2.0,1.0,0,0,0,1,1,0,0,1.0,0
16816,89,11,1,1,1,23,6.0,5,4,3,7,1,0.0,0.0,0.0,5,6,1,276.022735595703,4,16816-89-11-1,23.0,1,3.0,7.0,4.0,1.0,0,0,0,1,1,0,0,1.0,0
16816,97,11,1,1,1,83,4.0,5,1,3, ,1,0.0,0.0,0.0,5,6,1,276.022735595703,2,16816-97-11-1,83.0,1,3.0,,1.0,1.0,0,0,0,1,1,0,0,1.0,0
16816,107,11,1,1,1,87,6.0,5,2,3, ,1,0.0,0.0,0.0,5,6,1,276.022735595703,3,16816-107-11-1,87.0,1,3.0,,2.0,1.0,0,0,0,1,1,0,0,1.0,0
16817,135,11,1,1,1,51,5.0,4,4,3,7,1,0.0,0.0,0.0,5,7,1,258.749237060547,4,16817-135-11-1,51.0,1,3.0,7.0,4.0,1.0,0,0,0,1,1,0,0,1.0,0
16817,136,11,1,1,1,70,4.0,6,2,3, ,1,0.0,0.0,0.0,5,7,1,258.749237060547,2,16817-136-11-1,70.0,1,3.0,,2.0,1.0,0,0,0,1,1,0,0,1.0,0
16817,137,11,1,1,1,64,3.0,0,2,3, ,1,0.0,0.0,0.0,5,7,1,258.749237060547,2,16817-137-11-1,64.0,1,3.0,,2.0,1.0,0,0,0,1,1,0,0,1.0,0
16817,138,11,1,1,2,30,6.0,5,2,3, ,1,0.0,0.0,0.0,5,7,1,258.749237060547,2,16817-138-11-1,30.0,1,3.0,,2.0,1.0,0,0,0,1,1,0,0,1.0,0
16817,139,11,1,1,2,71,3.0,4,2,3, ,1,0.0,0.0,0.0,5,7,1,258.749237060547,2,16817-139-11-1,71.0,1,3.0,,2.0,1.0,0,0,0,1,1,0,0,1.0,0
16817,140,11,1,1,1,50,4.0,0,4,3,7,1,0.0,0.0,0.0,5,7,1,258.749237060547,5,16817-140-11-1,50.0,1,3.0,7.0,4.0,1.0,0,0,0,1,1,0,0,1.0,0
16817,146,11,1,1,1,57,5.0,2,2,3, ,1,0.0,0.0,0.0,5,7,1,258.749237060547,1,16817-146-11-1,57.0,1,3.0,,2.0,1.0,0,0,0,1,1,0,0,1.0,0
16818,1,11,1,1,1,43,3.0,0,2,3, ,1,0.0,0.0,0.0,5,7,1,256.639282226563,3,16818-1-11-1,43.0,1,3.0,,2.0,1.0,0,0,0,1,1,0,0,1.0,0
16818,2,11,1,1,1,43,5.0,1,2,3, ,1,0.0,0.0,0.0,5,7,1,256.639282226563,4,16818-2-11-1,43.0,1,3.0,,2.0,1.0,0,0,0,1,1,0,0,1.0,0
16818,3,11,1,1,2,61,1.0, ,2,3, ,1,0.0,0.0,0.0,5,7,1,256.639282226563,1,16818-3-11-1,61.0,1,3.0,,2.0,1.0,0,0,0,1,1,0,0,1.0,0
16818,4,11,1,1,2,31,3.0,0,2,3, ,1,0.0,0.0,0.0,5,7,1,256.639282226563,3,16818-4-11-1,31.0,1,3.0,,2.0,1.0,0,0,0,1,1,0,0,1.0,0
16818,133,11,1,1,1,68,3.0,2,2,3, ,1,0.0,0.0,0.0,5,7,1,256.639282226563,4,16818-133-11-1,68.0,1,3.0,,2.0,1.0,0,0,0,1,1,0,0,1.0,0
16818,134,11,1,1,2,32,4.0,0,2,3, ,1,0.0,0.0,0.0,5,7,1,256.639282226563,2,16818-134-11-1,32.0,1,3.0,,2.0,1.0,0,0,0,1,1,0,0,1.0,0
16818,135,11,1,1,1,61,1.0, ,2,3, ,1,0.0,0.0,0.0,5,7,1,256.639282226563,2,16818-135-11-1,61.0,1,3.0,,2.0,1.0,0,0,0,1,1,0,0,1.0,0
16818,136,11,1,1,1,40,4.0,0,2,3, ,1,0.0,0.0,0.0,5,7,1,256.639282226563,4,16818-136-11-1,40.0,1,3.0,,2.0,1.0,0,0,0,1,1,0,0,1.0,0
16819,78,11,1,1,1,50,3.0,0,2,3, ,1,0.0,0.0,0.0,5,7,1,276.022735595703,4,16819-78-11-1,50.0,1,3.0,,2.0,1.0,0,0,0,1,1,0,0,1.0,0
16819,80,11,1,1,2,63,3.0,1,2,3, ,1,0.0,0.0,0.0,5,7,1,276.022735595703,3,16819-80-11-1,63.0,1,3.0,,2.0,1.0,0,0,0,1,1,0,0,1.0,0
16819,176,11,1,1,1,30,4.0,0,2,3, ,1,0.0,0.0,0.0,5,7,1,276.022735595703,4,16819-176-11-1,30.0,1,3.0,,2.0,1.0,0,0,0,1,1,0,0,1.0,0
16819,179,11,1,1,2,39,3.0,0,2,3, ,1,0.0,0.0,0.0,5,7,1,276.022735595703,3,16819-179-11-1,39.0,1,3.0,,2.0,1.0,0,0,0,1,1,0,0,1.0,0
16819,180,11,1,1,1,82,3.0,0,5,3,7,1,0.0,0.0,0.0,5,7,1,276.022735595703,2,16819-180-11-1,82.0,1,3.0,7.0,5.0,1.0,0,0,0,1,1,0,0,1.0,0
16820,9,11,1,1,2,78,1.0, ,2,3, ,1,0.0,0.0,0.0,5,8,1,276.022735595703,1,16820-9-11-1,78.0,1,3.0,,2.0,1.0,0,0,0,1,1,0,0,1.0,0
16820,10,11,1,1,1,54,3.0,0,1,3, ,1,0.0,0.0,0.0,5,8,1,276.022735595703,5,16820-10-11-1,54.0,1,3.0,,1.0,1.0,0,0,0,1,1,0,0,1.0,0
16820,11,11,1,1,1,50,3.0,0,2,3, ,1,0.0,0.0,0.0,5,8,1,276.022735595703,5,16820-11-11-1,50.0,1,3.0,,2.0,1.0,0,0,0,1,1,0,0,1.0,0
16820,38,11,1,1,2,67,1.0, ,2,3, ,1,0.0,0.0,0.0,5,8,1,276.022735595703,1,16820-38-11-1,67.0,1,3.0,,2.0,1.0,0,0,0,1,1,0,0,1.0,0
16820,45,11,1,1,1,76,3.0,0,2,3, ,1,0.0,0.0,0.0,5,8,1,276.022735595703,2,16820-45-11-1,76.0,1,3.0,,2.0,1.0,0,0,0,1,1,0,0,1.0,0
16820,48,11,1,1,1,76,4.0,5,1,3, ,1,0.0,0.0,0.0,5,8,1,276.022735595703,2,16820-48-11-1,76.0,1,3.0,,1.0,1.0,0,0,0,1,1,0,0,1.0,0
16821,5,11,1,1,1,58,5.0,3,2,3, ,1,0.0,0.0,0.0,5,8,1,256.639282226563,3,16821-5-11-1,58.0,1,3.0,,2.0,1.0,0,0,0,1,1,0,0,1.0,0
16821,6,11,1,1,1,57,4.0,5,2,3, ,1,0.0,0.0,0.0,5,8,1,256.639282226563,2,16821-6-11-1,57.0,1,3.0,,2.0,1.0,0,0,0,1,1,0,0,1.0,0
16821,19,11,1,1,1,50,3.0,0,2,3, ,1,0.0,0.0,0.0,5,8,1,256.639282226563,2,16821-19-11-1,50.0,1,3.0,,2.0,1.0,0,0,0,1,1,0,0,1.0,0
16821,35,11,1,1,1,64,3.0,3,2,3, ,1,0.0,0.0,0.0,5,8,1,256.639282226563,2,16821-35-11-1,64.0,1,3.0,,2.0,1.0,0,0,0,1,1,0,0,1.0,0
16821,37,11,1,1,1,55,3.0,0,2,3, ,1,0.0,0.0,0.0,5,8,1,256.639282226563,5,16821-37-11-1,55.0,1,3.0,,2.0,1.0,0,0,0,1,1,0,0,1.0,0
16822,6,11,1,1,1,69,6.0,5,2,3, ,1,0.0,0.0,0.0,5,6, ,276.022735595703,2,16822-6-11-1,69.0,1,3.0,,2.0,1.0,0,0,0,1,1,0,0,1.0,0
16822,37,11,1,1,1,46,4.0,0,2,3, ,1,0.0,0.0,0.0,5,6, ,276.022735595703,3,16822-37-11-1,46.0,1,3.0,,2.0,1.0,0,0,0,1,1,0,0,1.0,0
16822,60,11,1,1,1,61,3.0,3,2,3, ,1,0.0,0.0,0.0,5,6, ,276.022735595703,3,16822-60-11-1,61.0,1,3.0,,2.0,1.0,0,0,0,1,1,0,0,1.0,0
16822,71,11,1,1,2,31,6.0,5,4, ,1,5,0.0,8.0,0.0,5,6, ,276.022735595703,3,16822-71-11-1,31.0,1,,1.0,4.0,0.0,0,1,0,1,1,0,0,0.0,0
16822,93,11,1,1,1,38,6.0,5,2,3, ,1,0.0,0.0,0.0,5,6, ,276.022735595703,5,16822-93-11-1,38.0,1,3.0,,2.0,1.0,0,0,0,1,1,0,0,1.0,0
16822,106,11,1,1,2,33,3.0,0,2,3, ,1,0.0,0.0,0.0,5,6, ,276.022735595703,3,16822-106-11-1,33.0,1,3.0,,2.0,1.0,0,0,0,1,1,0,0,1.0,0
16823,10,11,1,1,2,57,3.0,2,2,3, ,1,0.0,0.0,0.0,5,7, ,256.639282226563,1,16823-10-11-1,57.0,1,3.0,,2.0,1.0,0,0,0,1,1,0,0,1.0,0
16823,118,11,1,1,2,75,3.0,3,2,3, ,1,0.0,0.0,0.0,5,7, ,256.639282226563,2,16823-118-11-1,75.0,1,3.0,,2.0,1.0,0,0,0,1,1,0,0,1.0,0
16823,120,11,1,1,1,72,3.0,0,2,3, ,1,0.0,0.0,0.0,5,7, ,256.639282226563,1,16823-120-11-1,72.0,1,3.0,,2.0,1.0,0,0,0,1,1,0,0,1.0,0
16823,121,11,1,1,2,59,1.0, ,5,3,7,1,0.0,0.0,0.0,5,7, ,256.639282226563,5,16823-121-11-1,59.0,1,3.0,7.0,5.0,1.0,0,0,0,1,1,0,0,1.0,0
16823,122,11,1,1,2,49,3.0,0,2,3, ,1,0.0,0.0,0.0,5,7, ,256.639282226563,5,16823-122-11-1,49.0,1,3.0,,2.0,1.0,0,0,0,1,1,0,0,1.0,0
16823,123,11,1,1,1,93,3.0,3,2,3, ,1,0.0,0.0,0.0,5,7, ,256.639282226563,1,16823-123-11-1,93.0,1,3.0,,2.0,1.0,0,0,0,1,1,0,0,1.0,0
16823,124,11,1,1,2,79,3.0,1, , , , ,0.0,0.0,0.0,5,7, ,256.639282226563,1,16823-124-11-1,79.0,1,,,,0.0,0,0,0,1,1,0,0,0.0,0
16824,37,11,1,1,1,24,4.0,0,2,3, ,1,0.0,0.0,0.0,5,7, ,276.022735595703,4,16824-37-11-1,24.0,1,3.0,,2.0,1.0,0,0,1,1,1,0,1,1.0,1
16824,39,11,1,1,2,25,4.0,0,2,3, ,1,0.0,0.0,0.0,5,7, ,276.022735595703,3,16824-39-11-1,25.0,1,3.0,,2.0,1.0,0,0,0,1,1,0,0,1.0,0
16824,40,11,1,1,1,60,1.0, , , , , ,0.0,0.0,0.0,5,7, ,276.022735595703,2,16824-40-11-1,60.0,1,,,,0.0,0,0,0,1,1,0,0,0.0,0
16824,122,11,1,1,1,61,3.0,2,2,3, ,1,0.0,0.0,0.0,5,7, ,276.022735595703,2,16824-122-11-1,61.0,1,3.0,,2.0,1.0,0,0,0,1,1,0,0,1.0,0
16824,123,11,1,1,1,72,1.0, , , , , ,0.0,0.0,0.0,5,7, ,276.022735595703,1,16824-123-11-1,72.0,1,,,,0.0,0,0,0,1,1,0,0,0.0,0
16824,125,11,1,1,1,67,3.0,1,2,3, ,1,0.0,0.0,0.0,5,7, ,276.022735595703,3,16824-125-11-1,67.0,1,3.0,,2.0,1.0,0,0,0,1,1,0,0,1.0,0
16824,126,11,1,1,1,42,3.0,0,2,3, ,1,0.0,0.0,0.0,5,7, ,276.022735595703,5,16824-126-11-1,42.0,1,3.0,,2.0,1.0,0,0,0,1,1,0,0,1.0,0
16824,127,11,1,1,1,68,1.0, ,2,3, ,1,0.0,0.0,0.0,5,7, ,276.022735595703,2,16824-127-11-1,68.0,1,3.0,,2.0,1.0,0,0,0,1,1,0,0,1.0,0
16825,61,11,1,1,1,78,3.0,1,2,3, ,1,0.0,0.0,0.0,5,7,1,246.752212524414,1,16825-61-11-1,78.0,1,3.0,,2.0,1.0,0,0,0,1,1,0,0,1.0,0
16825,63,11,1,1,1,31,5.0,1,1,3, ,1,0.0,0.0,0.0,5,7,1,246.752212524414,4,16825-63-11-1,31.0,1,3.0,,1.0,1.0,0,0,0,1,1,0,0,1.0,0
16825,64,11,1,1,2,83,1.0, , , , , ,0.0,0.0,0.0,5,7,1,246.752212524414,1,16825-64-11-1,83.0,1,,,,0.0,0,0,0,1,1,0,0,0.0,0
16825,141,11,1,1,1,75,3.0,0,2,3, ,1,0.0,0.0,0.0,5,7,1,246.752212524414,2,16825-141-11-1,75.0,1,3.0,,2.0,1.0,0,0,0,1,1,0,0,1.0,0
16825,142,11,1,1,1,35,3.0,0,2,3, ,1,0.0,0.0,0.0,5,7,1,246.752212524414,6,16825-142-11-1,35.0,1,3.0,,2.0,1.0,0,0,1,1,1,0,1,1.0,1
16825,144,11,1,1,1,39,3.0,0,2,3, ,1,0.0,0.0,0.0,5,7,1,246.752212524414,5,16825-144-11-1,39.0,1,3.0,,2.0,1.0,0,0,0,1,1,0,0,1.0,0
16826,69,11,1,1,2,42,3.0,0,2,3, ,1,0.0,0.0,0.0,5,7, ,246.752212524414,1,16826-69-11-1,42.0,1,3.0,,2.0,1.0,0,0,0,1,1,0,0,1.0,0
16826,71,11,1,1,2,42,3.0,0,4,3,7,2,0.0,0.0,0.0,5,7, ,246.752212524414,5,16826-71-11-1,42.0,1,3.0,7.0,4.0,1.0,0,0,0,1,1,0,0,1.0,0
16826,168,11,1,1,2,61,3.0,3,2,3, ,1,0.0,0.0,0.0,5,7, ,246.752212524414,1,16826-168-11-1,61.0,1,3.0,,2.0,1.0,0,0,0,1,1,0,0,1.0,0
16826,169,11,1,1,2,37,3.0,0,2,3, ,1,0.0,0.0,0.0,5,7, ,246.752212524414,5,16826-169-11-1,37.0,1,3.0,,2.0,1.0,0,0,0,1,1,0,0,1.0,0
16826,170,11,1,1,1,44,3.0,0,2,3, ,1,0.0,0.0,0.0,5,7, ,246.752212524414,5,16826-170-11-1,44.0,1,3.0,,2.0,1.0,0,0,0,1,1,0,0,1.0,0
16826,172,11,1,1,2,50,1.0, ,2,3, ,1,0.0,0.0,0.0,5,7, ,246.752212524414,1,16826-172-11-1,50.0,1,3.0,,2.0,1.0,0,0,0,1,1,0,0,1.0,0
16826,174,11,1,1,1,72,3.0,1,2,3, ,1,0.0,0.0,0.0,5,7, ,246.752212524414,2,16826-174-11-1,72.0,1,3.0,,2.0,1.0,0,0,0,1,1,0,0,1.0,0
16826,175,11,1,1,2,55,3.0,0,2,3, ,1,0.0,0.0,0.0,5,7, ,246.752212524414,2,16826-175-11-1,55.0,1,3.0,,2.0,1.0,0,0,0,1,1,0,0,1.0,0
16827,29,11,1,1,2,41,3.0,0,2,3, ,1,0.0,0.0,0.0,5,8, ,256.639282226563,1,16827-29-11-1,41.0,1,3.0,,2.0,1.0,0,0,0,1,1,0,0,1.0,0
16827,30,11,1,1,2,79,4.0,5,2,3, ,1,0.0,0.0,0.0,5,8, ,256.639282226563,1,16827-30-11-1,79.0,1,3.0,,2.0,1.0,0,0,0,1,1,0,0,1.0,0
16827,31,11,1,1,1,45,4.0,0,2,3, ,1,0.0,0.0,0.0,5,8, ,256.639282226563,1,16827-31-11-1,45.0,1,3.0,,2.0,1.0,0,0,0,1,1,0,0,1.0,0
16827,32,11,1,1,1,53,4.0,0,2,3, ,1,0.0,0.0,0.0,5,8, ,256.639282226563,3,16827-32-11-1,53.0,1,3.0,,2.0,1.0,0,0,0,1,1,0,0,1.0,0
16827,66,11,1,1,1,35,6.0,5,2,3, ,1,0.0,0.0,0.0,5,8, ,256.639282226563,4,16827-66-11-1,35.0,1,3.0,,2.0,1.0,0,0,0,1,1,0,0,1.0,0
16827,67,11,1,1,1,48,5.0,1,2,3, ,1,0.0,0.0,0.0,5,8, ,256.639282226563,6,16827-67-11-1,48.0,1,3.0,,2.0,1.0,0,0,0,1,1,0,0,1.0,0
16827,69,11,1,1,1,75,6.0,5,2,3, ,1,0.0,0.0,0.0,5,8, ,256.639282226563,2,16827-69-11-1,75.0,1,3.0,,2.0,1.0,0,0,0,1,1,0,0,1.0,0
16827,81,11,1,1,1,51,4.0,0,2,3, ,1,0.0,0.0,0.0,5,8, ,256.639282226563,4,16827-81-11-1,51.0,1,3.0,,2.0,1.0,0,0,0,1,1,0,0,1.0,0
16830,181,11,1,1,1,37,5.0,2,4,3,7,1,0.0,8.0,0.0,7,7,1,163.66227722168,1,16830-181-11-1,37.0,1,3.0,7.0,4.0,1.0,0,1,0,1,1,0,0,1.0,0
16830,597,11,1,1,1,52,1.0, ,2,3, ,1,0.0,0.0,0.0,7,7,1,163.66227722168,3,16830-597-11-1,52.0,1,3.0,,2.0,1.0,0,0,0,1,1,0,0,1.0,0
16830,598,11,1,1,1,39,4.0,0,1,3, ,1,0.0,0.0,0.0,7,7,1,163.66227722168,5,16830-598-11-1,39.0,1,3.0,,1.0,1.0,0,0,0,1,1,0,0,1.0,0
16830,599,11,1,1,2,83,1.0, ,2,3, ,1,0.0,0.0,0.0,7,7,1,163.66227722168,1,16830-599-11-1,83.0,1,3.0,,2.0,1.0,0,0,0,1,1,0,0,1.0,0
16830,600,11,1,1,2,28,3.0,0,2,3, ,1,0.0,0.0,0.0,7,7,1,163.66227722168,4,16830-600-11-1,28.0,1,3.0,,2.0,1.0,0,0,0,1,1,0,0,1.0,0
16843,142,11,1,1,1,39,6.0,5,2,3, ,1,0.0,8.0,0.0,7,7,1,167.275634765625,5,16843-142-11-1,39.0,1,3.0,,2.0,1.0,0,1,0,1,1,0,0,1.0,0
16843,143,11,1,1,2,28,6.0,5,6, ,7,1,0.0,0.0,0.0,7,7,1,167.275634765625,3,16843-143-11-1,28.0,1,,7.0,6.0,1.0,0,0,0,1,1,0,0,1.0,0
16843,335,11,1,1,1,28,10.0,5,3,1,2,5,0.0,8.0,0.0,7,7,1,167.275634765625,2,16843-335-11-1,28.0,1,1.0,2.0,3.0,0.0,0,1,0,1,1,0,0,0.0,0
16843,336,11,1,1,1,69,3.0,3, , , , ,0.0,0.0,0.0,7,7,1,167.275634765625,2,16843-336-11-1,69.0,1,,,,0.0,0,0,0,1,1,0,0,0.0,0
16843,338,11,1,1,2,35,5.0,4,2,3, ,1,0.0,8.0,0.0,7,7,1,167.275634765625,3,16843-338-11-1,35.0,1,3.0,,2.0,1.0,0,1,0,1,1,0,0,1.0,0
16845,20,11,1,1,1,41,7.0,2,1,3, ,1,0.0,0.0,0.0,7,8,1,167.275634765625,6,16845-20-11-1,41.0,1,3.0,,1.0,1.0,0,0,0,1,1,0,0,1.0,0
16845,61,11,1,1,1,47,6.0,5,2,3, ,1,0.0,0.0,0.0,7,8,1,167.275634765625,3,16845-61-11-1,47.0,1,3.0,,2.0,1.0,0,0,0,1,1,0,0,1.0,0
16845,63,11,1,1,1,64,3.0,2,2,3, ,1,0.0,0.0,0.0,7,8,1,167.275634765625,2,16845-63-11-1,64.0,1,3.0,,2.0,1.0,0,0,0,1,1,0,0,1.0,0
16847,49,11,1,1,1,65,4.0,5,2,3, ,1,0.0,0.0,0.0,7,7, ,145.753067016602,2,16847-49-11-1,65.0,1,3.0,,2.0,1.0,0,0,0,1,1,0,0,1.0,0
16847,51,11,1,1,1,67,6.0,5,2,3, ,1,0.0,0.0,0.0,7,7, ,145.753067016602,3,16847-51-11-1,67.0,1,3.0,,2.0,1.0,0,0,0,1,1,0,0,1.0,0
16847,193,11,1,1,1,70,4.0,5,2,3, ,1,0.0,0.0,0.0,7,7, ,145.753067016602,4,16847-193-11-1,70.0,1,3.0,,2.0,1.0,0,0,0,1,1,0,0,1.0,0
16847,194,11,1,1,1,79,3.0,4,1,3, ,1,0.0,0.0,0.0,7,7, ,145.753067016602,3,16847-194-11-1,79.0,1,3.0,,1.0,1.0,0,0,0,1,1,0,0,1.0,0
16847,196,11,1,1,2,35,5.0,4, , , , ,0.0,8.0,0.0,7,7, ,145.753067016602,3,16847-196-11-1,35.0,1,,,,0.0,0,1,0,1,1,0,0,0.0,0
16848,9,11,1,1,2,32,5.0,2,2,3, ,1,0.0,0.0,0.0,7,7, ,138.849731445313,5,16848-9-11-1,32.0,1,3.0,,2.0,1.0,0,0,0,1,1,0,0,1.0,0
16848,11,11,1,1,1,40,7.0,2,2,3, ,1,0.0,0.0,0.0,7,7, ,138.849731445313,5,16848-11-11-1,40.0,1,3.0,,2.0,1.0,0,0,0,1,1,0,0,1.0,0
16848,96,11,1,1,1,54,3.0,0,2,3, ,1,0.0,0.0,0.0,7,7, ,138.849731445313,6,16848-96-11-1,54.0,1,3.0,,2.0,1.0,0,0,0,1,1,0,0,1.0,0
16848,97,11,1,1,1,81,1.0, ,2,3, ,1,0.0,0.0,0.0,7,7, ,138.849731445313,2,16848-97-11-1,81.0,1,3.0,,2.0,1.0,0,0,0,1,1,0,0,1.0,0
16848,98,11,1,1,1,48,4.0,0,2,3, ,1,0.0,0.0,0.0,7,7, ,138.849731445313,5,16848-98-11-1,48.0,1,3.0,,2.0,1.0,0,0,0,1,1,0,0,1.0,0
16848,99,11,1,1,1,33,6.0,5,2,3, ,1,0.0,8.0,0.0,7,7, ,138.849731445313,5,16848-99-11-1,33.0,1,3.0,,2.0,1.0,0,1,1,1,1,0,1,1.0,1
16848,100,11,1,1,2,67,3.0,0, , , , ,0.0,0.0,0.0,7,7, ,138.849731445313,1,16848-100-11-1,67.0,1,,,,0.0,0,0,0,1,1,0,0,0.0,0
16865,15,11,1,1,1,69,5.0,3,2,3, ,1,0.0,0.0,0.0,2,2, ,83.0471038818359,5,16865-15-11-1,69.0,1,3.0,,2.0,1.0,0,0,0,1,1,0,0,1.0,0
16865,34,11,1,1,2,47,6.0,5,2,3, ,1,0.0,8.0,0.0,2,2, ,83.0471038818359,4,16865-34-11-1,47.0,1,3.0,,2.0,1.0,0,1,0,1,1,0,0,1.0,0
16865,71,11,1,1,2,27,9.0,1,2,2, ,1,0.0,8.0,0.0,2,2, ,83.0471038818359,3,16865-71-11-1,27.0,1,2.0,,2.0,0.0,0,1,0,1,1,0,0,0.0,0
16865,90,11,1,1,1,63,7.0,1,5,3,7,1,0.0,0.0,0.0,2,2, ,83.0471038818359,2,16865-90-11-1,63.0,1,3.0,7.0,5.0,1.0,0,0,0,1,1,0,0,1.0,0
16865,128,11,1,1,2,49,10.0,5,2,3, ,1,0.0,0.0,0.0,2,2, ,83.0471038818359,2,16865-128-11-1,49.0,1,3.0,,2.0,1.0,0,0,0,1,1,0,0,1.0,0
16892,14,11,1,1,2,70,8.0,4, , , , ,0.0,0.0,0.0,2,2,1,202.025863647461,3,16892-14-11-1,70.0,1,,,,0.0,0,0,0,1,1,0,0,0.0,0
16892,29,11,1,1,2,66,6.0,5, , , , ,0.0,0.0,0.0,2,2,2,202.025863647461,1,16892-29-11-1,66.0,1,,,,0.0,0,0,0,1,1,0,0,0.0,0
16892,58,11,1,1,1,52,7.0,2,2,3, ,1,0.0,8.0,0.0,2,2,1,202.025863647461,4,16892-58-11-1,52.0,1,3.0,,2.0,1.0,0,1,0,1,1,0,0,1.0,0
16892,88,11,1,1,1,82,6.0,5,2,3, ,1,0.0,8.0,0.0,2,2,1,202.025863647461,4,16892-88-11-1,82.0,1,3.0,,2.0,1.0,0,1,0,1,1,0,0,1.0,0
16892,103,11,1,1,1,48,6.0,5,2,3, ,1,0.0,8.0,0.0,2,2,1,202.025863647461,5,16892-103-11-1,48.0,1,3.0,,2.0,1.0,0,1,0,1,1,0,0,1.0,0
16904,14,11,1,1,1,76,7.0,1, , , , ,0.0,0.0,0.0,2,2,1,80.0937576293945,1,16904-14-11-1,76.0,1,,,,0.0,0,0,0,1,1,0,0,0.0,0
16904,72,11,1,1,1,62,10.0,5,2,3, ,1,0.0,8.0,0.0,2,2,1,80.0937576293945,2,16904-72-11-1,62.0,1,3.0,,2.0,1.0,0,1,0,1,1,0,0,1.0,0
16905,28,11,1,1,1,55,7.0,2,2,3, ,1,0.0,8.0,0.0,2,2,1,2.13633966445923,1,16905-28-11-1,55.0,1,3.0,,2.0,1.0,0,1,0,1,1,0,0,1.0,0
16905,45,11,1,1,1,60,10.0,5,3,1,2,3,0.0,0.0,0.0,2,2,1,2.13633966445923,5,16905-45-11-1,60.0,1,1.0,2.0,3.0,0.0,0,0,0,1,1,0,0,0.0,0
16905,63,11,1,1,1,88,9.0,2, , , , ,0.0,0.0,0.0,2,2,1,2.13633966445923,1,16905-63-11-1,88.0,1,,,,0.0,0,0,0,1,1,0,0,0.0,0
16905,82,11,1,1,2,32,7.0,1,4, ,2,5,0.0,8.0,0.0,2,2,1,2.13633966445923,3,16905-82-11-1,32.0,1,,2.0,4.0,0.0,0,1,0,1,1,0,0,0.0,0
16905,100,11,1,1,2,59,6.0,5, , , , ,0.0,8.0,0.0,2,2,1,2.13633966445923,4,16905-100-11-1,59.0,1,,,,0.0,0,1,0,1,1,0,0,0.0,0
16906,12,11,1,1,2,50,6.0,5,2,3, ,1,0.0,8.0,0.0,2,2,1,83.0471038818359,7,16906-12-11-1,50.0,1,3.0,,2.0,1.0,0,1,0,1,1,0,0,1.0,0
16906,27,11,1,1,1,60,4.0,6,2,3, ,1,0.0,0.0,0.0,2,2,1,83.0471038818359,4,16906-27-11-1,60.0,1,3.0,,2.0,1.0,0,0,0,1,1,0,0,1.0,0
16906,41,11,1,1,1,64,4.0,5,3,3,7,1,0.0,0.0,0.0,2,2,1,83.0471038818359,1,16906-41-11-1,64.0,1,3.0,7.0,3.0,1.0,0,0,0,1,1,0,0,1.0,0
16906,57,11,1,1,2,51,6.0,5, , , , ,0.0,0.0,0.0,2,2,1,83.0471038818359,3,16906-57-11-1,51.0,1,,,,0.0,0,0,0,1,1,0,0,0.0,0
16906,84,11,1,1,2,34,6.0,5, , , , ,0.0,8.0,0.0,2,2,1,83.0471038818359,4,16906-84-11-1,34.0,1,,,,0.0,0,1,0,1,1,0,0,0.0,0
16907,24,11,1,1,2,91,3.0,2, , , , ,0.0,0.0,0.0,2,2,1,80.0171432495117,3,16907-24-11-1,91.0,1,,,,0.0,0,0,0,1,1,0,0,0.0,0
16907,50,11,1,1,1,46,6.0,5,2,3, ,1,0.0,8.0,0.0,2,2,1,80.0171432495117,5,16907-50-11-1,46.0,1,3.0,,2.0,1.0,0,1,1,1,1,0,1,1.0,1
16907,104,11,1,1,1,46,6.0,5,4,3,7,1,0.0,0.0,0.0,2,2,1,80.0171432495117,4,16907-104-11-1,46.0,1,3.0,7.0,4.0,1.0,0,0,1,1,1,0,1,1.0,1
16907,132,11,1,1,2,43,8.0,5,2,3, ,1,0.0,0.0,0.0,2,2,1,80.0171432495117,2,16907-132-11-1,43.0,1,3.0,,2.0,1.0,0,0,0,1,1,0,0,1.0,0
16907,156,11,1,1,2,50,10.0,5,2,3, ,1,0.0,8.0,0.0,2,2,1,80.0171432495117,4,16907-156-11-1,50.0,1,3.0,,2.0,1.0,0,1,0,1,1,0,0,1.0,0
16908,16,11,1,1,1,49,8.0,4,3,1,2,1,0.0,8.0,0.0,2,2,1,6.35935592651367,1,16908-16-11-1,49.0,1,1.0,2.0,3.0,0.0,0,1,0,1,1,0,0,0.0,0
16908,67,11,1,1,1,39,8.0,3,2,2, ,1,0.0,8.0,0.0,2,2,1,6.35935592651367,5,16908-67-11-1,39.0,1,2.0,,2.0,0.0,0,1,0,1,1,0,0,0.0,0
16908,104,11,1,1,2,47,6.0,5,6, ,2,1,0.0,8.0,0.0,2,2,1,6.35935592651367,4,16908-104-11-1,47.0,1,,2.0,6.0,1.0,0,1,0,1,1,0,0,1.0,0
16909,23,11,1,1,2,61,10.0,5,3,1,1,5,0.0,8.0,0.0,2,2,1,260.458312988281,6,16909-23-11-1,61.0,1,1.0,1.0,3.0,0.0,0,1,0,1,1,0,0,0.0,0
16909,56,11,1,1,1,41,5.0,3, , , , ,0.0,0.0,0.0,2,2,1,260.458312988281,6,16909-56-11-1,41.0,1,,,,0.0,0,0,1,1,1,0,1,0.0,1
16909,73,11,1,1,1,68,5.0,2,4,3,7,1,0.0,0.0,0.0,2,2,1,260.458312988281,6,16909-73-11-1,68.0,1,3.0,7.0,4.0,1.0,0,0,0,1,1,0,0,1.0,0
16910,60,11,1,1,2,38,5.0,1, , , , ,0.0,8.0,0.0,2,2,2,245.843017578125,4,16910-60-11-1,38.0,1,,,,0.0,0,1,1,1,1,0,1,0.0,1
16910,74,11,1,1,1,31,4.0,0,5,3,7,1,0.0,0.0,0.0,2,2,1,245.843017578125,4,16910-74-11-1,31.0,1,3.0,7.0,5.0,1.0,0,0,0,1,1,0,0,1.0,0
16910,103,11,1,1,2,58,8.0,3,2,3, ,1,0.0,8.0,0.0,2,2,1,245.843017578125,3,16910-103-11-1,58.0,1,3.0,,2.0,1.0,0,1,0,1,1,0,0,1.0,0
16910,118,11,1,1,1,63,5.0,1, , , , ,0.0,0.0,0.0,2,2,1,245.843017578125,3,16910-118-11-1,63.0,1,,,,0.0,0,0,0,1,1,0,0,0.0,0
16911,43,11,1,1,1,47,10.0,5,3,1,7,1,0.0,8.0,0.0,2,2,1,2.38933849334717,5,16911-43-11-1,47.0,1,1.0,7.0,3.0,1.0,0,1,0,1,1,0,0,1.0,0
16912,33,11,1,1,1,63,10.0,5,3, ,1,5,0.0,8.0,0.0,2,2,1,209.479293823242,4,16912-33-11-1,63.0,1,,1.0,3.0,0.0,0,1,1,1,1,0,1,0.0,1
16912,95,11,1,1,1,51,9.0,2,3,1,7,1,0.0,8.0,0.0,2,2,1,209.479293823242,5,16912-95-11-1,51.0,1,1.0,7.0,3.0,1.0,0,1,0,1,1,0,0,1.0,0
16913,7,11,1,1,1,67,6.0,5, , , , ,0.0,0.0,0.0,2,2,1,199.600662231445,3,16913-7-11-1,67.0,1,,,,0.0,0,0,0,1,1,0,0,0.0,0
16913,22,11,1,1,1,51,5.0,3,2,3, ,1,0.0,0.0,0.0,2,2,1,199.600662231445,3,16913-22-11-1,51.0,1,3.0,,2.0,1.0,0,0,0,1,1,0,0,1.0,0
16913,36,11,1,1,1,62,6.0,5, , , , ,0.0,0.0,0.0,2,2,1,199.600662231445,3,16913-36-11-1,62.0,1,,,,0.0,0,0,0,1,1,0,0,0.0,0
16913,81,11,1,1,2,83,3.0,1,5,3,7,1,0.0,0.0,0.0,2,2,1,199.600662231445,5,16913-81-11-1,83.0,1,3.0,7.0,5.0,1.0,0,0,0,1,1,0,0,1.0,0
16913,95,11,1,1,1,59,10.0,5,2,3, ,1,0.0,0.0,0.0,2,2,1,199.600662231445,2,16913-95-11-1,59.0,1,3.0,,2.0,1.0,0,0,0,1,1,0,0,1.0,0
16913,139,11,1,1,2,46,6.0,5,2,3, ,1,0.0,8.0,0.0,2,2,1,199.600662231445,8,16913-139-11-1,46.0,1,3.0,,2.0,1.0,0,1,0,1,1,0,0,1.0,0
16914,10,11,1,1,1,49,10.0,6,3,1,2,3,0.0,8.0,0.0,2,2,1,202.025863647461,5,16914-10-11-1,49.0,1,1.0,2.0,3.0,0.0,0,1,0,1,1,0,0,0.0,0
16914,66,11,1,1,1,41,6.0,5,4,3,7,1,0.0,8.0,0.0,2,2,1,202.025863647461,1,16914-66-11-1,41.0,1,3.0,7.0,4.0,1.0,0,1,0,1,1,0,0,1.0,0
16914,80,11,1,1,1,36,6.0,5,4,2,7,1,0.0,8.0,0.0,2,2,1,202.025863647461,5,16914-80-11-1,36.0,1,2.0,7.0,4.0,1.0,0,1,0,1,1,0,0,1.0,0
16914,95,11,1,1,1,82,10.0,5, , , , ,0.0,0.0,0.0,2,2,1,202.025863647461,2,16914-95-11-1,82.0,1,,,,0.0,0,0,0,1,1,0,0,0.0,0
16914,121,11,1,1,1,42,8.0,3,2,3, ,1,0.0,0.0,0.0,2,2,1,202.025863647461,2,16914-121-11-1,42.0,1,3.0,,2.0,1.0,0,0,0,1,1,0,0,1.0,0
16915,44,11,1,1,2,47,5.0,4,2,3, ,1,0.0,8.0,0.0,2,2,1,1.84279203414917,6,16915-44-11-1,47.0,1,3.0,,2.0,1.0,0,1,0,1,1,0,0,1.0,0
16915,60,11,1,1,1,33,6.0,5,2,3, ,1,0.0,8.0,0.0,2,2,1,1.84279203414917,4,16915-60-11-1,33.0,1,3.0,,2.0,1.0,0,1,0,1,1,0,0,1.0,0
16915,69,11,1,1,2,29,10.0,5,3,1,2,1,0.0,8.0,0.0,2,2,1,1.84279203414917,2,16915-69-11-1,29.0,1,1.0,2.0,3.0,0.0,0,1,1,1,1,0,1,0.0,1
16916,12,11,1,1,1,48,6.0,5,2,3, ,1,0.0,8.0,0.0,2,2,1,260.458312988281,3,16916-12-11-1,48.0,1,3.0,,2.0,1.0,0,1,0,1,1,0,0,1.0,0
16916,64,11,1,1,1,62,6.0,5,4,3,7,1,0.0,0.0,0.0,2,2,1,260.458312988281,3,16916-64-11-1,62.0,1,3.0,7.0,4.0,1.0,0,0,0,1,1,0,0,1.0,0
16916,98,11,1,1,1,56,4.0,0,1,3, ,1,0.0,0.0,0.0,2,2,1,260.458312988281,6,16916-98-11-1,56.0,1,3.0,,1.0,1.0,0,0,0,1,1,0,0,1.0,0
16916,115,11,1,1,1,59,6.0,5,2,2, ,1,0.0,0.0,0.0,2,2,1,260.458312988281,5,16916-115-11-1,59.0,1,2.0,,2.0,0.0,0,0,0,1,1,0,0,0.0,0
16917,11,11,1,1,2,19,6.0,5, , , , ,0.0,8.0,0.0,2,2,1,252.901931762695,1,16917-11-11-1,19.0,1,,,,0.0,0,1,0,1,1,0,0,0.0,0
16917,44,11,1,1,1,48,5.0,2,1,3, ,1,0.0,8.0,0.0,2,2,1,252.901931762695,1,16917-44-11-1,48.0,1,3.0,,1.0,1.0,0,1,0,1,1,0,0,1.0,0
16917,60,11,1,1,2,29,6.0,5,4,1,2,4,0.0,0.0,0.0,2,2,1,252.901931762695,3,16917-60-11-1,29.0,1,1.0,2.0,4.0,0.0,0,0,0,1,1,0,0,0.0,0
16917,110,11,1,1,1,30,6.0,5,4,3,7,1,0.0,0.0,0.0,2,2,1,252.901931762695,4,16917-110-11-1,30.0,1,3.0,7.0,4.0,1.0,0,0,0,1,1,0,0,1.0,0
16917,126,11,1,1,1,50,6.0,5,4, ,2,5,0.0,0.0,0.0,2,2,1,252.901931762695,1,16917-126-11-1,50.0,1,,2.0,4.0,0.0,0,0,0,1,1,0,0,0.0,0
16917,142,11,1,1,2,56,3.0,0,2,3, ,1,0.0,8.0,0.0,2,2,1,252.901931762695,2,16917-142-11-1,56.0,1,3.0,,2.0,1.0,0,1,1,1,1,0,1,1.0,1
16918,14,11,1,1,1,82,3.0,3, , , , ,0.0,0.0,0.0,2,2,1,6.63513278961182,3,16918-14-11-1,82.0,1,,,,0.0,0,0,0,1,1,0,0,0.0,0
16918,28,11,1,1,2,52,6.0,5,2,3, ,1,0.0,8.0,0.0,2,2,1,6.63513278961182,2,16918-28-11-1,52.0,1,3.0,,2.0,1.0,0,1,0,1,1,0,0,1.0,0
16918,55,11,1,1,1,76,10.0,5, , , , ,0.0,0.0,0.0,2,2,1,6.63513278961182,2,16918-55-11-1,76.0,1,,,,0.0,0,0,0,1,1,0,0,0.0,0
16918,84,11,1,1,1,81,6.0,5, , , , ,0.0,0.0,0.0,2,2,1,6.63513278961182,2,16918-84-11-1,81.0,1,,,,0.0,0,0,0,1,1,0,0,0.0,0
16918,99,11,1,1,1,33,8.0,3,3,1,2,4,0.0,8.0,0.0,2,2,1,6.63513278961182,4,16918-99-11-1,33.0,1,1.0,2.0,3.0,0.0,0,1,0,1,1,0,0,0.0,0
16918,111,11,1,1,1,69,10.0,5,2,3, ,1,0.0,8.0,0.0,2,2,1,6.63513278961182,4,16918-111-11-1,69.0,1,3.0,,2.0,1.0,0,1,1,1,1,0,1,1.0,1
16918,125,11,1,1,2,59,8.0,3,3, ,1,5,0.0,8.0,0.0,2,2,1,6.63513278961182,2,16918-125-11-1,59.0,1,,1.0,3.0,0.0,0,1,1,1,1,0,1,0.0,1
16919,71,11,1,1,1,43,8.0,3,2,2, ,1,0.0,8.0,0.0,2,2,1,2.13633966445923,1,16919-71-11-1,43.0,1,2.0,,2.0,0.0,0,1,0,1,1,0,0,0.0,0
16919,100,11,1,1,1,55,5.0,1,4,2,7,1,0.0,0.0,0.0,2,2,1,2.13633966445923,5,16919-100-11-1,55.0,1,2.0,7.0,4.0,1.0,0,0,0,1,1,0,0,1.0,0
16919,115,11,1,1,1,38,9.0,3,2,3, ,1,0.0,8.0,0.0,2,2,1,2.13633966445923,4,16919-115-11-1,38.0,1,3.0,,2.0,1.0,0,1,0,1,1,0,0,1.0,0
16919,143,11,1,1,2,77,5.0,2, , , , ,0.0,0.0,0.0,2,2,1,2.13633966445923,3,16919-143-11-1,77.0,1,,,,0.0,0,0,0,1,1,0,0,0.0,0
16921,6,11,1,1,1,74,5.0,2,7,2,7,1,0.0,0.0,0.0,2,2, ,80.0171432495117,3,16921-6-11-1,74.0,1,2.0,7.0,7.0,0.0,0,0,0,1,1,0,0,0.0,0
16921,18,11,1,1,2,37,6.0,5,2,3, ,1,0.0,0.0,0.0,2,2, ,80.0171432495117,6,16921-18-11-1,37.0,1,3.0,,2.0,1.0,0,0,0,1,1,0,0,1.0,0
16921,41,11,1,1,1,34,8.0,3,2,3, ,1,0.0,8.0,0.0,2,2, ,80.0171432495117,1,16921-41-11-1,34.0,1,3.0,,2.0,1.0,0,1,0,1,1,0,0,1.0,0
16921,53,11,1,1,1,46,9.0,2,2,3, ,1,0.0,8.0,0.0,2,2, ,80.0171432495117,7,16921-53-11-1,46.0,1,3.0,,2.0,1.0,0,1,1,1,1,0,1,1.0,1
16921,64,11,1,1,1,63,10.0,5,2,3, ,1,0.0,8.0,0.0,2,2, ,80.0171432495117,4,16921-64-11-1,63.0,1,3.0,,2.0,1.0,0,1,0,1,1,0,0,1.0,0
16921,76,11,1,1,1,61,7.0,2, , , , ,0.0,0.0,0.0,2,2, ,80.0171432495117,5,16921-76-11-1,61.0,1,,,,0.0,0,0,0,1,1,0,0,0.0,0
16922,48,11,1,1,2,55,3.0,0, , , , ,0.0,0.0,0.0,2,2,1,256.725830078125,5,16922-48-11-1,55.0,1,,,,0.0,0,0,0,1,1,0,0,0.0,0
16922,97,11,1,1,2,68,5.0,4,2,3, ,1,0.0,0.0,0.0,2,2,1,256.725830078125,1,16922-97-11-1,68.0,1,3.0,,2.0,1.0,0,0,0,1,1,0,0,1.0,0
16922,113,11,1,1,1,50,6.0,5,1,3, ,1,0.0,8.0,0.0,2,2,1,256.725830078125,6,16922-113-11-1,50.0,1,3.0,,1.0,1.0,0,1,0,1,1,0,0,1.0,0
16923,6,11,1,1,1,65,6.0,5,1,2, ,1,0.0,0.0,0.0,2,2,1,245.843017578125,1,16923-6-11-1,65.0,1,2.0,,1.0,0.0,0,0,0,1,1,0,0,0.0,0
16923,19,11,1,1,2,38,6.0,5,4,3,7,1,0.0,0.0,0.0,2,2,1,245.843017578125,4,16923-19-11-1,38.0,1,3.0,7.0,4.0,1.0,0,0,0,1,1,0,0,1.0,0
16923,32,11,1,1,2,75,3.0,0,2,3, ,1,0.0,0.0,0.0,2,2,1,245.843017578125,2,16923-32-11-1,75.0,1,3.0,,2.0,1.0,0,0,0,1,1,0,0,1.0,0
16923,58,11,1,1,2,38,8.0,3,4,2,7,1,0.0,8.0,0.0,2,2,1,245.843017578125,3,16923-58-11-1,38.0,1,2.0,7.0,4.0,1.0,0,1,0,1,1,0,0,1.0,0
16923,84,11,1,1,1,60,3.0,3,1,3, ,1,0.0,0.0,0.0,2,2,1,245.843017578125,3,16923-84-11-1,60.0,1,3.0,,1.0,1.0,0,0,0,1,1,0,0,1.0,0
16924,31,11,1,1,2,52,3.0,0,5,2,7,1,0.0,0.0,0.0,2,2,1,262.759490966797,2,16924-31-11-1,52.0,1,2.0,7.0,5.0,1.0,0,0,0,1,1,0,0,1.0,0
16924,35,11,1,1,2,33,8.0,3,4,2,2,2,0.0,8.0,0.0,2,2,1,262.759490966797,3,16924-35-11-1,33.0,1,2.0,2.0,4.0,0.0,0,1,0,1,1,0,0,0.0,0
16925,3,11,1,1,2,74,6.0,5, , , , ,0.0,0.0,0.0,2,2, ,2.38933849334717,4,16925-3-11-1,74.0,1,,,,0.0,0,0,0,1,1,0,0,0.0,0
16925,38,11,1,1,1,74,10.0,5,2,2, ,1,0.0,0.0,0.0,2,2, ,2.38933849334717,3,16925-38-11-1,74.0,1,2.0,,2.0,0.0,0,0,0,1,1,0,0,0.0,0
16925,48,11,1,1,1,60,10.0,5,1,1, ,1,0.0,0.0,0.0,2,2, ,2.38933849334717,8,16925-48-11-1,60.0,1,1.0,,1.0,0.0,0,0,0,1,1,0,0,0.0,0
16925,54,11,1,1,1,33,10.0,5,2,2, ,1,0.0,8.0,0.0,2,2, ,2.38933849334717,1,16925-54-11-1,33.0,1,2.0,,2.0,0.0,0,1,0,1,1,0,0,0.0,0
16925,60,11,1,1,2,58,10.0,5,1,2, ,1,0.0,8.0,0.0,2,2, ,2.38933849334717,3,16925-60-11-1,58.0,1,2.0,,1.0,0.0,0,1,0,1,1,0,0,0.0,0
16926,96,11,1,1,2,74,10.0,5, , , , ,0.0,8.0,0.0,2,2, ,1.95014882087708,4,16926-96-11-1,74.0,1,,,,0.0,0,1,1,1,1,0,1,0.0,1
16926,162,11,1,1,1,58,8.0,3,3, ,1,5,0.0,8.0,0.0,2,2, ,1.95014882087708,3,16926-162-11-1,58.0,1,,1.0,3.0,0.0,0,1,1,1,1,0,1,0.0,1
16927,23,11,1,1,2,33,6.0,5,2,3, ,1,0.0,8.0,0.0,2,2, ,80.0937576293945,4,16927-23-11-1,33.0,1,3.0,,2.0,1.0,0,1,0,1,1,0,0,1.0,0
16927,39,11,1,1,1,75,4.0,5,2,3, ,1,0.0,0.0,0.0,2,2, ,80.0937576293945,2,16927-39-11-1,75.0,1,3.0,,2.0,1.0,0,0,0,1,1,0,0,1.0,0
16927,56,11,1,1,1,64,10.0,6,3, ,1,5,0.0,8.0,0.0,2,2, ,80.0937576293945,3,16927-56-11-1,64.0,1,,1.0,3.0,0.0,0,1,0,1,1,0,0,0.0,0
16927,104,11,1,1,2,31,6.0,5,2,3, ,1,0.0,8.0,0.0,2,2, ,80.0937576293945,3,16927-104-11-1,31.0,1,3.0,,2.0,1.0,0,1,0,1,1,0,0,1.0,0
16928,4,11,1,1,2,75,4.0,5, , , , ,0.0,0.0,0.0,2,2,1,71.9711608886719,1,16928-4-11-1,75.0,1,,,,0.0,0,0,0,1,1,0,0,0.0,0
16928,20,11,1,1,1,64,9.0,1,2,3, ,1,0.0,0.0,0.0,2,2,2,71.9711608886719,3,16928-20-11-1,64.0,1,3.0,,2.0,1.0,0,0,1,1,1,0,1,1.0,1
16928,84,11,1,1,1,58,10.0,5,3, ,1,5,0.0,0.0,0.0,2,2,1,71.9711608886719,6,16928-84-11-1,58.0,1,,1.0,3.0,0.0,0,0,0,1,1,0,0,0.0,0
16928,100,11,1,1,2,57,6.0,5,4,1,2,1,0.0,0.0,0.0,2,2,1,71.9711608886719,2,16928-100-11-1,57.0,1,1.0,2.0,4.0,0.0,0,0,1,1,1,0,1,0.0,1
16928,148,11,1,1,2,79,5.0,2, , , , ,0.0,0.0,0.0,2,2,1,71.9711608886719,6,16928-148-11-1,79.0,1,,,,0.0,0,0,0,1,1,0,0,0.0,0
16929,12,11,1,1,2,62,4.0,5, , , , ,0.0,0.0,0.0,2,2, ,256.725830078125,2,16929-12-11-1,62.0,1,,,,0.0,0,0,0,1,1,0,0,0.0,0
16929,53,11,1,1,1,52,6.0,5,4,3,7,1,0.0,0.0,0.0,2,2, ,256.725830078125,7,16929-53-11-1,52.0,1,3.0,7.0,4.0,1.0,0,0,0,1,1,0,0,1.0,0
16929,67,11,1,1,1,33,6.0,5,2,3, ,1,0.0,0.0,0.0,2,2, ,256.725830078125,4,16929-67-11-1,33.0,1,3.0,,2.0,1.0,0,0,0,1,1,0,0,1.0,0
16929,82,11,1,1,2,51,8.0,3,4,1,2,4,0.0,8.0,0.0,2,2, ,256.725830078125,2,16929-82-11-1,51.0,1,1.0,2.0,4.0,0.0,0,1,0,1,1,0,0,0.0,0
16930,17,11,1,1,2,48,3.0,0,2,3, ,1,0.0,8.0,0.0,2,2, ,262.759490966797,5,16930-17-11-1,48.0,1,3.0,,2.0,1.0,0,1,0,1,1,0,0,1.0,0
16930,47,11,1,1,1,41,6.0,5,2,3, ,1,0.0,0.0,0.0,2,2, ,262.759490966797,1,16930-47-11-1,41.0,1,3.0,,2.0,1.0,0,0,0,1,1,0,0,1.0,0
16930,63,11,1,1,2,33,4.0,0,2,3, ,1,0.0,0.0,0.0,2,2, ,262.759490966797,1,16930-63-11-1,33.0,1,3.0,,2.0,1.0,0,0,0,1,1,0,0,1.0,0
16930,79,11,1,1,2,43,8.0,3,2,3, ,1,0.0,0.0,0.0,2,2, ,262.759490966797,5,16930-79-11-1,43.0,1,3.0,,2.0,1.0,0,0,0,1,1,0,0,1.0,0
16930,94,11,1,1,2,39,5.0,3,2,3, ,1,0.0,0.0,0.0,2,2, ,262.759490966797,4,16930-94-11-1,39.0,1,3.0,,2.0,1.0,0,0,0,1,1,0,0,1.0,0
16952,1,11,1,1,2,42,5.0,3, , , , ,0.0,8.0,0.0,2,5, ,256.725830078125,3,16952-1-11-1,42.0,1,,,,0.0,0,1,0,1,1,0,0,0.0,0
16952,42,11,1,1,1,46,5.0,3,2,1, ,1,0.0,8.0,0.0,2,5, ,256.725830078125,7,16952-42-11-1,46.0,1,1.0,,2.0,0.0,0,1,0,1,1,0,0,0.0,0
16966,17,11,1,1,2,77,3.0,0,2,3, ,1,0.0,0.0,0.0,2,2,1,95.9615478515625,1,16966-17-11-1,77.0,1,3.0,,2.0,1.0,0,0,0,1,1,0,0,1.0,0
16966,39,11,1,1,1,75,3.0,0, , , , ,0.0,0.0,0.0,2,2,1,95.9615478515625,1,16966-39-11-1,75.0,1,,,,0.0,0,0,0,1,1,0,0,0.0,0
16966,81,11,1,1,1,47,9.0,1,3,1,2,2,0.0,8.0,0.0,2,2,1,95.9615478515625,4,16966-81-11-1,47.0,1,1.0,2.0,3.0,0.0,0,1,0,1,1,0,0,0.0,0
16966,103,11,1,1,2,68,3.0,2, , , , ,0.0,0.0,0.0,2,2,1,95.9615478515625,1,16966-103-11-1,68.0,1,,,,0.0,0,0,0,1,1,0,0,0.0,0
16966,125,11,1,1,2,49,5.0,2,2,3, ,1,0.0,8.0,0.0,2,2,1,95.9615478515625,2,16966-125-11-1,49.0,1,3.0,,2.0,1.0,0,1,0,1,1,0,0,1.0,0
16966,147,11,1,1,1,54,6.0,5,3,1,2,5,0.0,8.0,0.0,2,2,1,95.9615478515625,3,16966-147-11-1,54.0,1,1.0,2.0,3.0,0.0,0,1,0,1,1,0,0,0.0,0
17023,1,11,1,1,1,72,10.0,5, , , , ,0.0,8.0,0.0,2,2,1,266.134216308594,3,17023-1-11-1,72.0,1,,,,0.0,0,1,0,1,1,0,0,0.0,0
17023,42,11,1,1,2,66,8.0,5,6, ,7,1,0.0,0.0,0.0,2,2,1,266.134216308594,2,17023-42-11-1,66.0,1,,7.0,6.0,1.0,0,0,1,1,1,0,1,1.0,1
17023,53,11,1,1,2,72,8.0,3, , , , ,0.0,0.0,0.0,2,2,2,266.134216308594,1,17023-53-11-1,72.0,1,,,,0.0,0,0,0,1,1,0,0,0.0,0
17025,17,11,1,1,1,64,5.0,3,4,3,7,1,0.0,0.0,0.0,2,2,1,8.47914123535156,3,17025-17-11-1,64.0,1,3.0,7.0,4.0,1.0,0,0,0,1,1,0,0,1.0,0
17025,91,11,1,1,2,59,6.0,5, , , , ,0.0,0.0,0.0,2,2,1,8.47914123535156,6,17025-91-11-1,59.0,1,,,,0.0,0,0,0,1,1,0,0,0.0,0
17025,135,11,1,1,1,32,5.0,3,4,3,7,1,0.0,8.0,0.0,2,2,1,8.47914123535156,5,17025-135-11-1,32.0,1,3.0,7.0,4.0,1.0,0,1,0,1,1,0,0,1.0,0
17025,157,11,1,1,2,67,6.0,5, , , , ,0.0,0.0,0.0,2,2,1,8.47914123535156,1,17025-157-11-1,67.0,1,,,,0.0,0,0,0,1,1,0,0,0.0,0
17026,21,11,1,1,1,33,8.0,3,4,1,2,4,0.0,8.0,0.0,2,4,1,106.791679382324,5,17026-21-11-1,33.0,1,1.0,2.0,4.0,0.0,0,1,0,1,1,0,0,0.0,0
17026,38,11,1,1,1,54,6.0,5,2,3, ,1,0.0,0.0,0.0,2,4,1,106.791679382324,1,17026-38-11-1,54.0,1,3.0,,2.0,1.0,0,0,1,1,1,0,1,1.0,1
17026,54,11,1,1,1,57,8.0,3,2,3, ,1,0.0,8.0,0.0,2,4,1,106.791679382324,1,17026-54-11-1,57.0,1,3.0,,2.0,1.0,0,1,0,1,1,0,0,1.0,0
17026,71,12,1,1,1,61,6.0,5,4,3,7,1,0.0,8.0,0.0,2,4,1,106.791679382324,4,17026-71-12-1,61.0,1,3.0,7.0,4.0,1.0,0,1,0,1,1,0,0,1.0,0
17026,71,22,1,1,2,27,10.0,5,3,2,7,1,0.0,8.0,0.0,2,4,1,106.791679382324,2,17026-71-22-1,27.0,1,2.0,7.0,3.0,1.0,0,1,1,1,1,0,1,1.0,1
17026,104,11,1,1,2,48,8.0,5, , , , ,0.0,8.0,0.0,2,4,1,106.791679382324,4,17026-104-11-1,48.0,1,,,,0.0,0,1,0,1,1,0,0,0.0,0
17027,41,11,1,1,1,69,6.0,5,3,1,1,5,0.0,0.0,0.0,2,5,1,260.458312988281,3,17027-41-11-1,69.0,1,1.0,1.0,3.0,0.0,0,0,0,1,1,0,0,0.0,0
17027,57,11,1,1,2,64,9.0,3,2,3, ,1,0.0,0.0,0.0,2,5,1,260.458312988281,2,17027-57-11-1,64.0,1,3.0,,2.0,1.0,0,0,0,1,1,0,0,1.0,0
17027,88,11,1,1,1,73,6.0,5,2,3, ,1,0.0,0.0,0.0,2,5,1,260.458312988281,1,17027-88-11-1,73.0,1,3.0,,2.0,1.0,0,0,0,1,1,0,0,1.0,0
17028,45,11,1,1,1,73,6.0,5, , , , ,0.0,0.0,0.0,2,2,1,269.367828369141,2,17028-45-11-1,73.0,1,,,,0.0,0,0,0,1,1,0,0,0.0,0
17028,65,11,1,1,2,73,1.0, ,7,3,7,1,0.0,0.0,0.0,2,2,1,269.367828369141,1,17028-65-11-1,73.0,1,3.0,7.0,7.0,1.0,0,0,0,1,1,0,0,1.0,0
17028,106,11,1,1,2,47,7.0,1, , , , ,0.0,8.0,0.0,2,2,1,269.367828369141,4,17028-106-11-1,47.0,1,,,,0.0,0,1,0,1,1,0,0,0.0,0
17028,126,11,1,1,1,68,10.0,5, , , , ,0.0,0.0,0.0,2,2,1,269.367828369141,5,17028-126-11-1,68.0,1,,,,0.0,0,0,0,1,1,0,0,0.0,0
17029,90,11,1,1,2,40,6.0,5,4,3,7,1,0.0,8.0,0.0,2,2,1,110.729469299316,3,17029-90-11-1,40.0,1,3.0,7.0,4.0,1.0,0,1,0,1,1,0,0,1.0,0
17029,108,11,1,1,2,60,6.0,5,2,3, ,1,0.0,0.0,0.0,2,2,1,110.729469299316,2,17029-108-11-1,60.0,1,3.0,,2.0,1.0,0,0,0,1,1,0,0,1.0,0
17029,146,11,1,1,1,49,6.0,5,4, ,5,5,0.0,0.0,0.0,2,2,1,110.729469299316,3,17029-146-11-1,49.0,1,,5.0,4.0,0.0,0,0,0,1,1,0,0,0.0,0
17030,11,11,1,1,2,26,7.0,1,2,3, ,1,0.0,8.0,0.0,2,2,1,245.843017578125,3,17030-11-11-1,26.0,1,3.0,,2.0,1.0,0,1,0,1,1,0,0,1.0,0
17030,69,11,1,1,2,58,5.0,2,6, ,7,1,0.0,0.0,0.0,2,2,2,245.843017578125,3,17030-69-11-1,58.0,1,,7.0,6.0,1.0,0,0,0,1,1,0,0,1.0,0
17030,89,11,1,1,2,78,3.0,2, , , , ,0.0,0.0,0.0,2,2,1,245.843017578125,1,17030-89-11-1,78.0,1,,,,0.0,0,0,0,1,1,0,0,0.0,0
17030,108,11,1,1,1,36,8.0,5,2,3, ,1,0.0,8.0,0.0,2,2,1,245.843017578125,3,17030-108-11-1,36.0,1,3.0,,2.0,1.0,0,1,0,1,1,0,0,1.0,0
17030,128,11,1,1,2,41,7.0,2,2,3, ,1,0.0,8.0,0.0,2,2,2,245.843017578125,3,17030-128-11-1,41.0,1,3.0,,2.0,1.0,0,1,0,1,1,0,0,1.0,0
17031,8,11,1,1,2,45,10.0,5,2,2, ,1,0.0,8.0,0.0,2,4,1,279.305725097656,4,17031-8-11-1,45.0,1,2.0,,2.0,0.0,0,1,0,1,1,0,0,0.0,0
17031,18,11,1,1,2,76,6.0,5, , , , ,0.0,0.0,0.0,2,4,1,279.305725097656,1,17031-18-11-1,76.0,1,,,,0.0,0,0,0,1,1,0,0,0.0,0
17031,48,11,1,1,1,42,6.0,5,1,2, ,1,0.0,8.0,0.0,2,4,1,279.305725097656,9,17031-48-11-1,42.0,1,2.0,,1.0,0.0,0,1,0,1,1,0,0,0.0,0
17031,59,11,1,1,1,70,6.0,5,4,3,7,1,0.0,0.0,0.0,2,4,1,279.305725097656,3,17031-59-11-1,70.0,1,3.0,7.0,4.0,1.0,0,0,0,1,1,0,0,1.0,0
17032,17,11,1,1,1,68,5.0,3,4,3,7,1,0.0,0.0,0.0,2,5,1,252.901931762695,1,17032-17-11-1,68.0,1,3.0,7.0,4.0,1.0,0,0,0,1,1,0,0,1.0,0
17032,33,11,1,1,2,34,6.0,5,5,3,7,1,0.0,8.0,0.0,2,5,1,252.901931762695,4,17032-33-11-1,34.0,1,3.0,7.0,5.0,1.0,0,1,0,1,1,0,0,1.0,0
17032,47,11,1,1,1,51,5.0,4,2,3, ,1,0.0,0.0,0.0,2,5,1,252.901931762695,5,17032-47-11-1,51.0,1,3.0,,2.0,1.0,0,0,0,1,1,0,0,1.0,0
17032,80,11,1,1,1,62,3.0,2,4,1,2,4,0.0,0.0,0.0,2,5,1,252.901931762695,4,17032-80-11-1,62.0,1,1.0,2.0,4.0,0.0,0,0,0,1,1,0,0,0.0,0
17032,96,11,1,1,2,53,3.0,0,2,3, ,1,0.0,0.0,0.0,2,5,1,252.901931762695,4,17032-96-11-1,53.0,1,3.0,,2.0,1.0,0,0,0,1,1,0,0,1.0,0
17033,14,11,1,1,2,30,6.0,5,2,3, ,1,0.0,8.0,0.0,2,4,1,256.725830078125,7,17033-14-11-1,30.0,1,3.0,,2.0,1.0,0,1,0,1,1,0,0,1.0,0
17033,21,11,1,1,2,56,1.0, , , , , ,0.0,0.0,0.0,2,4,1,256.725830078125,4,17033-21-11-1,56.0,1,,,,0.0,0,0,0,1,1,0,0,0.0,0
17033,34,11,1,1,2,49,6.0,5,4,2,7,1,0.0,0.0,0.0,2,4,1,256.725830078125,4,17033-34-11-1,49.0,1,2.0,7.0,4.0,1.0,0,0,0,1,1,0,0,1.0,0
17033,47,11,1,1,1,40,7.0,2,1,2, ,1,0.0,8.0,0.0,2,4,1,256.725830078125,2,17033-47-11-1,40.0,1,2.0,,1.0,0.0,0,1,1,1,1,0,1,0.0,1
17033,60,11,1,1,2,58,5.0,1,2,3, ,1,0.0,0.0,0.0,2,4,1,256.725830078125,1,17033-60-11-1,58.0,1,3.0,,2.0,1.0,0,0,0,1,1,0,0,1.0,0
17034,44,11,1,1,2,48,5.0,3, , , , ,0.0,8.0,0.0,2,2,1,260.458312988281,3,17034-44-11-1,48.0,1,,,,0.0,0,1,0,1,1,0,0,0.0,0
17034,60,11,1,1,1,39,5.0,3,2,3, ,1,0.0,8.0,0.0,2,2,1,260.458312988281,4,17034-60-11-1,39.0,1,3.0,,2.0,1.0,0,1,0,1,1,0,0,1.0,0
17034,76,11,1,1,1,81,3.0,0, , , , ,0.0,0.0,0.0,2,2,1,260.458312988281,2,17034-76-11-1,81.0,1,,,,0.0,0,0,0,1,1,0,0,0.0,0
17035,9,11,1,1,2,47,8.0,3,4,1,2,5,0.0,8.0,0.0,2,2,1,266.134216308594,4,17035-9-11-1,47.0,1,1.0,2.0,4.0,0.0,0,1,0,1,1,0,0,0.0,0
17035,25,11,1,1,2,63,6.0,5,5,2,7,1,0.0,0.0,0.0,2,2,1,266.134216308594,2,17035-25-11-1,63.0,1,2.0,7.0,5.0,1.0,0,0,0,1,1,0,0,1.0,0
17035,57,11,1,1,1,69,5.0,1, , , , ,0.0,0.0,0.0,2,2,1,266.134216308594,5,17035-57-11-1,69.0,1,,,,0.0,0,0,0,1,1,0,0,0.0,0
17035,73,11,1,1,1,69,4.0,5,2,3, ,1,0.0,0.0,0.0,2,2,1,266.134216308594,3,17035-73-11-1,69.0,1,3.0,,2.0,1.0,0,0,0,1,1,0,0,1.0,0
17035,90,11,1,1,1,62,8.0,5,2,3, ,1,0.0,0.0,0.0,2,2,1,266.134216308594,1,17035-90-11-1,62.0,1,3.0,,2.0,1.0,0,0,0,1,1,0,0,1.0,0
17035,106,11,1,1,2,86,1.0, , , , , ,0.0,0.0,0.0,2,2,1,266.134216308594,3,17035-106-11-1,86.0,1,,,,0.0,0,0,0,1,1,0,0,0.0,0
17036,8,11,1,1,1,59,6.0,5,2,3, ,1,0.0,0.0,0.0,2,5,1,110.729469299316,7,17036-8-11-1,59.0,1,3.0,,2.0,1.0,0,0,0,1,1,0,0,1.0,0
17036,27,11,1,1,1,54,9.0,4,4,1,2,5,0.0,8.0,0.0,2,5,1,110.729469299316,1,17036-27-11-1,54.0,1,1.0,2.0,4.0,0.0,0,1,0,1,1,0,0,0.0,0
17036,44,11,1,1,1,61,10.0,5,3, ,1,5,0.0,8.0,0.0,2,5,1,110.729469299316,2,17036-44-11-1,61.0,1,,1.0,3.0,0.0,0,1,1,1,1,0,1,0.0,1
17036,82,11,1,1,1,40,6.0,5,4,1,2,5,0.0,0.0,0.0,2,5,1,110.729469299316,2,17036-82-11-1,40.0,1,1.0,2.0,4.0,0.0,0,0,1,1,1,0,1,0.0,1
17036,100,11,1,1,2,95,3.0,4, , , , ,0.0,0.0,0.0,2,5,1,110.729469299316,1,17036-100-11-1,95.0,1,,,,0.0,0,0,0,1,1,0,0,0.0,0
17037,44,11,1,1,1,88,4.0,5, , , , ,0.0,0.0,0.0,2,2,1,245.843017578125,2,17037-44-11-1,88.0,1,,,,0.0,0,0,0,1,1,0,0,0.0,0
17037,88,11,1,1,1,57,6.0,5,2,3, ,1,0.0,0.0,0.0,2,2,1,245.843017578125,1,17037-88-11-1,57.0,1,3.0,,2.0,1.0,0,0,0,1,1,0,0,1.0,0
17037,111,11,1,1,1,61,6.0,5,4,3,7,1,0.0,0.0,0.0,2,2,1,245.843017578125,2,17037-111-11-1,61.0,1,3.0,7.0,4.0,1.0,0,0,0,1,1,0,0,1.0,0
17038,66,11,1,1,1,43,6.0,5,2,3, ,1,0.0,8.0,0.0,2,5,1,262.759490966797,6,17038-66-11-1,43.0,1,3.0,,2.0,1.0,0,1,0,1,1,0,0,1.0,0
17038,104,11,1,1,2,87,3.0,3, , , , ,0.0,0.0,0.0,2,5,1,262.759490966797,2,17038-104-11-1,87.0,1,,,,0.0,0,0,0,1,1,0,0,0.0,0
17038,123,11,1,1,2,47,7.0,1, , , , ,0.0,0.0,0.0,2,5,1,262.759490966797,5,17038-123-11-1,47.0,1,,,,0.0,0,0,0,1,1,0,0,0.0,0
17039,35,11,1,1,2,41,6.0,5,4,1,2,4,0.0,8.0,0.0,2,2,1,252.901931762695,6,17039-35-11-1,41.0,1,1.0,2.0,4.0,0.0,0,1,0,1,1,0,0,0.0,0
17039,56,11,1,1,2,33,7.0,1,4,1,2,4,0.0,0.0,0.0,2,2,1,252.901931762695,4,17039-56-11-1,33.0,1,1.0,2.0,4.0,0.0,0,0,0,1,1,0,0,0.0,0
17039,100,11,1,1,2,58,6.0,5, , , , ,0.0,0.0,0.0,2,2,1,252.901931762695,6,17039-100-11-1,58.0,1,,,,0.0,0,0,0,1,1,0,0,0.0,0
17039,121,11,1,1,2,48,4.0,0,4,1,2,4,0.0,0.0,0.0,2,2,2,252.901931762695,3,17039-121-11-1,48.0,1,1.0,2.0,4.0,0.0,0,0,0,1,1,0,0,0.0,0
17039,165,11,1,1,1,59,1.0, ,2,3, ,1,0.0,0.0,0.0,2,2,1,252.901931762695,1,17039-165-11-1,59.0,1,3.0,,2.0,1.0,0,0,0,1,1,0,0,1.0,0
17040,39,11,1,1,1,44,5.0,3,2,3, ,1,0.0,0.0,0.0,2,4,1,245.843017578125,5,17040-39-11-1,44.0,1,3.0,,2.0,1.0,0,0,0,1,1,0,0,1.0,0
17040,71,11,1,1,2,71,4.0,5,2,3, ,1,0.0,0.0,0.0,2,4,1,245.843017578125,3,17040-71-11-1,71.0,1,3.0,,2.0,1.0,0,0,0,1,1,0,0,1.0,0
17040,86,11,1,1,2,66,4.0,5, , , , ,0.0,0.0,0.0,2,4,1,245.843017578125,2,17040-86-11-1,66.0,1,,,,0.0,0,0,0,1,1,0,0,0.0,0
17040,115,11,1,1,2,48,7.0,2,4,1,2,4,0.0,8.0,0.0,2,4,1,245.843017578125,2,17040-115-11-1,48.0,1,1.0,2.0,4.0,0.0,0,1,0,1,1,0,0,0.0,0
17041,48,11,1,1,1,62,8.0,3,1,3, ,1,0.0,0.0,0.0,2,5,1,252.901931762695,4,17041-48-11-1,62.0,1,3.0,,1.0,1.0,0,0,0,1,1,0,0,1.0,0
17041,91,11,1,1,1,82,4.0,5,5,3,7,1,0.0,0.0,0.0,2,5,1,252.901931762695,3,17041-91-11-1,82.0,1,3.0,7.0,5.0,1.0,0,0,0,1,1,0,0,1.0,0
17042,29,11,1,1,2,62,6.0,5,3,1,1,1,0.0,0.0,0.0,2,5,1,256.725830078125,3,17042-29-11-1,62.0,1,1.0,1.0,3.0,0.0,0,0,0,1,1,0,0,0.0,0
17042,78,11,1,1,1,53,9.0,3,2,2, ,1,0.0,8.0,0.0,2,5,1,256.725830078125,3,17042-78-11-1,53.0,1,2.0,,2.0,0.0,0,1,0,1,1,0,0,0.0,0
17042,129,11,1,1,2,35,6.0,5,2,3, ,1,0.0,8.0,0.0,2,5,1,256.725830078125,3,17042-129-11-1,35.0,1,3.0,,2.0,1.0,0,1,0,1,1,0,0,1.0,0
17042,145,11,1,1,1,49,6.0,5,4,3,7,1,0.0,8.0,0.0,2,5,1,256.725830078125,3,17042-145-11-1,49.0,1,3.0,7.0,4.0,1.0,0,1,0,1,1,0,0,1.0,0
17043,11,11,1,1,1,34,6.0,5,4,3,7,1,0.0,8.0,0.0,2,2,1,262.759490966797,4,17043-11-11-1,34.0,1,3.0,7.0,4.0,1.0,0,1,0,1,1,0,0,1.0,0
17043,65,11,1,1,2,37,10.0,5,5,1,7,1,0.0,8.0,0.0,2,2,1,262.759490966797,3,17043-65-11-1,37.0,1,1.0,7.0,5.0,1.0,0,1,1,1,1,0,1,1.0,1
17043,83,11,1,1,1,35,5.0,4,4,2,2,1,0.0,8.0,0.0,2,2,1,262.759490966797,5,17043-83-11-1,35.0,1,2.0,2.0,4.0,0.0,0,1,0,1,1,0,0,0.0,0
17044,2,11,1,1,2,66,3.0,3, , , , ,0.0,0.0,0.0,2,5,2,256.725830078125,3,17044-2-11-1,66.0,1,,,,0.0,0,0,0,1,1,0,0,0.0,0
17044,24,11,1,1,2,82,4.0,5, , , , ,0.0,0.0,0.0,2,5,1,256.725830078125,2,17044-24-11-1,82.0,1,,,,0.0,0,0,0,1,1,0,0,0.0,0
17044,45,11,1,1,2,27,7.0,1, , , , ,0.0,0.0,0.0,2,5,2,256.725830078125,4,17044-45-11-1,27.0,1,,,,0.0,0,0,0,1,1,0,0,0.0,0
17044,66,11,1,1,1,63,6.0,5, , , , ,0.0,0.0,0.0,2,5,1,256.725830078125,4,17044-66-11-1,63.0,1,,,,0.0,0,0,0,1,1,0,0,0.0,0
17044,79,11,1,1,1,86,4.0,5, , , , ,0.0,0.0,0.0,2,5,2,256.725830078125,1,17044-79-11-1,86.0,1,,,,0.0,0,0,0,1,1,0,0,0.0,0
17044,90,11,1,1,1,84,10.0,5,1,3, ,1,0.0,0.0,0.0,2,5,1,256.725830078125,3,17044-90-11-1,84.0,1,3.0,,1.0,1.0,0,0,0,1,1,0,0,1.0,0
17045,13,11,1,1,1,83,11.0,2, , , , ,0.0,0.0,0.0,2,2,1,260.458312988281,2,17045-13-11-1,83.0,1,,,,0.0,0,0,0,1,1,0,0,0.0,0
17045,56,11,1,1,1,84,8.0,3, , , , ,0.0,0.0,0.0,2,2,2,260.458312988281,1,17045-56-11-1,84.0,1,,,,0.0,0,0,0,1,1,0,0,0.0,0
17046,9,11,1,1,1,72,5.0,2,2,2, ,1,0.0,0.0,0.0,2,2,1,252.901931762695,3,17046-9-11-1,72.0,1,2.0,,2.0,0.0,0,0,0,1,1,0,0,0.0,0
17046,38,11,1,1,2,33,6.0,5,6, ,7,1,0.0,8.0,0.0,2,2,2,252.901931762695,4,17046-38-11-1,33.0,1,,7.0,6.0,1.0,0,1,0,1,1,0,0,1.0,0
17046,71,11,1,1,2,72,8.0,3, , , , ,0.0,0.0,0.0,2,2,1,252.901931762695,3,17046-71-11-1,72.0,1,,,,0.0,0,0,0,1,1,0,0,0.0,0
17046,95,11,1,1,2,43,6.0,5,5,1,7,1,0.0,8.0,0.0,2,2,1,252.901931762695,4,17046-95-11-1,43.0,1,1.0,7.0,5.0,1.0,0,1,0,1,1,0,0,1.0,0
17046,105,11,1,1,2,49,6.0,5,4,2,7,1,0.0,8.0,0.0,2,2,1,252.901931762695,3,17046-105-11-1,49.0,1,2.0,7.0,4.0,1.0,0,1,0,1,1,0,0,1.0,0
17047,27,11,1,1,1,69,8.0,3, , , , ,0.0,0.0,0.0,2,2,1,279.305725097656,5,17047-27-11-1,69.0,1,,,,0.0,0,0,0,1,1,0,0,0.0,0
17047,62,11,1,1,1,57,5.0,3,4,2,2,1,0.0,0.0,0.0,2,2,2,279.305725097656,1,17047-62-11-1,57.0,1,2.0,2.0,4.0,0.0,0,0,0,1,1,0,0,0.0,0
17047,97,11,1,1,2,62,9.0,3,2,3, ,1,0.0,8.0,0.0,2,2,1,279.305725097656,1,17047-97-11-1,62.0,1,3.0,,2.0,1.0,0,1,0,1,1,0,0,1.0,0
17047,115,11,1,1,1,35,6.0,5,4,3,7,1,0.0,8.0,0.0,2,2,1,279.305725097656,5,17047-115-11-1,35.0,1,3.0,7.0,4.0,1.0,0,1,0,1,1,0,0,1.0,0
17048,60,11,1,1,1,64,6.0,5,2,3, ,1,0.0,8.0,0.0,2,4,1,269.367828369141,1,17048-60-11-1,64.0,1,3.0,,2.0,1.0,0,1,0,1,1,0,0,1.0,0
17048,77,12,1,1,1,76,5.0,3, , , , ,0.0,0.0,0.0,2,4,1,269.367828369141,3,17048-77-12-1,76.0,1,,,,0.0,0,0,0,1,1,0,0,0.0,0
17048,77,22,1,1,1,31,6.0,5,2,3, ,1,0.0,8.0,0.0,2,4,1,269.367828369141,3,17048-77-22-1,31.0,1,3.0,,2.0,1.0,0,1,0,1,1,0,0,1.0,0
17048,111,11,1,1,2,52,6.0,5, , , , ,0.0,8.0,0.0,2,4,1,269.367828369141,5,17048-111-11-1,52.0,1,,,,0.0,0,1,0,1,1,0,0,0.0,0
17049,1,11,1,1,1,66,6.0,5,2,3, ,1,0.0,0.0,0.0,2,4,1,256.725830078125,2,17049-1-11-1,66.0,1,3.0,,2.0,1.0,0,0,0,1,1,0,0,1.0,0
17049,124,11,1,1,1,41,6.0,5,4,1,2,2,0.0,0.0,0.0,2,4,1,256.725830078125,5,17049-124-11-1,41.0,1,1.0,2.0,4.0,0.0,0,0,0,1,1,0,0,0.0,0
17049,149,11,1,1,1,45,5.0,4,4,1,1,4,0.0,0.0,0.0,2,4,1,256.725830078125,7,17049-149-11-1,45.0,1,1.0,1.0,4.0,0.0,0,0,0,1,1,0,0,0.0,0
17049,173,11,1,1,2,80,1.0, , , , , ,0.0,0.0,0.0,2,4,1,256.725830078125,2,17049-173-11-1,80.0,1,,,,0.0,0,0,0,1,1,0,0,0.0,0
17049,197,11,1,1,1,61,6.0,5,4,3,7,1,0.0,0.0,0.0,2,4,1,256.725830078125,8,17049-197-11-1,61.0,1,3.0,7.0,4.0,1.0,0,0,0,1,1,0,0,1.0,0
17050,2,11,1,1,1,54,6.0,5,4,1,2,4,0.0,0.0,0.0,2,5,1,245.843017578125,3,17050-2-11-1,54.0,1,1.0,2.0,4.0,0.0,0,0,0,1,1,0,0,0.0,0
17050,18,11,1,1,1,53,6.0,5,4,3,7,1,0.0,0.0,0.0,2,5,1,245.843017578125,4,17050-18-11-1,53.0,1,3.0,7.0,4.0,1.0,0,0,0,1,1,0,0,1.0,0
17050,80,11,1,1,1,49,6.0,5,2,3, ,1,0.0,0.0,0.0,2,5,1,245.843017578125,1,17050-80-11-1,49.0,1,3.0,,2.0,1.0,0,0,0,1,1,0,0,1.0,0
17050,96,11,1,1,1,39,4.0,0,4,1,2,5,0.0,0.0,0.0,2,5,1,245.843017578125,1,17050-96-11-1,39.0,1,1.0,2.0,4.0,0.0,0,0,0,1,1,0,0,0.0,0
17051,38,11,1,1,2,32,8.0,4, , , , ,0.0,8.0,0.0,2,2,1,262.759490966797,3,17051-38-11-1,32.0,1,,,,0.0,0,1,1,1,1,0,1,0.0,1
17051,91,11,1,1,1,41,8.0,3,2,3, ,1,0.0,8.0,0.0,2,2,1,262.759490966797,4,17051-91-11-1,41.0,1,3.0,,2.0,1.0,0,1,0,1,1,0,0,1.0,0
17052,11,11,1,1,2,76,6.0,5, , , , ,0.0,0.0,0.0,2,4,1,245.843017578125,5,17052-11-11-1,76.0,1,,,,0.0,0,0,0,1,1,0,0,0.0,0
17052,31,11,1,1,1,52,6.0,5,4,1,2,3,0.0,0.0,0.0,2,4,1,245.843017578125,5,17052-31-11-1,52.0,1,1.0,2.0,4.0,0.0,0,0,0,1,1,0,0,0.0,0
17052,70,11,1,1,1,66,11.0,2,2,2, ,1,0.0,8.0,0.0,2,4,1,245.843017578125,5,17052-70-11-1,66.0,1,2.0,,2.0,0.0,0,1,0,1,1,0,0,0.0,0
17052,110,12,1,1,1,72,6.0,5, , , , ,0.0,0.0,0.0,2,4,2,245.843017578125,3,17052-110-12-1,72.0,1,,,,0.0,0,0,0,1,1,0,0,0.0,0
17052,110,22,1,1,1,34,6.0,5,4, ,5,5,0.0,8.0,0.0,2,4,1,245.843017578125,6,17052-110-22-1,34.0,1,,5.0,4.0,0.0,0,1,0,1,1,0,0,0.0,0
17052,130,12,1,1,1,74,6.0,5,2,3, ,1,0.0,0.0,0.0,2,4,1,245.843017578125,2,17052-130-12-1,74.0,1,3.0,,2.0,1.0,0,0,0,1,1,0,0,1.0,0
17052,130,22,1,1,1,26,7.0,1,2,3, ,1,0.0,8.0,0.0,2,4,1,245.843017578125,3,17052-130-22-1,26.0,1,3.0,,2.0,1.0,0,1,0,1,1,0,0,1.0,0
17053,11,11,1,1,1,47,8.0,3,4, ,1,5,0.0,0.0,0.0,2,4,1,252.901931762695,6,17053-11-11-1,47.0,1,,1.0,4.0,0.0,0,0,0,1,1,0,0,0.0,0
17053,26,11,1,1,2,58,10.0,5,3, ,1,5,0.0,8.0,0.0,2,4,1,252.901931762695,2,17053-26-11-1,58.0,1,,1.0,3.0,0.0,0,1,0,1,1,0,0,0.0,0
17053,67,11,1,1,1,30,6.0,5,2,3, ,1,0.0,8.0,0.0,2,4,1,252.901931762695,1,17053-67-11-1,30.0,1,3.0,,2.0,1.0,0,1,0,1,1,0,0,1.0,0
17054,4,11,1,1,1,44,8.0,3,2,2, ,1,0.0,0.0,0.0,2,4,1,266.134216308594,2,17054-4-11-1,44.0,1,2.0,,2.0,0.0,0,0,0,1,1,0,0,0.0,0
17054,22,11,1,1,2,48,8.0,3, , , , ,0.0,8.0,0.0,2,4,1,266.134216308594,3,17054-22-11-1,48.0,1,,,,0.0,0,1,0,1,1,0,0,0.0,0
17054,39,11,1,1,1,51,6.0,5,2,3, ,1,0.0,0.0,0.0,2,4,1,266.134216308594,4,17054-39-11-1,51.0,1,3.0,,2.0,1.0,0,0,0,1,1,0,0,1.0,0
17054,109,11,1,1,1,36,5.0,2,5,2,7,1,0.0,8.0,0.0,2,4,1,266.134216308594,4,17054-109-11-1,36.0,1,2.0,7.0,5.0,1.0,0,1,0,1,1,0,0,1.0,0
17055,7,11,1,1,1,47,6.0,5,4,3,7,1,0.0,0.0,0.0,2,2,1,256.725830078125,5,17055-7-11-1,47.0,1,3.0,7.0,4.0,1.0,0,0,0,1,1,0,0,1.0,0
17055,30,11,1,1,2,46,6.0,5,2,3, ,1,0.0,0.0,0.0,2,2,1,256.725830078125,3,17055-30-11-1,46.0,1,3.0,,2.0,1.0,0,0,0,1,1,0,0,1.0,0
17055,60,11,1,1,1,29,6.0,5,2,3, ,1,0.0,0.0,0.0,2,2,2,256.725830078125,3,17055-60-11-1,29.0,1,3.0,,2.0,1.0,0,0,0,1,1,0,0,1.0,0
17055,89,11,1,1,1,55,6.0,5,4,3,7,1,0.0,8.0,0.0,2,2,1,256.725830078125,3,17055-89-11-1,55.0,1,3.0,7.0,4.0,1.0,0,1,0,1,1,0,0,1.0,0
17056,3,11,1,1,1,44,6.0,5,4,1,1,2,0.0,0.0,0.0,2,5,1,262.759490966797,4,17056-3-11-1,44.0,1,1.0,1.0,4.0,0.0,0,0,0,1,1,0,0,0.0,0
17056,24,11,1,1,1,37,7.0,1,4,3,7,1,0.0,8.0,0.0,2,5,1,262.759490966797,4,17056-24-11-1,37.0,1,3.0,7.0,4.0,1.0,0,1,0,1,1,0,0,1.0,0
17056,66,11,1,1,2,74,1.0, , , , , ,0.0,0.0,0.0,2,5,1,262.759490966797,2,17056-66-11-1,74.0,1,,,,0.0,0,0,0,1,1,0,0,0.0,0
17056,87,11,1,1,1,60,6.0,5,4,3,7,1,0.0,0.0,0.0,2,5,1,262.759490966797,2,17056-87-11-1,60.0,1,3.0,7.0,4.0,1.0,0,0,0,1,1,0,0,1.0,0
17056,107,11,1,1,2,56,8.0,3,4, ,1,5,0.0,0.0,0.0,2,5,1,262.759490966797,4,17056-107-11-1,56.0,1,,1.0,4.0,0.0,0,0,1,1,1,0,1,0.0,1
17056,128,11,1,1,2,66,1.0, ,2,3, ,1,0.0,0.0,0.0,2,5,1,262.759490966797,1,17056-128-11-1,66.0,1,3.0,,2.0,1.0,0,0,0,1,1,0,0,1.0,0
17058,12,11,1,1,2,80,4.0,5, , , , ,0.0,0.0,0.0,2,2, ,256.725830078125,3,17058-12-11-1,80.0,1,,,,0.0,0,0,0,1,1,0,0,0.0,0
17058,65,11,1,1,2,57,4.0,0,2,3, ,1,0.0,0.0,0.0,2,2, ,256.725830078125,3,17058-65-11-1,57.0,1,3.0,,2.0,1.0,0,0,0,1,1,0,0,1.0,0
17058,100,11,1,1,1,67,6.0,5, , , , ,0.0,0.0,0.0,2,2, ,256.725830078125,3,17058-100-11-1,67.0,1,,,,0.0,0,0,0,1,1,0,0,0.0,0
17058,118,11,1,1,1,60,6.0,5, , , , ,0.0,8.0,0.0,2,2, ,256.725830078125,8,17058-118-11-1,60.0,1,,,,0.0,0,1,0,1,1,0,0,0.0,0
17059,2,11,1,1,2,48,6.0,5,4,3,7,1,0.0,8.0,0.0,2,4, ,269.367828369141,6,17059-2-11-1,48.0,1,3.0,7.0,4.0,1.0,0,1,0,1,1,0,0,1.0,0
17059,13,11,1,1,1,67,5.0,2,4,3,7,1,0.0,0.0,0.0,2,4, ,269.367828369141,2,17059-13-11-1,67.0,1,3.0,7.0,4.0,1.0,0,0,0,1,1,0,0,1.0,0
17059,34,11,1,1,1,44,6.0,5,4,2,7,1,0.0,8.0,0.0,2,4, ,269.367828369141,6,17059-34-11-1,44.0,1,2.0,7.0,4.0,1.0,0,1,1,1,1,0,1,1.0,1
17059,46,11,1,1,1,39,6.0,5,2,3, ,1,0.0,8.0,0.0,2,4, ,269.367828369141,5,17059-46-11-1,39.0,1,3.0,,2.0,1.0,0,1,0,1,1,0,0,1.0,0
17059,58,11,1,1,2,42,6.0,5, , , , ,0.0,0.0,0.0,2,4, ,269.367828369141,5,17059-58-11-1,42.0,1,,,,0.0,0,0,1,1,1,0,1,0.0,1
17059,69,11,1,1,2,34,5.0,2, , , , ,0.0,0.0,0.0,2,4, ,269.367828369141,4,17059-69-11-1,34.0,1,,,,0.0,0,0,0,1,1,0,0,0.0,0
17060,6,11,1,1,1,33,6.0,5,4,2,2,3,0.0,8.0,0.0,2,2, ,256.725830078125,5,17060-6-11-1,33.0,1,2.0,2.0,4.0,0.0,0,1,0,1,1,0,0,0.0,0
17060,71,11,1,1,1,66,5.0,1,5,3,7,1,0.0,0.0,0.0,2,2, ,256.725830078125,3,17060-71-11-1,66.0,1,3.0,7.0,5.0,1.0,0,0,0,1,1,0,0,1.0,0
17060,93,11,1,1,1,62,6.0,5,2,2, ,1,0.0,8.0,0.0,2,2, ,256.725830078125,5,17060-93-11-1,62.0,1,2.0,,2.0,0.0,0,1,0,1,1,0,0,0.0,0
17060,114,11,1,1,1,52,6.0,5,2,3, ,1,0.0,0.0,0.0,2,2, ,256.725830078125,2,17060-114-11-1,52.0,1,3.0,,2.0,1.0,0,0,0,1,1,0,0,1.0,0
17060,136,11,1,1,2,55,10.0,6, , , , ,0.0,0.0,0.0,2,2, ,256.725830078125,2,17060-136-11-1,55.0,1,,,,0.0,0,0,0,1,1,0,0,0.0,0
17061,8,11,1,1,1,23,7.0,2,4,2,7,1,0.0,8.0,0.0,2,2, ,262.759490966797,2,17061-8-11-1,23.0,1,2.0,7.0,4.0,1.0,0,1,0,1,1,0,0,1.0,0
17061,26,11,1,1,1,53,6.0,5,4,1,2,3,0.0,8.0,0.0,2,2, ,262.759490966797,4,17061-26-11-1,53.0,1,1.0,2.0,4.0,0.0,0,1,0,1,1,0,0,0.0,0
17061,42,11,1,1,2,68,3.0,2,2,3, ,1,0.0,0.0,0.0,2,2, ,262.759490966797,1,17061-42-11-1,68.0,1,3.0,,2.0,1.0,0,0,0,1,1,0,0,1.0,0
17061,58,11,1,1,1,40,6.0,5,4,1,2,5,0.0,8.0,0.0,2,2, ,262.759490966797,8,17061-58-11-1,40.0,1,1.0,2.0,4.0,0.0,0,1,0,1,1,0,0,0.0,0
17061,93,11,1,1,1,24,7.0,1,2,3, ,1,0.0,8.0,0.0,2,2, ,262.759490966797,3,17061-93-11-1,24.0,1,3.0,,2.0,1.0,0,1,0,1,1,0,0,1.0,0
17062,12,11,1,1,1,43,6.0,5,2,3, ,1,0.0,0.0,0.0,2,2, ,245.843017578125,6,17062-12-11-1,43.0,1,3.0,,2.0,1.0,0,0,0,1,1,0,0,1.0,0
17062,27,11,1,1,2,41,8.0,3,4,2,7,1,0.0,8.0,0.0,2,2, ,245.843017578125,3,17062-27-11-1,41.0,1,2.0,7.0,4.0,1.0,0,1,0,1,1,0,0,1.0,0
17062,55,11,1,1,1,19,5.0,2,4,2,7,1,0.0,0.0,0.0,2,2, ,245.843017578125,3,17062-55-11-1,19.0,1,2.0,7.0,4.0,1.0,0,0,0,1,1,0,0,1.0,0
17062,99,11,1,1,1,52,8.0,5,2,3, ,1,0.0,8.0,0.0,2,2, ,245.843017578125,3,17062-99-11-1,52.0,1,3.0,,2.0,1.0,0,1,0,1,1,0,0,1.0,0
17062,113,11,1,1,1,45,6.0,5,4,1,2,4,0.0,0.0,0.0,2,2, ,245.843017578125,4,17062-113-11-1,45.0,1,1.0,2.0,4.0,0.0,0,0,0,1,1,0,0,0.0,0
17063,14,11,1,1,1,38,7.0,1,4,1,2,4,0.0,8.0,0.0,2,5, ,262.759490966797,6,17063-14-11-1,38.0,1,1.0,2.0,4.0,0.0,0,1,0,1,1,0,0,0.0,0
17063,31,11,1,1,2,43,6.0,5,4,1,2,5,0.0,8.0,0.0,2,5, ,262.759490966797,3,17063-31-11-1,43.0,1,1.0,2.0,4.0,0.0,0,1,0,1,1,0,0,0.0,0
17063,81,11,1,1,1,35,8.0,3,3,2,7,1,0.0,8.0,0.0,2,5, ,262.759490966797,4,17063-81-11-1,35.0,1,2.0,7.0,3.0,1.0,0,1,1,1,1,0,1,1.0,1
17063,98,11,1,1,1,41,6.0,5,4,1,2,1,0.0,8.0,0.0,2,5, ,262.759490966797,5,17063-98-11-1,41.0,1,1.0,2.0,4.0,0.0,0,1,0,1,1,0,0,0.0,0
17063,119,11,1,1,2,48,3.0,0,4,3,7,1,0.0,0.0,0.0,2,5, ,262.759490966797,2,17063-119-11-1,48.0,1,3.0,7.0,4.0,1.0,0,0,0,1,1,0,0,1.0,0
17064,65,11,1,1,1,59,5.0,1,4,1,2,4,0.0,0.0,0.0,2,5, ,252.901931762695,3,17064-65-11-1,59.0,1,1.0,2.0,4.0,0.0,0,0,0,1,1,0,0,0.0,0
17064,84,11,1,1,2,73,3.0,1,2,3, ,1,0.0,0.0,0.0,2,5, ,252.901931762695,6,17064-84-11-1,73.0,1,3.0,,2.0,1.0,0,0,0,1,1,0,0,1.0,0
17064,123,11,1,1,2,49,6.0,5, , , , ,0.0,0.0,0.0,2,5, ,252.901931762695,2,17064-123-11-1,49.0,1,,,,0.0,0,0,0,1,1,0,0,0.0,0
17066,47,11,1,1,2,75,3.0,3, , , , ,0.0,0.0,0.0,2,4, ,245.843017578125,1,17066-47-11-1,75.0,1,,,,0.0,0,0,0,1,1,0,0,0.0,0
17066,87,11,1,1,1,29,6.0,5,4,1,2,5,0.0,0.0,0.0,2,4, ,245.843017578125,3,17066-87-11-1,29.0,1,1.0,2.0,4.0,0.0,0,0,0,1,1,0,0,0.0,0
17066,107,11,1,1,2,27,6.0,5,3,1,7,1,0.0,0.0,0.0,2,4, ,245.843017578125,2,17066-107-11-1,27.0,1,1.0,7.0,3.0,1.0,0,0,0,1,1,0,0,1.0,0
17066,128,11,1,1,1,33,5.0,3,4,1,2,3,0.0,8.0,0.0,2,4, ,245.843017578125,2,17066-128-11-1,33.0,1,1.0,2.0,4.0,0.0,0,1,0,1,1,0,0,0.0,0
17070,41,11,1,1,1,32,7.0,1,4,1,7,4,0.0,8.0,0.0,2,7,2,58.4958992004395,4,17070-41-11-1,32.0,1,1.0,7.0,4.0,1.0,0,1,0,1,1,0,0,1.0,0
17070,97,11,1,1,2,26,6.0,5,2,3, ,1,0.0,8.0,0.0,2,7,1,58.4958992004395,3,17070-97-11-1,26.0,1,3.0,,2.0,1.0,0,1,0,1,1,0,0,1.0,0
17070,98,11,1,1,2,77,1.0, ,2,3, ,1,0.0,0.0,0.0,2,7,1,58.4958992004395,1,17070-98-11-1,77.0,1,3.0,,2.0,1.0,0,0,0,1,1,0,0,1.0,0
17070,99,11,1,1,1,56,4.0,0,4,3,7,1,0.0,0.0,0.0,2,7,1,58.4958992004395,5,17070-99-11-1,56.0,1,3.0,7.0,4.0,1.0,0,0,0,1,1,0,0,1.0,0
17070,100,11,1,1,2,50,5.0,4,5,3,7,1,0.0,0.0,0.0,2,7,1,58.4958992004395,3,17070-100-11-1,50.0,1,3.0,7.0,5.0,1.0,0,0,0,1,1,0,0,1.0,0
17079,33,11,1,1,1,58,6.0,5,4,3,7,1,0.0,0.0,0.0,2,7,1,60.7330932617188,2,17079-33-11-1,58.0,1,3.0,7.0,4.0,1.0,0,0,0,1,1,0,0,1.0,0
17079,34,11,1,1,1,49,6.0,5,3, ,1,5,0.0,8.0,0.0,2,7,1,60.7330932617188,3,17079-34-11-1,49.0,1,,1.0,3.0,0.0,0,1,1,1,1,0,1,0.0,1
17079,35,11,1,1,1,66,3.0,1,4,3,7,1,0.0,0.0,0.0,2,7,1,60.7330932617188,6,17079-35-11-1,66.0,1,3.0,7.0,4.0,1.0,0,0,0,1,1,0,0,1.0,0
17079,36,11,1,1,1,53,6.0,5,4,1,2,3,0.0,0.0,0.0,2,7,1,60.7330932617188,2,17079-36-11-1,53.0,1,1.0,2.0,4.0,0.0,0,0,1,1,1,0,1,0.0,1
17079,160,11,1,1,1,62,6.0,5,4,3,7,1,0.0,0.0,0.0,2,7,1,60.7330932617188,1,17079-160-11-1,62.0,1,3.0,7.0,4.0,1.0,0,0,0,1,1,0,0,1.0,0
17079,161,11,1,1,1,59,4.0,5,4,3,7,1,0.0,0.0,0.0,2,7,1,60.7330932617188,2,17079-161-11-1,59.0,1,3.0,7.0,4.0,1.0,0,0,0,1,1,0,0,1.0,0
17079,162,11,1,1,1,68,4.0,5,4,3,7,1,0.0,0.0,0.0,2,7,1,60.7330932617188,2,17079-162-11-1,68.0,1,3.0,7.0,4.0,1.0,0,0,0,1,1,0,0,1.0,0
17079,163,11,1,1,1,35,6.0,5,4,3,7,1,0.0,0.0,0.0,2,7,1,60.7330932617188,3,17079-163-11-1,35.0,1,3.0,7.0,4.0,1.0,0,0,0,1,1,0,0,1.0,0
17081,77,11,1,1,1,27,6.0,5,3,1,1,5,0.0,8.0,0.0,2,7,1,67.3147659301758,3,17081-77-11-1,27.0,1,1.0,1.0,3.0,0.0,0,1,1,1,1,0,1,0.0,1
17081,79,11,1,1,1,40,5.0,1,4,1,2,5,0.0,8.0,0.0,2,7,1,67.3147659301758,3,17081-79-11-1,40.0,1,1.0,2.0,4.0,0.0,0,1,0,1,1,0,0,0.0,0
17081,80,11,1,1,1,58,7.0,1,2,3, ,1,0.0,0.0,0.0,2,7,1,67.3147659301758,3,17081-80-11-1,58.0,1,3.0,,2.0,1.0,0,0,0,1,1,0,0,1.0,0
17081,238,11,1,1,2,38,4.0,0,4,1,2,4,0.0,8.0,0.0,2,7,1,67.3147659301758,3,17081-238-11-1,38.0,1,1.0,2.0,4.0,0.0,0,1,0,1,1,0,0,0.0,0
17086,23,11,1,1,2,89,3.0,1, , , , ,0.0,0.0,0.0,2,7,1,58.4958992004395,1,17086-23-11-1,89.0,1,,,,0.0,0,0,0,1,1,0,0,0.0,0
17086,24,11,1,1,2,50,7.0,3, , , , ,0.0,0.0,0.0,2,7,1,58.4958992004395,3,17086-24-11-1,50.0,1,,,,0.0,0,0,0,1,1,0,0,0.0,0
17086,78,11,1,1,1,49,6.0,5,2,3, ,1,0.0,0.0,0.0,2,7,1,58.4958992004395,1,17086-78-11-1,49.0,1,3.0,,2.0,1.0,0,0,0,1,1,0,0,1.0,0
17086,84,11,1,1,2,66,6.0,5,2,3, ,1,0.0,0.0,0.0,2,7,1,58.4958992004395,1,17086-84-11-1,66.0,1,3.0,,2.0,1.0,0,0,0,1,1,0,0,1.0,0
17087,6,11,1,1,1,65,4.0,6,4,2,7,1,0.0,0.0,0.0,2,8,1,60.7330932617188,3,17087-6-11-1,65.0,1,2.0,7.0,4.0,1.0,0,0,0,1,1,0,0,1.0,0
17087,8,11,1,1,1,55,6.0,5,2,3, ,1,0.0,8.0,0.0,2,8,1,60.7330932617188,4,17087-8-11-1,55.0,1,3.0,,2.0,1.0,0,1,0,1,1,0,0,1.0,0
17087,73,11,1,1,2,75,3.0,3,2,3, ,1,0.0,0.0,0.0,2,8,1,60.7330932617188,2,17087-73-11-1,75.0,1,3.0,,2.0,1.0,0,0,0,1,1,0,0,1.0,0
17087,74,11,1,1,2,65,3.0,3,2,3, ,1,0.0,0.0,0.0,2,8,1,60.7330932617188,2,17087-74-11-1,65.0,1,3.0,,2.0,1.0,0,0,0,1,1,0,0,1.0,0
17087,75,11,1,1,1,45,3.0,0,2,3, ,1,0.0,8.0,0.0,2,8,1,60.7330932617188,4,17087-75-11-1,45.0,1,3.0,,2.0,1.0,0,1,0,1,1,0,0,1.0,0
17087,76,11,1,1,1,40,5.0,2,4,1,2,4,0.0,0.0,0.0,2,8,1,60.7330932617188,6,17087-76-11-1,40.0,1,1.0,2.0,4.0,0.0,0,0,0,1,1,0,0,0.0,0
17088,33,11,1,1,1,42,5.0,1,4,3,7,1,0.0,8.0,0.0,2,7,1,70.7902908325195,2,17088-33-11-1,42.0,1,3.0,7.0,4.0,1.0,0,1,0,1,1,0,0,1.0,0
17088,34,11,1,1,1,56,5.0,2,2,3, ,1,0.0,0.0,0.0,2,7,1,70.7902908325195,1,17088-34-11-1,56.0,1,3.0,,2.0,1.0,0,0,0,1,1,0,0,1.0,0
17088,288,11,1,1,2,86,3.0,2,2,3, ,1,0.0,0.0,0.0,2,7,1,70.7902908325195,1,17088-288-11-1,86.0,1,3.0,,2.0,1.0,0,0,0,1,1,0,0,1.0,0
17091,13,11,1,1,2,73,4.0,5, , , , ,0.0,0.0,0.0,2,8, ,58.4958992004395,1,17091-13-11-1,73.0,1,,,,0.0,0,0,0,1,1,0,0,0.0,0
17091,14,11,1,1,1,61,6.0,5,2,3, ,1,0.0,0.0,0.0,2,8, ,58.4958992004395,1,17091-14-11-1,61.0,1,3.0,,2.0,1.0,0,0,0,1,1,0,0,1.0,0
17091,15,11,1,1,2,50,5.0,4,2,3, ,1,0.0,0.0,0.0,2,8, ,58.4958992004395,3,17091-15-11-1,50.0,1,3.0,,2.0,1.0,0,0,0,1,1,0,0,1.0,0
17091,19,11,1,1,1,63,6.0,5,2,3, ,1,0.0,0.0,0.0,2,8, ,58.4958992004395,2,17091-19-11-1,63.0,1,3.0,,2.0,1.0,0,0,0,1,1,0,0,1.0,0
17091,29,11,1,1,1,53,4.0,0,4, ,5,5,0.0,0.0,0.0,2,8, ,58.4958992004395,1,17091-29-11-1,53.0,1,,5.0,4.0,0.0,0,0,0,1,1,0,0,0.0,0
17091,31,11,1,1,1,85,3.0,0,2,3, ,1,0.0,0.0,0.0,2,8, ,58.4958992004395,1,17091-31-11-1,85.0,1,3.0,,2.0,1.0,0,0,0,1,1,0,0,1.0,0
17092,8,11,1,1,2,33,5.0,1,4,3,7,2,0.0,0.0,0.0,2,6, ,67.3147659301758,2,17092-8-11-1,33.0,1,3.0,7.0,4.0,1.0,0,0,1,1,1,0,1,1.0,1
17092,39,11,1,1,2,33,5.0,1,4,3,7,2,0.0,0.0,0.0,2,6, ,67.3147659301758,3,17092-39-11-1,33.0,1,3.0,7.0,4.0,1.0,0,0,0,1,1,0,0,1.0,0
17092,52,11,1,1,2,49,6.0,5,4,3,7,2,0.0,0.0,0.0,2,6, ,67.3147659301758,1,17092-52-11-1,49.0,1,3.0,7.0,4.0,1.0,0,0,0,1,1,0,0,1.0,0
17092,61,11,1,1,2,44,5.0,1,4,3,7,1,0.0,0.0,0.0,2,6, ,67.3147659301758,4,17092-61-11-1,44.0,1,3.0,7.0,4.0,1.0,0,0,0,1,1,0,0,1.0,0
17092,74,11,1,1,1,39,6.0,5,4,3,7,2,0.0,0.0,0.0,2,6, ,67.3147659301758,2,17092-74-11-1,39.0,1,3.0,7.0,4.0,1.0,0,0,0,1,1,0,0,1.0,0
17092,83,11,1,1,1,35,6.0,5,1,3, ,1,0.0,8.0,0.0,2,6, ,67.3147659301758,6,17092-83-11-1,35.0,1,3.0,,1.0,1.0,0,1,0,1,1,0,0,1.0,0
17092,93,11,1,1,1,44,3.0,0,4,1,2,2,0.0,0.0,0.0,2,6, ,67.3147659301758,5,17092-93-11-1,44.0,1,1.0,2.0,4.0,0.0,0,0,0,1,1,0,0,0.0,0
17093,78,11,1,1,1,30,6.0,5,4,1,2,5,0.0,8.0,0.0,2,7, ,60.7330932617188,3,17093-78-11-1,30.0,1,1.0,2.0,4.0,0.0,0,1,0,1,1,0,0,0.0,0
17093,79,11,1,1,1,51,6.0,5,2,3, ,1,0.0,0.0,0.0,2,7, ,60.7330932617188,4,17093-79-11-1,51.0,1,3.0,,2.0,1.0,0,0,0,1,1,0,0,1.0,0
17093,80,11,1,1,2,63,1.0, ,2,3, ,1,0.0,0.0,0.0,2,7, ,60.7330932617188,3,17093-80-11-1,63.0,1,3.0,,2.0,1.0,0,0,0,1,1,0,0,1.0,0
17093,176,11,1,1,1,57,5.0,1,3,1,1,1,0.0,0.0,0.0,2,7, ,60.7330932617188,5,17093-176-11-1,57.0,1,1.0,1.0,3.0,0.0,0,0,0,1,1,0,0,0.0,0
17093,178,11,1,1,2,42,6.0,5,2,3, ,1,0.0,0.0,0.0,2,7, ,60.7330932617188,5,17093-178-11-1,42.0,1,3.0,,2.0,1.0,0,0,0,1,1,0,0,1.0,0
17093,180,11,1,1,2,78,1.0, ,2,3, ,1,0.0,0.0,0.0,2,7, ,60.7330932617188,1,17093-180-11-1,78.0,1,3.0,,2.0,1.0,0,0,0,1,1,0,0,1.0,0
17095,43,11,1,1,1,85,4.0,5,2,3, ,1,0.0,0.0,0.0,5,8, ,75.555534362793,1,17095-43-11-1,85.0,1,3.0,,2.0,1.0,0,0,0,1,1,0,0,1.0,0
17095,44,11,1,1,2,32,5.0,2,2,3, ,1,0.0,0.0,0.0,5,8, ,75.555534362793,7,17095-44-11-1,32.0,1,3.0,,2.0,1.0,0,0,0,1,1,0,0,1.0,0
17095,99,11,1,1,1,68,4.0,5,2,3, ,1,0.0,0.0,0.0,5,8, ,75.555534362793,2,17095-99-11-1,68.0,1,3.0,,2.0,1.0,0,0,0,1,1,0,0,1.0,0
17095,100,11,1,1,2,68,1.0, ,2,3, ,1,0.0,0.0,0.0,5,8, ,75.555534362793,1,17095-100-11-1,68.0,1,3.0,,2.0,1.0,0,0,0,1,1,0,0,1.0,0
17095,101,11,1,1,1,47,4.0,0,2,3, ,1,0.0,8.0,0.0,5,8, ,75.555534362793,1,17095-101-11-1,47.0,1,3.0,,2.0,1.0,0,1,0,1,1,0,0,1.0,0
17095,102,11,1,1,1,69,3.0,4,2,3, ,1,0.0,0.0,0.0,5,8, ,75.555534362793,1,17095-102-11-1,69.0,1,3.0,,2.0,1.0,0,0,0,1,1,0,0,1.0,0
17096,28,11,1,1,1,82,4.0,5, , , , ,0.0,8.0,0.0,5,2,1,109.454208374023,6,17096-28-11-1,82.0,1,,,,0.0,0,1,0,1,1,0,0,0.0,0
17096,71,11,1,1,2,45,5.0,3,2,3, ,1,0.0,0.0,0.0,5,2,1,109.454208374023,3,17096-71-11-1,45.0,1,3.0,,2.0,1.0,0,0,0,1,1,0,0,1.0,0
17096,85,11,1,1,2,67,6.0,5,2,3, ,1,0.0,0.0,0.0,5,2,1,109.454208374023,3,17096-85-11-1,67.0,1,3.0,,2.0,1.0,0,0,0,1,1,0,0,1.0,0
17096,99,11,1,1,2,92,3.0,3, , , , ,0.0,0.0,0.0,5,2,1,109.454208374023,1,17096-99-11-1,92.0,1,,,,0.0,0,0,0,1,1,0,0,0.0,0
17096,126,11,1,1,1,65,7.0,1, , , , ,0.0,0.0,0.0,5,2,1,109.454208374023,5,17096-126-11-1,65.0,1,,,,0.0,0,0,0,1,1,0,0,0.0,0
17114,66,11,1,1,2,33,8.0,3, , , , ,0.0,8.0,0.0,5,2,1,271.202392578125,4,17114-66-11-1,33.0,1,,,,0.0,0,1,0,1,1,0,0,0.0,0
17114,113,11,1,1,1,70,4.0,5, , , , ,0.0,0.0,0.0,5,2,1,271.202392578125,2,17114-113-11-1,70.0,1,,,,0.0,0,0,0,1,1,0,0,0.0,0
17136,9,11,1,1,2,64,1.0, , , , , ,0.0,0.0,0.0,5,2,1,37.5068511962891,2,17136-9-11-1,64.0,1,,,,0.0,0,0,0,1,1,0,0,0.0,0
17136,26,11,1,1,1,68,11.0,2,3, ,1,5,0.0,0.0,0.0,5,2,1,37.5068511962891,2,17136-26-11-1,68.0,1,,1.0,3.0,0.0,0,0,0,1,1,0,0,0.0,0
17136,44,11,1,1,1,53,6.0,5, , , , ,0.0,0.0,0.0,5,2,1,37.5068511962891,4,17136-44-11-1,53.0,1,,,,0.0,0,0,0,1,1,0,0,0.0,0
17136,57,11,1,1,1,76,8.0,3, , , , ,0.0,0.0,0.0,5,2,1,37.5068511962891,1,17136-57-11-1,76.0,1,,,,0.0,0,0,0,1,1,0,0,0.0,0
17136,97,11,1,1,2,57,8.0,3, , , , ,0.0,8.0,0.0,5,2,1,37.5068511962891,2,17136-97-11-1,57.0,1,,,,0.0,0,1,0,1,1,0,0,0.0,0
17136,132,11,1,1,2,88,6.0,5, , , , ,0.0,0.0,0.0,5,2,1,37.5068511962891,1,17136-132-11-1,88.0,1,,,,0.0,0,0,0,1,1,0,0,0.0,0
17136,147,11,1,1,1,76,8.0,3, , , , ,0.0,0.0,0.0,5,2,1,37.5068511962891,2,17136-147-11-1,76.0,1,,,,0.0,0,0,0,1,1,0,0,0.0,0
17136,162,11,1,1,1,68,8.0,3,4, ,1,5,0.0,0.0,0.0,5,2,1,37.5068511962891,5,17136-162-11-1,68.0,1,,1.0,4.0,0.0,0,0,1,1,1,0,1,0.0,1
17137,40,11,1,1,1,68,10.0,5, , , , ,0.0,0.0,0.0,5,2,1,111.672508239746,3,17137-40-11-1,68.0,1,,,,0.0,0,0,0,1,1,0,0,0.0,0
17137,136,11,1,1,2,50,8.0,5, , , , ,0.0,8.0,0.0,5,2,1,111.672508239746,3,17137-136-11-1,50.0,1,,,,0.0,0,1,0,1,1,0,0,0.0,0
17138,8,11,1,1,1,60,4.0,5,2,3, ,1,0.0,0.0,0.0,5,2,1,622.70703125,4,17138-8-11-1,60.0,1,3.0,,2.0,1.0,0,0,0,1,1,0,0,1.0,0
17138,25,11,1,1,2,83,3.0,3, , , , ,0.0,0.0,0.0,5,2,1,622.70703125,1,17138-25-11-1,83.0,1,,,,0.0,0,0,0,1,1,0,0,0.0,0
17138,58,11,1,1,1,80,8.0,4, , , , ,0.0,0.0,0.0,5,2,1,622.70703125,2,17138-58-11-1,80.0,1,,,,0.0,0,0,0,1,1,0,0,0.0,0
17138,75,11,1,1,2,31,10.0,5,3,1,2,1,0.0,8.0,0.0,5,2,1,622.70703125,1,17138-75-11-1,31.0,1,1.0,2.0,3.0,0.0,0,1,0,1,1,0,0,0.0,0
17138,91,11,1,1,1,27,9.0,4, , , , ,0.0,8.0,0.0,5,2,1,622.70703125,1,17138-91-11-1,27.0,1,,,,0.0,0,1,0,1,1,0,0,0.0,0
17140,2,11,1,1,1,42,8.0,3,4,1,2,3,0.0,8.0,0.0,5,2,1,236.832992553711,3,17140-2-11-1,42.0,1,1.0,2.0,4.0,0.0,0,1,1,1,1,0,1,0.0,1
17140,43,11,1,1,2,75,10.0,5,2,3, ,1,0.0,0.0,0.0,5,2,2,236.832992553711,1,17140-43-11-1,75.0,1,3.0,,2.0,1.0,0,0,0,1,1,0,0,1.0,0
17140,83,11,1,1,1,47,5.0,2,4,3,7,1,0.0,0.0,0.0,5,2,1,236.832992553711,5,17140-83-11-1,47.0,1,3.0,7.0,4.0,1.0,0,0,0,1,1,0,0,1.0,0
17140,101,11,1,1,1,37,5.0,2,2,3, ,1,0.0,0.0,0.0,5,2,1,236.832992553711,5,17140-101-11-1,37.0,1,3.0,,2.0,1.0,0,0,0,1,1,0,0,1.0,0
17140,121,11,1,1,2,21,6.0,5,4,2,2,4,0.0,0.0,0.0,5,2,1,236.832992553711,3,17140-121-11-1,21.0,1,2.0,2.0,4.0,0.0,0,0,0,1,1,0,0,0.0,0
17140,141,11,1,1,1,59,8.0,3,4,1,7,1,0.0,0.0,0.0,5,2,1,236.832992553711,4,17140-141-11-1,59.0,1,1.0,7.0,4.0,1.0,0,0,0,1,1,0,0,1.0,0
17141,57,11,1,1,1,63,6.0,5,4,2,5,1,0.0,8.0,0.0,5,2,1,22.760082244873,3,17141-57-11-1,63.0,1,2.0,5.0,4.0,0.0,0,1,0,1,1,0,0,0.0,0
17141,103,22,1,1,2,35,8.0,3,2,3, ,1,0.0,0.0,0.0,5,2,1,22.760082244873,2,17141-103-22-1,35.0,1,3.0,,2.0,1.0,0,0,0,1,1,0,0,1.0,0
17141,114,11,1,1,2,39,11.0,2,3,1,2,5,0.0,8.0,0.0,5,2,1,22.760082244873,4,17141-114-11-1,39.0,1,1.0,2.0,3.0,0.0,0,1,1,1,1,0,1,0.0,1
17142,7,11,1,1,2,55,5.0,3,4,2,7,1,0.0,8.0,0.0,5,2,1,203.047714233398,4,17142-7-11-1,55.0,1,2.0,7.0,4.0,1.0,0,1,0,1,1,0,0,1.0,0
17142,22,11,1,1,2,68,10.0,5, , , , ,0.0,0.0,0.0,5,2,1,203.047714233398,1,17142-22-11-1,68.0,1,,,,0.0,0,0,0,1,1,0,0,0.0,0
17142,67,11,1,1,1,61,9.0,4,1,1, ,1,0.0,0.0,0.0,5,2,2,203.047714233398,4,17142-67-11-1,61.0,1,1.0,,1.0,0.0,0,0,1,1,1,0,1,0.0,1
17142,96,11,1,1,1,38,10.0,5,3,1,2,3,0.0,8.0,0.0,5,2,1,203.047714233398,6,17142-96-11-1,38.0,1,1.0,2.0,3.0,0.0,0,1,0,1,1,0,0,0.0,0
17142,142,11,1,1,2,51,3.0,0, , , , ,0.0,0.0,0.0,5,2,1,203.047714233398,1,17142-142-11-1,51.0,1,,,,0.0,0,0,0,1,1,0,0,0.0,0
17142,158,11,1,1,1,74,6.0,5,5,2,7,1,0.0,0.0,0.0,5,2,1,203.047714233398,5,17142-158-11-1,74.0,1,2.0,7.0,5.0,1.0,0,0,0,1,1,0,0,1.0,0
17143,52,11,1,1,2,55,3.0,0,2,3, ,1,0.0,0.0,0.0,5,2,1,270.913330078125,5,17143-52-11-1,55.0,1,3.0,,2.0,1.0,0,0,0,1,1,0,0,1.0,0
17143,65,11,1,1,1,67,10.0,5,3, ,1,5,0.0,0.0,0.0,5,2,1,270.913330078125,4,17143-65-11-1,67.0,1,,1.0,3.0,0.0,0,0,0,1,1,0,0,0.0,0
17143,77,11,1,1,2,86,1.0, , , , , ,0.0,0.0,0.0,5,2,1,270.913330078125,2,17143-77-11-1,86.0,1,,,,0.0,0,0,0,1,1,0,0,0.0,0
17143,99,11,1,1,1,76,6.0,5,2,2, ,1,0.0,8.0,0.0,5,2,1,270.913330078125,2,17143-99-11-1,76.0,1,2.0,,2.0,0.0,0,1,1,1,1,0,1,0.0,1
17146,75,11,1,1,2,33,6.0,5,2,3, ,1,0.0,0.0,0.0,5,2,1,203.184997558594,4,17146-75-11-1,33.0,1,3.0,,2.0,1.0,0,0,0,1,1,0,0,1.0,0
17146,107,11,1,1,1,62,10.0,5,3, ,1,5,0.0,0.0,0.0,5,2,1,203.184997558594,4,17146-107-11-1,62.0,1,,1.0,3.0,0.0,0,0,0,1,1,0,0,0.0,0
17146,138,11,1,1,1,68,10.0,5,2,2, ,1,0.0,0.0,0.0,5,2,1,203.184997558594,2,17146-138-11-1,68.0,1,2.0,,2.0,0.0,0,0,0,1,1,0,0,0.0,0
17146,155,11,1,1,1,66,6.0,5,3,1,7,4,0.0,8.0,0.0,5,2,2,203.184997558594,2,17146-155-11-1,66.0,1,1.0,7.0,3.0,1.0,0,1,0,1,1,0,0,1.0,0
17147,76,11,1,1,1,64,6.0,5,3, ,1,5,0.0,0.0,0.0,5,2,1,203.401779174805,6,17147-76-11-1,64.0,1,,1.0,3.0,0.0,0,0,0,1,1,0,0,0.0,0
17147,93,11,1,1,1,45,10.0,5,2,2, ,1,0.0,8.0,0.0,5,2,1,203.401779174805,3,17147-93-11-1,45.0,1,2.0,,2.0,0.0,0,1,0,1,1,0,0,0.0,0
17148,23,11,1,1,2,33,5.0,4,2,3, ,1,0.0,0.0,0.0,5,2, ,270.913330078125,4,17148-23-11-1,33.0,1,3.0,,2.0,1.0,0,0,0,1,1,0,0,1.0,0
17148,46,11,1,1,2,64,3.0,1,2,3, ,1,0.0,0.0,0.0,5,2, ,270.913330078125,2,17148-46-11-1,64.0,1,3.0,,2.0,1.0,0,0,0,1,1,0,0,1.0,0
17148,56,11,1,1,2,59,5.0,4,2,3, ,1,0.0,0.0,0.0,5,2, ,270.913330078125,2,17148-56-11-1,59.0,1,3.0,,2.0,1.0,0,0,0,1,1,0,0,1.0,0
17148,73,11,1,1,2,52,4.0,0,2,3, ,1,0.0,0.0,0.0,5,2, ,270.913330078125,5,17148-73-11-1,52.0,1,3.0,,2.0,1.0,0,0,0,1,1,0,0,1.0,0
17148,85,11,1,1,2,62,10.0,5, , , , ,0.0,0.0,0.0,5,2, ,270.913330078125,1,17148-85-11-1,62.0,1,,,,0.0,0,0,0,1,1,0,0,0.0,0
17149,11,11,1,1,1,25,6.0,5,4,3,7,1,0.0,0.0,0.0,5,2,1,270.730285644531,4,17149-11-11-1,25.0,1,3.0,7.0,4.0,1.0,0,0,0,1,1,0,0,1.0,0
17149,32,11,1,1,2,65,8.0,3,2,2, ,1,0.0,8.0,0.0,5,2,1,270.730285644531,6,17149-32-11-1,65.0,1,2.0,,2.0,0.0,0,1,0,1,1,0,0,0.0,0
17149,73,11,1,1,2,36,8.0,3,3, ,2,5,0.0,8.0,0.0,5,2,1,270.730285644531,2,17149-73-11-1,36.0,1,,2.0,3.0,0.0,0,1,0,1,1,0,0,0.0,0
17149,93,11,1,1,1,37,6.0,5,2,3, ,1,0.0,8.0,0.0,5,2,1,270.730285644531,3,17149-93-11-1,37.0,1,3.0,,2.0,1.0,0,1,1,1,1,0,1,1.0,1
17149,155,11,1,1,1,48,6.0,5,4,3,7,1,0.0,0.0,0.0,5,2,1,270.730285644531,7,17149-155-11-1,48.0,1,3.0,7.0,4.0,1.0,0,0,0,1,1,0,0,1.0,0
17150,29,11,1,1,2,71,6.0,5,2,3, ,1,0.0,0.0,0.0,5,2,1,236.832992553711,1,17150-29-11-1,71.0,1,3.0,,2.0,1.0,0,0,0,1,1,0,0,1.0,0
17150,118,11,1,1,2,45,6.0,5,6, ,7,1,0.0,0.0,0.0,5,2,1,236.832992553711,2,17150-118-11-1,45.0,1,,7.0,6.0,1.0,0,0,0,1,1,0,0,1.0,0
17150,237,11,1,1,1,33,10.0,5,2,2, ,1,0.0,8.0,0.0,5,2,2,236.832992553711,1,17150-237-11-1,33.0,1,2.0,,2.0,0.0,0,1,0,1,1,0,0,0.0,0
17152,29,11,1,1,2,44,10.0,5,3,2,2,1,0.0,0.0,0.0,5,2, ,203.401779174805,1,17152-29-11-1,44.0,1,2.0,2.0,3.0,0.0,0,0,0,1,1,0,0,0.0,0
17152,53,11,1,1,1,81,10.0,5, , , , ,0.0,0.0,0.0,5,2, ,203.401779174805,4,17152-53-11-1,81.0,1,,,,0.0,0,0,0,1,1,0,0,0.0,0
17152,87,11,1,1,1,47,11.0,2,2,2, ,1,0.0,8.0,0.0,5,2, ,203.401779174805,3,17152-87-11-1,47.0,1,2.0,,2.0,0.0,0,1,1,1,1,0,1,0.0,1
17152,98,11,1,1,1,80,10.0,5, , , , ,0.0,0.0,0.0,5,2, ,203.401779174805,2,17152-98-11-1,80.0,1,,,,0.0,0,0,0,1,1,0,0,0.0,0
17153,10,11,1,1,1,25,9.0,4,2,3, ,1,0.0,8.0,0.0,5,2, ,270.730285644531,1,17153-10-11-1,25.0,1,3.0,,2.0,1.0,0,1,0,1,1,0,0,1.0,0
17153,24,11,1,1,2,55,10.0,5,3,2,7,1,0.0,0.0,0.0,5,2, ,270.730285644531,2,17153-24-11-1,55.0,1,2.0,7.0,3.0,1.0,0,0,0,1,1,0,0,1.0,0
17153,35,11,1,1,1,80,4.0,5,2,2, ,1,0.0,0.0,0.0,5,2, ,270.730285644531,2,17153-35-11-1,80.0,1,2.0,,2.0,0.0,0,0,0,1,1,0,0,0.0,0
17153,50,11,1,1,2,54,6.0,5,4,3,7,1,0.0,8.0,0.0,5,2, ,270.730285644531,5,17153-50-11-1,54.0,1,3.0,7.0,4.0,1.0,0,1,0,1,1,0,0,1.0,0
17153,77,11,1,1,1,60,6.0,5,2,2, ,1,0.0,8.0,0.0,5,2, ,270.730285644531,2,17153-77-11-1,60.0,1,2.0,,2.0,0.0,0,1,0,1,1,0,0,0.0,0
17153,90,11,1,1,1,77,6.0,5, , , , ,0.0,0.0,0.0,5,2, ,270.730285644531,3,17153-90-11-1,77.0,1,,,,0.0,0,0,0,1,1,0,0,0.0,0
17155,12,11,1,1,1,71,6.0,5, , , , ,0.0,0.0,0.0,5,2, ,585.690063476563,2,17155-12-11-1,71.0,1,,,,0.0,0,0,0,1,1,0,0,0.0,0
17155,36,11,1,1,2,82,3.0,0,2,3, ,1,0.0,0.0,0.0,5,2, ,585.690063476563,1,17155-36-11-1,82.0,1,3.0,,2.0,1.0,0,0,0,1,1,0,0,1.0,0
17155,61,11,1,1,1,71,10.0,5,2,2, ,1,0.0,0.0,0.0,5,2, ,585.690063476563,5,17155-61-11-1,71.0,1,2.0,,2.0,0.0,0,0,0,1,1,0,0,0.0,0
17155,74,11,1,1,2,65,3.0,2, , , , ,0.0,0.0,0.0,5,2, ,585.690063476563,1,17155-74-11-1,65.0,1,,,,0.0,0,0,0,1,1,0,0,0.0,0
17155,95,11,1,1,1,40,10.0,5,2,2, ,1,0.0,8.0,0.0,5,2, ,585.690063476563,4,17155-95-11-1,40.0,1,2.0,,2.0,0.0,0,1,0,1,1,0,0,0.0,0
17169,28,11,1,1,1,53,4.0,0,2,3, ,1,0.0,0.0,0.0,5,5,1,585.690063476563,3,17169-28-11-1,53.0,1,3.0,,2.0,1.0,0,0,0,1,1,0,0,1.0,0
17169,42,11,1,1,2,67,9.0,3,3, ,1,5,0.0,0.0,0.0,5,5,1,585.690063476563,3,17169-42-11-1,67.0,1,,1.0,3.0,0.0,0,0,0,1,1,0,0,0.0,0
17169,57,11,1,1,1,45,6.0,5,2,3, ,1,0.0,0.0,0.0,5,5,1,585.690063476563,4,17169-57-11-1,45.0,1,3.0,,2.0,1.0,0,0,0,1,1,0,0,1.0,0
17169,72,11,1,1,1,65,6.0,5,2,3, ,1,0.0,8.0,0.0,5,5,1,585.690063476563,2,17169-72-11-1,65.0,1,3.0,,2.0,1.0,0,1,0,1,1,0,0,1.0,0
17169,86,11,1,1,1,78,5.0,3,2,3, ,1,0.0,0.0,0.0,5,5,1,585.690063476563,4,17169-86-11-1,78.0,1,3.0,,2.0,1.0,0,0,0,1,1,0,0,1.0,0
17198,38,11,1,1,1,66,10.0,5,3, ,1,5,0.0,8.0,0.0,5,5,1,271.202392578125,2,17198-38-11-1,66.0,1,,1.0,3.0,0.0,0,1,0,1,1,0,0,0.0,0
17198,52,11,1,1,1,70,8.0,3,2,3, ,1,0.0,8.0,0.0,5,5,1,271.202392578125,2,17198-52-11-1,70.0,1,3.0,,2.0,1.0,0,1,0,1,1,0,0,1.0,0
17198,80,11,1,1,2,62,4.0,5,2,3, ,1,0.0,0.0,0.0,5,5,1,271.202392578125,2,17198-80-11-1,62.0,1,3.0,,2.0,1.0,0,0,0,1,1,0,0,1.0,0
17199,12,11,1,1,2,44,3.0,0,4,3,7,1,0.0,0.0,0.0,5,5,1,650.369934082031,4,17199-12-11-1,44.0,1,3.0,7.0,4.0,1.0,0,0,0,1,1,0,0,1.0,0
17199,27,11,1,1,1,55,7.0,2,2,3, ,1,0.0,0.0,0.0,5,5,1,650.369934082031,1,17199-27-11-1,55.0,1,3.0,,2.0,1.0,0,0,0,1,1,0,0,1.0,0
17199,35,11,1,1,1,86,3.0,1,2,3, ,1,0.0,0.0,0.0,5,5,1,650.369934082031,2,17199-35-11-1,86.0,1,3.0,,2.0,1.0,0,0,0,1,1,0,0,1.0,0
17199,42,11,1,1,2,41,5.0,2,4,3,7,1,0.0,8.0,0.0,5,5,1,650.369934082031,2,17199-42-11-1,41.0,1,3.0,7.0,4.0,1.0,0,1,0,1,1,0,0,1.0,0
17200,4,11,1,1,1,56,10.0,5,3,1,7,1,0.0,8.0,0.0,5,5,1,270.913330078125,4,17200-4-11-1,56.0,1,1.0,7.0,3.0,1.0,0,1,1,1,1,0,1,1.0,1
17200,41,11,1,1,1,31,9.0,1, , , , ,0.0,0.0,0.0,5,5,1,270.913330078125,4,17200-41-11-1,31.0,1,,,,0.0,0,0,0,1,1,0,0,0.0,0
17200,58,11,1,1,1,56,6.0,5,4,1,1,5,0.0,0.0,0.0,5,5,2,270.913330078125,2,17200-58-11-1,56.0,1,1.0,1.0,4.0,0.0,0,0,0,1,1,0,0,0.0,0
17200,112,11,1,1,2,57,3.0,0,2,3, ,1,0.0,0.0,0.0,5,5,1,270.913330078125,2,17200-112-11-1,57.0,1,3.0,,2.0,1.0,0,0,0,1,1,0,0,1.0,0
17201,11,11,1,1,1,60,4.0,5,2,3, ,1,0.0,0.0,0.0,5,5,1,236.832992553711,3,17201-11-11-1,60.0,1,3.0,,2.0,1.0,0,0,0,1,1,0,0,1.0,0
17201,107,11,1,1,2,53,6.0,5,2,3, ,1,0.0,0.0,0.0,5,5,1,236.832992553711,2,17201-107-11-1,53.0,1,3.0,,2.0,1.0,0,0,0,1,1,0,0,1.0,0
17202,8,11,1,1,2,79,1.0, ,5,3,7,1,0.0,0.0,0.0,5,5,1,590.938720703125,2,17202-8-11-1,79.0,1,3.0,7.0,5.0,1.0,0,0,0,1,1,0,0,1.0,0
17202,20,11,1,1,1,42,6.0,5,2,3, ,1,0.0,0.0,0.0,5,5,1,590.938720703125,6,17202-20-11-1,42.0,1,3.0,,2.0,1.0,0,0,0,1,1,0,0,1.0,0
17202,32,11,1,1,2,65,4.0,5,2,3, ,1,0.0,0.0,0.0,5,5,1,590.938720703125,1,17202-32-11-1,65.0,1,3.0,,2.0,1.0,0,0,0,1,1,0,0,1.0,0
17202,43,11,1,1,1,61,3.0,1, , , , ,0.0,0.0,0.0,5,5,1,590.938720703125,2,17202-43-11-1,61.0,1,,,,0.0,0,0,0,1,1,0,0,0.0,0
17202,67,11,1,1,1,57,10.0,5,3, ,1,5,0.0,8.0,0.0,5,5,1,590.938720703125,2,17202-67-11-1,57.0,1,,1.0,3.0,0.0,0,1,0,1,1,0,0,0.0,0
17203,25,11,1,1,2,44,7.0,2,4,1,2,2,0.0,0.0,0.0,5,4,1,270.913330078125,5,17203-25-11-1,44.0,1,1.0,2.0,4.0,0.0,0,0,0,1,1,0,0,0.0,0
17203,84,11,1,1,2,49,8.0,3,3, ,2,5,0.0,8.0,0.0,5,4,1,270.913330078125,5,17203-84-11-1,49.0,1,,2.0,3.0,0.0,0,1,1,1,1,0,1,0.0,1
17203,160,11,1,1,1,59,8.0,3,2,3, ,1,0.0,0.0,0.0,5,4,1,270.913330078125,6,17203-160-11-1,59.0,1,3.0,,2.0,1.0,0,0,0,1,1,0,0,1.0,0
17204,41,11,1,1,2,63,3.0,1,2,3, ,1,0.0,0.0,0.0,5,5,1,622.70703125,4,17204-41-11-1,63.0,1,3.0,,2.0,1.0,0,0,0,1,1,0,0,1.0,0
17204,50,11,1,1,2,72,3.0,1, , , , ,0.0,0.0,0.0,5,5,1,622.70703125,2,17204-50-11-1,72.0,1,,,,0.0,0,0,0,1,1,0,0,0.0,0
17204,60,11,1,1,2,70,3.0,4,2,3, ,1,0.0,0.0,0.0,5,5,1,622.70703125,1,17204-60-11-1,70.0,1,3.0,,2.0,1.0,0,0,0,1,1,0,0,1.0,0
17205,6,11,1,1,1,79,3.0,3,2,3, ,1,0.0,0.0,0.0,5,4,1,650.369934082031,2,17205-6-11-1,79.0,1,3.0,,2.0,1.0,0,0,0,1,1,0,0,1.0,0
17205,21,11,1,1,1,61,4.0,5,2,3, ,1,0.0,0.0,0.0,5,4,1,650.369934082031,3,17205-21-11-1,61.0,1,3.0,,2.0,1.0,0,0,0,1,1,0,0,1.0,0
17205,52,11,1,1,1,84,3.0,4,2,3, ,1,0.0,0.0,0.0,5,4,1,650.369934082031,3,17205-52-11-1,84.0,1,3.0,,2.0,1.0,0,0,0,1,1,0,0,1.0,0
17205,67,11,1,1,2,53,4.0,0,2,3, ,1,0.0,0.0,0.0,5,4,1,650.369934082031,1,17205-67-11-1,53.0,1,3.0,,2.0,1.0,0,0,0,1,1,0,0,1.0,0
17205,83,11,1,1,2,44,3.0,0,2,3, ,1,0.0,0.0,0.0,5,4,1,650.369934082031,3,17205-83-11-1,44.0,1,3.0,,2.0,1.0,0,0,0,1,1,0,0,1.0,0
17206,18,11,1,1,1,60,6.0,5,1,3, ,1,0.0,0.0,0.0,5,5,1,590.938720703125,7,17206-18-11-1,60.0,1,3.0,,1.0,1.0,0,0,0,1,1,0,0,1.0,0
17206,48,11,1,1,1,38,6.0,5,4,3,7,1,0.0,0.0,0.0,5,5,1,590.938720703125,5,17206-48-11-1,38.0,1,3.0,7.0,4.0,1.0,0,0,0,1,1,0,0,1.0,0
17206,64,11,1,1,1,57,5.0,3,1,2, ,1,0.0,0.0,0.0,5,5,1,590.938720703125,6,17206-64-11-1,57.0,1,2.0,,1.0,0.0,0,0,0,1,1,0,0,0.0,0
17206,96,11,1,1,2,37,4.0,0,4,3,7,2,0.0,0.0,0.0,5,5,1,590.938720703125,4,17206-96-11-1,37.0,1,3.0,7.0,4.0,1.0,0,0,0,1,1,0,0,1.0,0
17207,38,11,1,1,1,83,5.0,3,2,3, ,1,0.0,0.0,0.0,5,5,1,590.938720703125,2,17207-38-11-1,83.0,1,3.0,,2.0,1.0,0,0,0,1,1,0,0,1.0,0
17207,64,11,1,1,2,54,1.0, ,2,3, ,1,0.0,0.0,0.0,5,5,1,590.938720703125,2,17207-64-11-1,54.0,1,3.0,,2.0,1.0,0,0,0,1,1,0,0,1.0,0
17207,116,11,1,1,1,77,10.0,5,2,3, ,1,0.0,0.0,0.0,5,5,1,590.938720703125,1,17207-116-11-1,77.0,1,3.0,,2.0,1.0,0,0,0,1,1,0,0,1.0,0
17208,26,11,1,1,1,77,7.0,1,2,3, ,1,0.0,0.0,0.0,5,5,1,270.730285644531,3,17208-26-11-1,77.0,1,3.0,,2.0,1.0,0,0,1,1,1,0,1,1.0,1
17208,75,11,1,1,1,60,6.0,5,4,1,7,3,0.0,0.0,0.0,5,5,1,270.730285644531,6,17208-75-11-1,60.0,1,1.0,7.0,4.0,1.0,0,0,0,1,1,0,0,1.0,0
17208,149,11,1,1,1,72,10.0,5,2,3, ,1,0.0,8.0,0.0,5,5,1,270.730285644531,2,17208-149-11-1,72.0,1,3.0,,2.0,1.0,0,1,1,1,1,0,1,1.0,1
17209,47,11,1,1,2,42,6.0,5,2,3, ,1,0.0,0.0,0.0,5,4,1,585.690063476563,2,17209-47-11-1,42.0,1,3.0,,2.0,1.0,0,0,0,1,1,0,0,1.0,0
17209,67,11,1,1,2,56,6.0,5,2,3, ,1,0.0,8.0,0.0,5,4,1,585.690063476563,1,17209-67-11-1,56.0,1,3.0,,2.0,1.0,0,1,0,1,1,0,0,1.0,0
17209,108,11,1,1,2,77,3.0,0, , , , ,0.0,0.0,0.0,5,4,1,585.690063476563,1,17209-108-11-1,77.0,1,,,,0.0,0,0,0,1,1,0,0,0.0,0
17209,129,11,1,1,2,54,3.0,0,2,3, ,1,0.0,0.0,0.0,5,4,1,585.690063476563,3,17209-129-11-1,54.0,1,3.0,,2.0,1.0,0,0,0,1,1,0,0,1.0,0
17209,148,11,1,1,1,51,6.0,5,1,2, ,1,0.0,8.0,0.0,5,4,1,585.690063476563,4,17209-148-11-1,51.0,1,2.0,,1.0,0.0,0,1,0,1,1,0,0,0.0,0
17210,13,11,1,1,1,84,8.0,3,2,3, ,1,0.0,8.0,0.0,5,5,1,590.938720703125,2,17210-13-11-1,84.0,1,3.0,,2.0,1.0,0,1,0,1,1,0,0,1.0,0
17210,40,11,1,1,2,93,4.0,5, , , , ,0.0,0.0,0.0,5,5,1,590.938720703125,2,17210-40-11-1,93.0,1,,,,0.0,0,0,0,1,1,0,0,0.0,0
17210,53,11,1,1,1,78,8.0,3,2,3, ,1,0.0,0.0,0.0,5,5,1,590.938720703125,7,17210-53-11-1,78.0,1,3.0,,2.0,1.0,0,0,0,1,1,0,0,1.0,0
17210,69,11,1,1,2,56,6.0,5,2,3, ,1,0.0,8.0,0.0,5,5,1,590.938720703125,4,17210-69-11-1,56.0,1,3.0,,2.0,1.0,0,1,0,1,1,0,0,1.0,0
17210,84,11,1,1,1,63,6.0,5,2,3, ,1,0.0,8.0,0.0,5,5,1,590.938720703125,4,17210-84-11-1,63.0,1,3.0,,2.0,1.0,0,1,0,1,1,0,0,1.0,0
17212,7,11,1,1,1,84,1.0, ,5,3,7,1,0.0,0.0,0.0,5,5,1,650.369934082031,2,17212-7-11-1,84.0,1,3.0,7.0,5.0,1.0,0,0,0,1,1,0,0,1.0,0
17212,16,11,1,1,1,86,3.0,4,2,3, ,1,0.0,0.0,0.0,5,5,1,650.369934082031,3,17212-16-11-1,86.0,1,3.0,,2.0,1.0,0,0,0,1,1,0,0,1.0,0
17212,34,11,1,1,1,56,6.0,5,2,3, ,1,0.0,0.0,0.0,5,5,1,650.369934082031,1,17212-34-11-1,56.0,1,3.0,,2.0,1.0,0,0,0,1,1,0,0,1.0,0
17212,60,11,1,1,2,52,6.0,5,4, ,2,5,0.0,0.0,0.0,5,5,1,650.369934082031,3,17212-60-11-1,52.0,1,,2.0,4.0,0.0,0,0,0,1,1,0,0,0.0,0
17213,8,11,1,1,2,90,1.0, , , , , ,0.0,0.0,0.0,5,5, ,590.938720703125,1,17213-8-11-1,90.0,1,,,,0.0,0,0,0,1,1,0,0,0.0,0
17213,38,11,1,1,1,32,6.0,5,2,3, ,1,0.0,0.0,0.0,5,5, ,590.938720703125,4,17213-38-11-1,32.0,1,3.0,,2.0,1.0,0,0,0,1,1,0,0,1.0,0
17213,66,11,1,1,2,42,5.0,1,3,2,7,1,0.0,8.0,0.0,5,5, ,590.938720703125,4,17213-66-11-1,42.0,1,2.0,7.0,3.0,1.0,0,1,0,1,1,0,0,1.0,0
17213,82,11,1,1,1,29,6.0,5,2,3, ,1,0.0,0.0,0.0,5,5, ,590.938720703125,2,17213-82-11-1,29.0,1,3.0,,2.0,1.0,0,0,0,1,1,0,0,1.0,0
17214,41,11,1,1,2,45,6.0,5, , , , ,0.0,8.0,0.0,5,5, ,271.202392578125,4,17214-41-11-1,45.0,1,,,,0.0,0,1,0,1,1,0,0,0.0,0
17214,89,11,1,1,1,76,10.0,6, , , , ,0.0,8.0,0.0,5,5, ,271.202392578125,2,17214-89-11-1,76.0,1,,,,0.0,0,1,0,1,1,0,0,0.0,0
17214,113,11,1,1,2,60,7.0,3,2,3, ,1,0.0,8.0,0.0,5,5, ,271.202392578125,4,17214-113-11-1,60.0,1,3.0,,2.0,1.0,0,1,0,1,1,0,0,1.0,0
17214,138,11,1,1,2,60,8.0,3, , , , ,0.0,0.0,0.0,5,5, ,271.202392578125,2,17214-138-11-1,60.0,1,,,,0.0,0,0,1,1,1,0,1,0.0,1
17214,186,11,1,1,2,84,3.0,3, , , , ,0.0,0.0,0.0,5,5, ,271.202392578125,3,17214-186-11-1,84.0,1,,,,0.0,0,0,0,1,1,0,0,0.0,0
17215,20,11,1,1,2,46,4.0,0,2,3, ,1,0.0,0.0,0.0,5,5, ,622.70703125,6,17215-20-11-1,46.0,1,3.0,,2.0,1.0,0,0,0,1,1,0,0,1.0,0
17215,85,11,1,1,1,62,6.0,5,4,2,7,1,0.0,0.0,0.0,5,5, ,622.70703125,3,17215-85-11-1,62.0,1,2.0,7.0,4.0,1.0,0,0,0,1,1,0,0,1.0,0
17215,101,11,1,1,1,68,9.0,2,2,3, ,1,0.0,0.0,0.0,5,5, ,622.70703125,4,17215-101-11-1,68.0,1,3.0,,2.0,1.0,0,0,0,1,1,0,0,1.0,0
17216,15,11,1,1,2,71,6.0,5,2,3, ,1,0.0,0.0,0.0,5,5, ,622.70703125,2,17216-15-11-1,71.0,1,3.0,,2.0,1.0,0,0,0,1,1,0,0,1.0,0
17216,62,11,1,1,1,63,7.0,2,2,3, ,1,0.0,0.0,0.0,5,5, ,622.70703125,6,17216-62-11-1,63.0,1,3.0,,2.0,1.0,0,0,0,1,1,0,0,1.0,0
17216,86,11,1,1,1,27,8.0,3,3,1,2,4,0.0,0.0,0.0,5,5, ,622.70703125,2,17216-86-11-1,27.0,1,1.0,2.0,3.0,0.0,0,0,0,1,1,0,0,0.0,0
17216,110,11,1,1,2,82,1.0, , , , , ,0.0,0.0,0.0,5,5, ,622.70703125,1,17216-110-11-1,82.0,1,,,,0.0,0,0,0,1,1,0,0,0.0,0
17217,3,11,1,1,2,69,3.0,0,2,3, ,1,0.0,0.0,0.0,5,5, ,650.369934082031,1,17217-3-11-1,69.0,1,3.0,,2.0,1.0,0,0,0,1,1,0,0,1.0,0
17217,16,11,1,1,2,39,6.0,5,4,3,7,1,0.0,8.0,0.0,5,5, ,650.369934082031,3,17217-16-11-1,39.0,1,3.0,7.0,4.0,1.0,0,1,0,1,1,0,0,1.0,0
17217,47,11,1,1,2,45,6.0,5,4,3,7,1,0.0,0.0,0.0,5,5, ,650.369934082031,1,17217-47-11-1,45.0,1,3.0,7.0,4.0,1.0,0,0,0,1,1,0,0,1.0,0
17217,57,11,1,1,1,53,4.0,0,2,3, ,1,0.0,0.0,0.0,5,5, ,650.369934082031,5,17217-57-11-1,53.0,1,3.0,,2.0,1.0,0,0,0,1,1,0,0,1.0,0
17218,9,11,1,1,1,46,5.0,2,4,1,7,2,0.0,8.0,0.0,5,5, ,585.690063476563,11,17218-9-11-1,46.0,1,1.0,7.0,4.0,1.0,0,1,0,1,1,0,0,1.0,0
17218,25,11,1,1,1,54,8.0,3,3, ,5,5,0.0,0.0,0.0,5,5, ,585.690063476563,4,17218-25-11-1,54.0,1,,5.0,3.0,0.0,0,0,0,1,1,0,0,0.0,0
17218,55,11,1,1,1,44,6.0,5,4,2,7,1,0.0,8.0,0.0,5,5, ,585.690063476563,4,17218-55-11-1,44.0,1,2.0,7.0,4.0,1.0,0,1,0,1,1,0,0,1.0,0
17237,26,11,1,1,2,26,9.0,2,3,2,7,1,0.0,8.0,0.0,7,4,1,520.944274902344,2,17237-26-11-1,26.0,1,2.0,7.0,3.0,1.0,0,1,0,1,1,0,0,1.0,0
17237,44,11,1,1,1,35,6.0,5,4,2,7,1,0.0,0.0,0.0,7,4,1,520.944274902344,4,17237-44-11-1,35.0,1,2.0,7.0,4.0,1.0,0,0,0,1,1,0,0,1.0,0
17237,112,11,1,1,1,54,6.0,5,1,2, ,1,0.0,8.0,0.0,7,4,1,520.944274902344,4,17237-112-11-1,54.0,1,2.0,,1.0,0.0,0,1,0,1,1,0,0,0.0,0
17237,129,11,1,1,1,72,4.0,5,5,2,7,1,0.0,0.0,0.0,7,4,1,520.944274902344,3,17237-129-11-1,72.0,1,2.0,7.0,5.0,1.0,0,0,0,1,1,0,0,1.0,0
17237,146,11,1,1,1,41,6.0,5,4,3,7,1,0.0,8.0,0.0,7,4,1,520.944274902344,3,17237-146-11-1,41.0,1,3.0,7.0,4.0,1.0,0,1,0,1,1,0,0,1.0,0
17238,39,11,1,1,1,56,3.0,0,4,3,7,1,0.0,0.0,0.0,7,5,1,553.325256347656,6,17238-39-11-1,56.0,1,3.0,7.0,4.0,1.0,0,0,0,1,1,0,0,1.0,0
17238,54,11,1,1,1,39,4.0,0,4,3,7,1,0.0,0.0,0.0,7,5,1,553.325256347656,5,17238-54-11-1,39.0,1,3.0,7.0,4.0,1.0,0,0,0,1,1,0,0,1.0,0
17238,69,11,1,1,2,65,5.0,1,2,3, ,1,0.0,0.0,0.0,7,5,1,553.325256347656,1,17238-69-11-1,65.0,1,3.0,,2.0,1.0,0,0,0,1,1,0,0,1.0,0
17238,85,11,1,1,1,27,6.0,5,4,3,7,1,0.0,0.0,0.0,7,5,2,553.325256347656,3,17238-85-11-1,27.0,1,3.0,7.0,4.0,1.0,0,0,0,1,1,0,0,1.0,0
17239,19,11,1,1,1,54,10.0,5,1,3, ,1,0.0,8.0,0.0,7,4,1,165.732849121094,4,17239-19-11-1,54.0,1,3.0,,1.0,1.0,0,1,0,1,1,0,0,1.0,0
17239,39,11,1,1,2,56,6.0,5,2,3, ,1,0.0,0.0,0.0,7,4,1,165.732849121094,1,17239-39-11-1,56.0,1,3.0,,2.0,1.0,0,0,0,1,1,0,0,1.0,0
17239,79,11,1,1,2,88,1.0, , , , , ,0.0,0.0,0.0,7,4,1,165.732849121094,5,17239-79-11-1,88.0,1,,,,0.0,0,0,1,1,1,0,1,0.0,1
17239,118,11,1,1,1,29,5.0,4,4,3,7,1,0.0,8.0,0.0,7,4,1,165.732849121094,4,17239-118-11-1,29.0,1,3.0,7.0,4.0,1.0,0,1,1,1,1,0,1,1.0,1
17240,29,11,1,1,1,45,3.0,0,4,3,7,1,0.0,0.0,0.0,7,5,1,553.325256347656,1,17240-29-11-1,45.0,1,3.0,7.0,4.0,1.0,0,0,0,1,1,0,0,1.0,0
17240,62,11,1,1,2,30,7.0,1,3,2,7,1,0.0,8.0,0.0,7,5,1,553.325256347656,2,17240-62-11-1,30.0,1,2.0,7.0,3.0,1.0,0,1,0,1,1,0,0,1.0,0
17240,111,11,1,1,1,52,6.0,5,4,2,7,1,0.0,8.0,0.0,7,5,1,553.325256347656,2,17240-111-11-1,52.0,1,2.0,7.0,4.0,1.0,0,1,0,1,1,0,0,1.0,0
17241,7,11,1,1,2,63,6.0,5,2,3, ,1,0.0,0.0,0.0,7,4,1,178.119735717773,2,17241-7-11-1,63.0,1,3.0,,2.0,1.0,0,0,0,1,1,0,0,1.0,0
17241,32,11,1,1,1,52,6.0,5,4,1,1,4,0.0,0.0,0.0,7,4,1,178.119735717773,4,17241-32-11-1,52.0,1,1.0,1.0,4.0,0.0,0,0,0,1,1,0,0,0.0,0
17241,43,11,1,1,1,53,6.0,5,4,1,1,4,0.0,0.0,0.0,7,4,1,178.119735717773,2,17241-43-11-1,53.0,1,1.0,1.0,4.0,0.0,0,0,0,1,1,0,0,0.0,0
17242,4,11,1,1,2,58,6.0,5,2,3, ,1,0.0,0.0,0.0,7,4,1,199.004653930664,2,17242-4-11-1,58.0,1,3.0,,2.0,1.0,0,0,0,1,1,0,0,1.0,0
17242,20,11,1,1,1,49,6.0,5,2,3, ,1,0.0,0.0,0.0,7,4,1,199.004653930664,7,17242-20-11-1,49.0,1,3.0,,2.0,1.0,0,0,0,1,1,0,0,1.0,0
17242,36,11,1,1,1,70,1.0, ,2,3, ,1,0.0,0.0,0.0,7,4,1,199.004653930664,2,17242-36-11-1,70.0,1,3.0,,2.0,1.0,0,0,0,1,1,0,0,1.0,0
17242,52,11,1,1,1,41,7.0,2,4,2,7,1,0.0,0.0,0.0,7,4,1,199.004653930664,4,17242-52-11-1,41.0,1,2.0,7.0,4.0,1.0,0,0,0,1,1,0,0,1.0,0
17242,97,11,1,1,1,54,5.0,1,1,3, ,1,0.0,0.0,0.0,7,4,1,199.004653930664,3,17242-97-11-1,54.0,1,3.0,,1.0,1.0,0,0,0,1,1,0,0,1.0,0
17243,15,11,1,1,1,60,6.0,5, , , , ,0.0,0.0,0.0,7,5,1,520.944152832031,2,17243-15-11-1,60.0,1,,,,0.0,0,0,0,1,1,0,0,0.0,0
17243,34,11,1,1,2,45,5.0,3, , , , ,0.0,0.0,0.0,7,5,1,520.944152832031,4,17243-34-11-1,45.0,1,,,,0.0,0,0,0,1,1,0,0,0.0,0
17243,109,11,1,1,2,47,3.0,0,2,2, ,1,0.0,0.0,0.0,7,5,1,520.944152832031,2,17243-109-11-1,47.0,1,2.0,,2.0,0.0,0,0,0,1,1,0,0,0.0,0
17243,144,11,1,1,1,43,4.0,0,4,3,7,1,0.0,0.0,0.0,7,5,1,520.944152832031,7,17243-144-11-1,43.0,1,3.0,7.0,4.0,1.0,0,0,0,1,1,0,0,1.0,0
17243,161,11,1,1,2,25,6.0,5,3,3,7,1,0.0,8.0,0.0,7,5,1,520.944152832031,1,17243-161-11-1,25.0,1,3.0,7.0,3.0,1.0,0,1,0,1,1,0,0,1.0,0
17244,101,11,1,1,2,79,1.0, ,5,3,7,1,0.0,0.0,0.0,7,4, ,599.094299316406,2,17244-101-11-1,79.0,1,3.0,7.0,5.0,1.0,0,0,0,1,1,0,0,1.0,0
17244,168,11,1,1,1,64,5.0,2,1,3, ,1,0.0,0.0,0.0,7,4, ,599.094299316406,3,17244-168-11-1,64.0,1,3.0,,1.0,1.0,0,0,0,1,1,0,0,1.0,0
17245,23,11,1,1,2,21,4.0,0, , , , ,0.0,8.0,0.0,7,4, ,575.205383300781,3,17245-23-11-1,21.0,1,,,,0.0,0,1,1,1,1,0,1,0.0,1
17245,70,11,1,1,1,69,3.0,1,4,3,7,1,0.0,0.0,0.0,7,4, ,575.205383300781,2,17245-70-11-1,69.0,1,3.0,7.0,4.0,1.0,0,0,0,1,1,0,0,1.0,0
17245,93,11,1,1,1,58,1.0, ,2,3, ,1,0.0,0.0,0.0,7,4, ,575.205383300781,5,17245-93-11-1,58.0,1,3.0,,2.0,1.0,0,0,0,1,1,0,0,1.0,0
17276,19,11,1,1,1,59,4.0,5,4,3,7,1,0.0,0.0,0.0,5,6,1,234.302917480469,2,17276-19-11-1,59.0,1,3.0,7.0,4.0,1.0,0,0,0,1,1,0,0,1.0,0
17276,64,11,1,1,2,56,6.0,5,4, ,5,5,0.0,0.0,0.0,5,6,1,234.302917480469,1,17276-64-11-1,56.0,1,,5.0,4.0,0.0,0,0,0,1,1,0,0,0.0,0
17276,77,11,1,1,1,56,6.0,5,4,1,7,1,0.0,0.0,0.0,5,6,1,234.302917480469,2,17276-77-11-1,56.0,1,1.0,7.0,4.0,1.0,0,0,0,1,1,0,0,1.0,0
17276,92,11,1,1,1,59,3.0,2,2,3, ,1,0.0,0.0,0.0,5,6,1,234.302917480469,2,17276-92-11-1,59.0,1,3.0,,2.0,1.0,0,0,0,1,1,0,0,1.0,0
17276,106,11,1,1,2,37,6.0,5,2,3, ,1,0.0,0.0,0.0,5,6,1,234.302917480469,1,17276-106-11-1,37.0,1,3.0,,2.0,1.0,0,0,0,1,1,0,0,1.0,0
17277,73,11,1,1,2,80,6.0,5, , , , ,0.0,0.0,0.0,5,7,1,224.767318725586,1,17277-73-11-1,80.0,1,,,,0.0,0,0,0,1,1,0,0,0.0,0
17277,74,11,1,1,1,51,8.0,5,3, ,2,5,0.0,0.0,0.0,5,7,1,224.767318725586,4,17277-74-11-1,51.0,1,,2.0,3.0,0.0,0,0,0,1,1,0,0,0.0,0
17277,75,11,1,1,1,64,4.0,5,2,3, ,1,0.0,0.0,0.0,5,7,1,224.767318725586,2,17277-75-11-1,64.0,1,3.0,,2.0,1.0,0,0,0,1,1,0,0,1.0,0
17277,76,11,1,1,2,59,4.0,5,2,3, ,1,0.0,0.0,0.0,5,7,1,224.767318725586,3,17277-76-11-1,59.0,1,3.0,,2.0,1.0,0,0,0,1,1,0,0,1.0,0
17277,341,11,1,1,1,32,5.0,2,4,3,7,1,0.0,0.0,0.0,5,7,2,224.767318725586,6,17277-341-11-1,32.0,1,3.0,7.0,4.0,1.0,0,0,0,1,1,0,0,1.0,0
17277,342,11,1,1,2,40,3.0,0,4,3,7,1,0.0,0.0,0.0,5,7,1,224.767318725586,3,17277-342-11-1,40.0,1,3.0,7.0,4.0,1.0,0,0,0,1,1,0,0,1.0,0
17277,343,11,1,1,1,65,6.0,5,2,3, ,1,0.0,0.0,0.0,5,7,1,224.767318725586,4,17277-343-11-1,65.0,1,3.0,,2.0,1.0,0,0,0,1,1,0,0,1.0,0
17277,344,11,1,1,1,27,6.0,5,4,3,7,1,0.0,0.0,0.0,5,7,1,224.767318725586,4,17277-344-11-1,27.0,1,3.0,7.0,4.0,1.0,0,0,0,1,1,0,0,1.0,0
17278,77,11,1,1,1,70,5.0,3,1,3, ,1,0.0,0.0,0.0,5,7,1,234.56022644043,3,17278-77-11-1,70.0,1,3.0,,1.0,1.0,0,0,0,1,1,0,0,1.0,0
17278,79,11,1,1,1,66,4.0,5,2,3, ,1,0.0,0.0,0.0,5,7,1,234.56022644043,5,17278-79-11-1,66.0,1,3.0,,2.0,1.0,0,0,0,1,1,0,0,1.0,0
17278,80,11,1,1,2,35,5.0,3,2,3, ,1,0.0,8.0,0.0,5,7,1,234.56022644043,3,17278-80-11-1,35.0,1,3.0,,2.0,1.0,0,1,0,1,1,0,0,1.0,0
17278,387,11,1,1,1,77,4.0,5,2,3, ,1,0.0,0.0,0.0,5,7,1,234.56022644043,2,17278-387-11-1,77.0,1,3.0,,2.0,1.0,0,0,0,1,1,0,0,1.0,0
17278,388,11,1,1,2,48,4.0,0,2,3, ,1,0.0,0.0,0.0,5,7,1,234.56022644043,2,17278-388-11-1,48.0,1,3.0,,2.0,1.0,0,0,0,1,1,0,0,1.0,0
17278,389,11,1,1,2,78,1.0, ,2,3, ,1,0.0,0.0,0.0,5,7,1,234.56022644043,2,17278-389-11-1,78.0,1,3.0,,2.0,1.0,0,0,0,1,1,0,0,1.0,0
17279,25,11,1,1,1,58,3.0,2,2,3, ,1,0.0,0.0,0.0,5,8,1,234.302917480469,2,17279-25-11-1,58.0,1,3.0,,2.0,1.0,0,0,0,1,1,0,0,1.0,0
17279,26,11,1,1,1,36,5.0,1,2,3, ,1,0.0,0.0,0.0,5,8,1,234.302917480469,7,17279-26-11-1,36.0,1,3.0,,2.0,1.0,0,0,1,1,1,0,1,1.0,1
17279,28,11,1,1,1,53,4.0,0,2,3, ,1,0.0,0.0,0.0,5,8,1,234.302917480469,3,17279-28-11-1,53.0,1,3.0,,2.0,1.0,0,0,0,1,1,0,0,1.0,0
17279,88,11,1,1,1,56,3.0,0,2,3, ,1,0.0,0.0,0.0,5,8,1,234.302917480469,2,17279-88-11-1,56.0,1,3.0,,2.0,1.0,0,0,0,1,1,0,0,1.0,0
17279,89,11,1,1,2,36,6.0,5,4,3,7,1,0.0,0.0,0.0,5,8,1,234.302917480469,4,17279-89-11-1,36.0,1,3.0,7.0,4.0,1.0,0,0,0,1,1,0,0,1.0,0
17279,90,11,1,1,1,60,3.0,4,4,3,7,1,0.0,0.0,0.0,5,8,1,234.302917480469,3,17279-90-11-1,60.0,1,3.0,7.0,4.0,1.0,0,0,0,1,1,0,0,1.0,0
17279,91,11,1,1,1,65,3.0,4,2,3, ,1,0.0,0.0,0.0,5,8,1,234.302917480469,2,17279-91-11-1,65.0,1,3.0,,2.0,1.0,0,0,0,1,1,0,0,1.0,0
17279,92,11,1,1,1,58,4.0,5,2,3, ,1,0.0,0.0,0.0,5,8,1,234.302917480469,2,17279-92-11-1,58.0,1,3.0,,2.0,1.0,0,0,0,1,1,0,0,1.0,0
17280,8,11,1,1,1,52,6.0,5,2,3, ,1,0.0,0.0,0.0,5,6,1,234.56022644043,5,17280-8-11-1,52.0,1,3.0,,2.0,1.0,0,0,0,1,1,0,0,1.0,0
17280,28,11,1,1,1,75,6.0,5,2,3, ,1,0.0,0.0,0.0,5,6,1,234.56022644043,3,17280-28-11-1,75.0,1,3.0,,2.0,1.0,0,0,0,1,1,0,0,1.0,0
17280,38,11,1,1,1,62,4.0,5,2,3, ,1,0.0,8.0,0.0,5,6,1,234.56022644043,3,17280-38-11-1,62.0,1,3.0,,2.0,1.0,0,1,0,1,1,0,0,1.0,0
17280,48,11,1,1,1,56,6.0,5,4,2,7,1,0.0,0.0,0.0,5,6,1,234.56022644043,1,17280-48-11-1,56.0,1,2.0,7.0,4.0,1.0,0,0,0,1,1,0,0,1.0,0
17280,69,11,1,1,1,71,10.0,5,2,3, ,1,0.0,0.0,0.0,5,6,1,234.56022644043,3,17280-69-11-1,71.0,1,3.0,,2.0,1.0,0,0,0,1,1,0,0,1.0,0
17280,78,11,1,1,1,66,6.0,5,4,3,7,1,0.0,0.0,0.0,5,6,1,234.56022644043,3,17280-78-11-1,66.0,1,3.0,7.0,4.0,1.0,0,0,0,1,1,0,0,1.0,0
17280,98,11,1,1,1,46,8.0,3,4,1,2,1,0.0,8.0,0.0,5,6,1,234.56022644043,4,17280-98-11-1,46.0,1,1.0,2.0,4.0,0.0,0,1,0,1,1,0,0,0.0,0
17281,17,11,1,1,1,51,1.0, ,2,3, ,1,0.0,0.0,0.0,5,7,1,234.56022644043,6,17281-17-11-1,51.0,1,3.0,,2.0,1.0,0,0,0,1,1,0,0,1.0,0
17281,18,11,1,1,1,87,3.0,4,5,3,7,1,0.0,0.0,0.0,5,7,1,234.56022644043,3,17281-18-11-1,87.0,1,3.0,7.0,5.0,1.0,0,0,0,1,1,0,0,1.0,0
17281,19,11,1,1,1,54,4.0,0,2,3, ,1,0.0,0.0,0.0,5,7,1,234.56022644043,2,17281-19-11-1,54.0,1,3.0,,2.0,1.0,0,0,0,1,1,0,0,1.0,0
17281,82,11,1,1,1,56,2.0,1,2,3, ,1,0.0,0.0,0.0,5,7,2,234.56022644043,2,17281-82-11-1,56.0,1,3.0,,2.0,1.0,0,0,0,1,1,0,0,1.0,0
17281,84,11,1,1,1,61,2.0,1,2,3, ,1,0.0,0.0,0.0,5,7,2,234.56022644043,2,17281-84-11-1,61.0,1,3.0,,2.0,1.0,0,0,0,1,1,0,0,1.0,0
17281,85,11,1,1,2,78,1.0, ,2,3, ,1,0.0,0.0,0.0,5,7,1,234.56022644043,3,17281-85-11-1,78.0,1,3.0,,2.0,1.0,0,0,0,1,1,0,0,1.0,0
17282,57,11,1,1,1,58,5.0,2,2,3, ,1,0.0,0.0,0.0,5,7,1,224.767318725586,4,17282-57-11-1,58.0,1,3.0,,2.0,1.0,0,0,0,1,1,0,0,1.0,0
17282,58,11,1,1,1,69,8.0,5,2,3, ,1,0.0,0.0,0.0,5,7,1,224.767318725586,2,17282-58-11-1,69.0,1,3.0,,2.0,1.0,0,0,1,1,1,0,1,1.0,1
17282,59,11,1,1,2,72,5.0,1,2,3, ,1,0.0,0.0,0.0,5,7,1,224.767318725586,2,17282-59-11-1,72.0,1,3.0,,2.0,1.0,0,0,0,1,1,0,0,1.0,0
17282,60,11,1,1,2,42,6.0,5,4,3,7,1,0.0,0.0,0.0,5,7,1,224.767318725586,4,17282-60-11-1,42.0,1,3.0,7.0,4.0,1.0,0,0,0,1,1,0,0,1.0,0
17282,159,11,1,1,1,56,4.0,0,2,3, ,1,0.0,8.0,0.0,5,7,1,224.767318725586,4,17282-159-11-1,56.0,1,3.0,,2.0,1.0,0,1,0,1,1,0,0,1.0,0
17282,161,11,1,1,1,35,5.0,2,2,3, ,1,0.0,0.0,0.0,5,7,1,224.767318725586,4,17282-161-11-1,35.0,1,3.0,,2.0,1.0,0,0,0,1,1,0,0,1.0,0
17282,162,11,1,1,1,70,3.0,4,2,3, ,1,0.0,0.0,0.0,5,7,1,224.767318725586,2,17282-162-11-1,70.0,1,3.0,,2.0,1.0,0,0,0,1,1,0,0,1.0,0
17282,163,11,1,1,2,70,1.0, ,2,3, ,1,0.0,0.0,0.0,5,7,1,224.767318725586,1,17282-163-11-1,70.0,1,3.0,,2.0,1.0,0,0,0,1,1,0,0,1.0,0
17283,18,11,1,1,2,68,3.0,1,2,3, ,1,0.0,0.0,0.0,5,8,1,224.767318725586,1,17283-18-11-1,68.0,1,3.0,,2.0,1.0,0,0,0,1,1,0,0,1.0,0
17283,20,11,1,1,2,64,3.0,3,2,3, ,1,0.0,0.0,0.0,5,8,2,224.767318725586,3,17283-20-11-1,64.0,1,3.0,,2.0,1.0,0,0,0,1,1,0,0,1.0,0
17283,60,11,1,1,2,42,6.0,5,2,3, ,1,0.0,8.0,0.0,5,8,1,224.767318725586,3,17283-60-11-1,42.0,1,3.0,,2.0,1.0,0,1,0,1,1,0,0,1.0,0
17283,61,11,1,1,1,46,8.0,3,4,3,7,1,0.0,8.0,0.0,5,8,2,224.767318725586,3,17283-61-11-1,46.0,1,3.0,7.0,4.0,1.0,0,1,0,1,1,0,0,1.0,0
17283,62,11,1,1,1,63,6.0,5,4, ,1,5,0.0,0.0,0.0,5,8,1,224.767318725586,4,17283-62-11-1,63.0,1,,1.0,4.0,0.0,0,0,0,1,1,0,0,0.0,0
17283,63,11,1,1,2,60,9.0,1,2,3, ,1,0.0,0.0,0.0,5,8,2,224.767318725586,1,17283-63-11-1,60.0,1,3.0,,2.0,1.0,0,0,0,1,1,0,0,1.0,0
17283,64,11,1,1,2,64,6.0,5,2,3, ,1,0.0,0.0,0.0,5,8,2,224.767318725586,1,17283-64-11-1,64.0,1,3.0,,2.0,1.0,0,0,0,1,1,0,0,1.0,0
17284,10,11,1,1,1,56,5.0,2,2,3, ,1,0.0,0.0,0.0,5,6,1,245.62663269043,3,17284-10-11-1,56.0,1,3.0,,2.0,1.0,0,0,0,1,1,0,0,1.0,0
17284,17,11,1,1,1,49,6.0,5,2,3, ,1,0.0,0.0,0.0,5,6,1,245.62663269043,5,17284-17-11-1,49.0,1,3.0,,2.0,1.0,0,0,0,1,1,0,0,1.0,0
17284,23,11,1,1,1,69,4.0,5,2,3, ,1,0.0,0.0,0.0,5,6,1,245.62663269043,1,17284-23-11-1,69.0,1,3.0,,2.0,1.0,0,0,0,1,1,0,0,1.0,0
17284,29,11,1,1,1,33,5.0,1,2,3, ,1,0.0,0.0,0.0,5,6,1,245.62663269043,2,17284-29-11-1,33.0,1,3.0,,2.0,1.0,0,0,0,1,1,0,0,1.0,0
17284,41,11,1,1,2,85,3.0,3,2,3, ,1,0.0,0.0,0.0,5,6,1,245.62663269043,1,17284-41-11-1,85.0,1,3.0,,2.0,1.0,0,0,0,1,1,0,0,1.0,0
17284,51,11,1,1,2,75,3.0,3,5,3,7,1,0.0,0.0,0.0,5,6,1,245.62663269043,2,17284-51-11-1,75.0,1,3.0,7.0,5.0,1.0,0,0,0,1,1,0,0,1.0,0
17284,57,11,1,1,1,65,6.0,5,4,1,7,5,0.0,0.0,0.0,5,6,1,245.62663269043,2,17284-57-11-1,65.0,1,1.0,7.0,4.0,1.0,0,0,0,1,1,0,0,1.0,0
17285,19,11,1,1,2,48,4.0,0,2,3, ,1,0.0,0.0,0.0,5,7,1,224.767318725586,1,17285-19-11-1,48.0,1,3.0,,2.0,1.0,0,0,0,1,1,0,0,1.0,0
17285,48,11,1,1,2,69,3.0,3,2,3, ,1,0.0,0.0,0.0,5,7,1,224.767318725586,1,17285-48-11-1,69.0,1,3.0,,2.0,1.0,0,0,0,1,1,0,0,1.0,0
17285,50,11,1,1,2,81,1.0, ,2,3, ,1,0.0,0.0,0.0,5,7,1,224.767318725586,1,17285-50-11-1,81.0,1,3.0,,2.0,1.0,0,0,0,1,1,0,0,1.0,0
17286,148,11,1,1,2,37,8.0,5,2,3, ,1,0.0,0.0,0.0,5,7,1,234.56022644043,4,17286-148-11-1,37.0,1,3.0,,2.0,1.0,0,0,0,1,1,0,0,1.0,0
17286,296,11,1,1,1,75,5.0,2,2,3, ,1,0.0,0.0,0.0,5,7,1,234.56022644043,2,17286-296-11-1,75.0,1,3.0,,2.0,1.0,0,0,0,1,1,0,0,1.0,0
17286,298,11,1,1,2,39,6.0,5,2,3, ,1,0.0,8.0,0.0,5,7,1,234.56022644043,5,17286-298-11-1,39.0,1,3.0,,2.0,1.0,0,1,0,1,1,0,0,1.0,0
17287,21,11,1,1,1,63,4.0,5,2,3, ,1,0.0,0.0,0.0,5,8,1,224.767318725586,2,17287-21-11-1,63.0,1,3.0,,2.0,1.0,0,0,0,1,1,0,0,1.0,0
17287,22,11,1,1,1,41,6.0,5,2,3, ,1,0.0,0.0,0.0,5,8,1,224.767318725586,8,17287-22-11-1,41.0,1,3.0,,2.0,1.0,0,0,0,1,1,0,0,1.0,0
17287,23,11,1,1,1,75,3.0,0,1,3, ,1,0.0,0.0,0.0,5,8,1,224.767318725586,2,17287-23-11-1,75.0,1,3.0,,1.0,1.0,0,0,0,1,1,0,0,1.0,0
17287,81,11,1,1,1,30,3.0,0,2,3, ,1,0.0,0.0,0.0,5,8,1,224.767318725586,6,17287-81-11-1,30.0,1,3.0,,2.0,1.0,0,0,0,1,1,0,0,1.0,0
17287,88,11,1,1,2,38,3.0,0,5,3,7,1,0.0,0.0,0.0,5,8,1,224.767318725586,7,17287-88-11-1,38.0,1,3.0,7.0,5.0,1.0,0,0,0,1,1,0,0,1.0,0
17287,89,11,1,1,1,56,4.0,0,2,3, ,1,0.0,0.0,0.0,5,8,1,224.767318725586,3,17287-89-11-1,56.0,1,3.0,,2.0,1.0,0,0,0,1,1,0,0,1.0,0
17287,90,11,1,1,1,47,6.0,5,2,3, ,1,0.0,0.0,0.0,5,8,1,224.767318725586,8,17287-90-11-1,47.0,1,3.0,,2.0,1.0,0,0,0,1,1,0,0,1.0,0
17288,5,11,1,1,2,72,4.0,5,2,3, ,1,0.0,0.0,0.0,5,6, ,224.767318725586,5,17288-5-11-1,72.0,1,3.0,,2.0,1.0,0,0,0,1,1,0,0,1.0,0
17288,13,11,1,1,1,65,6.0,5,2,3, ,1,0.0,0.0,0.0,5,6, ,224.767318725586,2,17288-13-11-1,65.0,1,3.0,,2.0,1.0,0,0,0,1,1,0,0,1.0,0
17288,29,11,1,1,2,42,6.0,5,4,3,7,1,0.0,8.0,0.0,5,6, ,224.767318725586,3,17288-29-11-1,42.0,1,3.0,7.0,4.0,1.0,0,1,0,1,1,0,0,1.0,0
17288,38,11,1,1,1,82,6.0,5,4,3,7,1,0.0,0.0,0.0,5,6, ,224.767318725586,2,17288-38-11-1,82.0,1,3.0,7.0,4.0,1.0,0,0,0,1,1,0,0,1.0,0
17288,46,11,1,1,1,71,6.0,5,2,3, ,1,0.0,0.0,0.0,5,6, ,224.767318725586,1,17288-46-11-1,71.0,1,3.0,,2.0,1.0,0,0,0,1,1,0,0,1.0,0
17288,54,11,1,1,1,51,6.0,5,4,3,7,1,0.0,0.0,0.0,5,6, ,224.767318725586,1,17288-54-11-1,51.0,1,3.0,7.0,4.0,1.0,0,0,0,1,1,0,0,1.0,0
17288,60,11,1,1,1,51,6.0,5,4,3,7,1,0.0,0.0,0.0,5,6, ,224.767318725586,5,17288-60-11-1,51.0,1,3.0,7.0,4.0,1.0,0,0,0,1,1,0,0,1.0,0
17290,53,11,1,1,1,48,6.0,5,2,3, ,1,0.0,0.0,0.0,5,7, ,234.302917480469,5,17290-53-11-1,48.0,1,3.0,,2.0,1.0,0,0,0,1,1,0,0,1.0,0
17290,54,11,1,1,1,41,5.0,2,4,3,7,1,0.0,0.0,0.0,5,7, ,234.302917480469,5,17290-54-11-1,41.0,1,3.0,7.0,4.0,1.0,0,0,0,1,1,0,0,1.0,0
17290,55,11,1,1,1,48,5.0,4,4,3,7,1,0.0,0.0,0.0,5,7, ,234.302917480469,7,17290-55-11-1,48.0,1,3.0,7.0,4.0,1.0,0,0,0,1,1,0,0,1.0,0
17290,56,11,1,1,1,58,6.0,5,4,3,7,1,0.0,0.0,0.0,5,7, ,234.302917480469,7,17290-56-11-1,58.0,1,3.0,7.0,4.0,1.0,0,0,0,1,1,0,0,1.0,0
17290,146,11,1,1,2,57,4.0,0,2,3, ,1,0.0,0.0,0.0,5,7, ,234.302917480469,1,17290-146-11-1,57.0,1,3.0,,2.0,1.0,0,0,0,1,1,0,0,1.0,0
17290,147,11,1,1,1,41,6.0,5,2,3, ,1,0.0,0.0,0.0,5,7, ,234.302917480469,5,17290-147-11-1,41.0,1,3.0,,2.0,1.0,0,0,0,1,1,0,0,1.0,0
17290,150,11,1,1,1,41,6.0,5,4,3,2,1,0.0,0.0,0.0,5,7, ,234.302917480469,6,17290-150-11-1,41.0,1,3.0,2.0,4.0,1.0,0,0,0,1,1,0,0,1.0,0
17291,5,11,1,1,1,60,4.0,5,2,3, ,1,0.0,0.0,0.0,5,8, ,234.302917480469,1,17291-5-11-1,60.0,1,3.0,,2.0,1.0,0,0,0,1,1,0,0,1.0,0
17291,6,11,1,1,2,28,6.0,5,2,3, ,1,0.0,0.0,0.0,5,8, ,234.302917480469,3,17291-6-11-1,28.0,1,3.0,,2.0,1.0,0,0,0,1,1,0,0,1.0,0
17291,10,11,1,1,1,26,6.0,5,2,3, ,1,0.0,0.0,0.0,5,8, ,234.302917480469,3,17291-10-11-1,26.0,1,3.0,,2.0,1.0,0,0,0,1,1,0,0,1.0,0
17291,37,11,1,1,1,46,6.0,5,2,3, ,1,0.0,0.0,0.0,5,8, ,234.302917480469,5,17291-37-11-1,46.0,1,3.0,,2.0,1.0,0,0,0,1,1,0,0,1.0,0
17291,46,11,1,1,1,56,5.0,3,2,3, ,1,0.0,0.0,0.0,5,8, ,234.302917480469,2,17291-46-11-1,56.0,1,3.0,,2.0,1.0,0,0,0,1,1,0,0,1.0,0
17291,47,11,1,1,1,36,4.0,0,2,3, ,1,0.0,0.0,0.0,5,8, ,234.302917480469,4,17291-47-11-1,36.0,1,3.0,,2.0,1.0,0,0,0,1,1,0,0,1.0,0
17311,7,11,1,1,2,44,4.0,0,4,3,7,1,0.0,0.0,0.0,7,8,1,204.325286865234,3,17311-7-11-1,44.0,1,3.0,7.0,4.0,1.0,0,0,0,1,1,0,0,1.0,0
17311,8,11,1,1,1,33,6.0,5,1,3, ,1,0.0,0.0,0.0,7,8,1,204.325286865234,4,17311-8-11-1,33.0,1,3.0,,1.0,1.0,0,0,0,1,1,0,0,1.0,0
17311,44,11,1,1,1,55,4.0,0,2,3, ,1,0.0,0.0,0.0,7,8,1,204.325286865234,2,17311-44-11-1,55.0,1,3.0,,2.0,1.0,0,0,0,1,1,0,0,1.0,0
17311,45,11,1,1,1,70,3.0,4,1,3, ,1,0.0,0.0,0.0,7,8,1,204.325286865234,2,17311-45-11-1,70.0,1,3.0,,1.0,1.0,0,0,0,1,1,0,0,1.0,0
17311,46,11,1,1,1,48,5.0,3,4,3,7,1,0.0,0.0,0.0,7,8,1,204.325286865234,4,17311-46-11-1,48.0,1,3.0,7.0,4.0,1.0,0,0,0,1,1,0,0,1.0,0
17311,47,11,1,1,2,53,6.0,5,4,3,7,1,0.0,0.0,0.0,7,8,1,204.325286865234,3,17311-47-11-1,53.0,1,3.0,7.0,4.0,1.0,0,0,0,1,1,0,0,1.0,0
17315,65,11,1,1,1,73,6.0,5,2,3, ,1,0.0,0.0,0.0,7,7,1,204.325286865234,1,17315-65-11-1,73.0,1,3.0,,2.0,1.0,0,0,0,1,1,0,0,1.0,0
17315,66,11,1,1,1,47,4.0,0,2,3, ,1,0.0,0.0,0.0,7,7,1,204.325286865234,5,17315-66-11-1,47.0,1,3.0,,2.0,1.0,0,0,0,1,1,0,0,1.0,0
17315,67,11,1,1,1,44,6.0,5,2,3, ,1,0.0,0.0,0.0,7,7,1,204.325286865234,5,17315-67-11-1,44.0,1,3.0,,2.0,1.0,0,0,0,1,1,0,0,1.0,0
17315,136,11,1,1,1,62,4.0,5, , , , ,0.0,0.0,0.0,7,7,1,204.325286865234,1,17315-136-11-1,62.0,1,,,,0.0,0,0,0,1,1,0,0,0.0,0
17315,138,11,1,1,1,51,5.0,1,2,3, ,1,0.0,0.0,0.0,7,7,1,204.325286865234,1,17315-138-11-1,51.0,1,3.0,,2.0,1.0,0,0,0,1,1,0,0,1.0,0
17315,139,11,1,1,2,57,3.0,0,2,3, ,1,0.0,0.0,0.0,7,7,1,204.325286865234,1,17315-139-11-1,57.0,1,3.0,,2.0,1.0,0,0,0,1,1,0,0,1.0,0
17316,177,11,1,1,1,67,1.0, ,2,3, ,1,0.0,0.0,0.0,7,7,1,222.752792358398,2,17316-177-11-1,67.0,1,3.0,,2.0,1.0,0,0,0,1,1,0,0,1.0,0
17316,178,11,1,1,1,29,6.0,5,2,3, ,1,0.0,0.0,0.0,7,7,1,222.752792358398,4,17316-178-11-1,29.0,1,3.0,,2.0,1.0,0,0,0,1,1,0,0,1.0,0
17316,179,11,1,1,2,32,6.0,5,4,3,7,1,0.0,0.0,0.0,7,7,1,222.752792358398,3,17316-179-11-1,32.0,1,3.0,7.0,4.0,1.0,0,0,0,1,1,0,0,1.0,0
17316,180,11,1,1,1,26,9.0,2,2,3, ,1,0.0,0.0,0.0,7,7,1,222.752792358398,3,17316-180-11-1,26.0,1,3.0,,2.0,1.0,0,0,0,1,1,0,0,1.0,0
17316,510,11,1,1,1,44,3.0,0,2,3, ,1,0.0,0.0,0.0,7,7,1,222.752792358398,4,17316-510-11-1,44.0,1,3.0,,2.0,1.0,0,0,0,1,1,0,0,1.0,0
17316,512,11,1,1,1,43,5.0,2,2,3, ,1,0.0,0.0,0.0,7,7,1,222.752792358398,7,17316-512-11-1,43.0,1,3.0,,2.0,1.0,0,0,0,1,1,0,0,1.0,0
17317,15,11,1,1,1,51,4.0,0,2,3, ,1,0.0,0.0,0.0,7,8,1,204.325286865234,5,17317-15-11-1,51.0,1,3.0,,2.0,1.0,0,0,0,1,1,0,0,1.0,0
17317,17,11,1,1,1,48,3.0,0,2,3, ,1,0.0,0.0,0.0,7,8,1,204.325286865234,7,17317-17-11-1,48.0,1,3.0,,2.0,1.0,0,0,0,1,1,0,0,1.0,0
17317,108,11,1,1,2,78,1.0, ,5,3,7,1,0.0,0.0,0.0,7,8,1,204.325286865234,3,17317-108-11-1,78.0,1,3.0,7.0,5.0,1.0,0,0,0,1,1,0,0,1.0,0
17317,109,11,1,1,1,39,6.0,5,2,3, ,1,0.0,0.0,0.0,7,8,1,204.325286865234,5,17317-109-11-1,39.0,1,3.0,,2.0,1.0,0,0,0,1,1,0,0,1.0,0
17317,111,11,1,1,1,40,5.0,3,2,3, ,1,0.0,0.0,0.0,7,8,1,204.325286865234,4,17317-111-11-1,40.0,1,3.0,,2.0,1.0,0,0,0,1,1,0,0,1.0,0
17317,113,11,1,1,1,37,6.0,5,2,3, ,1,0.0,0.0,0.0,7,8,1,204.325286865234,5,17317-113-11-1,37.0,1,3.0,,2.0,1.0,0,0,0,1,1,0,0,1.0,0
17318,109,11,1,1,1,45,4.0,0,4,3,7,1,0.0,0.0,0.0,7,7,1,204.325286865234,5,17318-109-11-1,45.0,1,3.0,7.0,4.0,1.0,0,0,0,1,1,0,0,1.0,0
17318,111,11,1,1,1,73,5.0,3,2,3, ,1,0.0,0.0,0.0,7,7,1,204.325286865234,1,17318-111-11-1,73.0,1,3.0,,2.0,1.0,0,0,0,1,1,0,0,1.0,0
17318,112,11,1,1,1,55,5.0,1,2,3, ,1,0.0,0.0,0.0,7,7,1,204.325286865234,1,17318-112-11-1,55.0,1,3.0,,2.0,1.0,0,0,0,1,1,0,0,1.0,0
17318,283,11,1,1,1,47,5.0,2,2,3, ,1,0.0,0.0,0.0,7,7,1,204.325286865234,5,17318-283-11-1,47.0,1,3.0,,2.0,1.0,0,0,0,1,1,0,0,1.0,0
17318,285,11,1,1,2,74,1.0, ,2,3, ,1,0.0,0.0,0.0,7,7,1,204.325286865234,1,17318-285-11-1,74.0,1,3.0,,2.0,1.0,0,0,0,1,1,0,0,1.0,0
17318,286,11,1,1,1,43,5.0,2,4,3,7,1,0.0,0.0,0.0,7,7,1,204.325286865234,4,17318-286-11-1,43.0,1,3.0,7.0,4.0,1.0,0,0,0,1,1,0,0,1.0,0
17319,9,11,1,1,1,39,5.0,2,2,3, ,1,0.0,0.0,0.0,7,7,1,222.752792358398,4,17319-9-11-1,39.0,1,3.0,,2.0,1.0,0,0,0,1,1,0,0,1.0,0
17319,10,11,1,1,1,31,5.0,3,2,3, ,1,0.0,8.0,0.0,7,7,1,222.752792358398,4,17319-10-11-1,31.0,1,3.0,,2.0,1.0,0,1,0,1,1,0,0,1.0,0
17319,11,11,1,1,1,24,6.0,5,4,1,2,5,0.0,8.0,0.0,7,7,1,222.752792358398,6,17319-11-11-1,24.0,1,1.0,2.0,4.0,0.0,0,1,0,1,1,0,0,0.0,0
17319,12,11,1,1,1,73,4.0,5,2,3, ,1,0.0,0.0,0.0,7,7,1,222.752792358398,1,17319-12-11-1,73.0,1,3.0,,2.0,1.0,0,0,1,1,1,0,1,1.0,1
17319,201,11,1,1,1,66,4.0,5,2,3, ,1,0.0,0.0,0.0,7,7,1,222.752792358398,3,17319-201-11-1,66.0,1,3.0,,2.0,1.0,0,0,0,1,1,0,0,1.0,0
17319,202,11,1,1,1,45,7.0,1,2,3, ,1,0.0,0.0,0.0,7,7,1,222.752792358398,1,17319-202-11-1,45.0,1,3.0,,2.0,1.0,0,0,0,1,1,0,0,1.0,0
17319,203,11,1,1,1,53,5.0,1,2,3, ,1,0.0,0.0,0.0,7,7,1,222.752792358398,5,17319-203-11-1,53.0,1,3.0,,2.0,1.0,0,0,0,1,1,0,0,1.0,0
17320,9,11,1,1,1,35,6.0,5,2,3, ,1,0.0,0.0,0.0,7,8,1,219.604568481445,4,17320-9-11-1,35.0,1,3.0,,2.0,1.0,0,0,0,1,1,0,0,1.0,0
17320,10,11,1,1,1,46,3.0,0,2,3, ,1,0.0,0.0,0.0,7,8,1,219.604568481445,6,17320-10-11-1,46.0,1,3.0,,2.0,1.0,0,0,0,1,1,0,0,1.0,0
17320,12,11,1,1,1,48,3.0,0,2,3, ,1,0.0,0.0,0.0,7,8,1,219.604568481445,5,17320-12-11-1,48.0,1,3.0,,2.0,1.0,0,0,1,1,1,0,1,1.0,1
17320,68,11,1,1,2,36,5.0,3,2,3, ,1,0.0,8.0,0.0,7,8,1,219.604568481445,5,17320-68-11-1,36.0,1,3.0,,2.0,1.0,0,1,1,1,1,0,1,1.0,1
17320,69,11,1,1,1,40,5.0,3,4,3,7,1,0.0,8.0,0.0,7,8,1,219.604568481445,6,17320-69-11-1,40.0,1,3.0,7.0,4.0,1.0,0,1,1,1,1,0,1,1.0,1
17320,70,11,1,1,1,52,3.0,0,2,3, ,1,0.0,0.0,0.0,7,8,1,219.604568481445,4,17320-70-11-1,52.0,1,3.0,,2.0,1.0,0,0,0,1,1,0,0,1.0,0
17320,71,11,1,1,1,75,1.0, ,2,3, ,1,0.0,0.0,0.0,7,8,1,219.604568481445,1,17320-71-11-1,75.0,1,3.0,,2.0,1.0,0,0,0,1,1,0,0,1.0,0
17320,72,11,1,1,1,39,4.0,0,2,3, ,1,0.0,0.0,0.0,7,8,1,219.604568481445,4,17320-72-11-1,39.0,1,3.0,,2.0,1.0,0,0,0,1,1,0,0,1.0,0
17321,5,11,1,1,1,44,5.0,2,2,3, ,1,0.0,0.0,0.0,7,7,1,222.752792358398,4,17321-5-11-1,44.0,1,3.0,,2.0,1.0,0,0,0,1,1,0,0,1.0,0
17321,6,11,1,1,2,32,4.0,0,2,3, ,1,0.0,0.0,0.0,7,7,1,222.752792358398,7,17321-6-11-1,32.0,1,3.0,,2.0,1.0,0,0,0,1,1,0,0,1.0,0
17321,7,11,1,1,1,68,6.0,5,2,3, ,1,0.0,0.0,0.0,7,7,1,222.752792358398,2,17321-7-11-1,68.0,1,3.0,,2.0,1.0,0,0,0,1,1,0,0,1.0,0
17321,8,11,1,1,1,55,3.0,0,2,3, ,1,0.0,0.0,0.0,7,7,1,222.752792358398,4,17321-8-11-1,55.0,1,3.0,,2.0,1.0,0,0,0,1,1,0,0,1.0,0
17321,254,11,1,1,1,31,5.0,1,4,3,7,1,0.0,0.0,0.0,7,7,1,222.752792358398,5,17321-254-11-1,31.0,1,3.0,7.0,4.0,1.0,0,0,0,1,1,0,0,1.0,0
17321,255,11,1,1,2,55,3.0,0,2,3, ,1,0.0,0.0,0.0,7,7,1,222.752792358398,1,17321-255-11-1,55.0,1,3.0,,2.0,1.0,0,0,0,1,1,0,0,1.0,0
17323,77,11,1,1,2,51,1.0, ,2,3, ,1,0.0,0.0,0.0,7,7, ,219.604568481445,1,17323-77-11-1,51.0,1,3.0,,2.0,1.0,0,0,0,1,1,0,0,1.0,0
17323,78,11,1,1,1,61,6.0,5,4, ,6,5,0.0,0.0,0.0,7,7, ,219.604568481445,5,17323-78-11-1,61.0,1,,6.0,4.0,0.0,0,0,0,1,1,0,0,0.0,0
17323,79,11,1,1,2,48,4.0,0,2,3, ,1,0.0,0.0,0.0,7,7, ,219.604568481445,2,17323-79-11-1,48.0,1,3.0,,2.0,1.0,0,0,0,1,1,0,0,1.0,0
17323,80,11,1,1,1,37,5.0,3,2,3, ,1,0.0,8.0,0.0,7,7, ,219.604568481445,4,17323-80-11-1,37.0,1,3.0,,2.0,1.0,0,1,0,1,1,0,0,1.0,0
17323,235,11,1,1,1,54,3.0,0,4,3,7,1,0.0,0.0,0.0,7,7, ,219.604568481445,4,17323-235-11-1,54.0,1,3.0,7.0,4.0,1.0,0,0,0,1,1,0,0,1.0,0
17323,236,11,1,1,1,41,6.0,5,5,3,7,1,0.0,8.0,0.0,7,7, ,219.604568481445,2,17323-236-11-1,41.0,1,3.0,7.0,5.0,1.0,0,1,0,1,1,0,0,1.0,0
17323,237,11,1,1,1,51,6.0,5,4,3,7,1,0.0,0.0,0.0,7,7, ,219.604568481445,10,17323-237-11-1,51.0,1,3.0,7.0,4.0,1.0,0,0,0,1,1,0,0,1.0,0
17323,238,11,1,1,1,59,4.0,5,4,3,7,1,0.0,0.0,0.0,7,7, ,219.604568481445,3,17323-238-11-1,59.0,1,3.0,7.0,4.0,1.0,0,0,0,1,1,0,0,1.0,0
17324,103,11,1,1,1,30,5.0,4,2,3, ,1,0.0,0.0,0.0,7,7, ,225.78596496582,5,17324-103-11-1,30.0,1,3.0,,2.0,1.0,0,0,0,1,1,0,0,1.0,0
17324,221,11,1,1,2,66,1.0, ,2,3, ,1,0.0,0.0,0.0,7,7, ,225.78596496582,1,17324-221-11-1,66.0,1,3.0,,2.0,1.0,0,0,0,1,1,0,0,1.0,0
17324,223,11,1,1,2,49,4.0,0,2,3, ,1,0.0,0.0,0.0,7,7, ,225.78596496582,4,17324-223-11-1,49.0,1,3.0,,2.0,1.0,0,0,0,1,1,0,0,1.0,0
17324,225,11,1,1,1,30,5.0,1,2,3, ,1,0.0,0.0,0.0,7,7, ,225.78596496582,4,17324-225-11-1,30.0,1,3.0,,2.0,1.0,0,0,0,1,1,0,0,1.0,0
17324,226,11,1,1,2,58,3.0,1,5,3,7,1,0.0,0.0,0.0,7,7, ,225.78596496582,5,17324-226-11-1,58.0,1,3.0,7.0,5.0,1.0,0,0,0,1,1,0,0,1.0,0
17324,227,11,1,1,2,74,3.0,2,2,3, ,1,0.0,0.0,0.0,7,7, ,225.78596496582,1,17324-227-11-1,74.0,1,3.0,,2.0,1.0,0,0,0,1,1,0,0,1.0,0
17324,228,11,1,1,1,32,6.0,5,4,3,7,1,0.0,0.0,0.0,7,7, ,225.78596496582,6,17324-228-11-1,32.0,1,3.0,7.0,4.0,1.0,0,0,0,1,1,0,0,1.0,0
17325,5,11,1,1,1,42,5.0,3,2,3, ,1,0.0,0.0,0.0,7,8, ,204.325286865234,6,17325-5-11-1,42.0,1,3.0,,2.0,1.0,0,0,0,1,1,0,0,1.0,0
17325,8,11,1,1,1,43,4.0,0,2,3, ,1,0.0,0.0,0.0,7,8, ,204.325286865234,3,17325-8-11-1,43.0,1,3.0,,2.0,1.0,0,0,0,1,1,0,0,1.0,0
17325,35,11,1,1,1,28,5.0,4,2,3, ,1,0.0,0.0,0.0,7,8, ,204.325286865234,4,17325-35-11-1,28.0,1,3.0,,2.0,1.0,0,0,0,1,1,0,0,1.0,0
17325,36,11,1,1,1,50,6.0,5,2,3, ,1,0.0,0.0,0.0,7,8, ,204.325286865234,2,17325-36-11-1,50.0,1,3.0,,2.0,1.0,0,0,0,1,1,0,0,1.0,0
17325,42,11,1,1,1,40,3.0,0,2,3, ,1,0.0,0.0,0.0,7,8, ,204.325286865234,6,17325-42-11-1,40.0,1,3.0,,2.0,1.0,0,0,0,1,1,0,0,1.0,0
17325,43,11,1,1,1,35,4.0,0,2,3, ,1,0.0,0.0,0.0,7,8, ,204.325286865234,5,17325-43-11-1,35.0,1,3.0,,2.0,1.0,0,0,0,1,1,0,0,1.0,0
17350,18,11,1,1,2,52,1.0, , , , , ,0.0,0.0,0.0,1,1, ,481.272064208984,3,17350-18-11-1,52.0,1,,,,0.0,0,0,0,1,1,0,0,0.0,0
17350,74,11,1,1,1,34,6.0,5,2,3, ,1,0.0,8.0,0.0,1,1, ,481.272064208984,3,17350-74-11-1,34.0,1,3.0,,2.0,1.0,0,1,0,1,1,0,0,1.0,0
17350,93,11,1,1,1,43,8.0,3,1,3, ,1,0.0,8.0,0.0,1,1, ,481.272064208984,4,17350-93-11-1,43.0,1,3.0,,1.0,1.0,0,1,0,1,1,0,0,1.0,0
17350,111,11,1,1,1,55,10.0,5,2,3, ,1,0.0,0.0,0.0,1,1, ,481.272064208984,2,17350-111-11-1,55.0,1,3.0,,2.0,1.0,0,0,0,1,1,0,0,1.0,0
17398,15,11,1,1,1,61,10.0,5, , , , ,0.0,0.0,0.0,1,1,1,31.9818248748779,4,17398-15-11-1,61.0,1,,,,0.0,0,0,1,1,1,0,1,0.0,1
17398,157,11,1,1,1,76,10.0,5, , , , ,0.0,0.0,0.0,1,1,1,31.9818248748779,2,17398-157-11-1,76.0,1,,,,0.0,0,0,1,1,1,0,1,0.0,1
17399,57,11,1,1,2,64,6.0,5,2,3, ,1,0.0,0.0,0.0,1,1,2,294.005889892578,3,17399-57-11-1,64.0,1,3.0,,2.0,1.0,0,0,0,1,1,0,0,1.0,0
17400,85,11,1,1,1,79,6.0,5, , , , ,0.0,0.0,0.0,1,1,1,58.8208084106445,7,17400-85-11-1,79.0,1,,,,0.0,0,0,0,1,1,0,0,0.0,0
17400,102,11,1,1,1,55,7.0,1,4,1,2,1,0.0,8.0,0.0,1,1,1,58.8208084106445,3,17400-102-11-1,55.0,1,1.0,2.0,4.0,0.0,0,1,1,1,1,0,1,0.0,1
17400,120,11,1,1,1,69,8.0,3, , , , ,0.0,0.0,0.0,1,1,1,58.8208084106445,6,17400-120-11-1,69.0,1,,,,0.0,0,0,0,1,1,0,0,0.0,0
17402,20,11,1,1,2,60,3.0,3,4,3,7,1,0.0,0.0,0.0,1,1,1,536.785461425781,4,17402-20-11-1,60.0,1,3.0,7.0,4.0,1.0,0,0,0,1,1,0,0,1.0,0
17402,54,11,1,1,2,65,3.0,4, , , , ,0.0,8.0,0.0,1,1,1,536.785461425781,4,17402-54-11-1,65.0,1,,,,0.0,0,1,0,1,1,0,0,0.0,0
17402,90,11,1,1,1,74,5.0,1, , , , ,0.0,0.0,0.0,1,1,1,536.785461425781,3,17402-90-11-1,74.0,1,,,,0.0,0,0,0,1,1,0,0,0.0,0
17402,108,11,1,1,2,79,1.0, ,2,3, ,1,0.0,0.0,0.0,1,1,1,536.785461425781,2,17402-108-11-1,79.0,1,3.0,,2.0,1.0,0,0,0,1,1,0,0,1.0,0
17403,23,11,1,1,1,59,3.0,2, , , , ,0.0,0.0,0.0,1,1,1,464.02197265625,1,17403-23-11-1,59.0,1,,,,0.0,0,0,0,1,1,0,0,0.0,0
17403,73,11,1,1,2,21,7.0,2,2,3, ,1,0.0,8.0,0.0,1,1,1,464.02197265625,3,17403-73-11-1,21.0,1,3.0,,2.0,1.0,0,1,0,1,1,0,0,1.0,0
17403,106,11,1,1,1,35,8.0,3,4,3,7,1,0.0,0.0,0.0,1,1,1,464.02197265625,4,17403-106-11-1,35.0,1,3.0,7.0,4.0,1.0,0,0,0,1,1,0,0,1.0,0
17404,1,11,1,1,1,47,5.0,3, , , , ,0.0,0.0,0.0,1,1,1,386.056427001953,4,17404-1-11-1,47.0,1,,,,0.0,0,0,0,1,1,0,0,0.0,0
17404,62,11,1,1,2,46,4.0,0, , , , ,0.0,0.0,0.0,1,1,1,386.056427001953,3,17404-62-11-1,46.0,1,,,,0.0,0,0,0,1,1,0,0,0.0,0
17404,103,11,1,1,1,53,7.0,2,2,3, ,1,0.0,0.0,0.0,1,1,1,386.056427001953,3,17404-103-11-1,53.0,1,3.0,,2.0,1.0,0,0,0,1,1,0,0,1.0,0
17404,123,11,1,1,1,78,10.0,5, , , , ,0.0,0.0,0.0,1,1,1,386.056427001953,3,17404-123-11-1,78.0,1,,,,0.0,0,0,0,1,1,0,0,0.0,0
17405,26,11,1,1,1,25,8.0,3,4,1,2,2,0.0,8.0,0.0,1,1,1,471.747924804688,3,17405-26-11-1,25.0,1,1.0,2.0,4.0,0.0,0,1,0,1,1,0,0,0.0,0
17405,38,11,1,1,1,75,3.0,1, , , , ,0.0,0.0,0.0,1,1,1,471.747924804688,1,17405-38-11-1,75.0,1,,,,0.0,0,0,0,1,1,0,0,0.0,0
17406,12,11,1,1,2,50,8.0,3,3, ,2,5,0.0,0.0,0.0,1,1,1,441.429260253906,3,17406-12-11-1,50.0,1,,2.0,3.0,0.0,0,0,0,1,1,0,0,0.0,0
17406,36,11,1,1,2,50,3.0,0,2,3, ,1,0.0,0.0,0.0,1,1,1,441.429260253906,5,17406-36-11-1,50.0,1,3.0,,2.0,1.0,0,0,0,1,1,0,0,1.0,0
17406,60,11,1,1,1,62,5.0,2,1,3, ,1,0.0,0.0,0.0,1,1,1,441.429260253906,4,17406-60-11-1,62.0,1,3.0,,1.0,1.0,0,0,0,1,1,0,0,1.0,0
17406,84,11,1,1,2,39,4.0,0,3,3,7,1,0.0,8.0,0.0,1,1,1,441.429260253906,4,17406-84-11-1,39.0,1,3.0,7.0,3.0,1.0,0,1,0,1,1,0,0,1.0,0
17407,76,11,1,1,1,82,4.0,6, , , , ,0.0,0.0,0.0,1,1,1,324.376708984375,2,17407-76-11-1,82.0,1,,,,0.0,0,0,1,1,1,0,1,0.0,1
17408,23,11,1,1,1,48,10.0,5,3,1,1,2,0.0,8.0,0.0,1,1,1,540.9833984375,5,17408-23-11-1,48.0,1,1.0,1.0,3.0,0.0,0,1,1,1,1,0,1,0.0,1
17408,50,11,1,1,1,46,8.0,3,3,1,2,1,0.0,8.0,0.0,1,1,1,540.9833984375,4,17408-50-11-1,46.0,1,1.0,2.0,3.0,0.0,0,1,0,1,1,0,0,0.0,0
17408,97,11,1,1,2,64,8.0,3,3,1,1,1,0.0,8.0,0.0,1,1,1,540.9833984375,2,17408-97-11-1,64.0,1,1.0,1.0,3.0,0.0,0,1,0,1,1,0,0,0.0,0
17409,41,22,1,1,2,48,6.0,5,4, ,1,5,0.0,8.0,0.0,1,1,2,570.074829101563,1,17409-41-22-1,48.0,1,,1.0,4.0,0.0,0,1,1,1,1,0,1,0.0,1
17409,100,11,1,1,2,40,5.0,2,6, ,7,1,0.0,0.0,0.0,1,1,1,570.074829101563,6,17409-100-11-1,40.0,1,,7.0,6.0,1.0,0,0,0,1,1,0,0,1.0,0
17409,120,11,1,1,2,81,3.0,4, , , , ,0.0,0.0,0.0,1,1,1,570.074829101563,3,17409-120-11-1,81.0,1,,,,0.0,0,0,0,1,1,0,0,0.0,0
17409,139,11,1,1,2,52,6.0,5,2,3, ,1,0.0,8.0,0.0,1,1,1,570.074829101563,5,17409-139-11-1,52.0,1,3.0,,2.0,1.0,0,1,0,1,1,0,0,1.0,0
17410,27,11,1,1,1,61,10.0,5,3,1,2,1,0.0,0.0,0.0,1,1,1,64.8034973144531,4,17410-27-11-1,61.0,1,1.0,2.0,3.0,0.0,0,0,0,1,1,0,0,0.0,0
17410,125,11,1,1,2,67,6.0,5,2,2, ,1,0.0,0.0,0.0,1,1,1,64.8034973144531,2,17410-125-11-1,67.0,1,2.0,,2.0,0.0,0,0,0,1,1,0,0,0.0,0
17411,41,11,1,1,1,58,5.0,1,4,1,2,5,0.0,0.0,0.0,1,1,1,464.02197265625,3,17411-41-11-1,58.0,1,1.0,2.0,4.0,0.0,0,0,0,1,1,0,0,0.0,0
17411,83,11,1,1,2,48,8.0,3, , , , ,0.0,8.0,0.0,1,1,1,464.02197265625,3,17411-83-11-1,48.0,1,,,,0.0,0,1,0,1,1,0,0,0.0,0
17412,9,11,1,1,1,50,7.0,2,4,1,7,1,0.0,8.0,0.0,1,1,1,471.747924804688,1,17412-9-11-1,50.0,1,1.0,7.0,4.0,1.0,0,1,0,1,1,0,0,1.0,0
17412,27,11,1,1,1,34,6.0,5,4,1,2,4,0.0,8.0,0.0,1,1,1,471.747924804688,7,17412-27-11-1,34.0,1,1.0,2.0,4.0,0.0,0,1,0,1,1,0,0,0.0,0
17412,149,11,1,1,1,44,6.0,5,2,3, ,1,0.0,8.0,0.0,1,1,1,471.747924804688,4,17412-149-11-1,44.0,1,3.0,,2.0,1.0,0,1,0,1,1,0,0,1.0,0
17413,68,11,1,1,1,35,6.0,5,4,2,7,1,0.0,8.0,0.0,1,1,1,464.02197265625,6,17413-68-11-1,35.0,1,2.0,7.0,4.0,1.0,0,1,0,1,1,0,0,1.0,0
17413,83,11,1,1,1,20,6.0,5,4,3,7,1,0.0,8.0,0.0,1,1,1,464.02197265625,1,17413-83-11-1,20.0,1,3.0,7.0,4.0,1.0,0,1,0,1,1,0,0,1.0,0
17414,11,11,1,1,2,29,3.0,0, , , , ,0.0,8.0,0.0,1,1,1,441.429260253906,5,17414-11-11-1,29.0,1,,,,0.0,0,1,0,1,1,0,0,0.0,0
17414,26,11,1,1,1,51,5.0,2,4,2,7,1,0.0,8.0,0.0,1,1,1,441.429260253906,7,17414-26-11-1,51.0,1,2.0,7.0,4.0,1.0,0,1,0,1,1,0,0,1.0,0
17414,38,11,1,1,1,35,4.0,0,3,1,2,4,0.0,8.0,0.0,1,1,1,441.429260253906,3,17414-38-11-1,35.0,1,1.0,2.0,3.0,0.0,0,1,0,1,1,0,0,0.0,0
17414,52,11,1,1,1,33,6.0,5,4,3,7,1,0.0,8.0,0.0,1,1,1,441.429260253906,5,17414-52-11-1,33.0,1,3.0,7.0,4.0,1.0,0,1,1,1,1,0,1,1.0,1
17414,65,11,1,1,2,38,6.0,5,4,1,2,5,0.0,0.0,0.0,1,1,1,441.429260253906,4,17414-65-11-1,38.0,1,1.0,2.0,4.0,0.0,0,0,0,1,1,0,0,0.0,0
17414,92,11,1,1,2,29,6.0,5,2,3, ,1,0.0,8.0,0.0,1,1,1,441.429260253906,3,17414-92-11-1,29.0,1,3.0,,2.0,1.0,0,1,0,1,1,0,0,1.0,0
17415,20,11,1,1,2,30,6.0,5,6, ,7,1,0.0,8.0,0.0,1,1,1,481.272064208984,3,17415-20-11-1,30.0,1,,7.0,6.0,1.0,0,1,0,1,1,0,0,1.0,0
17415,40,11,1,1,2,60,5.0,1, , , , ,0.0,0.0,0.0,1,1,2,481.272064208984,2,17415-40-11-1,60.0,1,,,,0.0,0,0,0,1,1,0,0,0.0,0
17415,164,11,1,1,1,26,3.0,0,4,3,7,1,0.0,0.0,0.0,1,1,1,481.272064208984,4,17415-164-11-1,26.0,1,3.0,7.0,4.0,1.0,0,0,0,1,1,0,0,1.0,0
17417,9,11,1,1,1,76,8.0,3, , , , ,0.0,0.0,0.0,1,1,1,324.376708984375,2,17417-9-11-1,76.0,1,,,,0.0,0,0,0,1,1,0,0,0.0,0
17417,33,11,1,1,1,28,11.0,2,3,1,2,1,0.0,8.0,0.0,1,1,1,324.376708984375,2,17417-33-11-1,28.0,1,1.0,2.0,3.0,0.0,0,1,1,1,1,0,1,0.0,1
17417,54,11,1,1,2,74,7.0,1, , , , ,0.0,0.0,0.0,1,1,1,324.376708984375,1,17417-54-11-1,74.0,1,,,,0.0,0,0,0,1,1,0,0,0.0,0
17417,70,11,1,1,2,65,3.0,4, , , , ,0.0,0.0,0.0,1,1,1,324.376708984375,1,17417-70-11-1,65.0,1,,,,0.0,0,0,0,1,1,0,0,0.0,0
17418,41,11,1,1,1,59,11.0,2,3,1,2,4,0.0,0.0,0.0,1,1,1,294.005889892578,4,17418-41-11-1,59.0,1,1.0,2.0,3.0,0.0,0,0,0,1,1,0,0,0.0,0
17418,50,11,1,1,1,86,10.0,5, , , , ,0.0,0.0,0.0,1,1,1,294.005889892578,1,17418-50-11-1,86.0,1,,,,0.0,0,0,0,1,1,0,0,0.0,0
17419,3,11,1,1,2,67,4.0,5, , , , ,0.0,0.0,0.0,1,1,1,540.9833984375,2,17419-3-11-1,67.0,1,,,,0.0,0,0,0,1,1,0,0,0.0,0
17419,43,11,1,1,2,53,3.0,0,2,3, ,1,0.0,0.0,0.0,1,1,1,540.9833984375,13,17419-43-11-1,53.0,1,3.0,,2.0,1.0,0,0,0,1,1,0,0,1.0,0
17419,62,11,1,1,2,57,4.0,5,2,3, ,1,0.0,8.0,0.0,1,1,1,540.9833984375,4,17419-62-11-1,57.0,1,3.0,,2.0,1.0,0,1,0,1,1,0,0,1.0,0
17419,101,11,1,1,2,58,6.0,5, , , , ,0.0,0.0,0.0,1,1,1,540.9833984375,6,17419-101-11-1,58.0,1,,,,0.0,0,0,0,1,1,0,0,0.0,0
17419,121,11,1,1,2,48,4.0,0,6, ,7,1,0.0,8.0,0.0,1,1,1,540.9833984375,4,17419-121-11-1,48.0,1,,7.0,6.0,1.0,0,1,0,1,1,0,0,1.0,0
17420,42,11,1,1,1,29,10.0,5,3,1,7,1,0.0,8.0,0.0,1,1,1,570.074829101563,2,17420-42-11-1,29.0,1,1.0,7.0,3.0,1.0,0,1,0,1,1,0,0,1.0,0
17420,54,11,1,1,1,69,9.0,3,4,1,7,1,0.0,0.0,0.0,1,1,1,570.074829101563,1,17420-54-11-1,69.0,1,1.0,7.0,4.0,1.0,0,0,0,1,1,0,0,1.0,0
17420,67,11,1,1,2,68,6.0,5, , , , ,0.0,0.0,0.0,1,1,1,570.074829101563,2,17420-67-11-1,68.0,1,,,,0.0,0,0,0,1,1,0,0,0.0,0
17420,79,11,1,1,1,62,6.0,5,1,1, ,1,0.0,0.0,0.0,1,1,1,570.074829101563,2,17420-79-11-1,62.0,1,1.0,,1.0,0.0,0,0,0,1,1,0,0,0.0,0
17421,14,11,1,1,2,71,8.0,3, , , , ,0.0,0.0,0.0,1,1,1,536.785461425781,3,17421-14-11-1,71.0,1,,,,0.0,0,0,1,1,1,0,1,0.0,1
17421,71,11,1,1,1,67,7.0,2,2,3, ,1,0.0,0.0,0.0,1,1,1,536.785461425781,5,17421-71-11-1,67.0,1,3.0,,2.0,1.0,0,0,0,1,1,0,0,1.0,0
17421,92,11,1,1,1,71,5.0,4, , , , ,0.0,0.0,0.0,1,1,1,536.785461425781,1,17421-92-11-1,71.0,1,,,,0.0,0,0,0,1,1,0,0,0.0,0
17421,110,12,1,1,2,68,5.0,3, , , , ,0.0,0.0,0.0,1,1,1,536.785461425781,4,17421-110-12-1,68.0,1,,,,0.0,0,0,0,1,1,0,0,0.0,0
17421,110,22,1,1,2,46,5.0,2,3,2,7,1,0.0,0.0,0.0,1,1,2,536.785461425781,4,17421-110-22-1,46.0,1,2.0,7.0,3.0,1.0,0,0,0,1,1,0,0,1.0,0
17421,131,11,1,1,2,58,5.0,2,2,3, ,1,0.0,0.0,0.0,1,1,1,536.785461425781,3,17421-131-11-1,58.0,1,3.0,,2.0,1.0,0,0,0,1,1,0,0,1.0,0
17422,18,11,1,1,1,72,10.0,5,2,3, ,1,0.0,8.0,0.0,1,1,1,481.272064208984,1,17422-18-11-1,72.0,1,3.0,,2.0,1.0,0,1,0,1,1,0,0,1.0,0
17422,36,11,1,1,2,48,7.0,2,2,3, ,1,0.0,8.0,0.0,1,1,1,481.272064208984,7,17422-36-11-1,48.0,1,3.0,,2.0,1.0,0,1,0,1,1,0,0,1.0,0
17422,71,11,1,1,1,41,4.0,0,4,3,7,1,0.0,8.0,0.0,1,1,1,481.272064208984,2,17422-71-11-1,41.0,1,3.0,7.0,4.0,1.0,0,1,0,1,1,0,0,1.0,0
17422,89,11,1,1,1,49,5.0,3,4,3,7,1,0.0,0.0,0.0,1,1,1,481.272064208984,6,17422-89-11-1,49.0,1,3.0,7.0,4.0,1.0,0,0,0,1,1,0,0,1.0,0
17422,107,11,1,1,2,57,4.0,0,6, ,7,1,0.0,8.0,0.0,1,1,1,481.272064208984,1,17422-107-11-1,57.0,1,,7.0,6.0,1.0,0,1,0,1,1,0,0,1.0,0
17423,22,11,1,1,1,41,6.0,5,2,3, ,1,0.0,0.0,0.0,1,1,2,743.291137695313,5,17423-22-11-1,41.0,1,3.0,,2.0,1.0,0,0,0,1,1,0,0,1.0,0
17423,99,11,1,1,2,54,5.0,4, , , , ,0.0,0.0,0.0,1,1,1,743.291137695313,4,17423-99-11-1,54.0,1,,,,0.0,0,0,1,1,1,0,1,0.0,1
17423,118,11,1,1,2,56,6.0,5,2,3, ,1,0.0,0.0,0.0,1,1,1,743.291137695313,3,17423-118-11-1,56.0,1,3.0,,2.0,1.0,0,0,0,1,1,0,0,1.0,0
17424,38,11,1,1,2,38,3.0,0,4,3,7,2,0.0,8.0,0.0,1,1,1,471.747924804688,3,17424-38-11-1,38.0,1,3.0,7.0,4.0,1.0,0,1,0,1,1,0,0,1.0,0
17424,52,11,1,1,2,35,5.0,2,2,3, ,1,0.0,8.0,0.0,1,1,1,471.747924804688,3,17424-52-11-1,35.0,1,3.0,,2.0,1.0,0,1,0,1,1,0,0,1.0,0
17424,91,11,1,1,2,28,4.0,0, , , , ,0.0,0.0,0.0,1,1,1,471.747924804688,6,17424-91-11-1,28.0,1,,,,0.0,0,0,0,1,1,0,0,0.0,0
17424,113,11,1,1,1,31,6.0,5,4,1,2,1,0.0,8.0,0.0,1,1,1,471.747924804688,1,17424-113-11-1,31.0,1,1.0,2.0,4.0,0.0,0,1,0,1,1,0,0,0.0,0
17425,135,11,1,1,2,70,5.0,2, , , , ,0.0,0.0,0.0,1,1, ,309.615173339844,2,17425-135-11-1,70.0,1,,,,0.0,0,0,0,1,1,0,0,0.0,0
17425,160,11,1,1,1,76,11.0,2, , , , ,0.0,0.0,0.0,1,1, ,309.615173339844,2,17425-160-11-1,76.0,1,,,,0.0,0,0,0,1,1,0,0,0.0,0
17425,228,11,1,1,1,44,10.0,5,2,3, ,1,0.0,0.0,0.0,1,1, ,309.615173339844,2,17425-228-11-1,44.0,1,3.0,,2.0,1.0,0,0,1,1,1,0,1,1.0,1
17426,59,11,1,1,2,48,11.0,2,3, ,1,5,0.0,0.0,0.0,1,1, ,64.8034973144531,5,17426-59-11-1,48.0,1,,1.0,3.0,0.0,0,0,1,1,1,0,1,0.0,1
17426,118,11,1,1,2,38,11.0,2,3,2,2,1,0.0,8.0,0.0,1,1, ,64.8034973144531,4,17426-118-11-1,38.0,1,2.0,2.0,3.0,0.0,0,1,0,1,1,0,0,0.0,0
17427,11,12,1,1,1,55,6.0,5,4,3,7,1,0.0,8.0,0.0,1,1, ,570.074829101563,4,17427-11-12-1,55.0,1,3.0,7.0,4.0,1.0,0,1,0,1,1,0,0,1.0,0
17427,50,11,1,1,1,69,4.0,5, , , , ,0.0,0.0,0.0,1,1, ,570.074829101563,5,17427-50-11-1,69.0,1,,,,0.0,0,0,1,1,1,0,1,0.0,1
17427,68,11,1,1,2,48,5.0,1,4,1,2,1,0.0,8.0,0.0,1,1, ,570.074829101563,3,17427-68-11-1,48.0,1,1.0,2.0,4.0,0.0,0,1,0,1,1,0,0,0.0,0
17427,128,11,1,1,2,74,6.0,5, , , , ,0.0,0.0,0.0,1,1, ,570.074829101563,1,17427-128-11-1,74.0,1,,,,0.0,0,0,0,1,1,0,0,0.0,0
17428,35,11,1,1,2,42,10.0,5, , , , ,0.0,8.0,0.0,1,1, ,557.468383789063,2,17428-35-11-1,42.0,1,,,,0.0,0,1,0,1,1,0,0,0.0,0
17428,128,11,1,1,1,38,8.0,3,3,1,2,3,0.0,8.0,0.0,1,1, ,557.468383789063,4,17428-128-11-1,38.0,1,1.0,2.0,3.0,0.0,0,1,0,1,1,0,0,0.0,0
17428,164,11,1,1,1,76,4.0,5,2,3, ,1,0.0,0.0,0.0,1,1, ,557.468383789063,6,17428-164-11-1,76.0,1,3.0,,2.0,1.0,0,0,0,1,1,0,0,1.0,0
17428,183,11,1,1,1,72,8.0,3, , , , ,0.0,8.0,0.0,1,1, ,557.468383789063,8,17428-183-11-1,72.0,1,,,,0.0,0,1,0,1,1,0,0,0.0,0
17428,200,11,1,1,2,43,8.0,3,2,3, ,1,0.0,8.0,0.0,1,1, ,557.468383789063,4,17428-200-11-1,43.0,1,3.0,,2.0,1.0,0,1,0,1,1,0,0,1.0,0
17429,2,11,1,1,1,38,4.0,0,4,3,7,1,0.0,0.0,0.0,1,1, ,536.785461425781,3,17429-2-11-1,38.0,1,3.0,7.0,4.0,1.0,0,0,0,1,1,0,0,1.0,0
17429,17,11,1,1,1,54,4.0,0,4,1,2,3,0.0,8.0,0.0,1,1, ,536.785461425781,2,17429-17-11-1,54.0,1,1.0,2.0,4.0,0.0,0,1,0,1,1,0,0,0.0,0
17429,33,11,1,1,2,39,3.0,0,2,3, ,1,0.0,8.0,0.0,1,1, ,536.785461425781,5,17429-33-11-1,39.0,1,3.0,,2.0,1.0,0,1,0,1,1,0,0,1.0,0
17429,67,11,1,1,1,75,7.0,2, , , , ,0.0,0.0,0.0,1,1, ,536.785461425781,4,17429-67-11-1,75.0,1,,,,0.0,0,0,0,1,1,0,0,0.0,0
17430,14,11,1,1,1,50,7.0,1,1,2, ,1,0.0,0.0,0.0,1,1, ,471.747924804688,4,17430-14-11-1,50.0,1,2.0,,1.0,0.0,0,0,0,1,1,0,0,0.0,0
17430,35,11,1,1,2,69,3.0,2, , , , ,0.0,0.0,0.0,1,1, ,471.747924804688,1,17430-35-11-1,69.0,1,,,,0.0,0,0,0,1,1,0,0,0.0,0
17430,122,11,1,1,1,54,4.0,0,2,3, ,1,0.0,0.0,0.0,1,1, ,471.747924804688,3,17430-122-11-1,54.0,1,3.0,,2.0,1.0,0,0,0,1,1,0,0,1.0,0
17431,23,11,1,1,2,47,5.0,2,2,3, ,1,0.0,0.0,0.0,1,1, ,721.311157226563,3,17431-23-11-1,47.0,1,3.0,,2.0,1.0,0,0,0,1,1,0,0,1.0,0
17431,58,11,1,1,1,42,8.0,3,4, ,2,5,0.0,8.0,0.0,1,1, ,721.311157226563,4,17431-58-11-1,42.0,1,,2.0,4.0,0.0,0,1,1,1,1,0,1,0.0,1
17432,37,11,1,1,1,35,4.0,0,3,1,1,2,0.0,0.0,0.0,1,1, ,441.429260253906,2,17432-37-11-1,35.0,1,1.0,1.0,3.0,0.0,0,0,0,1,1,0,0,0.0,0
17432,100,11,1,1,2,44,6.0,5, , , , ,0.0,8.0,0.0,1,1, ,441.429260253906,3,17432-100-11-1,44.0,1,,,,0.0,0,1,0,1,1,0,0,0.0,0
17432,143,11,1,1,2,32,6.0,5,2,3, ,1,0.0,8.0,0.0,1,1, ,441.429260253906,3,17432-143-11-1,32.0,1,3.0,,2.0,1.0,0,1,0,1,1,0,0,1.0,0
17432,164,11,1,1,1,34,4.0,0,2,3, ,1,0.0,8.0,0.0,1,1, ,441.429260253906,4,17432-164-11-1,34.0,1,3.0,,2.0,1.0,0,1,0,1,1,0,0,1.0,0
17433,14,11,1,1,1,39,8.0,3,4,1,2,1,0.0,8.0,0.0,1,4,1,743.291137695313,5,17433-14-11-1,39.0,1,1.0,2.0,4.0,0.0,0,1,0,1,1,0,0,0.0,0
17433,64,11,1,1,1,43,10.0,5,3,1,2,4,0.0,8.0,0.0,1,4,1,743.291137695313,4,17433-64-11-1,43.0,1,1.0,2.0,3.0,0.0,0,1,0,1,1,0,0,0.0,0
17433,81,11,1,1,2,52,5.0,2, , , , ,0.0,8.0,0.0,1,4,1,743.291137695313,1,17433-81-11-1,52.0,1,,,,0.0,0,1,0,1,1,0,0,0.0,0
17433,115,11,1,1,1,49,10.0,5,3,1,2,2,0.0,8.0,0.0,1,4,1,743.291137695313,4,17433-115-11-1,49.0,1,1.0,2.0,3.0,0.0,0,1,0,1,1,0,0,0.0,0
17479,24,11,1,1,1,93,3.0,1, , , , ,0.0,0.0,0.0,1,4,1,441.429260253906,2,17479-24-11-1,93.0,1,,,,0.0,0,0,0,1,1,0,0,0.0,0
17483,1,11,1,1,1,50,5.0,3,4,3,7,1,0.0,8.0,0.0,1,5,1,743.291137695313,5,17483-1-11-1,50.0,1,3.0,7.0,4.0,1.0,0,1,0,1,1,0,0,1.0,0
17483,19,11,1,1,2,85,1.0, , , , , ,0.0,0.0,0.0,1,5,1,743.291137695313,2,17483-19-11-1,85.0,1,,,,0.0,0,0,0,1,1,0,0,0.0,0
17483,89,11,1,1,1,66,5.0,3,2,3, ,1,0.0,0.0,0.0,1,5,1,743.291137695313,2,17483-89-11-1,66.0,1,3.0,,2.0,1.0,0,0,0,1,1,0,0,1.0,0
17484,30,11,1,1,1,51,6.0,5,2,3, ,1,0.0,0.0,0.0,1,5,1,386.056427001953,2,17484-30-11-1,51.0,1,3.0,,2.0,1.0,0,0,1,1,1,0,1,1.0,1
17484,93,11,1,1,2,72,9.0,2, , , , ,0.0,0.0,0.0,1,5,1,386.056427001953,1,17484-93-11-1,72.0,1,,,,0.0,0,0,0,1,1,0,0,0.0,0
17485,56,11,1,1,2,72,1.0, , , , , ,0.0,0.0,0.0,1,4,1,760.099792480469,4,17485-56-11-1,72.0,1,,,,0.0,0,0,0,1,1,0,0,0.0,0
17485,99,11,1,1,2,78,3.0,0,2,3, ,1,0.0,0.0,0.0,1,4,1,760.099792480469,2,17485-99-11-1,78.0,1,3.0,,2.0,1.0,0,0,0,1,1,0,0,1.0,0
17486,15,11,1,1,1,77,3.0,2, , , , ,0.0,0.0,0.0,1,5,1,481.272064208984,1,17486-15-11-1,77.0,1,,,,0.0,0,0,0,1,1,0,0,0.0,0
17486,141,11,1,1,1,49,6.0,5,3,1,1,5,0.0,8.0,0.0,1,5,1,481.272064208984,5,17486-141-11-1,49.0,1,1.0,1.0,3.0,0.0,0,1,0,1,1,0,0,0.0,0
17487,30,11,1,1,2,52,3.0,0,4,1,2,5,0.0,0.0,0.0,1,4,1,760.099792480469,4,17487-30-11-1,52.0,1,1.0,2.0,4.0,0.0,0,0,0,1,1,0,0,0.0,0
17487,64,11,1,1,1,39,10.0,5,3,1,1,5,0.0,8.0,0.0,1,4,1,760.099792480469,6,17487-64-11-1,39.0,1,1.0,1.0,3.0,0.0,0,1,0,1,1,0,0,0.0,0
17487,81,11,1,1,2,43,6.0,5,2,3, ,1,0.0,8.0,0.0,1,4,1,760.099792480469,3,17487-81-11-1,43.0,1,3.0,,2.0,1.0,0,1,0,1,1,0,0,1.0,0
17487,99,11,1,1,1,24,8.0,3,3,1,2,5,0.0,8.0,0.0,1,4,1,760.099792480469,3,17487-99-11-1,24.0,1,1.0,2.0,3.0,0.0,0,1,0,1,1,0,0,0.0,0
17487,116,11,1,1,2,52,3.0,0,4,1,2,5,0.0,0.0,0.0,1,4,1,760.099792480469,3,17487-116-11-1,52.0,1,1.0,2.0,4.0,0.0,0,0,0,1,1,0,0,0.0,0
17488,27,11,1,1,2,65,5.0,4,2,3, ,1,0.0,0.0,0.0,1,4,1,441.429260253906,2,17488-27-11-1,65.0,1,3.0,,2.0,1.0,0,0,1,1,1,0,1,1.0,1
17488,77,11,1,1,2,44,5.0,2,2,3, ,1,0.0,0.0,0.0,1,4,1,441.429260253906,7,17488-77-11-1,44.0,1,3.0,,2.0,1.0,0,0,0,1,1,0,0,1.0,0
17488,93,11,1,1,1,61,5.0,2,4,3,7,1,0.0,0.0,0.0,1,4,1,441.429260253906,2,17488-93-11-1,61.0,1,3.0,7.0,4.0,1.0,0,0,0,1,1,0,0,1.0,0
17488,126,11,1,1,1,40,9.0,1,4,1,1,5,0.0,0.0,0.0,1,4,1,441.429260253906,4,17488-126-11-1,40.0,1,1.0,1.0,4.0,0.0,0,0,1,1,1,0,1,0.0,1
17491,4,11,1,1,2,79,4.0,5, , , , ,0.0,0.0,0.0,1,5,1,432.502288818359,1,17491-4-11-1,79.0,1,,,,0.0,0,0,0,1,1,0,0,0.0,0
17491,38,11,1,1,1,85,3.0,2,7,3,7,1,0.0,0.0,0.0,1,5,1,432.502288818359,1,17491-38-11-1,85.0,1,3.0,7.0,7.0,1.0,0,0,0,1,1,0,0,1.0,0
17491,55,11,1,1,1,62,6.0,5,3,1,1,4,0.0,0.0,0.0,1,5,1,432.502288818359,5,17491-55-11-1,62.0,1,1.0,1.0,3.0,0.0,0,0,1,1,1,0,1,0.0,1
17491,106,11,1,1,1,49,7.0,2,4,1,2,5,0.0,8.0,0.0,1,5,1,432.502288818359,4,17491-106-11-1,49.0,1,1.0,2.0,4.0,0.0,0,1,0,1,1,0,0,0.0,0
17492,11,11,1,1,1,63,4.0,5,1,3, ,1,0.0,0.0,0.0,1,4, ,743.291137695313,3,17492-11-11-1,63.0,1,3.0,,1.0,1.0,0,0,0,1,1,0,0,1.0,0
17492,33,11,1,1,2,29,10.0,5,3, ,6,5,0.0,8.0,0.0,1,4, ,743.291137695313,4,17492-33-11-1,29.0,1,,6.0,3.0,0.0,0,1,1,1,1,0,1,0.0,1
17492,120,11,1,1,1,32,6.0,5,4,1,7,1,0.0,0.0,0.0,1,4, ,743.291137695313,3,17492-120-11-1,32.0,1,1.0,7.0,4.0,1.0,0,0,0,1,1,0,0,1.0,0
17493,3,11,1,1,2,64,6.0,5,2,3, ,1,0.0,0.0,0.0,1,3,1,464.02197265625,2,17493-3-11-1,64.0,1,3.0,,2.0,1.0,0,0,0,1,1,0,0,1.0,0
17493,13,11,1,1,1,37,5.0,3,3, ,1,5,0.0,0.0,0.0,1,3,1,464.02197265625,4,17493-13-11-1,37.0,1,,1.0,3.0,0.0,0,0,0,1,1,0,0,0.0,0
17493,24,11,1,1,1,50,7.0,1,4, ,1,5,0.0,8.0,0.0,1,3,1,464.02197265625,2,17493-24-11-1,50.0,1,,1.0,4.0,0.0,0,1,1,1,1,0,1,0.0,1
17493,45,11,1,1,1,64,3.0,3,2,3, ,1,0.0,0.0,0.0,1,3,1,464.02197265625,9,17493-45-11-1,64.0,1,3.0,,2.0,1.0,0,0,0,1,1,0,0,1.0,0
17494,9,11,1,1,2,64,1.0, , , , , ,0.0,0.0,0.0,1,4,1,471.747924804688,3,17494-9-11-1,64.0,1,,,,0.0,0,0,0,1,1,0,0,0.0,0
17494,67,11,1,1,1,64,5.0,4,1,3, ,1,0.0,0.0,0.0,1,4,1,471.747924804688,1,17494-67-11-1,64.0,1,3.0,,1.0,1.0,0,0,1,1,1,0,1,1.0,1
17494,96,11,1,1,1,48,3.0,0,4,3,7,1,0.0,8.0,0.0,1,4,1,471.747924804688,5,17494-96-11-1,48.0,1,3.0,7.0,4.0,1.0,0,1,0,1,1,0,0,1.0,0
17495,10,11,1,1,1,50,5.0,2, , , , ,0.0,0.0,0.0,1,5,1,481.272064208984,3,17495-10-11-1,50.0,1,,,,0.0,0,0,0,1,1,0,0,0.0,0
17495,31,11,1,1,2,40,8.0,3,3,2,7,1,0.0,8.0,0.0,1,5,1,481.272064208984,4,17495-31-11-1,40.0,1,2.0,7.0,3.0,1.0,0,1,0,1,1,0,0,1.0,0
17495,71,11,1,1,2,47,6.0,5,2,3, ,1,0.0,0.0,0.0,1,5,1,481.272064208984,3,17495-71-11-1,47.0,1,3.0,,2.0,1.0,0,0,0,1,1,0,0,1.0,0
17495,91,11,1,1,1,44,6.0,5,4,3,4,1,0.0,0.0,0.0,1,5,1,481.272064208984,5,17495-91-11-1,44.0,1,3.0,4.0,4.0,1.0,0,0,0,1,1,0,0,1.0,0
17495,112,11,1,1,2,24,7.0,1, , , , ,0.0,0.0,0.0,1,5,2,481.272064208984,3,17495-112-11-1,24.0,1,,,,0.0,0,0,0,1,1,0,0,0.0,0
17495,132,11,1,1,1,45,3.0,0,4,3,7,1,0.0,0.0,0.0,1,5,1,481.272064208984,5,17495-132-11-1,45.0,1,3.0,7.0,4.0,1.0,0,0,0,1,1,0,0,1.0,0
17496,53,11,1,1,2,66,3.0,2,2,3, ,1,0.0,0.0,0.0,1,5,1,464.02197265625,2,17496-53-11-1,66.0,1,3.0,,2.0,1.0,0,0,0,1,1,0,0,1.0,0
17496,71,11,1,1,1,62,6.0,5, , , , ,0.0,0.0,0.0,1,5,1,464.02197265625,4,17496-71-11-1,62.0,1,,,,0.0,0,0,0,1,1,0,0,0.0,0
17496,89,11,1,1,2,27,6.0,5,2,3, ,1,0.0,0.0,0.0,1,5,2,464.02197265625,4,17496-89-11-1,27.0,1,3.0,,2.0,1.0,0,0,0,1,1,0,0,1.0,0
17496,107,11,1,1,1,55,3.0,0,4, ,1,5,0.0,0.0,0.0,1,5,1,464.02197265625,7,17496-107-11-1,55.0,1,,1.0,4.0,0.0,0,0,1,1,1,0,1,0.0,1
17497,45,11,1,1,1,90,10.0,7, , , , ,0.0,0.0,0.0,1,3,1,412.820251464844,4,17497-45-11-1,90.0,1,,,,0.0,0,0,0,1,1,0,0,0.0,0
17498,19,11,1,1,2,62,4.0,5, , , , ,0.0,0.0,0.0,1,3,1,481.272064208984,2,17498-19-11-1,62.0,1,,,,0.0,0,0,0,1,1,0,0,0.0,0
17498,39,11,1,1,1,64,9.0,2,5,3,7,1,0.0,8.0,0.0,1,3,1,481.272064208984,3,17498-39-11-1,64.0,1,3.0,7.0,5.0,1.0,0,1,0,1,1,0,0,1.0,0
17499,23,11,1,1,1,26,6.0,5,2,3, ,1,0.0,0.0,0.0,1,4,1,464.02197265625,3,17499-23-11-1,26.0,1,3.0,,2.0,1.0,0,0,0,1,1,0,0,1.0,0
17499,40,11,1,1,1,60,3.0,0,4,3,7,1,0.0,0.0,0.0,1,4,2,464.02197265625,1,17499-40-11-1,60.0,1,3.0,7.0,4.0,1.0,0,0,0,1,1,0,0,1.0,0
17499,55,11,1,1,1,32,6.0,5,4,3,7,1,0.0,8.0,0.0,1,4,1,464.02197265625,7,17499-55-11-1,32.0,1,3.0,7.0,4.0,1.0,0,1,0,1,1,0,0,1.0,0
17499,72,11,1,1,1,69,3.0,3,2,3, ,1,0.0,0.0,0.0,1,4,1,464.02197265625,2,17499-72-11-1,69.0,1,3.0,,2.0,1.0,0,0,0,1,1,0,0,1.0,0
17500,3,11,1,1,1,52,8.0,3,4,3,7,1,0.0,0.0,0.0,1,3,1,721.311157226563,5,17500-3-11-1,52.0,1,3.0,7.0,4.0,1.0,0,0,0,1,1,0,0,1.0,0
17500,38,11,1,1,1,38,6.0,5,2,3, ,1,0.0,8.0,0.0,1,3,1,721.311157226563,4,17500-38-11-1,38.0,1,3.0,,2.0,1.0,0,1,0,1,1,0,0,1.0,0
17500,72,11,1,1,1,71,6.0,5,2,2, ,1,0.0,8.0,0.0,1,3,1,721.311157226563,4,17500-72-11-1,71.0,1,2.0,,2.0,0.0,0,1,0,1,1,0,0,0.0,0
17501,10,11,1,1,2,35,5.0,4,2,3, ,1,0.0,8.0,0.0,1,5,2,481.272064208984,3,17501-10-11-1,35.0,1,3.0,,2.0,1.0,0,1,0,1,1,0,0,1.0,0
17501,19,11,1,1,1,35,5.0,3,4,3,7,1,0.0,0.0,0.0,1,5,1,481.272064208984,6,17501-19-11-1,35.0,1,3.0,7.0,4.0,1.0,0,0,0,1,1,0,0,1.0,0
17501,40,11,1,1,2,42,6.0,5,2,2, ,1,0.0,8.0,0.0,1,5,1,481.272064208984,4,17501-40-11-1,42.0,1,2.0,,2.0,0.0,0,1,0,1,1,0,0,0.0,0
17501,58,11,1,1,2,68,1.0, , , , , ,0.0,0.0,0.0,1,5,1,481.272064208984,1,17501-58-11-1,68.0,1,,,,0.0,0,0,0,1,1,0,0,0.0,0
17501,72,11,1,1,2,32,5.0,4,4,3,7,1,0.0,0.0,0.0,1,5,1,481.272064208984,3,17501-72-11-1,32.0,1,3.0,7.0,4.0,1.0,0,0,0,1,1,0,0,1.0,0
17502,16,11,1,1,2,43,6.0,5, , , , ,0.0,0.0,0.0,1,4,1,471.747924804688,4,17502-16-11-1,43.0,1,,,,0.0,0,0,0,1,1,0,0,0.0,0
17502,28,11,1,1,1,47,3.0,0,2,3, ,1,0.0,0.0,0.0,1,4,1,471.747924804688,1,17502-28-11-1,47.0,1,3.0,,2.0,1.0,0,0,0,1,1,0,0,1.0,0
17502,52,11,1,1,2,58,3.0,2, , , , ,0.0,0.0,0.0,1,4,1,471.747924804688,1,17502-52-11-1,58.0,1,,,,0.0,0,0,0,1,1,0,0,0.0,0
17502,76,11,1,1,1,50,3.0,0,4,3,7,1,0.0,0.0,0.0,1,4,1,471.747924804688,5,17502-76-11-1,50.0,1,3.0,7.0,4.0,1.0,0,0,0,1,1,0,0,1.0,0
17503,57,11,1,1,1,60,5.0,3,4,3,7,1,0.0,0.0,0.0,1,4, ,760.099792480469,2,17503-57-11-1,60.0,1,3.0,7.0,4.0,1.0,0,0,0,1,1,0,0,1.0,0
17504,1,11,1,1,2,67,4.0,5,2,3, ,1,0.0,0.0,0.0,1,4, ,392.007843017578,2,17504-1-11-1,67.0,1,3.0,,2.0,1.0,0,0,0,1,1,0,0,1.0,0
17504,34,11,1,1,1,67,4.0,5,2,3, ,1,0.0,0.0,0.0,1,4, ,392.007843017578,3,17504-34-11-1,67.0,1,3.0,,2.0,1.0,0,0,0,1,1,0,0,1.0,0
17504,48,11,1,1,2,32,6.0,5,4,1,2,4,0.0,8.0,0.0,1,4, ,392.007843017578,5,17504-48-11-1,32.0,1,1.0,2.0,4.0,0.0,0,1,1,1,1,0,1,0.0,1
17504,97,11,1,1,2,62,6.0,5,2,3, ,1,0.0,0.0,0.0,1,4, ,392.007843017578,1,17504-97-11-1,62.0,1,3.0,,2.0,1.0,0,0,0,1,1,0,0,1.0,0
17504,113,11,1,1,1,58,5.0,3,2,3, ,1,0.0,0.0,0.0,1,4, ,392.007843017578,2,17504-113-11-1,58.0,1,3.0,,2.0,1.0,0,0,0,1,1,0,0,1.0,0
17505,71,11,1,1,2,45,4.0,0,4,3,7,2,0.0,8.0,0.0,1,4, ,715.713989257813,2,17505-71-11-1,45.0,1,3.0,7.0,4.0,1.0,0,1,0,1,1,0,0,1.0,0
17505,86,11,1,1,2,41,5.0,1, , , , ,0.0,8.0,0.0,1,4, ,715.713989257813,4,17505-86-11-1,41.0,1,,,,0.0,0,1,0,1,1,0,0,0.0,0
17506,11,11,1,1,1,59,4.0,6,4,2,7,1,0.0,0.0,0.0,1,5, ,481.272064208984,2,17506-11-11-1,59.0,1,2.0,7.0,4.0,1.0,0,0,0,1,1,0,0,1.0,0
17506,31,11,1,1,1,63,6.0,5,4,3,7,1,0.0,0.0,0.0,1,5, ,481.272064208984,3,17506-31-11-1,63.0,1,3.0,7.0,4.0,1.0,0,0,0,1,1,0,0,1.0,0
17506,42,11,1,1,1,92,3.0,3, , , , ,0.0,0.0,0.0,1,5, ,481.272064208984,2,17506-42-11-1,92.0,1,,,,0.0,0,0,1,1,1,0,1,0.0,1
17506,53,11,1,1,1,81,3.0,1, , , , ,0.0,0.0,0.0,1,5, ,481.272064208984,4,17506-53-11-1,81.0,1,,,,0.0,0,0,0,1,1,0,0,0.0,0
17506,76,11,1,1,2,51,8.0,3,4,3,7,1,0.0,0.0,0.0,1,5, ,481.272064208984,3,17506-76-11-1,51.0,1,3.0,7.0,4.0,1.0,0,0,0,1,1,0,0,1.0,0
17507,6,11,1,1,1,58,4.0,5,4,3,7,1,0.0,0.0,0.0,1,3,1,441.429260253906,3,17507-6-11-1,58.0,1,3.0,7.0,4.0,1.0,0,0,0,1,1,0,0,1.0,0
17507,20,11,1,1,1,65,8.0,3,3, ,1,5,0.0,0.0,0.0,1,3,1,441.429260253906,4,17507-20-11-1,65.0,1,,1.0,3.0,0.0,0,0,0,1,1,0,0,0.0,0
17507,34,11,1,1,2,54,4.0,0, , , , ,0.0,0.0,0.0,1,3,1,441.429260253906,2,17507-34-11-1,54.0,1,,,,0.0,0,0,0,1,1,0,0,0.0,0
17507,47,11,1,1,2,61,5.0,1, , , , ,0.0,0.0,0.0,1,3,1,441.429260253906,2,17507-47-11-1,61.0,1,,,,0.0,0,0,0,1,1,0,0,0.0,0
17507,74,11,1,1,1,68,4.0,5,3,3,7,1,0.0,0.0,0.0,1,3,1,441.429260253906,1,17507-74-11-1,68.0,1,3.0,7.0,3.0,1.0,0,0,0,1,1,0,0,1.0,0
17509,21,11,1,1,2,54,4.0,0,5,3,7,1,0.0,8.0,0.0,1,3, ,464.02197265625,6,17509-21-11-1,54.0,1,3.0,7.0,5.0,1.0,0,1,0,1,1,0,0,1.0,0
17509,40,11,1,1,1,55,99.0,99,2,3, ,1,0.0,8.0,0.0,1,3, ,464.02197265625,5,17509-40-11-1,55.0,1,3.0,,2.0,1.0,0,1,0,1,1,0,0,1.0,0
17509,58,11,1,1,2,55,3.0,0,2,3, ,1,0.0,0.0,0.0,1,3, ,464.02197265625,2,17509-58-11-1,55.0,1,3.0,,2.0,1.0,0,0,0,1,1,0,0,1.0,0
17509,77,11,1,1,1,42,7.0,2,2,3, ,1,0.0,8.0,0.0,1,3, ,464.02197265625,5,17509-77-11-1,42.0,1,3.0,,2.0,1.0,0,1,0,1,1,0,0,1.0,0
17509,98,11,1,1,1,60,8.0,3,2,3, ,1,0.0,0.0,0.0,1,3, ,464.02197265625,1,17509-98-11-1,60.0,1,3.0,,2.0,1.0,0,0,0,1,1,0,0,1.0,0
17509,117,11,1,1,1,43,5.0,2,4,3,7,1,0.0,8.0,0.0,1,3, ,464.02197265625,4,17509-117-11-1,43.0,1,3.0,7.0,4.0,1.0,0,1,0,1,1,0,0,1.0,0
17520,2,11,1,1,2,48,3.0,0,3,3,7,1,0.0,8.0,0.0,4,4,1,1004.53894042969,4,17520-2-11-1,48.0,1,3.0,7.0,3.0,1.0,0,1,0,1,1,0,0,1.0,0
17520,40,11,1,1,2,58,4.0,5, , , , ,0.0,8.0,0.0,4,4,1,1004.53894042969,2,17520-40-11-1,58.0,1,,,,0.0,0,1,0,1,1,0,0,0.0,0
17520,91,11,1,1,1,47,1.0, ,2,3, ,1,0.0,0.0,0.0,4,4,1,1004.53894042969,4,17520-91-11-1,47.0,1,3.0,,2.0,1.0,0,0,0,1,1,0,0,1.0,0
17521,1,11,1,1,1,46,6.0,5,1,1, ,1,0.0,0.0,0.0,4,5,1,371.107208251953,3,17521-1-11-1,46.0,1,1.0,,1.0,0.0,0,0,0,1,1,0,0,0.0,0
17521,22,11,1,1,1,66,3.0,1, , , , ,0.0,0.0,0.0,4,5,1,371.107208251953,5,17521-22-11-1,66.0,1,,,,0.0,0,0,0,1,1,0,0,0.0,0
17521,60,11,1,1,2,45,4.0,0, , , , ,0.0,8.0,0.0,4,5,2,371.107208251953,6,17521-60-11-1,45.0,1,,,,0.0,0,1,0,1,1,0,0,0.0,0
17521,78,11,1,1,1,79,4.0,5,4,3,7,1,0.0,0.0,0.0,4,5,1,371.107208251953,3,17521-78-11-1,79.0,1,3.0,7.0,4.0,1.0,0,0,0,1,1,0,0,1.0,0
17522,52,11,1,1,2,49,4.0,0,2,3, ,1,0.0,0.0,0.0,4,5,1,312.826477050781,1,17522-52-11-1,49.0,1,3.0,,2.0,1.0,0,0,0,1,1,0,0,1.0,0
17522,95,11,1,1,2,83,3.0,3,2,3, ,1,0.0,0.0,0.0,4,5,1,312.826477050781,3,17522-95-11-1,83.0,1,3.0,,2.0,1.0,0,0,0,1,1,0,0,1.0,0
17522,158,11,1,1,2,39,4.0,0, , , , ,0.0,0.0,0.0,4,5,1,312.826477050781,3,17522-158-11-1,39.0,1,,,,0.0,0,0,0,1,1,0,0,0.0,0
17522,178,11,1,1,1,48,4.0,0,2,3, ,1,0.0,0.0,0.0,4,5,1,312.826477050781,2,17522-178-11-1,48.0,1,3.0,,2.0,1.0,0,0,0,1,1,0,0,1.0,0
17523,25,11,1,1,2,46,5.0,1,2,3, ,1,0.0,0.0,0.0,4,4,1,350.246429443359,4,17523-25-11-1,46.0,1,3.0,,2.0,1.0,0,0,0,1,1,0,0,1.0,0
17523,44,11,1,1,2,53,1.0, ,5,2,7,1,0.0,0.0,0.0,4,4,1,350.246429443359,6,17523-44-11-1,53.0,1,2.0,7.0,5.0,1.0,0,0,0,1,1,0,0,1.0,0
17523,102,11,1,1,1,36,6.0,5,1,3, ,1,0.0,0.0,0.0,4,4,1,350.246429443359,4,17523-102-11-1,36.0,1,3.0,,1.0,1.0,0,0,0,1,1,0,0,1.0,0
17523,123,11,1,1,2,80,1.0, ,2,3, ,1,0.0,0.0,0.0,4,4,1,350.246429443359,4,17523-123-11-1,80.0,1,3.0,,2.0,1.0,0,0,0,1,1,0,0,1.0,0
17524,2,11,1,1,2,51,5.0,1,4, ,5,5,0.0,0.0,0.0,4,5,1,312.826477050781,3,17524-2-11-1,51.0,1,,5.0,4.0,0.0,0,0,0,1,1,0,0,0.0,0
17524,123,11,1,1,1,51,6.0,5, , , , ,0.0,0.0,0.0,4,5,1,312.826477050781,2,17524-123-11-1,51.0,1,,,,0.0,0,0,0,1,1,0,0,0.0,0
17524,142,11,1,1,1,77,3.0,3,2,3, ,1,0.0,0.0,0.0,4,5,1,312.826477050781,2,17524-142-11-1,77.0,1,3.0,,2.0,1.0,0,0,0,1,1,0,0,1.0,0
17525,22,11,1,1,1,49,6.0,5,2,3, ,1,0.0,8.0,0.0,4,5, ,312.826477050781,4,17525-22-11-1,49.0,1,3.0,,2.0,1.0,0,1,1,1,1,0,1,1.0,1
17525,35,11,1,1,1,59,5.0,2,2,3, ,1,0.0,0.0,0.0,4,5, ,312.826477050781,3,17525-35-11-1,59.0,1,3.0,,2.0,1.0,0,0,0,1,1,0,0,1.0,0
17525,49,11,1,1,1,29,8.0,3,4,3,7,1,0.0,0.0,0.0,4,5, ,312.826477050781,3,17525-49-11-1,29.0,1,3.0,7.0,4.0,1.0,0,0,0,1,1,0,0,1.0,0
17525,76,11,1,1,1,59,4.0,5,2,3, ,1,0.0,0.0,0.0,4,5, ,312.826477050781,4,17525-76-11-1,59.0,1,3.0,,2.0,1.0,0,0,0,1,1,0,0,1.0,0
17525,89,11,1,1,2,34,5.0,1,2,3, ,1,0.0,8.0,0.0,4,5, ,312.826477050781,5,17525-89-11-1,34.0,1,3.0,,2.0,1.0,0,1,0,1,1,0,0,1.0,0
17525,118,11,1,1,1,45,4.0,0,2,3, ,1,0.0,0.0,0.0,4,5, ,312.826477050781,4,17525-118-11-1,45.0,1,3.0,,2.0,1.0,0,0,1,1,1,0,1,1.0,1
17534,21,11,1,1,1,54,4.0,0,4,3,7,1,0.0,0.0,0.0,1,7, ,213.918655395508,7,17534-21-11-1,54.0,1,3.0,7.0,4.0,1.0,0,0,0,1,1,0,0,1.0,0
17534,22,11,1,1,2,31,3.0,0,2,3, ,1,0.0,0.0,0.0,1,7, ,213.918655395508,6,17534-22-11-1,31.0,1,3.0,,2.0,1.0,0,0,0,1,1,0,0,1.0,0
17534,23,11,1,1,2,36,3.0,0,2,3, ,1,0.0,0.0,0.0,1,7, ,213.918655395508,4,17534-23-11-1,36.0,1,3.0,,2.0,1.0,0,0,0,1,1,0,0,1.0,0
17534,101,11,1,1,1,40,8.0,3,4,1,2,5,0.0,8.0,0.0,1,7, ,213.918655395508,4,17534-101-11-1,40.0,1,1.0,2.0,4.0,0.0,0,1,1,1,1,0,1,0.0,1
17534,102,11,1,1,2,42,6.0,5,6, ,7,1,0.0,8.0,0.0,1,7, ,213.918655395508,3,17534-102-11-1,42.0,1,,7.0,6.0,1.0,0,1,0,1,1,0,0,1.0,0
17534,103,11,1,1,1,65,4.0,6,4,3,7,1,0.0,0.0,0.0,1,7, ,213.918655395508,4,17534-103-11-1,65.0,1,3.0,7.0,4.0,1.0,0,0,0,1,1,0,0,1.0,0
17534,104,11,1,1,2,50,6.0,5,1,3, ,1,0.0,0.0,0.0,1,7, ,213.918655395508,6,17534-104-11-1,50.0,1,3.0,,1.0,1.0,0,0,0,1,1,0,0,1.0,0
17535,45,11,1,1,1,49,3.0,0,4,1,2,1,0.0,0.0,0.0,1,8,1,213.918655395508,2,17535-45-11-1,49.0,1,1.0,2.0,4.0,0.0,0,0,0,1,1,0,0,0.0,0
17535,46,11,1,1,1,46,1.0, ,4, ,1,5,0.0,0.0,0.0,1,8,1,213.918655395508,5,17535-46-11-1,46.0,1,,1.0,4.0,0.0,0,0,1,1,1,0,1,0.0,1
17535,98,11,1,1,1,44,3.0,0,4,3,7,1,0.0,8.0,0.0,1,8,1,213.918655395508,5,17535-98-11-1,44.0,1,3.0,7.0,4.0,1.0,0,1,0,1,1,0,0,1.0,0
17535,99,11,1,1,1,30,4.0,0,4,3,7,1,0.0,8.0,0.0,1,8,1,213.918655395508,5,17535-99-11-1,30.0,1,3.0,7.0,4.0,1.0,0,1,0,1,1,0,0,1.0,0
17535,100,11,1,1,2,50,5.0,3,2,3, ,1,0.0,8.0,0.0,1,8,1,213.918655395508,4,17535-100-11-1,50.0,1,3.0,,2.0,1.0,0,1,0,1,1,0,0,1.0,0
17535,101,11,1,1,1,34,3.0,0, , , , ,0.0,0.0,0.0,1,8,1,213.918655395508,4,17535-101-11-1,34.0,1,,,,0.0,0,0,0,1,1,0,0,0.0,0
17535,102,11,1,1,1,55,4.0,0,4,3,7,1,0.0,0.0,0.0,1,8,1,213.918655395508,3,17535-102-11-1,55.0,1,3.0,7.0,4.0,1.0,0,0,0,1,1,0,0,1.0,0
17536,77,11,1,1,1,49,3.0,0,4,3,7,2,0.0,0.0,0.0,1,7, ,224.963485717773,4,17536-77-11-1,49.0,1,3.0,7.0,4.0,1.0,0,0,0,1,1,0,0,1.0,0
17536,79,11,1,1,1,56,4.0,0,4,1,1,1,0.0,0.0,0.0,1,7, ,224.963485717773,4,17536-79-11-1,56.0,1,1.0,1.0,4.0,0.0,0,0,0,1,1,0,0,0.0,0
17536,227,11,1,1,1,76,3.0,1, , , , ,0.0,0.0,0.0,1,7, ,224.963485717773,2,17536-227-11-1,76.0,1,,,,0.0,0,0,0,1,1,0,0,0.0,0
17536,228,11,1,1,1,55,3.0,0,4,3,7,1,0.0,0.0,0.0,1,7, ,224.963485717773,2,17536-228-11-1,55.0,1,3.0,7.0,4.0,1.0,0,0,0,1,1,0,0,1.0,0
17536,230,11,1,1,2,75,1.0, ,2,3, ,1,0.0,0.0,0.0,1,7, ,224.963485717773,1,17536-230-11-1,75.0,1,3.0,,2.0,1.0,0,0,0,1,1,0,0,1.0,0
17536,231,11,1,1,1,37,3.0,0,2,3, ,1,0.0,0.0,0.0,1,7, ,224.963485717773,1,17536-231-11-1,37.0,1,3.0,,2.0,1.0,0,0,0,1,1,0,0,1.0,0
17561,21,11,1,1,2,79,1.0, ,2,3, ,1,0.0,0.0,0.0,4,6,1,330.644195556641,1,17561-21-11-1,79.0,1,3.0,,2.0,1.0,0,0,0,1,1,0,0,1.0,0
17561,61,11,1,1,2,47,5.0,4,2,3, ,1,0.0,0.0,0.0,4,6,1,330.644195556641,3,17561-61-11-1,47.0,1,3.0,,2.0,1.0,0,0,0,1,1,0,0,1.0,0
17561,73,11,1,1,1,76,4.0,5,2,3, ,1,0.0,0.0,0.0,4,6,1,330.644195556641,2,17561-73-11-1,76.0,1,3.0,,2.0,1.0,0,0,0,1,1,0,0,1.0,0
17561,98,11,1,1,1,63,3.0,1,2,3, ,1,0.0,0.0,0.0,4,6,1,330.644195556641,2,17561-98-11-1,63.0,1,3.0,,2.0,1.0,0,0,0,1,1,0,0,1.0,0
17562,18,11,1,1,1,44,4.0,0,2,3, ,1,0.0,0.0,0.0,4,7,1,329.517913818359,5,17562-18-11-1,44.0,1,3.0,,2.0,1.0,0,0,0,1,1,0,0,1.0,0
17562,19,11,1,1,1,70,4.0,5,5,3,7,1,0.0,0.0,0.0,4,7,1,329.517913818359,3,17562-19-11-1,70.0,1,3.0,7.0,5.0,1.0,0,0,0,1,1,0,0,1.0,0
17562,163,11,1,1,1,49,4.0,0,2,3, ,1,0.0,0.0,0.0,4,7,1,329.517913818359,3,17562-163-11-1,49.0,1,3.0,,2.0,1.0,0,0,0,1,1,0,0,1.0,0
17562,164,11,1,1,2,43,4.0,0,2,3, ,1,0.0,0.0,0.0,4,7,1,329.517913818359,2,17562-164-11-1,43.0,1,3.0,,2.0,1.0,0,0,0,1,1,0,0,1.0,0
17562,166,11,1,1,1,73,4.0,5,2,3, ,1,0.0,0.0,0.0,4,7,1,329.517913818359,2,17562-166-11-1,73.0,1,3.0,,2.0,1.0,0,0,0,1,1,0,0,1.0,0
17563,23,11,1,1,2,96,1.0, , , , , ,0.0,0.0,0.0,4,7,1,298.335754394531,1,17563-23-11-1,96.0,1,,,,0.0,0,0,0,1,1,0,0,0.0,0
17563,24,11,1,1,1,86,3.0,1,2,3, ,1,0.0,0.0,0.0,4,7,1,298.335754394531,2,17563-24-11-1,86.0,1,3.0,,2.0,1.0,0,0,0,1,1,0,0,1.0,0
17563,294,11,1,1,1,61,5.0,4,4,3,7,1,0.0,0.0,0.0,4,7,1,298.335754394531,2,17563-294-11-1,61.0,1,3.0,7.0,4.0,1.0,0,0,0,1,1,0,0,1.0,0
17563,295,11,1,1,1,42,4.0,0,2,3, ,1,0.0,0.0,0.0,4,7,1,298.335754394531,4,17563-295-11-1,42.0,1,3.0,,2.0,1.0,0,0,0,1,1,0,0,1.0,0
17563,296,11,1,1,1,69,4.0,5,2,3, ,1,0.0,0.0,0.0,4,7,1,298.335754394531,2,17563-296-11-1,69.0,1,3.0,,2.0,1.0,0,0,0,1,1,0,0,1.0,0
17563,297,11,1,1,2,62,1.0, ,2,3, ,1,0.0,0.0,0.0,4,7,1,298.335754394531,1,17563-297-11-1,62.0,1,3.0,,2.0,1.0,0,0,0,1,1,0,0,1.0,0
17564,18,11,1,1,1,65,4.0,5,2,3, ,1,0.0,0.0,0.0,4,8,1,330.644195556641,2,17564-18-11-1,65.0,1,3.0,,2.0,1.0,0,0,0,1,1,0,0,1.0,0
17564,19,11,1,1,2,84,1.0, ,2,3, ,1,0.0,0.0,0.0,4,8,1,330.644195556641,1,17564-19-11-1,84.0,1,3.0,,2.0,1.0,0,0,0,1,1,0,0,1.0,0
17564,21,11,1,1,1,73,4.0,5,2,3, ,1,0.0,0.0,0.0,4,8,1,330.644195556641,1,17564-21-11-1,73.0,1,3.0,,2.0,1.0,0,0,0,1,1,0,0,1.0,0
17564,56,11,1,1,1,57,4.0,5,2,3, ,1,0.0,0.0,0.0,4,8,1,330.644195556641,6,17564-56-11-1,57.0,1,3.0,,2.0,1.0,0,0,0,1,1,0,0,1.0,0
17564,57,11,1,1,1,65,4.0,5,2,3, ,1,0.0,0.0,0.0,4,8,1,330.644195556641,2,17564-57-11-1,65.0,1,3.0,,2.0,1.0,0,0,0,1,1,0,0,1.0,0
17565,13,11,1,1,1,71,3.0,3,2,3, ,1,0.0,0.0,0.0,4,6,1,329.517913818359,2,17565-13-11-1,71.0,1,3.0,,2.0,1.0,0,0,0,1,1,0,0,1.0,0
17565,21,11,1,1,2,68,3.0,1,2,3, ,1,0.0,0.0,0.0,4,6,1,329.517913818359,2,17565-21-11-1,68.0,1,3.0,,2.0,1.0,0,0,0,1,1,0,0,1.0,0
17565,29,11,1,1,1,78,3.0,1,2,3, ,1,0.0,0.0,0.0,4,6,1,329.517913818359,1,17565-29-11-1,78.0,1,3.0,,2.0,1.0,0,0,0,1,1,0,0,1.0,0
17565,47,11,1,1,1,40,6.0,5,2,3, ,1,0.0,0.0,0.0,4,6,1,329.517913818359,4,17565-47-11-1,40.0,1,3.0,,2.0,1.0,0,0,0,1,1,0,0,1.0,0
17565,63,11,1,1,1,46,4.0,0,4,3,7,1,0.0,0.0,0.0,4,6,1,329.517913818359,4,17565-63-11-1,46.0,1,3.0,7.0,4.0,1.0,0,0,0,1,1,0,0,1.0,0
17565,81,11,1,1,2,87,1.0, , , , , ,0.0,0.0,0.0,4,6,1,329.517913818359,1,17565-81-11-1,87.0,1,,,,0.0,0,0,0,1,1,0,0,0.0,0
17565,89,11,1,1,1,48,4.0,0,5,3,7,1,0.0,0.0,0.0,4,6,1,329.517913818359,3,17565-89-11-1,48.0,1,3.0,7.0,5.0,1.0,0,0,0,1,1,0,0,1.0,0
17566,159,11,1,1,1,58,3.0,4,2,3, ,1,0.0,0.0,0.0,4,7,1,329.517913818359,4,17566-159-11-1,58.0,1,3.0,,2.0,1.0,0,0,0,1,1,0,0,1.0,0
17566,328,11,1,1,2,29,4.0,0,2,3, ,1,0.0,8.0,0.0,4,7,1,329.517913818359,4,17566-328-11-1,29.0,1,3.0,,2.0,1.0,0,1,0,1,1,0,0,1.0,0
17566,329,11,1,1,2,50,1.0, ,2,3, ,1,0.0,0.0,0.0,4,7,2,329.517913818359,4,17566-329-11-1,50.0,1,3.0,,2.0,1.0,0,0,0,1,1,0,0,1.0,0
17566,330,11,1,1,1,41,3.0,0,4,3,7,1,0.0,0.0,0.0,4,7,1,329.517913818359,5,17566-330-11-1,41.0,1,3.0,7.0,4.0,1.0,0,0,0,1,1,0,0,1.0,0
17566,331,11,1,1,1,29,4.0,0,4,3,7,1,0.0,0.0,0.0,4,7,1,329.517913818359,6,17566-331-11-1,29.0,1,3.0,7.0,4.0,1.0,0,0,0,1,1,0,0,1.0,0
17567,141,11,1,1,1,32,5.0,2,2,3, ,1,0.0,0.0,0.0,4,7,1,298.653198242188,5,17567-141-11-1,32.0,1,3.0,,2.0,1.0,0,0,0,1,1,0,0,1.0,0
17567,142,11,1,1,1,59,3.0,2,2,3, ,1,0.0,0.0,0.0,4,7,1,298.653198242188,3,17567-142-11-1,59.0,1,3.0,,2.0,1.0,0,0,0,1,1,0,0,1.0,0
17567,293,11,1,1,2,71,1.0, ,2,3, ,1,0.0,0.0,0.0,4,7,1,298.653198242188,1,17567-293-11-1,71.0,1,3.0,,2.0,1.0,0,0,0,1,1,0,0,1.0,0
17567,296,11,1,1,1,46,3.0,0,2,3, ,1,0.0,0.0,0.0,4,7,1,298.653198242188,7,17567-296-11-1,46.0,1,3.0,,2.0,1.0,0,0,0,1,1,0,0,1.0,0
17567,298,11,1,1,1,46,4.0,0,2,3, ,1,0.0,0.0,0.0,4,7,1,298.653198242188,4,17567-298-11-1,46.0,1,3.0,,2.0,1.0,0,0,0,1,1,0,0,1.0,0
17567,299,11,1,1,1,48,3.0,0,2,3, ,1,0.0,0.0,0.0,4,7,1,298.653198242188,10,17567-299-11-1,48.0,1,3.0,,2.0,1.0,0,0,1,1,1,0,1,1.0,1
17567,300,11,1,1,1,61,4.0,5,2,3, ,1,0.0,0.0,0.0,4,7,1,298.653198242188,3,17567-300-11-1,61.0,1,3.0,,2.0,1.0,0,0,0,1,1,0,0,1.0,0
17568,2,11,1,1,1,28,6.0,5,2,3, ,1,0.0,0.0,0.0,4,7,1,298.653198242188,2,17568-2-11-1,28.0,1,3.0,,2.0,1.0,0,0,0,1,1,0,0,1.0,0
17568,3,11,1,1,1,65,4.0,5,1,2, ,1,0.0,0.0,0.0,4,7,1,298.653198242188,5,17568-3-11-1,65.0,1,2.0,,1.0,0.0,0,0,0,1,1,0,0,0.0,0
17568,4,11,1,1,1,71,3.0,3,2,3, ,1,0.0,0.0,0.0,4,7,1,298.653198242188,2,17568-4-11-1,71.0,1,3.0,,2.0,1.0,0,0,0,1,1,0,0,1.0,0
17568,80,11,1,1,1,45,4.0,0,2,3, ,1,0.0,0.0,0.0,4,7,1,298.653198242188,4,17568-80-11-1,45.0,1,3.0,,2.0,1.0,0,0,0,1,1,0,0,1.0,0
17568,81,11,1,1,1,41,6.0,5,2,3, ,1,0.0,0.0,0.0,4,7,1,298.653198242188,4,17568-81-11-1,41.0,1,3.0,,2.0,1.0,0,0,0,1,1,0,0,1.0,0
17568,82,11,1,1,1,46,3.0,0,2,3, ,1,0.0,0.0,0.0,4,7,1,298.653198242188,5,17568-82-11-1,46.0,1,3.0,,2.0,1.0,0,0,0,1,1,0,0,1.0,0
17568,83,11,1,1,2,67,3.0,2,2,3, ,1,0.0,0.0,0.0,4,7,1,298.653198242188,1,17568-83-11-1,67.0,1,3.0,,2.0,1.0,0,0,0,1,1,0,0,1.0,0
17568,84,11,1,1,2,77,3.0,0,2,3, ,1,0.0,0.0,0.0,4,7,2,298.653198242188,2,17568-84-11-1,77.0,1,3.0,,2.0,1.0,0,0,0,1,1,0,0,1.0,0
17569,17,11,1,1,1,73,3.0,3,2,3, ,1,0.0,0.0,0.0,4,7,1,330.644195556641,2,17569-17-11-1,73.0,1,3.0,,2.0,1.0,0,0,0,1,1,0,0,1.0,0
17569,18,11,1,1,1,47,5.0,3,2,3, ,1,0.0,0.0,0.0,4,7,1,330.644195556641,2,17569-18-11-1,47.0,1,3.0,,2.0,1.0,0,0,0,1,1,0,0,1.0,0
17569,19,11,1,1,1,29,6.0,5,4,3,7,1,0.0,0.0,0.0,4,7,1,330.644195556641,4,17569-19-11-1,29.0,1,3.0,7.0,4.0,1.0,0,0,0,1,1,0,0,1.0,0
17569,20,11,1,1,1,39,4.0,0,2,3, ,1,0.0,0.0,0.0,4,7,1,330.644195556641,5,17569-20-11-1,39.0,1,3.0,,2.0,1.0,0,0,0,1,1,0,0,1.0,0
17569,67,11,1,1,1,75,3.0,3,2,3, ,1,0.0,0.0,0.0,4,7,1,330.644195556641,2,17569-67-11-1,75.0,1,3.0,,2.0,1.0,0,0,0,1,1,0,0,1.0,0
17569,69,11,1,1,1,43,6.0,5,2,3, ,1,0.0,0.0,0.0,4,7,1,330.644195556641,4,17569-69-11-1,43.0,1,3.0,,2.0,1.0,0,0,0,1,1,0,0,1.0,0
17569,71,11,1,1,1,34,6.0,5,2,3, ,1,0.0,0.0,0.0,4,7,1,330.644195556641,6,17569-71-11-1,34.0,1,3.0,,2.0,1.0,0,0,0,1,1,0,0,1.0,0
17569,72,11,1,1,1,40,4.0,0,4,3,7,1,0.0,0.0,0.0,4,7,1,330.644195556641,4,17569-72-11-1,40.0,1,3.0,7.0,4.0,1.0,0,0,0,1,1,0,0,1.0,0
17571,69,11,1,1,1,58,4.0,5, , , , ,0.0,0.0,0.0,4,7,1,330.644195556641,5,17571-69-11-1,58.0,1,,,,0.0,0,0,0,1,1,0,0,0.0,0
17571,70,11,1,1,1,45,3.0,0,4,3,7,1,0.0,0.0,0.0,4,7,1,330.644195556641,5,17571-70-11-1,45.0,1,3.0,7.0,4.0,1.0,0,0,0,1,1,0,0,1.0,0
17571,71,11,1,1,1,78,3.0,1,7,3,7,1,0.0,0.0,0.0,4,7,1,330.644195556641,1,17571-71-11-1,78.0,1,3.0,7.0,7.0,1.0,0,0,0,1,1,0,0,1.0,0
17571,173,11,1,1,1,58,4.0,5,2,3, ,1,0.0,0.0,0.0,4,7,1,330.644195556641,6,17571-173-11-1,58.0,1,3.0,,2.0,1.0,0,0,0,1,1,0,0,1.0,0
17571,174,11,1,1,1,48,3.0,0,2,3, ,1,0.0,0.0,0.0,4,7,1,330.644195556641,4,17571-174-11-1,48.0,1,3.0,,2.0,1.0,0,0,0,1,1,0,0,1.0,0
17571,176,11,1,1,1,73,3.0,1,2,3, ,1,0.0,0.0,0.0,4,7,1,330.644195556641,3,17571-176-11-1,73.0,1,3.0,,2.0,1.0,0,0,0,1,1,0,0,1.0,0
17571,183,11,1,1,1,49,3.0,0,2,3, ,1,0.0,0.0,0.0,4,7,1,330.644195556641,8,17571-183-11-1,49.0,1,3.0,,2.0,1.0,0,0,0,1,1,0,0,1.0,0
17572,104,11,1,1,1,48,3.0,0,2,3, ,1,0.0,0.0,0.0,4,7, ,329.517913818359,6,17572-104-11-1,48.0,1,3.0,,2.0,1.0,0,0,0,1,1,0,0,1.0,0
17572,244,11,1,1,1,84,1.0, ,2,3, ,1,0.0,0.0,0.0,4,7, ,329.517913818359,2,17572-244-11-1,84.0,1,3.0,,2.0,1.0,0,0,0,1,1,0,0,1.0,0
17572,246,11,1,1,2,69,1.0, ,2,3, ,1,0.0,0.0,0.0,4,7, ,329.517913818359,1,17572-246-11-1,69.0,1,3.0,,2.0,1.0,0,0,0,1,1,0,0,1.0,0
17572,247,11,1,1,2,33,6.0,5,6, ,7,1,0.0,8.0,0.0,4,7, ,329.517913818359,4,17572-247-11-1,33.0,1,,7.0,6.0,1.0,0,1,0,1,1,0,0,1.0,0
17572,248,11,1,1,1,60,3.0,2,2,3, ,1,0.0,0.0,0.0,4,7, ,329.517913818359,3,17572-248-11-1,60.0,1,3.0,,2.0,1.0,0,0,0,1,1,0,0,1.0,0
17572,249,11,1,1,1,53,1.0, , , , , ,0.0,0.0,0.0,4,7, ,329.517913818359,5,17572-249-11-1,53.0,1,,,,0.0,0,0,0,1,1,0,0,0.0,0
17573,25,11,1,1,1,47,3.0,0,2,3, ,1,0.0,0.0,0.0,4,7, ,298.653198242188,3,17573-25-11-1,47.0,1,3.0,,2.0,1.0,0,0,0,1,1,0,0,1.0,0
17573,26,11,1,1,1,39,3.0,0,2,3, ,1,0.0,0.0,0.0,4,7, ,298.653198242188,7,17573-26-11-1,39.0,1,3.0,,2.0,1.0,0,0,0,1,1,0,0,1.0,0
17573,27,11,1,1,1,29,3.0,0,2,3, ,1,0.0,0.0,0.0,4,7, ,298.653198242188,2,17573-27-11-1,29.0,1,3.0,,2.0,1.0,0,0,0,1,1,0,0,1.0,0
17573,28,11,1,1,1,63,3.0,3,2,3, ,1,0.0,0.0,0.0,4,7, ,298.653198242188,2,17573-28-11-1,63.0,1,3.0,,2.0,1.0,0,0,0,1,1,0,0,1.0,0
17573,138,11,1,1,1,24,5.0,3,2,3, ,1,0.0,8.0,0.0,4,7, ,298.653198242188,5,17573-138-11-1,24.0,1,3.0,,2.0,1.0,0,1,0,1,1,0,0,1.0,0
17573,139,11,1,1,1,62,4.0,5,2,3, ,1,0.0,0.0,0.0,4,7, ,298.653198242188,2,17573-139-11-1,62.0,1,3.0,,2.0,1.0,0,0,0,1,1,0,0,1.0,0
17573,140,11,1,1,1,22,7.0,1,2,3, ,1,0.0,0.0,0.0,4,7, ,298.653198242188,5,17573-140-11-1,22.0,1,3.0,,2.0,1.0,0,0,0,1,1,0,0,1.0,0
17573,141,11,1,1,2,71,5.0,3,2,3, ,1,0.0,0.0,0.0,4,7, ,298.653198242188,2,17573-141-11-1,71.0,1,3.0,,2.0,1.0,0,0,0,1,1,0,0,1.0,0
17634,74,11,1,1,1,62,8.0,3,2,3, ,1,0.0,0.0,0.0,1,1,1,69.7747650146484,1,17634-74-11-1,62.0,1,3.0,,2.0,1.0,0,0,1,1,1,0,1,1.0,1
17634,89,11,1,1,2,87,4.0,6, , , , ,0.0,0.0,0.0,1,1,1,69.7747650146484,1,17634-89-11-1,87.0,1,,,,0.0,0,0,0,1,1,0,0,0.0,0
17634,132,11,1,1,2,66,10.0,5, , , , ,0.0,8.0,0.0,1,1,2,69.7747650146484,3,17634-132-11-1,66.0,1,,,,0.0,0,1,0,1,1,0,0,0.0,0
17635,5,11,1,1,1,52,8.0,3,2,3, ,1,0.0,0.0,0.0,1,1,1,153.709045410156,4,17635-5-11-1,52.0,1,3.0,,2.0,1.0,0,0,0,1,1,0,0,1.0,0
17635,47,11,1,1,1,40,8.0,3,3,1,7,1,0.0,8.0,0.0,1,1,1,153.709045410156,5,17635-47-11-1,40.0,1,1.0,7.0,3.0,1.0,0,1,0,1,1,0,0,1.0,0
17635,87,11,1,1,1,80,4.0,5,2,3, ,1,0.0,0.0,0.0,1,1,1,153.709045410156,2,17635-87-11-1,80.0,1,3.0,,2.0,1.0,0,0,0,1,1,0,0,1.0,0
17635,129,11,1,1,2,53,10.0,5, , , , ,0.0,0.0,0.0,1,1,1,153.709045410156,2,17635-129-11-1,53.0,1,,,,0.0,0,0,1,1,1,0,1,0.0,1
17636,23,11,1,1,2,35,4.0,0, , , , ,0.0,8.0,0.0,1,1,1,349.930969238281,3,17636-23-11-1,35.0,1,,,,0.0,0,1,0,1,1,0,0,0.0,0
17636,66,11,1,1,1,53,4.0,0,4, ,1,5,0.0,8.0,0.0,1,1,1,349.930969238281,3,17636-66-11-1,53.0,1,,1.0,4.0,0.0,0,1,1,1,1,0,1,0.0,1
17637,53,11,1,1,2,70,1.0, , , , , ,0.0,0.0,0.0,1,1,1,558.744262695313,4,17637-53-11-1,70.0,1,,,,0.0,0,0,0,1,1,0,0,0.0,0
17638,25,11,1,1,1,53,5.0,3,4,3,7,1,0.0,0.0,0.0,1,1,1,352.401519775391,8,17638-25-11-1,53.0,1,3.0,7.0,4.0,1.0,0,0,0,1,1,0,0,1.0,0
17638,62,11,1,1,2,41,5.0,3,4,3,7,1,0.0,8.0,0.0,1,1,1,352.401519775391,5,17638-62-11-1,41.0,1,3.0,7.0,4.0,1.0,0,1,0,1,1,0,0,1.0,0
17638,73,11,1,1,1,67,4.0,5,2,3, ,1,0.0,0.0,0.0,1,1,1,352.401519775391,3,17638-73-11-1,67.0,1,3.0,,2.0,1.0,0,0,0,1,1,0,0,1.0,0
17639,4,11,1,1,2,71,1.0, ,2,3, ,1,0.0,0.0,0.0,1,1,1,353.312377929688,3,17639-4-11-1,71.0,1,3.0,,2.0,1.0,0,0,0,1,1,0,0,1.0,0
17639,12,11,1,1,1,38,6.0,5,3,1,2,4,0.0,0.0,0.0,1,1,1,353.312377929688,3,17639-12-11-1,38.0,1,1.0,2.0,3.0,0.0,0,0,1,1,1,0,1,0.0,1
17639,50,11,1,1,1,41,4.0,0,4,1,2,2,0.0,8.0,0.0,1,1,1,353.312377929688,4,17639-50-11-1,41.0,1,1.0,2.0,4.0,0.0,0,1,1,1,1,0,1,0.0,1
17640,27,11,1,1,2,82,4.0,6, , , , ,0.0,0.0,0.0,1,1,1,175.202041625977,3,17640-27-11-1,82.0,1,,,,0.0,0,0,0,1,1,0,0,0.0,0
17640,40,11,1,1,1,80,3.0,3, , , , ,0.0,0.0,0.0,1,1,1,175.202041625977,2,17640-40-11-1,80.0,1,,,,0.0,0,0,0,1,1,0,0,0.0,0
17640,54,11,1,1,1,81,8.0,3, , , , ,0.0,0.0,0.0,1,1,1,175.202041625977,2,17640-54-11-1,81.0,1,,,,0.0,0,0,0,1,1,0,0,0.0,0
17640,121,11,1,1,1,68,9.0,4,2,2, ,1,0.0,0.0,0.0,1,1,1,175.202041625977,1,17640-121-11-1,68.0,1,2.0,,2.0,0.0,0,0,0,1,1,0,0,0.0,0
17641,3,11,1,1,2,58,11.0,2,3, ,2,5,0.0,0.0,0.0,1,1,1,380.980499267578,1,17641-3-11-1,58.0,1,,2.0,3.0,0.0,0,0,0,1,1,0,0,0.0,0
17641,41,11,1,1,1,48,6.0,5,5,2,7,1,0.0,0.0,0.0,1,1,1,380.980499267578,3,17641-41-11-1,48.0,1,2.0,7.0,5.0,1.0,0,0,1,1,1,0,1,1.0,1
17641,67,11,1,1,1,80,6.0,5,2,1, ,1,0.0,0.0,0.0,1,1,1,380.980499267578,3,17641-67-11-1,80.0,1,1.0,,2.0,0.0,0,0,0,1,1,0,0,0.0,0
17641,92,11,1,1,2,72,6.0,5, , , , ,0.0,0.0,0.0,1,1,1,380.980499267578,2,17641-92-11-1,72.0,1,,,,0.0,0,0,1,1,1,0,1,0.0,1
17641,105,11,1,1,2,65,5.0,3, , , , ,0.0,0.0,0.0,1,1,1,380.980499267578,3,17641-105-11-1,65.0,1,,,,0.0,0,0,0,1,1,0,0,0.0,0
17641,118,11,1,1,2,56,6.0,5,2,3, ,1,0.0,8.0,0.0,1,1,1,380.980499267578,3,17641-118-11-1,56.0,1,3.0,,2.0,1.0,0,1,0,1,1,0,0,1.0,0
17642,8,11,1,1,1,68,6.0,5,2,3, ,1,0.0,0.0,0.0,1,1,1,171.774810791016,4,17642-8-11-1,68.0,1,3.0,,2.0,1.0,0,0,0,1,1,0,0,1.0,0
17642,40,11,1,1,1,44,7.0,2,2,3, ,1,0.0,8.0,0.0,1,1,1,171.774810791016,2,17642-40-11-1,44.0,1,3.0,,2.0,1.0,0,1,0,1,1,0,0,1.0,0
17642,106,11,1,1,2,59,5.0,1,2,3, ,1,0.0,8.0,0.0,1,1,1,171.774810791016,2,17642-106-11-1,59.0,1,3.0,,2.0,1.0,0,1,0,1,1,0,0,1.0,0
17643,7,11,1,1,2,68,3.0,4, , , , ,0.0,0.0,0.0,1,1,1,411.436889648438,1,17643-7-11-1,68.0,1,,,,0.0,0,0,0,1,1,0,0,0.0,0
17643,35,12,1,1,1,74,4.0,5,2,3, ,1,0.0,0.0,0.0,1,1,1,411.436889648438,3,17643-35-12-1,74.0,1,3.0,,2.0,1.0,0,0,0,1,1,0,0,1.0,0
17643,35,22,1,1,1,32,6.0,5,2,3, ,1,0.0,8.0,0.0,1,1,1,411.436889648438,4,17643-35-22-1,32.0,1,3.0,,2.0,1.0,0,1,0,1,1,0,0,1.0,0
17643,48,11,1,1,2,64,5.0,1, , , , ,0.0,0.0,0.0,1,1,1,411.436889648438,4,17643-48-11-1,64.0,1,,,,0.0,0,0,0,1,1,0,0,0.0,0
17643,62,11,1,1,1,71,4.0,5, , , , ,0.0,0.0,0.0,1,1,1,411.436889648438,6,17643-62-11-1,71.0,1,,,,0.0,0,0,0,1,1,0,0,0.0,0
17643,77,11,1,1,1,71,6.0,5, , , , ,0.0,0.0,0.0,1,1,1,411.436889648438,2,17643-77-11-1,71.0,1,,,,0.0,0,0,0,1,1,0,0,0.0,0
17643,91,11,1,1,2,57,10.0,5, , , , ,0.0,0.0,0.0,1,1,1,411.436889648438,3,17643-91-11-1,57.0,1,,,,0.0,0,0,0,1,1,0,0,0.0,0
17644,22,11,1,1,2,43,5.0,4,2,3, ,1,0.0,0.0,0.0,1,1,1,398.294189453125,3,17644-22-11-1,43.0,1,3.0,,2.0,1.0,0,0,1,1,1,0,1,1.0,1
17644,62,11,1,1,1,71,4.0,5,4,3,7,1,0.0,0.0,0.0,1,1,1,398.294189453125,2,17644-62-11-1,71.0,1,3.0,7.0,4.0,1.0,0,0,0,1,1,0,0,1.0,0
17644,82,11,1,1,1,39,4.0,0,2,3, ,1,0.0,8.0,0.0,1,1,1,398.294189453125,3,17644-82-11-1,39.0,1,3.0,,2.0,1.0,0,1,0,1,1,0,0,1.0,0
17644,103,11,1,1,2,77,1.0, , , , , ,0.0,0.0,0.0,1,1,1,398.294189453125,3,17644-103-11-1,77.0,1,,,,0.0,0,0,0,1,1,0,0,0.0,0
17644,121,11,1,1,1,61,6.0,5,4,1,1,2,0.0,0.0,0.0,1,1,1,398.294189453125,5,17644-121-11-1,61.0,1,1.0,1.0,4.0,0.0,0,0,0,1,1,0,0,0.0,0
17645,12,11,1,1,2,70,3.0,2, , , , ,0.0,0.0,0.0,1,1,1,535.580261230469,6,17645-12-11-1,70.0,1,,,,0.0,0,0,0,1,1,0,0,0.0,0
17645,30,11,1,1,2,56,4.0,0,2,3, ,1,0.0,0.0,0.0,1,1,1,535.580261230469,3,17645-30-11-1,56.0,1,3.0,,2.0,1.0,0,0,0,1,1,0,0,1.0,0
17645,85,11,1,1,1,47,6.0,5,2,3, ,1,0.0,0.0,0.0,1,1,1,535.580261230469,6,17645-85-11-1,47.0,1,3.0,,2.0,1.0,0,0,0,1,1,0,0,1.0,0
17645,104,11,1,1,2,42,4.0,0, , , , ,0.0,0.0,0.0,1,1,1,535.580261230469,5,17645-104-11-1,42.0,1,,,,0.0,0,0,1,1,1,0,1,0.0,1
17645,122,11,1,1,1,68,5.0,3,2,3, ,1,0.0,0.0,0.0,1,1,1,535.580261230469,3,17645-122-11-1,68.0,1,3.0,,2.0,1.0,0,0,0,1,1,0,0,1.0,0
17646,3,11,1,1,1,40,6.0,5,2,3, ,1,0.0,8.0,0.0,1,1,1,398.294189453125,3,17646-3-11-1,40.0,1,3.0,,2.0,1.0,0,1,0,1,1,0,0,1.0,0
17646,34,11,1,1,1,63,3.0,3,4,2,7,1,0.0,0.0,0.0,1,1,1,398.294189453125,3,17646-34-11-1,63.0,1,2.0,7.0,4.0,1.0,0,0,0,1,1,0,0,1.0,0
17646,45,11,1,1,2,41,5.0,3,4,2,7,1,0.0,8.0,0.0,1,1,1,398.294189453125,4,17646-45-11-1,41.0,1,2.0,7.0,4.0,1.0,0,1,1,1,1,0,1,1.0,1
17647,12,11,1,1,1,53,10.0,6,3, ,1,5,0.0,0.0,0.0,1,1,1,84.9340209960938,3,17647-12-11-1,53.0,1,,1.0,3.0,0.0,0,0,1,1,1,0,1,0.0,1
17647,28,11,1,1,1,69,6.0,5, , , , ,0.0,0.0,0.0,1,1,1,84.9340209960938,4,17647-28-11-1,69.0,1,,,,0.0,0,0,0,1,1,0,0,0.0,0
17647,154,11,1,1,2,74,6.0,5, , , , ,0.0,0.0,0.0,1,1,1,84.9340209960938,4,17647-154-11-1,74.0,1,,,,0.0,0,0,0,1,1,0,0,0.0,0
17649,59,11,1,1,1,56,6.0,5,4,3,7,1,0.0,0.0,0.0,1,1,1,419.058166503906,1,17649-59-11-1,56.0,1,3.0,7.0,4.0,1.0,0,0,0,1,1,0,0,1.0,0
17649,74,11,1,1,1,57,10.0,5,3, ,5,5,0.0,8.0,0.0,1,1,1,419.058166503906,6,17649-74-11-1,57.0,1,,5.0,3.0,0.0,0,1,0,1,1,0,0,0.0,0
17649,89,12,1,1,1,73,6.0,5,3,1,2,3,0.0,0.0,0.0,1,1,1,419.058166503906,4,17649-89-12-1,73.0,1,1.0,2.0,3.0,0.0,0,0,0,1,1,0,0,0.0,0
17649,89,22,1,1,1,64,6.0,5,3,1,2,3,0.0,0.0,0.0,1,1,1,419.058166503906,2,17649-89-22-1,64.0,1,1.0,2.0,3.0,0.0,0,0,0,1,1,0,0,0.0,0
17650,13,11,1,1,2,72,9.0,1, , , , ,0.0,0.0,0.0,1,1,1,175.202041625977,2,17650-13-11-1,72.0,1,,,,0.0,0,0,0,1,1,0,0,0.0,0
17650,27,11,1,1,2,62,4.0,5,2,3, ,1,0.0,0.0,0.0,1,1,1,175.202041625977,2,17650-27-11-1,62.0,1,3.0,,2.0,1.0,0,0,0,1,1,0,0,1.0,0
17650,55,11,1,1,2,29,6.0,5,3,1,2,5,0.0,8.0,0.0,1,1,1,175.202041625977,5,17650-55-11-1,29.0,1,1.0,2.0,3.0,0.0,0,1,1,1,1,0,1,0.0,1
17650,85,11,1,1,1,23,6.0,5,3,1,7,1,0.0,8.0,0.0,1,1,1,175.202041625977,2,17650-85-11-1,23.0,1,1.0,7.0,3.0,1.0,0,1,0,1,1,0,0,1.0,0
17650,113,11,1,1,1,90,10.0,5, , , , ,0.0,0.0,0.0,1,1,1,175.202041625977,2,17650-113-11-1,90.0,1,,,,0.0,0,0,0,1,1,0,0,0.0,0
17651,2,11,1,1,1,60,8.0,5,3, ,1,5,0.0,8.0,0.0,1,1,1,352.401550292969,2,17651-2-11-1,60.0,1,,1.0,3.0,0.0,0,1,1,1,1,0,1,0.0,1
17651,18,11,1,1,2,80,1.0, , , , , ,0.0,0.0,0.0,1,1,1,352.401550292969,2,17651-18-11-1,80.0,1,,,,0.0,0,0,0,1,1,0,0,0.0,0
17651,33,11,1,1,1,23,7.0,3,2,3, ,1,0.0,8.0,0.0,1,1,2,352.401550292969,3,17651-33-11-1,23.0,1,3.0,,2.0,1.0,0,1,0,1,1,0,0,1.0,0
17651,49,11,1,1,1,58,3.0,3,4,3,7,1,0.0,0.0,0.0,1,1,1,352.401550292969,3,17651-49-11-1,58.0,1,3.0,7.0,4.0,1.0,0,0,0,1,1,0,0,1.0,0
17651,80,11,1,1,1,86,5.0,2, , , , ,0.0,0.0,0.0,1,1,1,352.401550292969,1,17651-80-11-1,86.0,1,,,,0.0,0,0,0,1,1,0,0,0.0,0
17653,9,11,1,1,1,35,10.0,5,2,3, ,1,0.0,8.0,0.0,1,1,1,349.930969238281,4,17653-9-11-1,35.0,1,3.0,,2.0,1.0,0,1,0,1,1,0,0,1.0,0
17653,82,11,1,1,2,66,1.0, , , , , ,0.0,0.0,0.0,1,1,1,349.930969238281,6,17653-82-11-1,66.0,1,,,,0.0,0,0,0,1,1,0,0,0.0,0
17653,97,11,1,1,1,49,6.0,5,2,3, ,1,0.0,8.0,0.0,1,1,1,349.930969238281,4,17653-97-11-1,49.0,1,3.0,,2.0,1.0,0,1,0,1,1,0,0,1.0,0
17654,50,11,1,1,2,92,4.0,5, , , , ,0.0,0.0,0.0,1,1, ,153.709045410156,1,17654-50-11-1,92.0,1,,,,0.0,0,0,0,1,1,0,0,0.0,0
17655,103,11,1,1,1,35,10.0,7,3, ,6,5,0.0,8.0,0.0,1,1, ,14.504979133606,5,17655-103-11-1,35.0,1,,6.0,3.0,0.0,0,1,1,1,1,0,1,0.0,1
17655,133,11,1,1,1,66,10.0,5,2,3, ,1,0.0,0.0,0.0,1,1, ,14.504979133606,2,17655-133-11-1,66.0,1,3.0,,2.0,1.0,0,0,0,1,1,0,0,1.0,0
17655,167,11,1,1,1,87,8.0,4, , , , ,0.0,0.0,0.0,1,1, ,14.504979133606,3,17655-167-11-1,87.0,1,,,,0.0,0,0,0,1,1,0,0,0.0,0
17658,16,11,1,1,1,63,3.0,2,2,3, ,1,0.0,8.0,0.0,1,1, ,548.58251953125,3,17658-16-11-1,63.0,1,3.0,,2.0,1.0,0,1,0,1,1,0,0,1.0,0
17658,47,11,1,1,1,53,10.0,5,3,2,7,1,0.0,8.0,0.0,1,1, ,548.58251953125,3,17658-47-11-1,53.0,1,2.0,7.0,3.0,1.0,0,1,0,1,1,0,0,1.0,0
17658,80,11,1,1,1,67,6.0,5,2,3, ,1,0.0,8.0,0.0,1,1, ,548.58251953125,2,17658-80-11-1,67.0,1,3.0,,2.0,1.0,0,1,0,1,1,0,0,1.0,0
17658,97,11,1,1,2,69,3.0,0,2,3, ,1,0.0,0.0,0.0,1,1, ,548.58251953125,5,17658-97-11-1,69.0,1,3.0,,2.0,1.0,0,0,0,1,1,0,0,1.0,0
17658,113,11,1,1,2,47,5.0,3,6, ,7,1,0.0,8.0,0.0,1,1, ,548.58251953125,6,17658-113-11-1,47.0,1,,7.0,6.0,1.0,0,1,0,1,1,0,0,1.0,0
17659,53,11,1,1,2,67,6.0,5, , , , ,0.0,0.0,0.0,1,1, ,558.744262695313,2,17659-53-11-1,67.0,1,,,,0.0,0,0,0,1,1,0,0,0.0,0
17659,128,11,1,1,2,80,3.0,1, , , , ,0.0,0.0,0.0,1,1, ,558.744262695313,1,17659-128-11-1,80.0,1,,,,0.0,0,0,0,1,1,0,0,0.0,0
17659,145,11,1,1,1,73,9.0,3,2,3, ,1,0.0,0.0,0.0,1,1, ,558.744262695313,4,17659-145-11-1,73.0,1,3.0,,2.0,1.0,0,0,0,1,1,0,0,1.0,0
17660,20,11,1,1,1,80,3.0,2, , , , ,0.0,0.0,0.0,1,1, ,535.580261230469,2,17660-20-11-1,80.0,1,,,,0.0,0,0,0,1,1,0,0,0.0,0
17660,59,11,1,1,2,58,4.0,5,2,3, ,1,0.0,0.0,0.0,1,1, ,535.580261230469,1,17660-59-11-1,58.0,1,3.0,,2.0,1.0,0,0,0,1,1,0,0,1.0,0
17660,140,11,1,1,2,61,8.0,3,2,3, ,1,0.0,0.0,0.0,1,1, ,535.580261230469,2,17660-140-11-1,61.0,1,3.0,,2.0,1.0,0,0,0,1,1,0,0,1.0,0
17695,4,11,1,1,2,67,4.0,5,2,3, ,1,0.0,0.0,0.0,1,4,1,558.744262695313,2,17695-4-11-1,67.0,1,3.0,,2.0,1.0,0,0,0,1,1,0,0,1.0,0
17695,24,11,1,1,1,74,4.0,5,2,3, ,1,0.0,0.0,0.0,1,4,1,558.744262695313,3,17695-24-11-1,74.0,1,3.0,,2.0,1.0,0,0,0,1,1,0,0,1.0,0
17695,106,11,1,1,2,54,4.0,0,2,3, ,1,0.0,0.0,0.0,1,4,1,558.744262695313,2,17695-106-11-1,54.0,1,3.0,,2.0,1.0,0,0,0,1,1,0,0,1.0,0
17695,127,11,1,1,1,53,6.0,5,3, , , ,0.0,8.0,0.0,1,4,1,558.744262695313,2,17695-127-11-1,53.0,1,,,3.0,0.0,0,1,1,1,1,0,1,0.0,1
17723,69,11,1,1,1,41,8.0,3,3, ,1,5,0.0,8.0,0.0,1,4,1,249.894134521484,6,17723-69-11-1,41.0,1,,1.0,3.0,0.0,0,1,0,1,1,0,0,0.0,0
17723,86,11,1,1,1,45,6.0,5,2,3, ,1,0.0,8.0,0.0,1,4,1,249.894134521484,6,17723-86-11-1,45.0,1,3.0,,2.0,1.0,0,1,0,1,1,0,0,1.0,0
17723,104,11,1,1,1,36,10.0,5,3,1,2,4,0.0,8.0,0.0,1,4,1,249.894134521484,4,17723-104-11-1,36.0,1,1.0,2.0,3.0,0.0,0,1,0,1,1,0,0,0.0,0
17724,30,11,1,1,2,51,8.0,3,2,3, ,1,0.0,8.0,0.0,1,5,1,507.973999023438,5,17724-30-11-1,51.0,1,3.0,,2.0,1.0,0,1,0,1,1,0,0,1.0,0
17724,68,11,1,1,1,64,5.0,3, , , , ,0.0,0.0,0.0,1,5,1,507.973999023438,4,17724-68-11-1,64.0,1,,,,0.0,0,0,0,1,1,0,0,0.0,0
17724,88,11,1,1,1,64,6.0,5, , , , ,0.0,0.0,0.0,1,5,1,507.973999023438,4,17724-88-11-1,64.0,1,,,,0.0,0,0,0,1,1,0,0,0.0,0
17724,126,11,1,1,1,66,4.0,5,4,1,1,3,0.0,0.0,0.0,1,5,1,507.973999023438,2,17724-126-11-1,66.0,1,1.0,1.0,4.0,0.0,0,0,0,1,1,0,0,0.0,0
17724,165,11,1,1,1,52,6.0,5,2,3, ,1,0.0,8.0,0.0,1,5,1,507.973999023438,5,17724-165-11-1,52.0,1,3.0,,2.0,1.0,0,1,0,1,1,0,0,1.0,0
17726,11,11,1,1,2,54,3.0,0,4,3,7,1,0.0,0.0,0.0,1,5,1,535.580261230469,1,17726-11-11-1,54.0,1,3.0,7.0,4.0,1.0,0,0,0,1,1,0,0,1.0,0
17726,71,11,1,1,1,59,4.0,5,4,1,1,5,0.0,0.0,0.0,1,5,1,535.580261230469,1,17726-71-11-1,59.0,1,1.0,1.0,4.0,0.0,0,0,0,1,1,0,0,0.0,0
17726,92,11,1,1,2,89,3.0,0, , , , ,0.0,0.0,0.0,1,5,1,535.580261230469,2,17726-92-11-1,89.0,1,,,,0.0,0,0,0,1,1,0,0,0.0,0
17726,113,11,1,1,1,57,12.0,4, , , , ,0.0,0.0,0.0,1,5,1,535.580261230469,1,17726-113-11-1,57.0,1,,,,0.0,0,0,0,1,1,0,0,0.0,0
17727,74,11,1,1,1,77,6.0,5, , , , ,0.0,0.0,0.0,1,5,1,353.312377929688,10,17727-74-11-1,77.0,1,,,,0.0,0,0,0,1,1,0,0,0.0,0
17727,114,11,1,1,1,49,3.0,0,2,2, ,1,0.0,8.0,0.0,1,5,1,353.312377929688,14,17727-114-11-1,49.0,1,2.0,,2.0,0.0,0,1,0,1,1,0,0,0.0,0
17727,134,11,1,1,2,45,4.0,0, , , , ,0.0,8.0,0.0,1,5,1,353.312377929688,7,17727-134-11-1,45.0,1,,,,0.0,0,1,0,1,1,0,0,0.0,0
17728,9,11,1,1,1,74,5.0,3, , , , ,0.0,0.0,0.0,1,5,1,548.58251953125,4,17728-9-11-1,74.0,1,,,,0.0,0,0,0,1,1,0,0,0.0,0
17728,64,11,1,1,1,29,6.0,5,2,3, ,1,0.0,8.0,0.0,1,5,1,548.58251953125,4,17728-64-11-1,29.0,1,3.0,,2.0,1.0,0,1,0,1,1,0,0,1.0,0
17728,105,11,1,1,1,76,3.0,2, , , , ,0.0,0.0,0.0,1,5,1,548.58251953125,1,17728-105-11-1,76.0,1,,,,0.0,0,0,0,1,1,0,0,0.0,0
17728,118,11,1,1,1,47,4.0,0,4,3,7,1,0.0,0.0,0.0,1,5,1,548.58251953125,5,17728-118-11-1,47.0,1,3.0,7.0,4.0,1.0,0,0,0,1,1,0,0,1.0,0
17729,17,11,1,1,1,89,3.0,4, , , , ,0.0,0.0,0.0,1,5,1,352.401550292969,3,17729-17-11-1,89.0,1,,,,0.0,0,0,0,1,1,0,0,0.0,0
17729,33,11,1,1,2,79,4.0,5, , , , ,0.0,0.0,0.0,1,5,1,352.401550292969,2,17729-33-11-1,79.0,1,,,,0.0,0,0,0,1,1,0,0,0.0,0
17729,48,11,1,1,2,60,6.0,5,2,3, ,1,0.0,8.0,0.0,1,5,1,352.401550292969,2,17729-48-11-1,60.0,1,3.0,,2.0,1.0,0,1,0,1,1,0,0,1.0,0
17729,64,11,1,1,2,62,5.0,4,2,3, ,1,0.0,0.0,0.0,1,5,1,352.401550292969,1,17729-64-11-1,62.0,1,3.0,,2.0,1.0,0,0,0,1,1,0,0,1.0,0
17729,80,11,1,1,1,78,3.0,4, , , , ,0.0,0.0,0.0,1,5,1,352.401550292969,2,17729-80-11-1,78.0,1,,,,0.0,0,0,0,1,1,0,0,0.0,0
17729,96,11,1,1,1,45,3.0,0,4,3,7,1,0.0,0.0,0.0,1,5,2,352.401550292969,1,17729-96-11-1,45.0,1,3.0,7.0,4.0,1.0,0,0,0,1,1,0,0,1.0,0
17730,93,11,1,1,2,34,7.0,2,3,1,7,1,0.0,8.0,0.0,1,4,1,548.58251953125,3,17730-93-11-1,34.0,1,1.0,7.0,3.0,1.0,0,1,0,1,1,0,0,1.0,0
17730,124,11,1,1,1,92,4.0,5, , , , ,0.0,0.0,0.0,1,4,1,548.58251953125,3,17730-124-11-1,92.0,1,,,,0.0,0,0,0,1,1,0,0,0.0,0
17732,11,11,1,1,1,54,5.0,2,2,3, ,1,0.0,0.0,0.0,1,5,1,535.580261230469,2,17732-11-11-1,54.0,1,3.0,,2.0,1.0,0,0,1,1,1,0,1,1.0,1
17732,23,11,1,1,1,52,10.0,5,3,1,2,2,0.0,8.0,0.0,1,5,1,535.580261230469,5,17732-23-11-1,52.0,1,1.0,2.0,3.0,0.0,0,1,0,1,1,0,0,0.0,0
17732,47,11,1,1,1,58,6.0,5,5,3,7,1,0.0,8.0,0.0,1,5,1,535.580261230469,4,17732-47-11-1,58.0,1,3.0,7.0,5.0,1.0,0,1,0,1,1,0,0,1.0,0
17732,72,11,1,1,2,45,6.0,5, , , , ,0.0,0.0,0.0,1,5,1,535.580261230469,4,17732-72-11-1,45.0,1,,,,0.0,0,0,0,1,1,0,0,0.0,0
17733,4,11,1,1,1,72,10.0,5, , , , ,0.0,8.0,0.0,1,5,1,398.294189453125,3,17733-4-11-1,72.0,1,,,,0.0,0,1,1,1,1,0,1,0.0,1
17733,56,13,1,1,1,41,4.0,0,4,3,7,1,0.0,0.0,0.0,1,5,1,398.294189453125,4,17733-56-13-1,41.0,1,3.0,7.0,4.0,1.0,0,0,0,1,1,0,0,1.0,0
17733,56,23,1,1,1,56,6.0,5,4,3,7,1,0.0,0.0,0.0,1,5,1,398.294189453125,4,17733-56-23-1,56.0,1,3.0,7.0,4.0,1.0,0,0,0,1,1,0,0,1.0,0
17733,56,33,1,1,1,48,6.0,5,4, ,1,5,0.0,0.0,0.0,1,5,1,398.294189453125,3,17733-56-33-1,48.0,1,,1.0,4.0,0.0,0,0,0,1,1,0,0,0.0,0
17733,73,11,1,1,2,49,6.0,5,2,2, ,1,0.0,8.0,0.0,1,5,1,398.294189453125,6,17733-73-11-1,49.0,1,2.0,,2.0,0.0,0,1,0,1,1,0,0,0.0,0
17733,91,11,1,1,2,76,1.0, , , , , ,0.0,0.0,0.0,1,5,1,398.294189453125,1,17733-91-11-1,76.0,1,,,,0.0,0,0,0,1,1,0,0,0.0,0
17733,108,11,1,1,1,36,8.0,3,4,3,7,1,0.0,0.0,0.0,1,5,1,398.294189453125,6,17733-108-11-1,36.0,1,3.0,7.0,4.0,1.0,0,0,0,1,1,0,0,1.0,0
17734,9,11,1,1,2,73,6.0,5, , , , ,0.0,0.0,0.0,1,4,1,558.744262695313,2,17734-9-11-1,73.0,1,,,,0.0,0,0,0,1,1,0,0,0.0,0
17734,24,11,1,1,1,48,6.0,5,2,3, ,1,0.0,0.0,0.0,1,4,1,558.744262695313,4,17734-24-11-1,48.0,1,3.0,,2.0,1.0,0,0,0,1,1,0,0,1.0,0
17734,38,11,1,1,1,62,6.0,5,2,3, ,1,0.0,8.0,0.0,1,4,2,558.744262695313,1,17734-38-11-1,62.0,1,3.0,,2.0,1.0,0,1,1,1,1,0,1,1.0,1
17734,68,11,1,1,2,49,6.0,5, , , , ,0.0,0.0,0.0,1,4,1,558.744262695313,3,17734-68-11-1,49.0,1,,,,0.0,0,0,0,1,1,0,0,0.0,0
17734,82,11,1,1,2,41,6.0,5,6, ,7,1,0.0,0.0,0.0,1,4,1,558.744262695313,4,17734-82-11-1,41.0,1,,7.0,6.0,1.0,0,0,0,1,1,0,0,1.0,0
17736,14,11,1,1,2,73,1.0, , , , , ,0.0,0.0,0.0,1,5,1,352.401550292969,7,17736-14-11-1,73.0,1,,,,0.0,0,0,0,1,1,0,0,0.0,0
17736,40,11,1,1,1,51,4.0,0,2,3, ,1,0.0,0.0,0.0,1,5,1,352.401550292969,3,17736-40-11-1,51.0,1,3.0,,2.0,1.0,0,0,0,1,1,0,0,1.0,0
17736,54,11,1,1,1,44,6.0,5,5,2,7,1,0.0,8.0,0.0,1,5,1,352.401550292969,7,17736-54-11-1,44.0,1,2.0,7.0,5.0,1.0,0,1,0,1,1,0,0,1.0,0
17736,81,11,1,1,1,51,5.0,2,4,1,2,4,0.0,0.0,0.0,1,5,1,352.401550292969,2,17736-81-11-1,51.0,1,1.0,2.0,4.0,0.0,0,0,0,1,1,0,0,0.0,0
17736,94,11,1,1,1,68,5.0,3,4,3,7,1,0.0,0.0,0.0,1,5,1,352.401550292969,6,17736-94-11-1,68.0,1,3.0,7.0,4.0,1.0,0,0,0,1,1,0,0,1.0,0
17737,70,11,1,1,1,63,5.0,3,3,2,7,1,0.0,0.0,0.0,1,5,1,349.930969238281,1,17737-70-11-1,63.0,1,2.0,7.0,3.0,1.0,0,0,0,1,1,0,0,1.0,0
17737,85,11,1,1,1,63,8.0,4,3,3,1,1,0.0,0.0,0.0,1,5,1,349.930969238281,3,17737-85-11-1,63.0,1,3.0,1.0,3.0,1.0,0,0,0,1,1,0,0,1.0,0
17738,2,11,1,1,1,69,10.0,6, , , , ,0.0,0.0,0.0,1,4,1,548.58251953125,5,17738-2-11-1,69.0,1,,,,0.0,0,0,0,1,1,0,0,0.0,0
17738,19,11,1,1,2,71,6.0,5,2,3, ,1,0.0,0.0,0.0,1,4,1,548.58251953125,1,17738-19-11-1,71.0,1,3.0,,2.0,1.0,0,0,0,1,1,0,0,1.0,0
17738,53,11,1,1,2,82,4.0,5, , , , ,0.0,0.0,0.0,1,4,1,548.58251953125,1,17738-53-11-1,82.0,1,,,,0.0,0,0,0,1,1,0,0,0.0,0
17738,70,11,1,1,1,69,6.0,5, , , , ,0.0,0.0,0.0,1,4,1,548.58251953125,1,17738-70-11-1,69.0,1,,,,0.0,0,0,0,1,1,0,0,0.0,0
17739,63,11,1,1,2,84,3.0,3, , , , ,0.0,0.0,0.0,1,5,1,507.973999023438,4,17739-63-11-1,84.0,1,,,,0.0,0,0,0,1,1,0,0,0.0,0
17739,110,11,1,1,1,63,5.0,3,2,3, ,1,0.0,0.0,0.0,1,5,1,507.973999023438,2,17739-110-11-1,63.0,1,3.0,,2.0,1.0,0,0,0,1,1,0,0,1.0,0
17739,132,11,1,1,1,45,6.0,5,3,2,7,1,0.0,8.0,0.0,1,5,1,507.973999023438,3,17739-132-11-1,45.0,1,2.0,7.0,3.0,1.0,0,1,0,1,1,0,0,1.0,0
17739,155,11,1,1,1,53,6.0,5,2,3, ,1,0.0,0.0,0.0,1,5,1,507.973999023438,3,17739-155-11-1,53.0,1,3.0,,2.0,1.0,0,0,0,1,1,0,0,1.0,0
17740,27,11,1,1,2,43,4.0,0,2,3, ,1,0.0,0.0,0.0,1,5,1,558.744262695313,5,17740-27-11-1,43.0,1,3.0,,2.0,1.0,0,0,0,1,1,0,0,1.0,0
17740,59,11,1,1,1,49,8.0,3,2,3, ,1,0.0,0.0,0.0,1,5,1,558.744262695313,3,17740-59-11-1,49.0,1,3.0,,2.0,1.0,0,0,0,1,1,0,0,1.0,0
17740,75,11,1,1,2,69,1.0, ,2,3, ,1,0.0,0.0,0.0,1,5,1,558.744262695313,4,17740-75-11-1,69.0,1,3.0,,2.0,1.0,0,0,0,1,1,0,0,1.0,0
17740,92,22,1,1,2,34,6.0,5, , , , ,0.0,0.0,0.0,1,5,1,558.744262695313,2,17740-92-22-1,34.0,1,,,,0.0,0,0,0,1,1,0,0,0.0,0
17740,108,11,1,1,1,65,6.0,5,4, ,5,5,0.0,0.0,0.0,1,5,1,558.744262695313,1,17740-108-11-1,65.0,1,,5.0,4.0,0.0,0,0,0,1,1,0,0,0.0,0
17740,123,11,1,1,1,65,1.0, ,4,3,7,1,0.0,0.0,0.0,1,5,1,558.744262695313,3,17740-123-11-1,65.0,1,3.0,7.0,4.0,1.0,0,0,0,1,1,0,0,1.0,0
17741,2,11,1,1,1,40,6.0,5,3,1,2,4,0.0,8.0,0.0,1,5,1,353.312377929688,5,17741-2-11-1,40.0,1,1.0,2.0,3.0,0.0,0,1,0,1,1,0,0,0.0,0
17741,37,11,1,1,1,64,6.0,5,2,3, ,1,0.0,0.0,0.0,1,5,1,353.312377929688,5,17741-37-11-1,64.0,1,3.0,,2.0,1.0,0,0,0,1,1,0,0,1.0,0
17741,48,11,1,1,1,76,6.0,5,4,3,7,1,0.0,0.0,0.0,1,5,1,353.312377929688,3,17741-48-11-1,76.0,1,3.0,7.0,4.0,1.0,0,0,0,1,1,0,0,1.0,0
17741,59,11,1,1,2,68,6.0,5, , , , ,0.0,0.0,0.0,1,5,1,353.312377929688,1,17741-59-11-1,68.0,1,,,,0.0,0,0,0,1,1,0,0,0.0,0
17741,71,11,1,1,1,57,5.0,3,4,3,7,1,0.0,0.0,0.0,1,5,1,353.312377929688,7,17741-71-11-1,57.0,1,3.0,7.0,4.0,1.0,0,0,0,1,1,0,0,1.0,0
17742,3,11,1,1,1,52,6.0,5,4,1,1,4,0.0,8.0,0.0,1,5,1,535.580261230469,3,17742-3-11-1,52.0,1,1.0,1.0,4.0,0.0,0,1,0,1,1,0,0,0.0,0
17742,21,11,1,1,1,81,3.0,1, , , , ,0.0,8.0,0.0,1,5,1,535.580261230469,2,17742-21-11-1,81.0,1,,,,0.0,0,1,0,1,1,0,0,0.0,0
17742,48,11,1,1,1,70,4.0,5, , , , ,0.0,0.0,0.0,1,5,1,535.580261230469,6,17742-48-11-1,70.0,1,,,,0.0,0,0,0,1,1,0,0,0.0,0
17742,81,11,1,1,1,62,6.0,5,4,3,7,1,0.0,0.0,0.0,1,5,1,535.580261230469,4,17742-81-11-1,62.0,1,3.0,7.0,4.0,1.0,0,0,0,1,1,0,0,1.0,0
17743,28,11,1,1,1,47,4.0,0,2,3, ,1,0.0,0.0,0.0,1,5,1,352.401550292969,5,17743-28-11-1,47.0,1,3.0,,2.0,1.0,0,0,0,1,1,0,0,1.0,0
17743,70,11,1,1,1,48,4.0,0,2,3, ,1,0.0,0.0,0.0,1,5,1,352.401550292969,5,17743-70-11-1,48.0,1,3.0,,2.0,1.0,0,0,0,1,1,0,0,1.0,0
17743,85,11,1,1,1,48,4.0,0,2,3, ,1,0.0,0.0,0.0,1,5,1,352.401550292969,5,17743-85-11-1,48.0,1,3.0,,2.0,1.0,0,0,0,1,1,0,0,1.0,0
17743,99,11,1,1,1,47,6.0,5,4,3,7,1,0.0,8.0,0.0,1,5,1,352.401550292969,7,17743-99-11-1,47.0,1,3.0,7.0,4.0,1.0,0,1,1,1,1,0,1,1.0,1
17744,3,11,1,1,1,49,4.0,0,2,3, ,1,0.0,0.0,0.0,1,5,1,349.930969238281,5,17744-3-11-1,49.0,1,3.0,,2.0,1.0,0,0,0,1,1,0,0,1.0,0
17744,14,11,1,1,2,61,3.0,2,2,3, ,1,0.0,0.0,0.0,1,5,1,349.930969238281,2,17744-14-11-1,61.0,1,3.0,,2.0,1.0,0,0,0,1,1,0,0,1.0,0
17745,8,11,1,1,1,40,5.0,4,4,3,7,1,0.0,8.0,0.0,1,5,1,398.294189453125,6,17745-8-11-1,40.0,1,3.0,7.0,4.0,1.0,0,1,0,1,1,0,0,1.0,0
17745,21,11,1,1,1,64,3.0,4,2,3, ,1,0.0,0.0,0.0,1,5,1,398.294189453125,10,17745-21-11-1,64.0,1,3.0,,2.0,1.0,0,0,0,1,1,0,0,1.0,0
17745,35,11,1,1,2,44,6.0,5,2,3, ,1,0.0,0.0,0.0,1,5,1,398.294189453125,6,17745-35-11-1,44.0,1,3.0,,2.0,1.0,0,0,0,1,1,0,0,1.0,0
17745,61,11,1,1,1,66,4.0,5,2,3, ,1,0.0,0.0,0.0,1,5,1,398.294189453125,11,17745-61-11-1,66.0,1,3.0,,2.0,1.0,0,0,1,1,1,0,1,1.0,1
17745,74,11,1,1,1,69,3.0,1,2,3, ,1,0.0,0.0,0.0,1,5,1,398.294189453125,2,17745-74-11-1,69.0,1,3.0,,2.0,1.0,0,0,0,1,1,0,0,1.0,0
17745,87,11,1,1,1,32,6.0,5,2,3, ,1,0.0,8.0,0.0,1,5,1,398.294189453125,6,17745-87-11-1,32.0,1,3.0,,2.0,1.0,0,1,1,1,1,0,1,1.0,1
17746,7,11,1,1,1,63,3.0,3,4,3,7,1,0.0,0.0,0.0,1,3, ,204.945388793945,1,17746-7-11-1,63.0,1,3.0,7.0,4.0,1.0,0,0,0,1,1,0,0,1.0,0
17746,26,11,1,1,1,95,10.0,5, , , , ,0.0,0.0,0.0,1,3, ,204.945388793945,3,17746-26-11-1,95.0,1,,,,0.0,0,0,0,1,1,0,0,0.0,0
17746,56,11,1,1,2,66,6.0,5,3, ,1,5,0.0,8.0,0.0,1,3, ,204.945388793945,2,17746-56-11-1,66.0,1,,1.0,3.0,0.0,0,1,0,1,1,0,0,0.0,0
17746,65,11,1,1,2,83,8.0,5, , , , ,0.0,0.0,0.0,1,3, ,204.945388793945,5,17746-65-11-1,83.0,1,,,,0.0,0,0,0,1,1,0,0,0.0,0
17746,110,11,1,1,1,93,4.0,5, , , , ,0.0,0.0,0.0,1,3, ,204.945388793945,3,17746-110-11-1,93.0,1,,,,0.0,0,0,0,1,1,0,0,0.0,0
17747,11,11,1,1,2,59,5.0,2,2,3, ,1,0.0,8.0,0.0,1,3, ,349.930969238281,2,17747-11-11-1,59.0,1,3.0,,2.0,1.0,0,1,0,1,1,0,0,1.0,0
17747,35,11,1,1,1,42,6.0,5,4,3,7,1,0.0,8.0,0.0,1,3, ,349.930969238281,4,17747-35-11-1,42.0,1,3.0,7.0,4.0,1.0,0,1,0,1,1,0,0,1.0,0
17747,106,11,1,1,2,43,5.0,1, , , , ,0.0,8.0,0.0,1,3, ,349.930969238281,4,17747-106-11-1,43.0,1,,,,0.0,0,1,1,1,1,0,1,0.0,1
17747,130,11,1,1,1,41,3.0,0,4,3,7,1,0.0,0.0,0.0,1,3, ,349.930969238281,4,17747-130-11-1,41.0,1,3.0,7.0,4.0,1.0,0,0,0,1,1,0,0,1.0,0
17747,154,11,1,1,2,59,4.0,5, , , , ,0.0,0.0,0.0,1,3, ,349.930969238281,1,17747-154-11-1,59.0,1,,,,0.0,0,0,0,1,1,0,0,0.0,0
17748,5,11,1,1,1,92,3.0,3, , , , ,0.0,0.0,0.0,1,5, ,548.58251953125,2,17748-5-11-1,92.0,1,,,,0.0,0,0,0,1,1,0,0,0.0,0
17748,27,11,1,1,2,78,4.0,5, , , , ,0.0,0.0,0.0,1,5, ,548.58251953125,1,17748-27-11-1,78.0,1,,,,0.0,0,0,0,1,1,0,0,0.0,0
17748,90,11,1,1,1,68,10.0,5, , , , ,0.0,0.0,0.0,1,5, ,548.58251953125,3,17748-90-11-1,68.0,1,,,,0.0,0,0,0,1,1,0,0,0.0,0
17748,131,11,1,1,2,77,3.0,2,2,3, ,1,0.0,0.0,0.0,1,5, ,548.58251953125,2,17748-131-11-1,77.0,1,3.0,,2.0,1.0,0,0,0,1,1,0,0,1.0,0
17749,14,11,1,1,2,21,9.0,3,3,2,2,2,0.0,8.0,0.0,1,5, ,352.401550292969,1,17749-14-11-1,21.0,1,2.0,2.0,3.0,0.0,0,1,0,1,1,0,0,0.0,0
17749,36,11,1,1,1,39,6.0,5,4,3,7,1,0.0,0.0,0.0,1,5, ,352.401550292969,2,17749-36-11-1,39.0,1,3.0,7.0,4.0,1.0,0,0,0,1,1,0,0,1.0,0
17749,100,11,1,1,1,53,5.0,4,4,1,1,5,0.0,8.0,0.0,1,5, ,352.401550292969,3,17749-100-11-1,53.0,1,1.0,1.0,4.0,0.0,0,1,0,1,1,0,0,0.0,0
17749,122,11,1,1,1,71,5.0,3,2,3, ,1,0.0,0.0,0.0,1,5, ,352.401550292969,5,17749-122-11-1,71.0,1,3.0,,2.0,1.0,0,0,0,1,1,0,0,1.0,0
17749,144,11,1,1,1,78,3.0,3, , , , ,0.0,0.0,0.0,1,5, ,352.401550292969,2,17749-144-11-1,78.0,1,,,,0.0,0,0,0,1,1,0,0,0.0,0
17750,19,11,1,1,1,59,3.0,4,2,3, ,1,0.0,8.0,0.0,1,4, ,398.294189453125,2,17750-19-11-1,59.0,1,3.0,,2.0,1.0,0,1,0,1,1,0,0,1.0,0
17750,38,11,1,1,2,82,1.0, ,5,3,7,1,0.0,0.0,0.0,1,4, ,398.294189453125,4,17750-38-11-1,82.0,1,3.0,7.0,5.0,1.0,0,0,0,1,1,0,0,1.0,0
17750,94,11,1,1,1,58,6.0,5,4,3,7,1,0.0,0.0,0.0,1,4, ,398.294189453125,1,17750-94-11-1,58.0,1,3.0,7.0,4.0,1.0,0,0,0,1,1,0,0,1.0,0
17750,114,11,1,1,1,53,8.0,3,3,3,7,1,0.0,8.0,0.0,1,4, ,398.294189453125,6,17750-114-11-1,53.0,1,3.0,7.0,3.0,1.0,0,1,0,1,1,0,0,1.0,0
17750,133,11,1,1,1,67,6.0,5,2,3, ,1,0.0,8.0,0.0,1,4, ,398.294189453125,2,17750-133-11-1,67.0,1,3.0,,2.0,1.0,0,1,0,1,1,0,0,1.0,0
17751,48,11,1,1,1,41,8.0,3,3,2,7,1,0.0,8.0,0.0,1,4, ,353.312377929688,4,17751-48-11-1,41.0,1,2.0,7.0,3.0,1.0,0,1,0,1,1,0,0,1.0,0
17751,65,11,1,1,1,56,6.0,5,4,3,7,1,0.0,0.0,0.0,1,4, ,353.312377929688,5,17751-65-11-1,56.0,1,3.0,7.0,4.0,1.0,0,0,0,1,1,0,0,1.0,0
17751,82,11,1,1,2,38,5.0,2,3,2,7,1,0.0,8.0,0.0,1,4, ,353.312377929688,5,17751-82-11-1,38.0,1,2.0,7.0,3.0,1.0,0,1,0,1,1,0,0,1.0,0
17751,115,11,1,1,1,40,6.0,5,2,3, ,1,0.0,8.0,0.0,1,4, ,353.312377929688,4,17751-115-11-1,40.0,1,3.0,,2.0,1.0,0,1,0,1,1,0,0,1.0,0
17752,28,11,1,1,1,70,4.0,5, , , , ,0.0,0.0,0.0,1,5, ,349.930969238281,6,17752-28-11-1,70.0,1,,,,0.0,0,0,0,1,1,0,0,0.0,0
17752,66,11,1,1,1,51,6.0,5,2,3, ,1,0.0,8.0,0.0,1,5, ,349.930969238281,4,17752-66-11-1,51.0,1,3.0,,2.0,1.0,0,1,0,1,1,0,0,1.0,0
17752,87,11,1,1,2,48,6.0,5,2,3, ,1,0.0,0.0,0.0,1,5, ,349.930969238281,2,17752-87-11-1,48.0,1,3.0,,2.0,1.0,0,0,0,1,1,0,0,1.0,0
17752,128,11,1,1,1,48,4.0,0,4,3,7,1,0.0,8.0,0.0,1,5, ,349.930969238281,3,17752-128-11-1,48.0,1,3.0,7.0,4.0,1.0,0,1,0,1,1,0,0,1.0,0
17772,5,11,1,1,1,49,6.0,5,2,3, ,1,0.0,0.0,0.0,1,7, ,211.832000732422,7,17772-5-11-1,49.0,1,3.0,,2.0,1.0,0,0,1,1,1,0,1,1.0,1
17772,6,11,1,1,1,82,3.0,1,2,3, ,1,0.0,0.0,0.0,1,7, ,211.832000732422,1,17772-6-11-1,82.0,1,3.0,,2.0,1.0,0,0,0,1,1,0,0,1.0,0
17772,8,11,1,1,2,36,5.0,1,2,3, ,1,0.0,0.0,0.0,1,7, ,211.832000732422,2,17772-8-11-1,36.0,1,3.0,,2.0,1.0,0,0,0,1,1,0,0,1.0,0
17772,76,11,1,1,1,58,5.0,2,4,1,1,5,0.0,0.0,0.0,1,7, ,211.832000732422,3,17772-76-11-1,58.0,1,1.0,1.0,4.0,0.0,0,0,0,1,1,0,0,0.0,0
17772,77,11,1,1,1,69,9.0,1,2,3, ,1,0.0,0.0,0.0,1,7, ,211.832000732422,4,17772-77-11-1,69.0,1,3.0,,2.0,1.0,0,0,0,1,1,0,0,1.0,0
17772,78,11,1,1,2,73,4.0,5,2,3, ,1,0.0,0.0,0.0,1,7, ,211.832000732422,1,17772-78-11-1,73.0,1,3.0,,2.0,1.0,0,0,0,1,1,0,0,1.0,0
17772,80,11,1,1,1,34,6.0,5,4,3,7,1,0.0,8.0,0.0,1,7, ,211.832000732422,5,17772-80-11-1,34.0,1,3.0,7.0,4.0,1.0,0,1,0,1,1,0,0,1.0,0
17773,81,11,1,1,1,67,3.0,3,2,3, ,1,0.0,0.0,0.0,1,7,1,211.832000732422,4,17773-81-11-1,67.0,1,3.0,,2.0,1.0,0,0,0,1,1,0,0,1.0,0
17773,82,11,1,1,2,49,4.0,0,4,3,7,1,0.0,0.0,0.0,1,7,1,211.832000732422,2,17773-82-11-1,49.0,1,3.0,7.0,4.0,1.0,0,0,0,1,1,0,0,1.0,0
17773,83,11,1,1,1,70,3.0,3,2,3, ,1,0.0,0.0,0.0,1,7,1,211.832000732422,2,17773-83-11-1,70.0,1,3.0,,2.0,1.0,0,0,0,1,1,0,0,1.0,0
17773,84,11,1,1,1,64,4.0,5,2,3, ,1,0.0,0.0,0.0,1,7,1,211.832000732422,3,17773-84-11-1,64.0,1,3.0,,2.0,1.0,0,0,0,1,1,0,0,1.0,0
17773,211,11,1,1,1,68,4.0,5,2,3, ,1,0.0,8.0,0.0,1,7,1,211.832000732422,7,17773-211-11-1,68.0,1,3.0,,2.0,1.0,0,1,0,1,1,0,0,1.0,0
17773,213,11,1,1,1,62,4.0,5,2,3, ,1,0.0,0.0,0.0,1,7,1,211.832000732422,1,17773-213-11-1,62.0,1,3.0,,2.0,1.0,0,0,0,1,1,0,0,1.0,0
17773,217,11,1,1,2,52,6.0,5,4,3,7,1,0.0,0.0,0.0,1,7,1,211.832000732422,2,17773-217-11-1,52.0,1,3.0,7.0,4.0,1.0,0,0,0,1,1,0,0,1.0,0
17773,219,11,1,1,2,56,3.0,0,2,3, ,1,0.0,0.0,0.0,1,7,1,211.832000732422,2,17773-219-11-1,56.0,1,3.0,,2.0,1.0,0,0,0,1,1,0,0,1.0,0
17774,209,11,1,1,1,71,3.0,3,2,3, ,1,0.0,0.0,0.0,1,7,1,203.965606689453,6,17774-209-11-1,71.0,1,3.0,,2.0,1.0,0,0,0,1,1,0,0,1.0,0
17774,210,11,1,1,1,53,4.0,0,4,1,1,4,0.0,0.0,0.0,1,7,1,203.965606689453,6,17774-210-11-1,53.0,1,1.0,1.0,4.0,0.0,0,0,0,1,1,0,0,0.0,0
17774,211,11,1,1,2,50,3.0,0,2,3, ,1,0.0,0.0,0.0,1,7,1,203.965606689453,3,17774-211-11-1,50.0,1,3.0,,2.0,1.0,0,0,0,1,1,0,0,1.0,0
17774,212,11,1,1,1,53,5.0,1,2,3, ,1,0.0,0.0,0.0,1,7,1,203.965606689453,5,17774-212-11-1,53.0,1,3.0,,2.0,1.0,0,0,0,1,1,0,0,1.0,0
17774,558,11,1,1,1,64,6.0,5,1,3, ,1,0.0,0.0,0.0,1,7,1,203.965606689453,3,17774-558-11-1,64.0,1,3.0,,1.0,1.0,0,0,0,1,1,0,0,1.0,0
17774,559,11,1,1,1,56,6.0,5,2,3, ,1,0.0,0.0,0.0,1,7,1,203.965606689453,5,17774-559-11-1,56.0,1,3.0,,2.0,1.0,0,0,0,1,1,0,0,1.0,0
17774,560,11,1,1,1,72,4.0,5,2,3, ,1,0.0,0.0,0.0,1,7,1,203.965606689453,2,17774-560-11-1,72.0,1,3.0,,2.0,1.0,0,0,0,1,1,0,0,1.0,0
17775,33,11,1,1,1,38,6.0,5,2,3, ,1,0.0,8.0,0.0,1,8,1,191.377868652344,4,17775-33-11-1,38.0,1,3.0,,2.0,1.0,0,1,0,1,1,0,0,1.0,0
17775,35,11,1,1,1,35,5.0,4,4,3,7,1,0.0,0.0,0.0,1,8,1,191.377868652344,1,17775-35-11-1,35.0,1,3.0,7.0,4.0,1.0,0,0,0,1,1,0,0,1.0,0
17775,39,11,1,1,1,49,5.0,2,2,3, ,1,0.0,0.0,0.0,1,8,1,191.377868652344,5,17775-39-11-1,49.0,1,3.0,,2.0,1.0,0,0,0,1,1,0,0,1.0,0
17775,81,11,1,1,1,43,8.0,3,2,3, ,1,0.0,8.0,0.0,1,8,1,191.377868652344,4,17775-81-11-1,43.0,1,3.0,,2.0,1.0,0,1,0,1,1,0,0,1.0,0
17775,82,11,1,1,1,60,3.0,3,2,3, ,1,0.0,0.0,0.0,1,8,1,191.377868652344,2,17775-82-11-1,60.0,1,3.0,,2.0,1.0,0,0,0,1,1,0,0,1.0,0
17775,83,11,1,1,1,40,6.0,5,4,3,7,1,0.0,0.0,0.0,1,8,1,191.377868652344,4,17775-83-11-1,40.0,1,3.0,7.0,4.0,1.0,0,0,0,1,1,0,0,1.0,0
17776,61,11,1,1,1,53,5.0,1,4,1,7,5,0.0,0.0,0.0,1,7,1,174.28466796875,4,17776-61-11-1,53.0,1,1.0,7.0,4.0,1.0,0,0,0,1,1,0,0,1.0,0
17776,62,11,1,1,2,27,4.0,0,2,3, ,1,0.0,0.0,0.0,1,7,1,174.28466796875,6,17776-62-11-1,27.0,1,3.0,,2.0,1.0,0,0,1,1,1,0,1,1.0,1
17776,63,11,1,1,2,39,4.0,0,4,1,7,5,0.0,0.0,0.0,1,7,1,174.28466796875,6,17776-63-11-1,39.0,1,1.0,7.0,4.0,1.0,0,0,0,1,1,0,0,1.0,0
17776,64,11,1,1,1,58,5.0,1,4,3,7,1,0.0,0.0,0.0,1,7,1,174.28466796875,12,17776-64-11-1,58.0,1,3.0,7.0,4.0,1.0,0,0,0,1,1,0,0,1.0,0
17776,441,11,1,1,2,84,3.0,1,2,3, ,1,0.0,0.0,0.0,1,7,1,174.28466796875,10,17776-441-11-1,84.0,1,3.0,,2.0,1.0,0,0,0,1,1,0,0,1.0,0
17776,442,12,1,1,2,60,4.0,5,2,3, ,1,0.0,0.0,0.0,1,7,1,174.28466796875,2,17776-442-12-1,60.0,1,3.0,,2.0,1.0,0,0,1,1,1,0,1,1.0,1
17776,442,22,1,1,1,30,10.0,5,3,1,2,5,0.0,8.0,0.0,1,7,1,174.28466796875,3,17776-442-22-1,30.0,1,1.0,2.0,3.0,0.0,0,1,0,1,1,0,0,0.0,0
17776,443,11,1,1,1,53,9.0,2,2,3, ,1,0.0,0.0,0.0,1,7,1,174.28466796875,7,17776-443-11-1,53.0,1,3.0,,2.0,1.0,0,0,0,1,1,0,0,1.0,0
17776,444,11,1,1,1,57,3.0,3,1,2, ,1,0.0,0.0,0.0,1,7,1,174.28466796875,10,17776-444-11-1,57.0,1,2.0,,1.0,0.0,0,0,0,1,1,0,0,0.0,0
17777,125,11,1,1,1,40,4.0,0,4,3,7,1,0.0,0.0,0.0,1,7,1,211.832000732422,3,17777-125-11-1,40.0,1,3.0,7.0,4.0,1.0,0,0,0,1,1,0,0,1.0,0
17777,126,11,1,1,2,58,5.0,1,2,3, ,1,0.0,0.0,0.0,1,7,1,211.832000732422,2,17777-126-11-1,58.0,1,3.0,,2.0,1.0,0,0,0,1,1,0,0,1.0,0
17777,127,11,1,1,1,36,4.0,0,4,1,1,4,0.0,0.0,0.0,1,7,1,211.832000732422,2,17777-127-11-1,36.0,1,1.0,1.0,4.0,0.0,0,0,0,1,1,0,0,0.0,0
17777,409,11,1,1,1,71,4.0,5,4,3,7,1,0.0,0.0,0.0,1,7,1,211.832000732422,4,17777-409-11-1,71.0,1,3.0,7.0,4.0,1.0,0,0,0,1,1,0,0,1.0,0
17777,410,11,1,1,1,26,8.0,3,4,3,7,1,0.0,8.0,0.0,1,7,1,211.832000732422,4,17777-410-11-1,26.0,1,3.0,7.0,4.0,1.0,0,1,0,1,1,0,0,1.0,0
17777,412,11,1,1,1,58,4.0,0,2,3, ,1,0.0,0.0,0.0,1,7,1,211.832000732422,3,17777-412-11-1,58.0,1,3.0,,2.0,1.0,0,0,1,1,1,0,1,1.0,1
17778,17,11,1,1,2,46,6.0,5,2,3, ,1,0.0,0.0,0.0,1,7,1,191.377868652344,2,17778-17-11-1,46.0,1,3.0,,2.0,1.0,0,0,0,1,1,0,0,1.0,0
17778,18,11,1,1,1,72,3.0,3,2,3, ,1,0.0,0.0,0.0,1,7,1,191.377868652344,2,17778-18-11-1,72.0,1,3.0,,2.0,1.0,0,0,0,1,1,0,0,1.0,0
17778,19,11,1,1,1,45,6.0,5,4,1,2,5,0.0,8.0,0.0,1,7,1,191.377868652344,1,17778-19-11-1,45.0,1,1.0,2.0,4.0,0.0,0,1,0,1,1,0,0,0.0,0
17778,20,11,1,1,1,71,4.0,5, , , , ,0.0,0.0,0.0,1,7,1,191.377868652344,3,17778-20-11-1,71.0,1,,,,0.0,0,0,0,1,1,0,0,0.0,0
17778,113,11,1,1,2,75,1.0, ,2,3, ,1,0.0,0.0,0.0,1,7,1,191.377868652344,1,17778-113-11-1,75.0,1,3.0,,2.0,1.0,0,0,0,1,1,0,0,1.0,0
17778,114,11,1,1,1,60,6.0,5,4,1,1,5,0.0,8.0,0.0,1,7,1,191.377868652344,5,17778-114-11-1,60.0,1,1.0,1.0,4.0,0.0,0,1,0,1,1,0,0,0.0,0
17778,122,11,1,1,2,89,1.0, , , , , ,0.0,0.0,0.0,1,7,1,191.377868652344,1,17778-122-11-1,89.0,1,,,,0.0,0,0,0,1,1,0,0,0.0,0
17779,5,11,1,1,2,63,1.0, ,2,3, ,1,0.0,0.0,0.0,1,7,1,174.28466796875,2,17779-5-11-1,63.0,1,3.0,,2.0,1.0,0,0,0,1,1,0,0,1.0,0
17779,6,11,1,1,1,50,6.0,5,2,3, ,1,0.0,0.0,0.0,1,7,1,174.28466796875,3,17779-6-11-1,50.0,1,3.0,,2.0,1.0,0,0,0,1,1,0,0,1.0,0
17779,157,11,1,1,1,68,4.0,5,2,3, ,1,0.0,0.0,0.0,1,7,1,174.28466796875,1,17779-157-11-1,68.0,1,3.0,,2.0,1.0,0,0,0,1,1,0,0,1.0,0
17779,161,11,1,1,1,58,4.0,5,4,3,7,1,0.0,0.0,0.0,1,7,1,174.28466796875,4,17779-161-11-1,58.0,1,3.0,7.0,4.0,1.0,0,0,0,1,1,0,0,1.0,0
17779,163,11,1,1,1,55,8.0,3,2,3, ,1,0.0,0.0,0.0,1,7,1,174.28466796875,4,17779-163-11-1,55.0,1,3.0,,2.0,1.0,0,0,0,1,1,0,0,1.0,0
17779,164,11,1,1,2,62,5.0,1, , , , ,0.0,0.0,0.0,1,7,1,174.28466796875,1,17779-164-11-1,62.0,1,,,,0.0,0,0,0,1,1,0,0,0.0,0
17780,17,11,1,1,1,58,1.0, ,2,3, ,1,0.0,0.0,0.0,1,7,1,191.377868652344,1,17780-17-11-1,58.0,1,3.0,,2.0,1.0,0,0,0,1,1,0,0,1.0,0
17780,18,11,1,1,1,36,7.0,1,4,2,2,3,0.0,0.0,0.0,1,7,1,191.377868652344,5,17780-18-11-1,36.0,1,2.0,2.0,4.0,0.0,0,0,0,1,1,0,0,0.0,0
17780,20,11,1,1,1,28,7.0,1,4,1,2,5,0.0,8.0,0.0,1,7,1,191.377868652344,4,17780-20-11-1,28.0,1,1.0,2.0,4.0,0.0,0,1,0,1,1,0,0,0.0,0
17780,103,11,1,1,2,80,1.0, ,2,3, ,1,0.0,0.0,0.0,1,7,1,191.377868652344,2,17780-103-11-1,80.0,1,3.0,,2.0,1.0,0,0,0,1,1,0,0,1.0,0
17781,97,11,1,1,2,71,3.0,1,2,3, ,1,0.0,0.0,0.0,1,7, ,203.965606689453,12,17781-97-11-1,71.0,1,3.0,,2.0,1.0,0,0,0,1,1,0,0,1.0,0
17781,98,11,1,1,1,51,5.0,1,2,3, ,1,0.0,0.0,0.0,1,7, ,203.965606689453,9,17781-98-11-1,51.0,1,3.0,,2.0,1.0,0,0,0,1,1,0,0,1.0,0
17781,99,11,1,1,2,60,3.0,1,2,3, ,1,0.0,0.0,0.0,1,7, ,203.965606689453,3,17781-99-11-1,60.0,1,3.0,,2.0,1.0,0,0,0,1,1,0,0,1.0,0
17781,100,11,1,1,1,89,3.0,2, , , , ,0.0,0.0,0.0,1,7, ,203.965606689453,1,17781-100-11-1,89.0,1,,,,0.0,0,0,0,1,1,0,0,0.0,0
17781,201,11,1,1,1,52,4.0,0,4,3,7,1,0.0,0.0,0.0,1,7, ,203.965606689453,4,17781-201-11-1,52.0,1,3.0,7.0,4.0,1.0,0,0,0,1,1,0,0,1.0,0
17781,204,11,1,1,2,69,4.0,5,2,3, ,1,0.0,0.0,0.0,1,7, ,203.965606689453,1,17781-204-11-1,69.0,1,3.0,,2.0,1.0,0,0,0,1,1,0,0,1.0,0
17783,1,11,1,1,1,45,6.0,5,4,1,2,1,0.0,0.0,0.0,1,7, ,191.377868652344,5,17783-1-11-1,45.0,1,1.0,2.0,4.0,0.0,0,0,0,1,1,0,0,0.0,0
17783,2,11,1,1,1,74,4.0,5, , , , ,0.0,0.0,0.0,1,7, ,191.377868652344,2,17783-2-11-1,74.0,1,,,,0.0,0,0,0,1,1,0,0,0.0,0
17783,3,11,1,1,1,46,8.0,3,2,3, ,1,0.0,0.0,0.0,1,7, ,191.377868652344,5,17783-3-11-1,46.0,1,3.0,,2.0,1.0,0,0,0,1,1,0,0,1.0,0
17783,4,11,1,1,2,44,8.0,5,2,3, ,1,0.0,0.0,0.0,1,7, ,191.377868652344,1,17783-4-11-1,44.0,1,3.0,,2.0,1.0,0,0,0,1,1,0,0,1.0,0
17783,80,11,1,1,1,61,4.0,5,2,3, ,1,0.0,0.0,0.0,1,7, ,191.377868652344,4,17783-80-11-1,61.0,1,3.0,,2.0,1.0,0,0,0,1,1,0,0,1.0,0
17783,81,11,1,1,1,31,6.0,5,2,3, ,1,0.0,8.0,0.0,1,7, ,191.377868652344,4,17783-81-11-1,31.0,1,3.0,,2.0,1.0,0,1,0,1,1,0,0,1.0,0
17783,83,11,1,1,1,47,4.0,0,2,3, ,1,0.0,0.0,0.0,1,7, ,191.377868652344,3,17783-83-11-1,47.0,1,3.0,,2.0,1.0,0,0,0,1,1,0,0,1.0,0
17802,35,11,1,1,1,71,10.0,5, , , , ,0.0,0.0,0.0,8,1,1,628.049194335938,3,17802-35-11-1,71.0,1,,,,0.0,0,0,0,1,1,0,0,0.0,0
17802,52,11,1,1,1,77,10.0,6,2,2, ,1,0.0,8.0,0.0,8,1,1,628.049194335938,1,17802-52-11-1,77.0,1,2.0,,2.0,0.0,0,1,0,1,1,0,0,0.0,0
17802,70,11,1,1,2,82,3.0,0, , , , ,0.0,0.0,0.0,8,1,2,628.049194335938,2,17802-70-11-1,82.0,1,,,,0.0,0,0,0,1,1,0,0,0.0,0
17802,88,11,1,1,1,69,9.0,1,3,1,2,2,0.0,8.0,0.0,8,1,2,628.049194335938,1,17802-88-11-1,69.0,1,1.0,2.0,3.0,0.0,0,1,0,1,1,0,0,0.0,0
17802,105,11,1,1,1,69,9.0,4, , , , ,0.0,0.0,0.0,8,1,1,628.049194335938,2,17802-105-11-1,69.0,1,,,,0.0,0,0,0,1,1,0,0,0.0,0
17803,13,11,1,1,2,62,10.0,5,2,2, ,1,0.0,8.0,0.0,8,1,1,626.489501953125,3,17803-13-11-1,62.0,1,2.0,,2.0,0.0,0,1,0,1,1,0,0,0.0,0
17803,25,11,1,1,1,57,8.0,3,2,2, ,1,0.0,8.0,0.0,8,1,1,626.489501953125,5,17803-25-11-1,57.0,1,2.0,,2.0,0.0,0,1,1,1,1,0,1,0.0,1
17803,49,11,1,1,2,88,4.0,5, , , , ,0.0,8.0,0.0,8,1,1,626.489501953125,4,17803-49-11-1,88.0,1,,,,0.0,0,1,0,1,1,0,0,0.0,0
17803,62,11,1,1,2,73,6.0,5,5,3,7,1,0.0,0.0,0.0,8,1,1,626.489501953125,5,17803-62-11-1,73.0,1,3.0,7.0,5.0,1.0,0,0,0,1,1,0,0,1.0,0
17815,5,11,1,1,1,63,10.0,5,1,2, ,1,0.0,0.0,0.0,8,1,1,806.669494628906,5,17815-5-11-1,63.0,1,2.0,,1.0,0.0,0,0,1,1,1,0,1,0.0,1
17815,19,11,1,1,2,65,7.0,1, , , , ,0.0,0.0,0.0,8,1,1,806.669494628906,3,17815-19-11-1,65.0,1,,,,0.0,0,0,0,1,1,0,0,0.0,0
17815,33,11,1,1,2,71,5.0,3, , , , ,0.0,0.0,0.0,8,1,1,806.669494628906,3,17815-33-11-1,71.0,1,,,,0.0,0,0,1,1,1,0,1,0.0,1
17863,49,11,1,1,2,65,6.0,5, , , , ,0.0,0.0,0.0,8,1,2,710.8837890625,1,17863-49-11-1,65.0,1,,,,0.0,0,0,0,1,1,0,0,0.0,0
17873,13,11,1,1,1,49,8.0,3,4, ,2,5,0.0,8.0,0.0,8,1,2,1996.37231445313,3,17873-13-11-1,49.0,1,,2.0,4.0,0.0,0,1,0,1,1,0,0,0.0,0
17873,45,11,1,1,1,48,5.0,3,4,3,7,1,0.0,8.0,0.0,8,1,1,1996.37231445313,6,17873-45-11-1,48.0,1,3.0,7.0,4.0,1.0,0,1,0,1,1,0,0,1.0,0
17873,61,11,1,1,2,50,6.0,5,6, ,7,1,0.0,0.0,0.0,8,1,2,1996.37231445313,2,17873-61-11-1,50.0,1,,7.0,6.0,1.0,0,0,0,1,1,0,0,1.0,0
17873,77,11,1,1,2,70,3.0,1, , , , ,0.0,0.0,0.0,8,1,2,1996.37231445313,5,17873-77-11-1,70.0,1,,,,0.0,0,0,0,1,1,0,0,0.0,0
17873,94,11,1,1,2,66,1.0, , , , , ,0.0,0.0,0.0,8,1,1,1996.37231445313,1,17873-94-11-1,66.0,1,,,,0.0,0,0,0,1,1,0,0,0.0,0
17875,66,11,1,1,1,63,3.0,2,2,3, ,1,0.0,8.0,0.0,8,1, ,1113.88488769531,4,17875-66-11-1,63.0,1,3.0,,2.0,1.0,0,1,0,1,1,0,0,1.0,0
17875,81,11,1,1,2,65,4.0,5, , , , ,0.0,0.0,0.0,8,1, ,1113.88488769531,3,17875-81-11-1,65.0,1,,,,0.0,0,0,0,1,1,0,0,0.0,0
17875,99,11,1,1,2,76,3.0,0, , , , ,0.0,0.0,0.0,8,1, ,1113.88488769531,4,17875-99-11-1,76.0,1,,,,0.0,0,0,0,1,1,0,0,0.0,0
17875,128,11,1,1,2,73,1.0, ,6, ,7,1,0.0,0.0,0.0,8,1, ,1113.88488769531,2,17875-128-11-1,73.0,1,,7.0,6.0,1.0,0,0,0,1,1,0,0,1.0,0
17880,65,11,1,1,1,50,6.0,5,2,3, ,1,0.0,8.0,0.0,8,1,1,1180.98107910156,3,17880-65-11-1,50.0,1,3.0,,2.0,1.0,0,1,1,1,1,0,1,1.0,1
17880,103,11,1,1,2,42,6.0,5,4,3,7,1,0.0,0.0,0.0,8,1,1,1180.98107910156,4,17880-103-11-1,42.0,1,3.0,7.0,4.0,1.0,0,0,1,1,1,0,1,1.0,1
17905,46,11,1,1,2,55,6.0,5,2,3, ,1,0.0,8.0,0.0,8,1, ,1996.37231445313,3,17905-46-11-1,55.0,1,3.0,,2.0,1.0,0,1,0,1,1,0,0,1.0,0
17941,28,11,1,1,1,75,6.0,5, , , , ,0.0,0.0,0.0,8,1,1,517.357238769531,6,17941-28-11-1,75.0,1,,,,0.0,0,0,0,1,1,0,0,0.0,0
17941,43,11,1,1,1,56,6.0,5, , , , ,0.0,0.0,0.0,8,1,1,517.357238769531,7,17941-43-11-1,56.0,1,,,,0.0,0,0,0,1,1,0,0,0.0,0
17941,102,11,1,1,1,63,6.0,5,2,3, ,1,0.0,0.0,0.0,8,1,2,517.357238769531,11,17941-102-11-1,63.0,1,3.0,,2.0,1.0,0,0,0,1,1,0,0,1.0,0
17941,159,11,1,1,1,54,6.0,5,3, , , ,0.0,8.0,0.0,8,1,1,517.357238769531,3,17941-159-11-1,54.0,1,,,3.0,0.0,0,1,0,1,1,0,0,0.0,0
18021,4,11,1,1,1,50,6.0,5,2,2, ,1,0.0,0.0,0.0,8,1,1,1180.98107910156,3,18021-4-11-1,50.0,1,2.0,,2.0,0.0,0,0,0,1,1,0,0,0.0,0
18021,15,11,1,1,1,60,7.0,2,3,2,7,1,0.0,0.0,0.0,8,1,1,1180.98107910156,3,18021-15-11-1,60.0,1,2.0,7.0,3.0,1.0,0,0,0,1,1,0,0,1.0,0
18021,57,11,1,1,1,81,10.0,4,2,3, ,1,0.0,0.0,0.0,8,1,1,1180.98107910156,2,18021-57-11-1,81.0,1,3.0,,2.0,1.0,0,0,1,1,1,0,1,1.0,1
18169,81,11,1,1,1,49,6.0,5,3,1,5,2,0.0,0.0,0.0,8,1,1,423.391082763672,4,18169-81-11-1,49.0,1,1.0,5.0,3.0,0.0,0,0,1,1,1,0,1,0.0,1
18169,98,11,1,1,1,78,8.0,3, , , , ,0.0,0.0,0.0,8,1,1,423.391082763672,3,18169-98-11-1,78.0,1,,,,0.0,0,0,0,1,1,0,0,0.0,0
18169,114,11,1,1,1,67,7.0,2, , , , ,0.0,0.0,0.0,8,1,1,423.391082763672,3,18169-114-11-1,67.0,1,,,,0.0,0,0,0,1,1,0,0,0.0,0
18170,242,11,1,1,1,46,7.0,2,3,1,2,1,0.0,0.0,0.0,8,1, ,835.413635253906,5,18170-242-11-1,46.0,1,1.0,2.0,3.0,0.0,0,0,0,1,1,0,0,0.0,0
18171,10,11,1,1,2,72,10.0,5, , , , ,0.0,0.0,0.0,8,1, ,325.464172363281,2,18171-10-11-1,72.0,1,,,,0.0,0,0,0,1,1,0,0,0.0,0
18171,84,11,1,1,2,44,6.0,5,2,2, ,1,0.0,0.0,0.0,8,1, ,325.464172363281,2,18171-84-11-1,44.0,1,2.0,,2.0,0.0,0,0,1,1,1,0,1,0.0,1
18171,111,11,1,1,1,71,8.0,3,2,3, ,1,0.0,8.0,0.0,8,1,1,325.464172363281,2,18171-111-11-1,71.0,1,3.0,,2.0,1.0,0,1,0,1,1,0,0,1.0,0
18172,30,11,1,1,1,56,6.0,5,2,2, ,1,0.0,8.0,0.0,8,1,1,519.626647949219,4,18172-30-11-1,56.0,1,2.0,,2.0,0.0,0,1,1,1,1,0,1,0.0,1
18172,46,11,1,1,1,91,6.0,5, , , , ,0.0,0.0,0.0,8,1,1,519.626647949219,3,18172-46-11-1,91.0,1,,,,0.0,0,0,0,1,1,0,0,0.0,0
18172,78,11,1,1,1,39,8.0,3,2,3, ,1,0.0,8.0,0.0,8,1,1,519.626647949219,3,18172-78-11-1,39.0,1,3.0,,2.0,1.0,0,1,0,1,1,0,0,1.0,0
18172,142,11,1,1,1,68,10.0,5, , , , ,0.0,0.0,0.0,8,1,1,519.626647949219,5,18172-142-11-1,68.0,1,,,,0.0,0,0,0,1,1,0,0,0.0,0
18173,5,11,1,1,1,74,10.0,5,5,1,7,1,0.0,8.0,0.0,8,1,1,369.471740722656,5,18173-5-11-1,74.0,1,1.0,7.0,5.0,1.0,0,1,0,1,1,0,0,1.0,0
18173,147,11,1,1,1,79,11.0,3,2,2, ,1,0.0,8.0,0.0,8,1,1,369.471740722656,4,18173-147-11-1,79.0,1,2.0,,2.0,0.0,0,1,1,1,1,0,1,0.0,1
18175,214,11,1,1,1,70,10.0,5, , , , ,0.0,8.0,0.0,8,1,1,533.162841796875,2,18175-214-11-1,70.0,1,,,,0.0,0,1,0,1,1,0,0,0.0,0
18175,282,11,1,1,2,45,10.0,6,3, ,5,5,0.0,8.0,0.0,8,1, ,533.162841796875,4,18175-282-11-1,45.0,1,,5.0,3.0,0.0,0,1,1,1,1,0,1,0.0,1
18175,319,11,1,1,2,40,10.0,5,2,1, ,1,0.0,8.0,0.0,8,1, ,533.162841796875,4,18175-319-11-1,40.0,1,1.0,,2.0,0.0,0,1,0,1,1,0,0,0.0,0
18177,145,11,1,1,1,63,8.0,3,2,3, ,1,0.0,8.0,0.0,8,1,1,528.211364746094,4,18177-145-11-1,63.0,1,3.0,,2.0,1.0,0,1,0,1,1,0,0,1.0,0
18179,43,11,1,1,1,56,6.0,5,4,3,7,1,0.0,8.0,0.0,8,1,1,626.489501953125,1,18179-43-11-1,56.0,1,3.0,7.0,4.0,1.0,0,1,0,1,1,0,0,1.0,0
18179,57,11,1,1,2,58,10.0,5, , , , ,0.0,8.0,0.0,8,1,1,626.489501953125,4,18179-57-11-1,58.0,1,,,,0.0,0,1,0,1,1,0,0,0.0,0
18179,72,11,1,1,1,68,6.0,5, , , , ,0.0,8.0,0.0,8,1,1,626.489501953125,3,18179-72-11-1,68.0,1,,,,0.0,0,1,0,1,1,0,0,0.0,0
18180,35,11,1,1,2,63,5.0,2, , , , ,0.0,0.0,0.0,8,1,1,533.162841796875,2,18180-35-11-1,63.0,1,,,,0.0,0,0,0,1,1,0,0,0.0,0
18180,51,11,1,1,1,50,9.0,3, , , , ,0.0,8.0,0.0,8,1,1,533.162841796875,2,18180-51-11-1,50.0,1,,,,0.0,0,1,0,1,1,0,0,0.0,0
18180,99,11,1,1,1,82,6.0,5, , , , ,0.0,0.0,0.0,8,1,1,533.162841796875,3,18180-99-11-1,82.0,1,,,,0.0,0,0,0,1,1,0,0,0.0,0
18181,12,11,1,1,1,66,8.0,3, , , , ,0.0,0.0,0.0,8,1,2,582.683776855469,2,18181-12-11-1,66.0,1,,,,0.0,0,0,0,1,1,0,0,0.0,0
18181,27,11,1,1,2,59,6.0,5,1,3, ,1,0.0,0.0,0.0,8,1,1,582.683776855469,1,18181-27-11-1,59.0,1,3.0,,1.0,1.0,0,0,0,1,1,0,0,1.0,0
18181,58,11,1,1,2,68,6.0,5, , , , ,0.0,0.0,0.0,8,1,1,582.683776855469,4,18181-58-11-1,68.0,1,,,,0.0,0,0,0,1,1,0,0,0.0,0
18181,74,11,1,1,2,75,6.0,5, , , , ,0.0,8.0,0.0,8,1,1,582.683776855469,2,18181-74-11-1,75.0,1,,,,0.0,0,1,0,1,1,0,0,0.0,0
18181,89,11,1,1,1,49,10.0,5,1,1, ,1,0.0,0.0,0.0,8,1,1,582.683776855469,4,18181-89-11-1,49.0,1,1.0,,1.0,0.0,0,0,0,1,1,0,0,0.0,0
18182,47,11,1,1,1,59,10.0,5,2,3, ,1,0.0,8.0,0.0,8,1,2,582.683776855469,2,18182-47-11-1,59.0,1,3.0,,2.0,1.0,0,1,0,1,1,0,0,1.0,0
18182,125,11,1,1,1,64,6.0,5, , , , ,0.0,8.0,0.0,8,1,1,582.683776855469,2,18182-125-11-1,64.0,1,,,,0.0,0,1,0,1,1,0,0,0.0,0
18182,202,11,1,1,2,41,10.0,5,3, ,1,5,0.0,8.0,0.0,8,1,1,582.683776855469,4,18182-202-11-1,41.0,1,,1.0,3.0,0.0,0,1,0,1,1,0,0,0.0,0
18183,13,11,1,1,1,74,6.0,5, , , , ,0.0,0.0,0.0,8,1,1,1497.27917480469,3,18183-13-11-1,74.0,1,,,,0.0,0,0,0,1,1,0,0,0.0,0
18183,39,11,1,1,1,20,5.0,3,3,2,2,1,0.0,8.0,0.0,8,1,1,1497.27917480469,2,18183-39-11-1,20.0,1,2.0,2.0,3.0,0.0,0,1,0,1,1,0,0,0.0,0
18183,66,11,1,1,2,85,4.0,6, , , , ,0.0,0.0,0.0,8,1,1,1497.27917480469,2,18183-66-11-1,85.0,1,,,,0.0,0,0,0,1,1,0,0,0.0,0
18183,93,11,1,1,2,78,4.0,5, , , , ,0.0,0.0,0.0,8,1,1,1497.27917480469,3,18183-93-11-1,78.0,1,,,,0.0,0,0,0,1,1,0,0,0.0,0
18184,9,11,1,1,1,78,4.0,5,1,2, ,1,0.0,8.0,0.0,8,1,1,626.489501953125,4,18184-9-11-1,78.0,1,2.0,,1.0,0.0,0,1,0,1,1,0,0,0.0,0
18185,1,11,1,1,2,66,8.0,3,3, ,1,5,0.0,0.0,0.0,8,1,1,628.049194335938,1,18185-1-11-1,66.0,1,,1.0,3.0,0.0,0,0,0,1,1,0,0,0.0,0
18185,55,11,1,1,2,71,9.0,2, , , , ,0.0,0.0,0.0,8,1,2,628.049194335938,3,18185-55-11-1,71.0,1,,,,0.0,0,0,0,1,1,0,0,0.0,0
18185,90,11,1,1,1,59,10.0,5,3, ,1,5,0.0,0.0,0.0,8,1,2,628.049194335938,3,18185-90-11-1,59.0,1,,1.0,3.0,0.0,0,0,1,1,1,0,1,0.0,1
18186,55,11,1,1,2,92,6.0,5, , , , ,0.0,0.0,0.0,8,1,1,628.049194335938,4,18186-55-11-1,92.0,1,,,,0.0,0,0,0,1,1,0,0,0.0,0
18187,118,11,1,1,1,46,11.0,2,3,1,1,5,0.0,8.0,0.0,8,1,1,626.489501953125,4,18187-118-11-1,46.0,1,1.0,1.0,3.0,0.0,0,1,0,1,1,0,0,0.0,0
18187,132,11,1,1,2,78,7.0,1, , , , ,0.0,0.0,0.0,8,1,1,626.489501953125,2,18187-132-11-1,78.0,1,,,,0.0,0,0,0,1,1,0,0,0.0,0
18188,8,11,1,1,2,38,6.0,5, , , , ,0.0,8.0,0.0,8,1,1,605.002136230469,4,18188-8-11-1,38.0,1,,,,0.0,0,1,0,1,1,0,0,0.0,0
18188,60,11,1,1,2,94,3.0,2, , , , ,0.0,0.0,0.0,8,1,1,605.002136230469,1,18188-60-11-1,94.0,1,,,,0.0,0,0,0,1,1,0,0,0.0,0
18188,94,11,1,1,2,55,6.0,5,2,3, ,1,0.0,0.0,0.0,8,1,1,605.002136230469,3,18188-94-11-1,55.0,1,3.0,,2.0,1.0,0,0,0,1,1,0,0,1.0,0
18190,30,11,1,1,1,63,6.0,5,2,3, ,1,0.0,0.0,0.0,8,1,1,1751.19812011719,9,18190-30-11-1,63.0,1,3.0,,2.0,1.0,0,0,0,1,1,0,0,1.0,0
18190,59,11,1,1,2,55,3.0,0,2,3, ,1,0.0,0.0,0.0,8,1,1,1751.19812011719,5,18190-59-11-1,55.0,1,3.0,,2.0,1.0,0,0,0,1,1,0,0,1.0,0
18190,74,11,1,1,2,58,6.0,5,2,3, ,1,0.0,0.0,0.0,8,1,1,1751.19812011719,2,18190-74-11-1,58.0,1,3.0,,2.0,1.0,0,0,1,1,1,0,1,1.0,1
18190,130,11,1,1,1,48,6.0,5,2,3, ,1,0.0,0.0,0.0,8,1,1,1751.19812011719,6,18190-130-11-1,48.0,1,3.0,,2.0,1.0,0,0,0,1,1,0,0,1.0,0
18191,23,11,1,1,1,47,8.0,3,2,2, ,1,0.0,8.0,0.0,8,1,1,806.669494628906,6,18191-23-11-1,47.0,1,2.0,,2.0,0.0,0,1,0,1,1,0,0,0.0,0
18191,39,11,1,1,1,58,6.0,5,4,2,7,1,0.0,0.0,0.0,8,1,1,806.669494628906,2,18191-39-11-1,58.0,1,2.0,7.0,4.0,1.0,0,0,0,1,1,0,0,1.0,0
18191,121,11,1,1,1,30,6.0,5,4,2,7,1,0.0,8.0,0.0,8,1,2,806.669494628906,1,18191-121-11-1,30.0,1,2.0,7.0,4.0,1.0,0,1,0,1,1,0,0,1.0,0
18192,34,11,1,1,2,36,9.0,4,4,1,2,1,0.0,8.0,0.0,8,1,1,837.39892578125,4,18192-34-11-1,36.0,1,1.0,2.0,4.0,0.0,0,1,0,1,1,0,0,0.0,0
18192,81,11,1,1,2,47,8.0,3,3,1,1,5,0.0,8.0,0.0,8,1,1,837.39892578125,5,18192-81-11-1,47.0,1,1.0,1.0,3.0,0.0,0,1,0,1,1,0,0,0.0,0
18192,105,11,1,1,1,69,6.0,5, , , , ,0.0,0.0,0.0,8,1,1,837.39892578125,2,18192-105-11-1,69.0,1,,,,0.0,0,0,0,1,1,0,0,0.0,0
18192,152,11,1,1,1,77,9.0,3, , , , ,0.0,0.0,0.0,8,1,1,837.39892578125,3,18192-152-11-1,77.0,1,,,,0.0,0,0,0,1,1,0,0,0.0,0
18193,2,11,1,1,2,47,6.0,5,1,3, ,1,0.0,8.0,0.0,8,1,2,1722.59936523438,4,18193-2-11-1,47.0,1,3.0,,1.0,1.0,0,1,0,1,1,0,0,1.0,0
18193,42,11,1,1,1,39,6.0,5,4,3,7,1,0.0,0.0,0.0,8,1,1,1722.59936523438,1,18193-42-11-1,39.0,1,3.0,7.0,4.0,1.0,0,0,0,1,1,0,0,1.0,0
18193,62,11,1,1,2,73,3.0,3,5,3,7,1,0.0,0.0,0.0,8,1,2,1722.59936523438,5,18193-62-11-1,73.0,1,3.0,7.0,5.0,1.0,0,0,0,1,1,0,0,1.0,0
18193,82,11,1,1,2,59,6.0,5,6, ,7,1,0.0,0.0,0.0,8,1,1,1722.59936523438,1,18193-82-11-1,59.0,1,,7.0,6.0,1.0,0,0,0,1,1,0,0,1.0,0
18193,101,11,1,1,1,51,6.0,5,4,3,7,1,0.0,0.0,0.0,8,1,1,1722.59936523438,5,18193-101-11-1,51.0,1,3.0,7.0,4.0,1.0,0,0,0,1,1,0,0,1.0,0
18194,12,11,1,1,1,51,4.0,0,4,3,7,1,0.0,0.0,0.0,8,1,1,806.669494628906,3,18194-12-11-1,51.0,1,3.0,7.0,4.0,1.0,0,0,0,1,1,0,0,1.0,0
18194,33,11,1,1,1,63,6.0,5,2,3, ,1,0.0,0.0,0.0,8,1,1,806.669494628906,6,18194-33-11-1,63.0,1,3.0,,2.0,1.0,0,0,0,1,1,0,0,1.0,0
18194,75,11,1,1,2,64,5.0,4, , , , ,0.0,0.0,0.0,8,1,1,806.669494628906,6,18194-75-11-1,64.0,1,,,,0.0,0,0,0,1,1,0,0,0.0,0
18194,116,11,1,1,2,42,6.0,5,2,3, ,1,0.0,8.0,0.0,8,1,2,806.669494628906,2,18194-116-11-1,42.0,1,3.0,,2.0,1.0,0,1,0,1,1,0,0,1.0,0
18194,137,11,1,1,1,71,3.0,3, , , , ,0.0,0.0,0.0,8,1,1,806.669494628906,3,18194-137-11-1,71.0,1,,,,0.0,0,0,0,1,1,0,0,0.0,0
18195,55,11,1,1,1,73,4.0,5, , , , ,0.0,0.0,0.0,8,1,1,1722.59936523438,4,18195-55-11-1,73.0,1,,,,0.0,0,0,0,1,1,0,0,0.0,0
18195,73,11,1,1,1,84,5.0,3, , , , ,0.0,0.0,0.0,8,1,1,1722.59936523438,5,18195-73-11-1,84.0,1,,,,0.0,0,0,0,1,1,0,0,0.0,0
18195,109,11,1,1,1,56,4.0,0,2,3, ,1,0.0,0.0,0.0,8,1,1,1722.59936523438,5,18195-109-11-1,56.0,1,3.0,,2.0,1.0,0,0,0,1,1,0,0,1.0,0
18196,19,11,1,1,1,42,5.0,2,4, ,6,5,0.0,0.0,0.0,8,1,1,1801.72998046875,5,18196-19-11-1,42.0,1,,6.0,4.0,0.0,0,0,0,1,1,0,0,0.0,0
18196,38,11,1,1,1,52,10.0,5,2,2, ,1,0.0,8.0,0.0,8,1,1,1801.72998046875,4,18196-38-11-1,52.0,1,2.0,,2.0,0.0,0,1,0,1,1,0,0,0.0,0
18196,56,11,1,1,1,59,6.0,5,4,1,7,2,0.0,8.0,0.0,8,1,1,1801.72998046875,7,18196-56-11-1,59.0,1,1.0,7.0,4.0,1.0,0,1,0,1,1,0,0,1.0,0
18197,9,11,1,1,1,70,5.0,1, , , , ,0.0,0.0,0.0,8,1,1,1801.72998046875,3,18197-9-11-1,70.0,1,,,,0.0,0,0,0,1,1,0,0,0.0,0
18197,20,11,1,1,1,30,6.0,5,2,3, ,1,0.0,8.0,0.0,8,1,2,1801.72998046875,6,18197-20-11-1,30.0,1,3.0,,2.0,1.0,0,1,0,1,1,0,0,1.0,0
18197,32,11,1,1,2,43,8.0,3,4,1,7,1,0.0,8.0,0.0,8,1,1,1801.72998046875,4,18197-32-11-1,43.0,1,1.0,7.0,4.0,1.0,0,1,0,1,1,0,0,1.0,0
18197,62,11,1,1,2,94,4.0,5, , , , ,0.0,0.0,0.0,8,1,1,1801.72998046875,2,18197-62-11-1,94.0,1,,,,0.0,0,0,0,1,1,0,0,0.0,0
18198,5,11,1,1,2,77,1.0, , , , , ,0.0,0.0,0.0,8,1,1,692.835510253906,1,18198-5-11-1,77.0,1,,,,0.0,0,0,0,1,1,0,0,0.0,0
18198,215,11,1,1,2,28,6.0,5,3,2,7,1,0.0,8.0,0.0,8,1,1,692.835510253906,4,18198-215-11-1,28.0,1,2.0,7.0,3.0,1.0,0,1,0,1,1,0,0,1.0,0
18198,237,11,1,1,1,40,6.0,5,4,2,7,1,0.0,8.0,0.0,8,1,1,692.835510253906,2,18198-237-11-1,40.0,1,2.0,7.0,4.0,1.0,0,1,0,1,1,0,0,1.0,0
18199,3,11,1,1,2,43,6.0,5,1,3, ,1,0.0,8.0,0.0,8,1,1,1801.72998046875,3,18199-3-11-1,43.0,1,3.0,,1.0,1.0,0,1,0,1,1,0,0,1.0,0
18199,54,11,1,1,1,65,6.0,5,3,3,7,2,0.0,0.0,0.0,8,1,1,1801.72998046875,3,18199-54-11-1,65.0,1,3.0,7.0,3.0,1.0,0,0,0,1,1,0,0,1.0,0
18200,14,11,1,1,2,43,6.0,5,2,3, ,1,0.0,8.0,0.0,8,1,1,1751.19812011719,6,18200-14-11-1,43.0,1,3.0,,2.0,1.0,0,1,0,1,1,0,0,1.0,0
18200,67,11,1,1,1,68,6.0,5,2,3, ,1,0.0,8.0,0.0,8,1,1,1751.19812011719,10,18200-67-11-1,68.0,1,3.0,,2.0,1.0,0,1,0,1,1,0,0,1.0,0
18200,82,11,1,1,2,58,6.0,5,2,3, ,1,0.0,8.0,0.0,8,1,1,1751.19812011719,1,18200-82-11-1,58.0,1,3.0,,2.0,1.0,0,1,0,1,1,0,0,1.0,0
18200,115,11,1,1,1,76,4.0,5, , , , ,0.0,8.0,0.0,8,1,1,1751.19812011719,8,18200-115-11-1,76.0,1,,,,0.0,0,1,0,1,1,0,0,0.0,0
18201,38,11,1,1,2,44,6.0,5,3,1,2,1,0.0,0.0,0.0,8,1,1,776.911682128906,5,18201-38-11-1,44.0,1,1.0,2.0,3.0,0.0,0,0,0,1,1,0,0,0.0,0
18201,61,11,1,1,1,38,8.0,3,2,2, ,1,0.0,8.0,0.0,8,1,1,776.911682128906,1,18201-61-11-1,38.0,1,2.0,,2.0,0.0,0,1,1,1,1,0,1,0.0,1
18201,151,11,1,1,1,54,6.0,5,4,1,2,3,0.0,8.0,0.0,8,1,1,776.911682128906,6,18201-151-11-1,54.0,1,1.0,2.0,4.0,0.0,0,1,0,1,1,0,0,0.0,0
18202,14,11,1,1,2,38,6.0,5,3,1,7,1,0.0,0.0,0.0,8,1,1,1996.37231445313,5,18202-14-11-1,38.0,1,1.0,7.0,3.0,1.0,0,0,0,1,1,0,0,1.0,0
18202,31,11,1,1,2,67,6.0,5,4, ,1,5,0.0,0.0,0.0,8,1,1,1996.37231445313,2,18202-31-11-1,67.0,1,,1.0,4.0,0.0,0,0,0,1,1,0,0,0.0,0
18202,82,11,1,1,1,44,6.0,5,2,3, ,1,0.0,8.0,0.0,8,1,1,1996.37231445313,4,18202-82-11-1,44.0,1,3.0,,2.0,1.0,0,1,0,1,1,0,0,1.0,0
18203,185,11,1,1,2,50,6.0,5,6, ,7,1,0.0,8.0,0.0,8,1,1,776.911682128906,3,18203-185-11-1,50.0,1,,7.0,6.0,1.0,0,1,0,1,1,0,0,1.0,0
18203,209,11,1,1,1,32,6.0,5,3,1,2,3,0.0,8.0,0.0,8,1,1,776.911682128906,3,18203-209-11-1,32.0,1,1.0,2.0,3.0,0.0,0,1,0,1,1,0,0,0.0,0
18204,14,11,1,1,1,62,6.0,5,2,2, ,1,0.0,0.0,0.0,8,1,1,1751.19812011719,4,18204-14-11-1,62.0,1,2.0,,2.0,0.0,0,0,0,1,1,0,0,0.0,0
18204,31,11,1,1,1,43,8.0,3,3,2,2,1,0.0,0.0,0.0,8,1,2,1751.19812011719,6,18204-31-11-1,43.0,1,2.0,2.0,3.0,0.0,0,0,0,1,1,0,0,0.0,0
18204,97,11,1,1,2,47,5.0,3, , , , ,0.0,8.0,0.0,8,1,1,1751.19812011719,3,18204-97-11-1,47.0,1,,,,0.0,0,1,1,1,1,0,1,0.0,1
18204,114,11,1,1,1,50,5.0,2,1,3, ,1,0.0,0.0,0.0,8,1,1,1751.19812011719,5,18204-114-11-1,50.0,1,3.0,,1.0,1.0,0,0,0,1,1,0,0,1.0,0
18205,22,11,1,1,1,50,5.0,3,4,3,7,1,0.0,8.0,0.0,8,1,1,1068.19885253906,8,18205-22-11-1,50.0,1,3.0,7.0,4.0,1.0,0,1,0,1,1,0,0,1.0,0
18205,36,11,1,1,1,68,6.0,5,2,3, ,1,0.0,8.0,0.0,8,1,1,1068.19885253906,4,18205-36-11-1,68.0,1,3.0,,2.0,1.0,0,1,0,1,1,0,0,1.0,0
18205,51,11,1,1,1,22,9.0,3, , , , ,0.0,8.0,0.0,8,1,1,1068.19885253906,1,18205-51-11-1,22.0,1,,,,0.0,0,1,1,1,1,0,1,0.0,1
18205,65,11,1,1,1,50,3.0,0,4,3,7,1,0.0,8.0,0.0,8,1,1,1068.19885253906,1,18205-65-11-1,50.0,1,3.0,7.0,4.0,1.0,0,1,0,1,1,0,0,1.0,0
18206,24,11,1,1,2,42,4.0,0,6, ,7,1,0.0,8.0,0.0,8,1,1,1099.81896972656,6,18206-24-11-1,42.0,1,,7.0,6.0,1.0,0,1,1,1,1,0,1,1.0,1
18206,64,11,1,1,1,27,6.0,5,4,1,7,2,0.0,0.0,0.0,8,1,1,1099.81896972656,7,18206-64-11-1,27.0,1,1.0,7.0,4.0,1.0,0,0,0,1,1,0,0,1.0,0
18206,84,11,1,1,1,65,5.0,4,4,3,7,1,0.0,0.0,0.0,8,1,1,1099.81896972656,6,18206-84-11-1,65.0,1,3.0,7.0,4.0,1.0,0,0,0,1,1,0,0,1.0,0
18206,100,11,1,1,1,47,6.0,5,1,2, ,1,0.0,8.0,0.0,8,1,1,1099.81896972656,7,18206-100-11-1,47.0,1,2.0,,1.0,0.0,0,1,0,1,1,0,0,0.0,0
18207,5,11,1,1,1,59,6.0,5,4,3,7,1,0.0,0.0,0.0,8,1,1,1113.88488769531,9,18207-5-11-1,59.0,1,3.0,7.0,4.0,1.0,0,0,0,1,1,0,0,1.0,0
18207,19,11,1,1,1,53,6.0,5,3,2,2,2,0.0,0.0,0.0,8,1,1,1113.88488769531,5,18207-19-11-1,53.0,1,2.0,2.0,3.0,0.0,0,0,0,1,1,0,0,0.0,0
18207,47,11,1,1,1,36,6.0,5,3,1,2,2,0.0,8.0,0.0,8,1,1,1113.88488769531,4,18207-47-11-1,36.0,1,1.0,2.0,3.0,0.0,0,1,0,1,1,0,0,0.0,0
18207,61,11,1,1,1,34,9.0,1,2,3, ,1,0.0,0.0,0.0,8,1,1,1113.88488769531,3,18207-61-11-1,34.0,1,3.0,,2.0,1.0,0,0,0,1,1,0,0,1.0,0
18207,76,11,1,1,1,54,3.0,0,2,3, ,1,0.0,8.0,0.0,8,1,1,1113.88488769531,5,18207-76-11-1,54.0,1,3.0,,2.0,1.0,0,1,1,1,1,0,1,1.0,1
18207,90,11,1,1,2,27,8.0,3,2,3, ,1,0.0,8.0,0.0,8,1,1,1113.88488769531,3,18207-90-11-1,27.0,1,3.0,,2.0,1.0,0,1,0,1,1,0,0,1.0,0
18208,24,11,1,1,1,26,5.0,3,2,3, ,1,0.0,8.0,0.0,8,1,1,1180.98107910156,3,18208-24-11-1,26.0,1,3.0,,2.0,1.0,0,1,1,1,1,0,1,1.0,1
18208,51,11,1,1,2,53,3.0,0, , , , ,0.0,0.0,0.0,8,1,1,1180.98107910156,4,18208-51-11-1,53.0,1,,,,0.0,0,0,0,1,1,0,0,0.0,0
18208,103,11,1,1,1,47,6.0,5,4,1,7,1,0.0,0.0,0.0,8,1,1,1180.98107910156,3,18208-103-11-1,47.0,1,1.0,7.0,4.0,1.0,0,0,0,1,1,0,0,1.0,0
18209,25,11,1,1,1,50,4.0,0,3,1,2,4,0.0,8.0,0.0,8,1,2,1996.37231445313,5,18209-25-11-1,50.0,1,1.0,2.0,3.0,0.0,0,1,0,1,1,0,0,0.0,0
18209,95,11,1,1,2,24,8.0,3,3,3,5,5,0.0,8.0,0.0,8,1,1,1996.37231445313,2,18209-95-11-1,24.0,1,3.0,5.0,3.0,1.0,0,1,0,1,1,0,0,1.0,0
18209,107,11,1,1,2,21,9.0,1, , , , ,0.0,0.0,0.0,8,1,2,1996.37231445313,2,18209-107-11-1,21.0,1,,,,0.0,0,0,0,1,1,0,0,0.0,0
18210,31,11,1,1,1,55,5.0,3, , , , ,0.0,0.0,0.0,8,1,1,1068.19885253906,4,18210-31-11-1,55.0,1,,,,0.0,0,0,0,1,1,0,0,0.0,0
18211,7,11,1,1,1,62,4.0,5,2,3, ,1,0.0,8.0,0.0,8,1,1,1099.81896972656,3,18211-7-11-1,62.0,1,3.0,,2.0,1.0,0,1,0,1,1,0,0,1.0,0
18211,18,11,1,1,1,53,6.0,5,5,3,7,1,0.0,8.0,0.0,8,1,1,1099.81896972656,4,18211-18-11-1,53.0,1,3.0,7.0,5.0,1.0,0,1,0,1,1,0,0,1.0,0
18212,44,11,1,1,1,30,6.0,5,4,3,7,1,0.0,8.0,0.0,8,1,1,1180.98107910156,3,18212-44-11-1,30.0,1,3.0,7.0,4.0,1.0,0,1,0,1,1,0,0,1.0,0
18212,61,11,1,1,1,58,3.0,0,4,3,7,1,0.0,0.0,0.0,8,1,1,1180.98107910156,3,18212-61-11-1,58.0,1,3.0,7.0,4.0,1.0,0,0,0,1,1,0,0,1.0,0
18213,84,11,1,1,1,71,3.0,4,2,3, ,1,0.0,0.0,0.0,8,1,1,1113.88488769531,1,18213-84-11-1,71.0,1,3.0,,2.0,1.0,0,0,0,1,1,0,0,1.0,0
18213,130,11,1,1,2,49,6.0,5,4,3,7,1,0.0,8.0,0.0,8,1,1,1113.88488769531,3,18213-130-11-1,49.0,1,3.0,7.0,4.0,1.0,0,1,0,1,1,0,0,1.0,0
18214,42,11,1,1,1,62,4.0,5,2,3, ,1,0.0,0.0,0.0,8,1,1,1099.81896972656,2,18214-42-11-1,62.0,1,3.0,,2.0,1.0,0,0,0,1,1,0,0,1.0,0
18214,75,11,1,1,1,43,4.0,0,2,3, ,1,0.0,0.0,0.0,8,1,1,1099.81896972656,4,18214-75-11-1,43.0,1,3.0,,2.0,1.0,0,0,0,1,1,0,0,1.0,0
18215,16,11,1,1,1,58,6.0,5,2,3, ,1,0.0,0.0,0.0,8,1,1,1068.19885253906,4,18215-16-11-1,58.0,1,3.0,,2.0,1.0,0,0,0,1,1,0,0,1.0,0
18215,66,11,1,1,1,56,6.0,5,2,3, ,1,0.0,0.0,0.0,8,1,1,1068.19885253906,3,18215-66-11-1,56.0,1,3.0,,2.0,1.0,0,0,0,1,1,0,0,1.0,0
18215,83,11,1,1,2,49,6.0,5,2,3, ,1,0.0,0.0,0.0,8,1,1,1068.19885253906,5,18215-83-11-1,49.0,1,3.0,,2.0,1.0,0,0,0,1,1,0,0,1.0,0
18215,99,11,1,1,1,57,5.0,3,4,2,7,1,0.0,0.0,0.0,8,1,1,1068.19885253906,2,18215-99-11-1,57.0,1,2.0,7.0,4.0,1.0,0,0,0,1,1,0,0,1.0,0
18217,65,11,1,1,2,36,10.0,5,3, ,6,5,0.0,0.0,0.0,8,1,1,582.683776855469,2,18217-65-11-1,36.0,1,,6.0,3.0,0.0,0,0,0,1,1,0,0,0.0,0
18217,80,11,1,1,2,56,6.0,5,4,1,2,1,0.0,0.0,0.0,8,1,1,582.683776855469,4,18217-80-11-1,56.0,1,1.0,2.0,4.0,0.0,0,0,0,1,1,0,0,0.0,0
18217,121,11,1,1,1,72,10.0,6,2,2, ,1,0.0,8.0,0.0,8,1,1,582.683776855469,1,18217-121-11-1,72.0,1,2.0,,2.0,0.0,0,1,0,1,1,0,0,0.0,0
18218,88,11,1,1,2,47,10.0,5,3, ,2,5,0.0,8.0,0.0,8,1,1,1497.27917480469,3,18218-88-11-1,47.0,1,,2.0,3.0,0.0,0,1,1,1,1,0,1,0.0,1
18218,99,11,1,1,2,75,11.0,2, , , , ,0.0,0.0,0.0,8,1,1,1497.27917480469,2,18218-99-11-1,75.0,1,,,,0.0,0,0,0,1,1,0,0,0.0,0
18219,191,11,1,1,1,80,6.0,5, , , , ,0.0,0.0,0.0,8,1,1,338.274139404297,3,18219-191-11-1,80.0,1,,,,0.0,0,0,1,1,1,0,1,0.0,1
18221,40,11,1,1,1,70,10.0,5, , , , ,0.0,0.0,0.0,8,1,1,423.391082763672,1,18221-40-11-1,70.0,1,,,,0.0,0,0,0,1,1,0,0,0.0,0
18221,84,11,1,1,1,55,10.0,5,3,1,5,4,0.0,0.0,0.0,8,1,1,423.391082763672,1,18221-84-11-1,55.0,1,1.0,5.0,3.0,0.0,0,0,0,1,1,0,0,0.0,0
18222,29,11,1,1,2,77,8.0,3,2,3, ,1,0.0,0.0,0.0,8,1,1,1351.29748535156,3,18222-29-11-1,77.0,1,3.0,,2.0,1.0,0,0,0,1,1,0,0,1.0,0
18222,73,11,1,1,2,80,8.0,3, , , , ,0.0,0.0,0.0,8,1,1,1351.29748535156,2,18222-73-11-1,80.0,1,,,,0.0,0,0,0,1,1,0,0,0.0,0
18223,109,11,1,1,2,28,6.0,5,6, ,7,1,0.0,8.0,0.0,8,1,1,626.489501953125,2,18223-109-11-1,28.0,1,,7.0,6.0,1.0,0,1,0,1,1,0,0,1.0,0
18224,67,11,1,1,1,72,6.0,5, , , , ,0.0,0.0,0.0,8,1,1,628.049194335938,2,18224-67-11-1,72.0,1,,,,0.0,0,0,0,1,1,0,0,0.0,0
18224,81,11,1,1,1,76,11.0,2, , , , ,0.0,0.0,0.0,8,1,1,628.049194335938,6,18224-81-11-1,76.0,1,,,,0.0,0,0,0,1,1,0,0,0.0,0
18224,123,11,1,1,1,63,6.0,5, , , , ,0.0,0.0,0.0,8,1,1,628.049194335938,2,18224-123-11-1,63.0,1,,,,0.0,0,0,0,1,1,0,0,0.0,0
18225,1,11,1,1,2,61,6.0,5,6, ,7,1,0.0,0.0,0.0,8,1,2,582.683776855469,2,18225-1-11-1,61.0,1,,7.0,6.0,1.0,0,0,0,1,1,0,0,1.0,0
18225,66,11,1,1,1,32,10.0,5,1,1, ,1,0.0,8.0,0.0,8,1,1,582.683776855469,1,18225-66-11-1,32.0,1,1.0,,1.0,0.0,0,1,0,1,1,0,0,0.0,0
18226,13,11,1,1,1,23,7.0,2,4,1,2,3,0.0,8.0,0.0,8,1,1,1291.94946289063,3,18226-13-11-1,23.0,1,1.0,2.0,4.0,0.0,0,1,1,1,1,0,1,0.0,1
18226,32,11,1,1,1,79,1.0, , , , , ,0.0,0.0,0.0,8,1,1,1291.94946289063,4,18226-32-11-1,79.0,1,,,,0.0,0,0,0,1,1,0,0,0.0,0
18226,50,11,1,1,1,56,4.0,0,4,3,7,1,0.0,0.0,0.0,8,1,1,1291.94946289063,4,18226-50-11-1,56.0,1,3.0,7.0,4.0,1.0,0,0,0,1,1,0,0,1.0,0
18226,88,11,1,1,2,60,6.0,5,6, ,7,1,0.0,0.0,0.0,8,1,1,1291.94946289063,1,18226-88-11-1,60.0,1,,7.0,6.0,1.0,0,0,0,1,1,0,0,1.0,0
18226,106,11,1,1,1,55,6.0,5, , , , ,0.0,0.0,0.0,8,1,1,1291.94946289063,4,18226-106-11-1,55.0,1,,,,0.0,0,0,0,1,1,0,0,0.0,0
18226,125,11,1,1,1,72,6.0,5, , , , ,0.0,0.0,0.0,8,1,1,1291.94946289063,2,18226-125-11-1,72.0,1,,,,0.0,0,0,0,1,1,0,0,0.0,0
18226,143,11,1,1,1,71,6.0,5,2,3, ,1,0.0,8.0,0.0,8,1,1,1291.94946289063,2,18226-143-11-1,71.0,1,3.0,,2.0,1.0,0,1,0,1,1,0,0,1.0,0
18226,181,11,1,1,2,57,6.0,5,6, ,7,1,0.0,8.0,0.0,8,1,1,1291.94946289063,1,18226-181-11-1,57.0,1,,7.0,6.0,1.0,0,1,1,1,1,0,1,1.0,1
18228,16,11,1,1,2,60,6.0,5,2,3, ,1,0.0,0.0,0.0,8,1,1,626.489501953125,2,18228-16-11-1,60.0,1,3.0,,2.0,1.0,0,0,0,1,1,0,0,1.0,0
18228,103,11,1,1,2,53,6.0,5, , , , ,0.0,8.0,0.0,8,1,1,626.489501953125,4,18228-103-11-1,53.0,1,,,,0.0,0,1,0,1,1,0,0,0.0,0
18228,171,11,1,1,2,47,10.0,5,3, ,5,5,0.0,8.0,0.0,8,1,1,626.489501953125,1,18228-171-11-1,47.0,1,,5.0,3.0,0.0,0,1,0,1,1,0,0,0.0,0
18229,9,11,1,1,2,48,9.0,5, , , , ,0.0,8.0,0.0,8,1,1,605.002136230469,3,18229-9-11-1,48.0,1,,,,0.0,0,1,1,1,1,0,1,0.0,1
18229,26,11,1,1,2,66,6.0,5,2,3, ,1,0.0,8.0,0.0,8,1,1,605.002136230469,2,18229-26-11-1,66.0,1,3.0,,2.0,1.0,0,1,0,1,1,0,0,1.0,0
18229,94,11,1,1,1,59,10.0,5,4,2,5,2,0.0,8.0,0.0,8,1,1,605.002136230469,3,18229-94-11-1,59.0,1,2.0,5.0,4.0,0.0,0,1,0,1,1,0,0,0.0,0
18229,144,11,1,1,1,59,6.0,5,2,1, ,1,0.0,8.0,0.0,8,1,1,605.002136230469,1,18229-144-11-1,59.0,1,1.0,,2.0,0.0,0,1,0,1,1,0,0,0.0,0
18232,24,11,1,1,1,76,10.0,5, , , , ,0.0,0.0,0.0,8,1,1,1313.39855957031,5,18232-24-11-1,76.0,1,,,,0.0,0,0,1,1,1,0,1,0.0,1
18232,62,11,1,1,1,40,8.0,3,4,1,2,5,0.0,0.0,0.0,8,1,1,1313.39855957031,4,18232-62-11-1,40.0,1,1.0,2.0,4.0,0.0,0,0,1,1,1,0,1,0.0,1
18233,59,11,1,1,2,75,6.0,5, , , , ,0.0,0.0,0.0,8,1,1,1291.94946289063,4,18233-59-11-1,75.0,1,,,,0.0,0,0,0,1,1,0,0,0.0,0
18233,101,11,1,1,2,48,6.0,5,2,3, ,1,0.0,8.0,0.0,8,1,1,1291.94946289063,9,18233-101-11-1,48.0,1,3.0,,2.0,1.0,0,1,0,1,1,0,0,1.0,0
18233,163,11,1,1,2,50,5.0,3, , , , ,0.0,0.0,0.0,8,1,1,1291.94946289063,4,18233-163-11-1,50.0,1,,,,0.0,0,0,0,1,1,0,0,0.0,0
18234,61,11,1,1,1,67,5.0,2,4,3,7,1,0.0,0.0,0.0,8,1,1,1497.27917480469,2,18234-61-11-1,67.0,1,3.0,7.0,4.0,1.0,0,0,0,1,1,0,0,1.0,0
18234,81,11,1,1,1,52,6.0,5,2,3, ,1,0.0,8.0,0.0,8,1,1,1497.27917480469,6,18234-81-11-1,52.0,1,3.0,,2.0,1.0,0,1,0,1,1,0,0,1.0,0
18234,101,11,1,1,1,62,6.0,5,2,3, ,1,0.0,8.0,0.0,8,1,1,1497.27917480469,3,18234-101-11-1,62.0,1,3.0,,2.0,1.0,0,1,1,1,1,0,1,1.0,1
18234,120,11,1,1,2,55,4.0,0, , , , ,0.0,0.0,0.0,8,1,1,1497.27917480469,3,18234-120-11-1,55.0,1,,,,0.0,0,0,0,1,1,0,0,0.0,0
18234,160,11,1,1,1,50,5.0,4,5,3,7,1,0.0,8.0,0.0,8,1,1,1497.27917480469,4,18234-160-11-1,50.0,1,3.0,7.0,5.0,1.0,0,1,0,1,1,0,0,1.0,0
18235,80,11,1,1,1,47,10.0,5,3,1,2,3,0.0,8.0,0.0,8,1,1,1113.884765625,2,18235-80-11-1,47.0,1,1.0,2.0,3.0,0.0,0,1,1,1,1,0,1,0.0,1
18235,98,11,1,1,1,36,10.0,5,3,1,2,1,0.0,8.0,0.0,8,1,1,1113.884765625,3,18235-98-11-1,36.0,1,1.0,2.0,3.0,0.0,0,1,0,1,1,0,0,0.0,0
18235,151,11,1,1,2,56,6.0,5,2,3, ,1,0.0,8.0,0.0,8,1,1,1113.884765625,5,18235-151-11-1,56.0,1,3.0,,2.0,1.0,0,1,1,1,1,0,1,1.0,1
18236,40,11,1,1,2,60,5.0,1, , , , ,0.0,0.0,0.0,8,1,1,369.471740722656,4,18236-40-11-1,60.0,1,,,,0.0,0,0,0,1,1,0,0,0.0,0
18236,56,11,1,1,2,46,6.0,5,3,2,1,1,0.0,0.0,0.0,8,1,2,369.471740722656,2,18236-56-11-1,46.0,1,2.0,1.0,3.0,0.0,0,0,0,1,1,0,0,0.0,0
18236,90,11,1,1,2,73,4.0,5, , , , ,0.0,0.0,0.0,8,1,1,369.471740722656,1,18236-90-11-1,73.0,1,,,,0.0,0,0,0,1,1,0,0,0.0,0
18236,107,11,1,1,2,41,6.0,5,3,1,7,5,0.0,8.0,0.0,8,1,1,369.471740722656,4,18236-107-11-1,41.0,1,1.0,7.0,3.0,1.0,0,1,0,1,1,0,0,1.0,0
18237,6,11,1,1,1,53,11.0,2, , , , ,0.0,8.0,0.0,8,1,1,776.911682128906,5,18237-6-11-1,53.0,1,,,,0.0,0,1,0,1,1,0,0,0.0,0
18237,20,11,1,1,1,30,9.0,1,3,1,2,3,0.0,0.0,0.0,8,1,1,776.911682128906,1,18237-20-11-1,30.0,1,1.0,2.0,3.0,0.0,0,0,0,1,1,0,0,0.0,0
18237,34,11,1,1,1,57,6.0,5,2,3, ,1,0.0,8.0,0.0,8,1,1,776.911682128906,4,18237-34-11-1,57.0,1,3.0,,2.0,1.0,0,1,0,1,1,0,0,1.0,0
18238,6,11,1,1,1,42,6.0,5,4,3,7,1,0.0,0.0,0.0,8,1,1,1180.98107910156,4,18238-6-11-1,42.0,1,3.0,7.0,4.0,1.0,0,0,0,1,1,0,0,1.0,0
18238,15,11,1,1,2,45,6.0,5,2,3, ,1,0.0,8.0,0.0,8,1,1,1180.98107910156,3,18238-15-11-1,45.0,1,3.0,,2.0,1.0,0,1,1,1,1,0,1,1.0,1
18238,33,11,1,1,2,55,3.0,0,2,3, ,1,0.0,0.0,0.0,8,1,1,1180.98107910156,2,18238-33-11-1,55.0,1,3.0,,2.0,1.0,0,0,0,1,1,0,0,1.0,0
18238,42,11,1,1,1,54,6.0,5,2,3, ,1,0.0,0.0,0.0,8,1,1,1180.98107910156,4,18238-42-11-1,54.0,1,3.0,,2.0,1.0,0,0,0,1,1,0,0,1.0,0
18238,50,11,1,1,2,68,5.0,4, , , , ,0.0,0.0,0.0,8,1,1,1180.98107910156,1,18238-50-11-1,68.0,1,,,,0.0,0,0,0,1,1,0,0,0.0,0
18240,13,11,1,1,1,77,4.0,5, , , , ,0.0,0.0,0.0,8,1,1,704.281799316406,2,18240-13-11-1,77.0,1,,,,0.0,0,0,0,1,1,0,0,0.0,0
18240,29,11,1,1,1,54,6.0,5,3,1,5,4,0.0,0.0,0.0,8,1,1,704.281799316406,4,18240-29-11-1,54.0,1,1.0,5.0,3.0,0.0,0,0,0,1,1,0,0,0.0,0
18240,61,11,1,1,1,61,9.0,2, , , , ,0.0,8.0,0.0,8,1,1,704.281799316406,4,18240-61-11-1,61.0,1,,,,0.0,0,1,0,1,1,0,0,0.0,0
18240,76,11,1,1,1,58,8.0,3,1,1, ,1,0.0,0.0,0.0,8,1,2,704.281799316406,1,18240-76-11-1,58.0,1,1.0,,1.0,0.0,0,0,1,1,1,0,1,0.0,1
18240,92,11,1,1,1,28,6.0,5,1,2, ,1,0.0,8.0,0.0,8,1,2,704.281799316406,3,18240-92-11-1,28.0,1,2.0,,1.0,0.0,0,1,0,1,1,0,0,0.0,0
18240,107,11,1,1,2,60,10.0,5,3, ,1,5,0.0,0.0,0.0,8,1,1,704.281799316406,2,18240-107-11-1,60.0,1,,1.0,3.0,0.0,0,0,1,1,1,0,1,0.0,1
18240,138,11,1,1,2,55,8.0,3,1,3, ,1,0.0,8.0,0.0,8,1,1,704.281799316406,3,18240-138-11-1,55.0,1,3.0,,1.0,1.0,0,1,0,1,1,0,0,1.0,0
18240,153,11,1,1,2,80,3.0,3, , , , ,0.0,0.0,0.0,8,1,1,704.281799316406,4,18240-153-11-1,80.0,1,,,,0.0,0,0,1,1,1,0,1,0.0,1
18241,16,11,1,1,2,27,6.0,5,3,1,7,1,0.0,0.0,0.0,8,1,1,806.669494628906,3,18241-16-11-1,27.0,1,1.0,7.0,3.0,1.0,0,0,0,1,1,0,0,1.0,0
18241,34,11,1,1,2,55,3.0,0,6, ,7,1,0.0,0.0,0.0,8,1,1,806.669494628906,3,18241-34-11-1,55.0,1,,7.0,6.0,1.0,0,0,0,1,1,0,0,1.0,0
18241,90,11,1,1,1,53,5.0,2,1,3, ,1,0.0,0.0,0.0,8,1,1,806.669494628906,3,18241-90-11-1,53.0,1,3.0,,1.0,1.0,0,0,0,1,1,0,0,1.0,0
18243,4,11,1,1,2,62,7.0,2, , , , ,0.0,8.0,0.0,8,1,1,835.3193359375,3,18243-4-11-1,62.0,1,,,,0.0,0,1,0,1,1,0,0,0.0,0
18243,52,11,1,1,2,67,6.0,5, , , , ,0.0,8.0,0.0,8,1,1,835.3193359375,4,18243-52-11-1,67.0,1,,,,0.0,0,1,0,1,1,0,0,0.0,0
18243,65,11,1,1,1,70,4.0,5,5,3,7,1,0.0,0.0,0.0,8,1,1,835.3193359375,3,18243-65-11-1,70.0,1,3.0,7.0,5.0,1.0,0,0,0,1,1,0,0,1.0,0
18243,77,11,1,1,2,36,10.0,5,1,2, ,1,0.0,0.0,0.0,8,1,1,835.3193359375,6,18243-77-11-1,36.0,1,2.0,,1.0,0.0,0,0,0,1,1,0,0,0.0,0
18245,17,11,1,1,2,56,6.0,5,2,3, ,1,0.0,8.0,0.0,8,1,1,1722.59936523438,3,18245-17-11-1,56.0,1,3.0,,2.0,1.0,0,1,0,1,1,0,0,1.0,0
18245,38,11,1,1,2,70,3.0,2, , , , ,0.0,0.0,0.0,8,1,1,1722.59936523438,2,18245-38-11-1,70.0,1,,,,0.0,0,0,0,1,1,0,0,0.0,0
18245,100,11,1,1,1,71,6.0,5,2,2, ,1,0.0,0.0,0.0,8,1,1,1722.59936523438,4,18245-100-11-1,71.0,1,2.0,,2.0,0.0,0,0,1,1,1,0,1,0.0,1
18245,141,11,1,1,2,51,6.0,5,2,3, ,1,0.0,8.0,0.0,8,1,1,1722.59936523438,4,18245-141-11-1,51.0,1,3.0,,2.0,1.0,0,1,0,1,1,0,0,1.0,0
18246,37,11,1,1,1,86,6.0,5, , , , ,0.0,0.0,0.0,8,1,1,1801.72998046875,4,18246-37-11-1,86.0,1,,,,0.0,0,0,0,1,1,0,0,0.0,0
18246,67,11,1,1,2,64,5.0,2,3,2,7,1,0.0,0.0,0.0,8,1,1,1801.72998046875,3,18246-67-11-1,64.0,1,2.0,7.0,3.0,1.0,0,0,0,1,1,0,0,1.0,0
18248,3,11,1,1,2,66,5.0,1,2,3, ,1,0.0,0.0,0.0,8,1,1,837.39892578125,3,18248-3-11-1,66.0,1,3.0,,2.0,1.0,0,0,0,1,1,0,0,1.0,0
18248,23,11,1,1,1,53,6.0,5,4,1,2,2,0.0,8.0,0.0,8,1,1,837.39892578125,3,18248-23-11-1,53.0,1,1.0,2.0,4.0,0.0,0,1,0,1,1,0,0,0.0,0
18248,61,11,1,1,2,60,6.0,5,6, ,7,1,0.0,0.0,0.0,8,1,1,837.39892578125,3,18248-61-11-1,60.0,1,,7.0,6.0,1.0,0,0,0,1,1,0,0,1.0,0
18248,81,11,1,1,1,56,6.0,5,2,3, ,1,0.0,8.0,0.0,8,1,1,837.39892578125,4,18248-81-11-1,56.0,1,3.0,,2.0,1.0,0,1,0,1,1,0,0,1.0,0
18248,120,11,1,1,2,76,3.0,2,2,3, ,1,0.0,0.0,0.0,8,1,1,837.39892578125,1,18248-120-11-1,76.0,1,3.0,,2.0,1.0,0,0,0,1,1,0,0,1.0,0
18250,33,11,1,1,2,26,7.0,1,4,1,7,1,0.0,8.0,0.0,8,1,1,1996.37231445313,2,18250-33-11-1,26.0,1,1.0,7.0,4.0,1.0,0,1,1,1,1,0,1,1.0,1
18250,86,11,1,1,1,31,3.0,0,4,3,7,1,0.0,8.0,0.0,8,1,1,1996.37231445313,1,18250-86-11-1,31.0,1,3.0,7.0,4.0,1.0,0,1,0,1,1,0,0,1.0,0
18251,11,11,1,1,2,49,6.0,5,2,3, ,1,0.0,0.0,0.0,8,1,1,1099.81896972656,3,18251-11-11-1,49.0,1,3.0,,2.0,1.0,0,0,0,1,1,0,0,1.0,0
18251,20,11,1,1,1,41,6.0,5,4,1,7,1,0.0,8.0,0.0,8,1,2,1099.81896972656,2,18251-20-11-1,41.0,1,1.0,7.0,4.0,1.0,0,1,0,1,1,0,0,1.0,0
18251,47,11,1,1,2,57,5.0,3,6, ,7,1,0.0,0.0,0.0,8,1,1,1099.81896972656,4,18251-47-11-1,57.0,1,,7.0,6.0,1.0,0,0,0,1,1,0,0,1.0,0
18251,56,11,1,1,2,49,4.0,0,4,3,7,1,0.0,0.0,0.0,8,1,1,1099.81896972656,3,18251-56-11-1,49.0,1,3.0,7.0,4.0,1.0,0,0,0,1,1,0,0,1.0,0
18253,30,11,1,1,2,44,4.0,0,2,3, ,1,0.0,0.0,0.0,8,1,1,1068.19885253906,3,18253-30-11-1,44.0,1,3.0,,2.0,1.0,0,0,0,1,1,0,0,1.0,0
18253,83,11,1,1,1,44,5.0,2,4,3,7,1,0.0,8.0,0.0,8,1,1,1068.19885253906,4,18253-83-11-1,44.0,1,3.0,7.0,4.0,1.0,0,1,0,1,1,0,0,1.0,0
18253,96,11,1,1,1,49,6.0,5,4,3,7,1,0.0,0.0,0.0,8,1,1,1068.19885253906,4,18253-96-11-1,49.0,1,3.0,7.0,4.0,1.0,0,0,0,1,1,0,0,1.0,0
18254,15,11,1,1,2,69,3.0,1, , , , ,0.0,0.0,0.0,8,1,1,1113.88488769531,1,18254-15-11-1,69.0,1,,,,0.0,0,0,0,1,1,0,0,0.0,0
18254,39,11,1,1,2,37,10.0,5, , , , ,0.0,8.0,0.0,8,1,1,1113.88488769531,3,18254-39-11-1,37.0,1,,,,0.0,0,1,0,1,1,0,0,0.0,0
18254,51,11,1,1,1,55,6.0,5,3,2,2,1,0.0,0.0,0.0,8,1,1,1113.88488769531,5,18254-51-11-1,55.0,1,2.0,2.0,3.0,0.0,0,0,0,1,1,0,0,0.0,0
18254,74,11,1,1,1,38,5.0,4,4,1,7,1,0.0,0.0,0.0,8,1,1,1113.88488769531,6,18254-74-11-1,38.0,1,1.0,7.0,4.0,1.0,0,0,0,1,1,0,0,1.0,0
18255,25,11,1,1,2,43,4.0,0,6, ,7,1,0.0,0.0,0.0,8,1,1,1113.88488769531,6,18255-25-11-1,43.0,1,,7.0,6.0,1.0,0,0,0,1,1,0,0,1.0,0
18255,39,11,1,1,1,42,6.0,5,4,1,2,4,0.0,0.0,0.0,8,1,1,1113.88488769531,5,18255-39-11-1,42.0,1,1.0,2.0,4.0,0.0,0,0,0,1,1,0,0,0.0,0
18255,53,11,1,1,2,44,10.0,5,3,2,1,1,0.0,8.0,0.0,8,1,1,1113.88488769531,4,18255-53-11-1,44.0,1,2.0,1.0,3.0,0.0,0,1,1,1,1,0,1,0.0,1
18255,81,11,1,1,1,37,6.0,5,4,3,7,1,0.0,0.0,0.0,8,1,1,1113.88488769531,2,18255-81-11-1,37.0,1,3.0,7.0,4.0,1.0,0,0,0,1,1,0,0,1.0,0
18255,95,11,1,1,1,42,4.0,0,4,1,2,2,0.0,8.0,0.0,8,1,1,1113.88488769531,5,18255-95-11-1,42.0,1,1.0,2.0,4.0,0.0,0,1,0,1,1,0,0,0.0,0
18257,7,11,1,1,1,48,6.0,5,4,3,7,1,0.0,8.0,0.0,8,1,1,1751.19812011719,4,18257-7-11-1,48.0,1,3.0,7.0,4.0,1.0,0,1,0,1,1,0,0,1.0,0
18257,103,11,1,1,1,41,6.0,5,4,1,7,1,0.0,8.0,0.0,8,1,1,1751.19812011719,4,18257-103-11-1,41.0,1,1.0,7.0,4.0,1.0,0,1,0,1,1,0,0,1.0,0
18258,13,11,1,1,1,76,5.0,3, , , , ,0.0,0.0,0.0,8,1,1,1180.98107910156,1,18258-13-11-1,76.0,1,,,,0.0,0,0,0,1,1,0,0,0.0,0
18258,79,11,1,1,1,56,4.0,0,2,3, ,1,0.0,0.0,0.0,8,1,1,1180.98107910156,3,18258-79-11-1,56.0,1,3.0,,2.0,1.0,0,0,0,1,1,0,0,1.0,0
18258,101,11,1,1,2,48,8.0,3,2,3, ,1,0.0,8.0,0.0,8,1,1,1180.98107910156,3,18258-101-11-1,48.0,1,3.0,,2.0,1.0,0,1,0,1,1,0,0,1.0,0
18259,33,11,1,1,2,50,6.0,5,2,3, ,1,0.0,0.0,0.0,8,1,1,1068.19885253906,2,18259-33-11-1,50.0,1,3.0,,2.0,1.0,0,0,0,1,1,0,0,1.0,0
18259,60,11,1,1,1,37,6.0,5,2,3, ,1,0.0,0.0,0.0,8,1,1,1068.19885253906,4,18259-60-11-1,37.0,1,3.0,,2.0,1.0,0,0,0,1,1,0,0,1.0,0
18259,74,11,1,1,1,56,6.0,5,1,3, ,1,0.0,0.0,0.0,8,1,1,1068.19885253906,2,18259-74-11-1,56.0,1,3.0,,1.0,1.0,0,0,1,1,1,0,1,1.0,1
18260,8,11,1,1,1,40,3.0,0,2,3, ,1,0.0,8.0,0.0,8,1,1,1099.81896972656,1,18260-8-11-1,40.0,1,3.0,,2.0,1.0,0,1,1,1,1,0,1,1.0,1
18260,16,11,1,1,1,35,6.0,5, , , , ,0.0,8.0,0.0,8,1,1,1099.81896972656,2,18260-16-11-1,35.0,1,,,,0.0,0,1,0,1,1,0,0,0.0,0
18260,28,11,1,1,2,45,8.0,3,2,3, ,1,0.0,8.0,0.0,8,1,1,1099.81896972656,4,18260-28-11-1,45.0,1,3.0,,2.0,1.0,0,1,0,1,1,0,0,1.0,0
18260,48,11,1,1,1,25,3.0,0,4,2,7,2,0.0,0.0,0.0,8,1,1,1099.81896972656,3,18260-48-11-1,25.0,1,2.0,7.0,4.0,1.0,0,0,0,1,1,0,0,1.0,0
18261,11,11,1,1,2,52,7.0,2, , , , ,0.0,8.0,0.0,8,1,1,1068.19885253906,4,18261-11-11-1,52.0,1,,,,0.0,0,1,0,1,1,0,0,0.0,0
18261,39,11,1,1,1,78,6.0,5, , , , ,0.0,0.0,0.0,8,1,1,1068.19885253906,3,18261-39-11-1,78.0,1,,,,0.0,0,0,0,1,1,0,0,0.0,0
18263,25,11,1,1,2,48,6.0,5, , , , ,0.0,8.0,0.0,8,1,1,1099.81896972656,6,18263-25-11-1,48.0,1,,,,0.0,0,1,1,1,1,0,1,0.0,1
18263,43,11,1,1,2,54,4.0,0,5,3,7,1,0.0,0.0,0.0,8,1,1,1099.81896972656,4,18263-43-11-1,54.0,1,3.0,7.0,5.0,1.0,0,0,0,1,1,0,0,1.0,0
18263,44,11,1,1,2,40,5.0,2, , , , ,0.0,8.0,0.0,8,1,1,1099.81896972656,10,18263-44-11-1,40.0,1,,,,0.0,0,1,0,1,1,0,0,0.0,0
18263,128,11,1,1,2,45,5.0,1,2,3, ,1,0.0,8.0,0.0,8,1,1,1099.81896972656,3,18263-128-11-1,45.0,1,3.0,,2.0,1.0,0,1,0,1,1,0,0,1.0,0
18263,129,11,1,1,1,58,5.0,2,2,3, ,1,0.0,8.0,0.0,8,1,1,1099.81896972656,1,18263-129-11-1,58.0,1,3.0,,2.0,1.0,0,1,0,1,1,0,0,1.0,0
18263,145,11,1,1,1,34,6.0,5,2,2, ,1,0.0,8.0,0.0,8,1,1,1099.81896972656,5,18263-145-11-1,34.0,1,2.0,,2.0,0.0,0,1,0,1,1,0,0,0.0,0
18264,117,11,1,1,2,42,10.0,5,3,1,7,1,0.0,8.0,0.0,8,1,1,1351.29748535156,3,18264-117-11-1,42.0,1,1.0,7.0,3.0,1.0,0,1,0,1,1,0,0,1.0,0
18264,177,11,1,1,2,67,8.0,4,3, ,1,5,0.0,8.0,0.0,8,1,1,1351.29748535156,2,18264-177-11-1,67.0,1,,1.0,3.0,0.0,0,1,1,1,1,0,1,0.0,1
18264,206,11,1,1,1,64,8.0,3,4, ,1,5,0.0,8.0,0.0,8,1,1,1351.29748535156,5,18264-206-11-1,64.0,1,,1.0,4.0,0.0,0,1,0,1,1,0,0,0.0,0
18265,71,11,1,1,2,69,10.0,5, , , , ,0.0,8.0,0.0,8,1,1,806.66943359375,4,18265-71-11-1,69.0,1,,,,0.0,0,1,0,1,1,0,0,0.0,0
18266,11,11,1,1,2,90,6.0,5, , , , ,0.0,0.0,0.0,8,1,1,338.274139404297,2,18266-11-11-1,90.0,1,,,,0.0,0,0,1,1,1,0,1,0.0,1
18266,189,11,1,1,1,54,8.0,3,3, , , ,0.0,8.0,0.0,8,1,2,338.274139404297,3,18266-189-11-1,54.0,1,,,3.0,0.0,0,1,0,1,1,0,0,0.0,0
18267,9,11,1,1,1,97,6.0,5, , , , ,0.0,0.0,0.0,8,1,1,325.464172363281,2,18267-9-11-1,97.0,1,,,,0.0,0,0,0,1,1,0,0,0.0,0
18267,119,11,1,1,1,81,5.0,4,3,3,7,3,0.0,8.0,0.0,8,1,1,325.464172363281,2,18267-119-11-1,81.0,1,3.0,7.0,3.0,1.0,0,1,0,1,1,0,0,1.0,0
18268,32,11,1,1,1,85,11.0,2, , , , ,0.0,0.0,0.0,8,1,1,423.391082763672,1,18268-32-11-1,85.0,1,,,,0.0,0,0,0,1,1,0,0,0.0,0
18269,72,11,1,1,1,82,6.0,5, , , , ,0.0,0.0,0.0,8,1,1,626.489501953125,2,18269-72-11-1,82.0,1,,,,0.0,0,0,0,1,1,0,0,0.0,0
18270,160,11,1,1,1,41,10.0,5,2,1, ,1,0.0,8.0,0.0,8,1,1,626.489501953125,4,18270-160-11-1,41.0,1,1.0,,2.0,0.0,0,1,0,1,1,0,0,0.0,0
18271,5,11,1,1,1,51,9.0,1,5,3,7,1,0.0,8.0,0.0,8,1,1,528.211364746094,4,18271-5-11-1,51.0,1,3.0,7.0,5.0,1.0,0,1,0,1,1,0,0,1.0,0
18271,57,11,1,1,1,86,6.0,5, , , , ,0.0,0.0,0.0,8,1,1,528.211364746094,5,18271-57-11-1,86.0,1,,,,0.0,0,0,0,1,1,0,0,0.0,0
18271,499,11,1,1,2,49,11.0,2,3, ,1,5,0.0,8.0,0.0,8,1,1,528.211364746094,3,18271-499-11-1,49.0,1,,1.0,3.0,0.0,0,1,0,1,1,0,0,0.0,0
18272,66,11,1,1,1,72,11.0,2, , , , ,0.0,0.0,0.0,8,1, ,528.211364746094,4,18272-66-11-1,72.0,1,,,,0.0,0,0,0,1,1,0,0,0.0,0
18273,87,11,1,1,2,51,5.0,3,2,3, ,1,0.0,8.0,0.0,8,1,1,517.357238769531,3,18273-87-11-1,51.0,1,3.0,,2.0,1.0,0,1,0,1,1,0,0,1.0,0
18273,159,11,1,1,2,38,5.0,2,4,1,5,4,0.0,8.0,0.0,8,1,1,517.357238769531,4,18273-159-11-1,38.0,1,1.0,5.0,4.0,0.0,0,1,0,1,1,0,0,0.0,0
18273,182,11,1,1,1,42,6.0,5,2,3, ,1,0.0,8.0,0.0,8,1,2,517.357238769531,3,18273-182-11-1,42.0,1,3.0,,2.0,1.0,0,1,0,1,1,0,0,1.0,0
18273,205,11,1,1,2,57,7.0,1,2,3, ,1,0.0,0.0,0.0,8,1,1,517.357238769531,2,18273-205-11-1,57.0,1,3.0,,2.0,1.0,0,0,0,1,1,0,0,1.0,0
18273,230,11,1,1,1,42,10.0,5,3, ,2,5,0.0,8.0,0.0,8,1,2,517.357238769531,2,18273-230-11-1,42.0,1,,2.0,3.0,0.0,0,1,0,1,1,0,0,0.0,0
18276,10,11,1,1,1,83,6.0,5, , , , ,0.0,0.0,0.0,8,1,1,582.683776855469,2,18276-10-11-1,83.0,1,,,,0.0,0,0,0,1,1,0,0,0.0,0
18276,47,11,1,1,1,87,6.0,5, , , , ,0.0,0.0,0.0,8,1,2,582.683776855469,2,18276-47-11-1,87.0,1,,,,0.0,0,0,0,1,1,0,0,0.0,0
18276,149,11,1,1,1,76,10.0,5,1,1, ,1,0.0,0.0,0.0,8,1,1,582.683776855469,3,18276-149-11-1,76.0,1,1.0,,1.0,0.0,0,0,0,1,1,0,0,0.0,0
18276,167,11,1,1,1,32,8.0,3,3,1,5,1,0.0,8.0,0.0,8,1,1,582.683776855469,2,18276-167-11-1,32.0,1,1.0,5.0,3.0,0.0,0,1,0,1,1,0,0,0.0,0
18278,22,11,1,1,2,27,7.0,2,3,3,7,1,0.0,8.0,0.0,8,1,1,1351.29748535156,3,18278-22-11-1,27.0,1,3.0,7.0,3.0,1.0,0,1,0,1,1,0,0,1.0,0
18278,79,11,1,1,1,76,4.0,5,4,3,7,1,0.0,0.0,0.0,8,1,1,1351.29748535156,1,18278-79-11-1,76.0,1,3.0,7.0,4.0,1.0,0,0,0,1,1,0,0,1.0,0
18278,103,11,1,1,2,51,10.0,5,3,1,1,1,0.0,8.0,0.0,8,1,1,1351.29748535156,2,18278-103-11-1,51.0,1,1.0,1.0,3.0,0.0,0,1,1,1,1,0,1,0.0,1
18279,57,11,1,1,1,52,6.0,5,3,3,5,3,0.0,8.0,0.0,8,1,1,1497.27917480469,3,18279-57-11-1,52.0,1,3.0,5.0,3.0,1.0,0,1,1,1,1,0,1,1.0,1
18279,94,11,1,1,1,70,8.0,3,2,3, ,1,0.0,0.0,0.0,8,1,1,1497.27917480469,3,18279-94-11-1,70.0,1,3.0,,2.0,1.0,0,0,0,1,1,0,0,1.0,0
18283,49,11,1,1,1,60,11.0,2,3, ,1,5,0.0,8.0,0.0,8,1,1,517.357238769531,5,18283-49-11-1,60.0,1,,1.0,3.0,0.0,0,1,1,1,1,0,1,0.0,1
18283,83,11,1,1,1,59,8.0,3, , , , ,0.0,0.0,0.0,8,1,1,517.357238769531,2,18283-83-11-1,59.0,1,,,,0.0,0,0,0,1,1,0,0,0.0,0
18283,109,11,1,1,1,82,10.0,5, , , , ,0.0,0.0,0.0,8,1,1,517.357238769531,2,18283-109-11-1,82.0,1,,,,0.0,0,0,1,1,1,0,1,0.0,1
18284,19,11,1,1,1,65,6.0,5,2,3, ,1,0.0,0.0,0.0,8,1,1,837.39892578125,1,18284-19-11-1,65.0,1,3.0,,2.0,1.0,0,0,0,1,1,0,0,1.0,0
18284,98,11,1,1,2,71,1.0, ,2,3, ,1,0.0,0.0,0.0,8,1,1,837.39892578125,2,18284-98-11-1,71.0,1,3.0,,2.0,1.0,0,0,0,1,1,0,0,1.0,0
18284,138,11,1,1,1,60,6.0,5,2,3, ,1,0.0,0.0,0.0,8,1,1,837.39892578125,3,18284-138-11-1,60.0,1,3.0,,2.0,1.0,0,0,0,1,1,0,0,1.0,0
18285,9,11,1,1,1,78,6.0,5, , , , ,0.0,8.0,0.0,8,1,1,806.669494628906,2,18285-9-11-1,78.0,1,,,,0.0,0,1,0,1,1,0,0,0.0,0
18285,66,11,1,1,2,55,6.0,5,2,3, ,1,0.0,0.0,0.0,8,1,1,806.669494628906,3,18285-66-11-1,55.0,1,3.0,,2.0,1.0,0,0,0,1,1,0,0,1.0,0
18285,80,11,1,1,1,36,8.0,3,4,3,7,1,0.0,8.0,0.0,8,1,1,806.669494628906,6,18285-80-11-1,36.0,1,3.0,7.0,4.0,1.0,0,1,0,1,1,0,0,1.0,0
18287,6,11,1,1,1,48,8.0,3,2,2, ,1,0.0,8.0,0.0,8,1,1,837.39892578125,5,18287-6-11-1,48.0,1,2.0,,2.0,0.0,0,1,0,1,1,0,0,0.0,0
18287,28,11,1,1,2,77,4.0,5, , , , ,0.0,0.0,0.0,8,1,1,837.39892578125,1,18287-28-11-1,77.0,1,,,,0.0,0,0,0,1,1,0,0,0.0,0
18287,68,12,1,1,1,65,6.0,5,4,1,7,1,0.0,8.0,0.0,8,1,1,837.39892578125,2,18287-68-12-1,65.0,1,1.0,7.0,4.0,1.0,0,1,1,1,1,0,1,1.0,1
18287,68,22,1,1,1,30,6.0,5,4,1,2,2,0.0,0.0,0.0,8,1,1,837.39892578125,4,18287-68-22-1,30.0,1,1.0,2.0,4.0,0.0,0,0,0,1,1,0,0,0.0,0
18287,89,11,1,1,1,81,6.0,5, , , , ,0.0,8.0,0.0,8,1, ,837.39892578125,1,18287-89-11-1,81.0,1,,,,0.0,0,1,0,1,1,0,0,0.0,0
18287,107,11,1,1,2,55,6.0,5,4,1,2,5,0.0,8.0,0.0,8,1,1,837.39892578125,5,18287-107-11-1,55.0,1,1.0,2.0,4.0,0.0,0,1,0,1,1,0,0,0.0,0
18288,59,11,1,1,2,69,6.0,5,2,3, ,1,0.0,0.0,0.0,8,1,1,776.911682128906,2,18288-59-11-1,69.0,1,3.0,,2.0,1.0,0,0,0,1,1,0,0,1.0,0
18288,132,11,1,1,2,61,3.0,1,1,3, ,1,0.0,0.0,0.0,8,1,1,776.911682128906,1,18288-132-11-1,61.0,1,3.0,,1.0,1.0,0,0,0,1,1,0,0,1.0,0
18289,7,11,1,1,1,52,6.0,5,4, ,1,5,0.0,0.0,0.0,8,1,1,1722.59936523438,6,18289-7-11-1,52.0,1,,1.0,4.0,0.0,0,0,0,1,1,0,0,0.0,0
18289,21,11,1,1,2,64,4.0,5, , , , ,0.0,0.0,0.0,8,1,1,1722.59936523438,2,18289-21-11-1,64.0,1,,,,0.0,0,0,0,1,1,0,0,0.0,0
18289,63,11,1,1,2,73,6.0,5,2,3, ,1,0.0,0.0,0.0,8,1,1,1722.59936523438,8,18289-63-11-1,73.0,1,3.0,,2.0,1.0,0,0,1,1,1,0,1,1.0,1
18289,78,11,1,1,1,61,10.0,5, , , , ,0.0,8.0,0.0,8,1,1,1722.59936523438,2,18289-78-11-1,61.0,1,,,,0.0,0,1,0,1,1,0,0,0.0,0
18289,92,11,1,1,1,81,3.0,3, , , , ,0.0,0.0,0.0,8,1,1,1722.59936523438,4,18289-92-11-1,81.0,1,,,,0.0,0,0,1,1,1,0,1,0.0,1
18292,18,11,1,1,1,38,9.0,2,3,1,2,1,0.0,8.0,0.0,8,1,1,1722.59936523438,3,18292-18-11-1,38.0,1,1.0,2.0,3.0,0.0,0,1,0,1,1,0,0,0.0,0
18292,37,11,1,1,2,74,5.0,2,2,2, ,1,0.0,0.0,0.0,8,1,1,1722.59936523438,1,18292-37-11-1,74.0,1,2.0,,2.0,0.0,0,0,0,1,1,0,0,0.0,0
18293,31,11,1,1,1,45,5.0,2,4, ,1,5,0.0,0.0,0.0,8,1,1,1751.19812011719,5,18293-31-11-1,45.0,1,,1.0,4.0,0.0,0,0,0,1,1,0,0,0.0,0
18293,60,11,1,1,1,70,5.0,4, , , , ,0.0,0.0,0.0,8,1,1,1751.19812011719,4,18293-60-11-1,70.0,1,,,,0.0,0,0,0,1,1,0,0,0.0,0
18293,89,11,1,1,1,74,10.0,5,3,3,7,1,0.0,0.0,0.0,8,1,1,1751.19812011719,2,18293-89-11-1,74.0,1,3.0,7.0,3.0,1.0,0,0,0,1,1,0,0,1.0,0
18293,104,11,1,1,1,61,6.0,5,5,2,7,1,0.0,0.0,0.0,8,1,1,1751.19812011719,3,18293-104-11-1,61.0,1,2.0,7.0,5.0,1.0,0,0,0,1,1,0,0,1.0,0
18294,53,11,1,1,1,76,8.0,3, , , , ,0.0,0.0,0.0,8,1,1,835.3193359375,1,18294-53-11-1,76.0,1,,,,0.0,0,0,0,1,1,0,0,0.0,0
18294,122,11,1,1,2,70,3.0,3,2,3, ,1,0.0,0.0,0.0,8,1,1,835.3193359375,3,18294-122-11-1,70.0,1,3.0,,2.0,1.0,0,0,1,1,1,0,1,1.0,1
18294,145,11,1,1,1,75,3.0,4,2,3, ,1,0.0,0.0,0.0,8,1,1,835.3193359375,8,18294-145-11-1,75.0,1,3.0,,2.0,1.0,0,0,0,1,1,0,0,1.0,0
18295,4,11,1,1,1,75,10.0,5, , , , ,0.0,0.0,0.0,8,1,1,837.39892578125,3,18295-4-11-1,75.0,1,,,,0.0,0,0,0,1,1,0,0,0.0,0
18295,22,11,1,1,1,72,6.0,5, , , , ,0.0,0.0,0.0,8,1,1,837.39892578125,7,18295-22-11-1,72.0,1,,,,0.0,0,0,0,1,1,0,0,0.0,0
18295,40,11,1,1,2,41,4.0,0,6, ,7,1,0.0,8.0,0.0,8,1,1,837.39892578125,5,18295-40-11-1,41.0,1,,7.0,6.0,1.0,0,1,0,1,1,0,0,1.0,0
18295,111,11,1,1,2,49,8.0,5,3,2,2,1,0.0,8.0,0.0,8,1,1,837.39892578125,9,18295-111-11-1,49.0,1,2.0,2.0,3.0,0.0,0,1,0,1,1,0,0,0.0,0
18296,4,11,1,1,1,56,5.0,3,4,1,2,3,0.0,0.0,0.0,8,1,1,806.669494628906,5,18296-4-11-1,56.0,1,1.0,2.0,4.0,0.0,0,0,0,1,1,0,0,0.0,0
18296,24,11,1,1,2,60,6.0,5,2,3, ,1,0.0,0.0,0.0,8,1,1,806.669494628906,2,18296-24-11-1,60.0,1,3.0,,2.0,1.0,0,0,0,1,1,0,0,1.0,0
18296,44,11,1,1,1,66,9.0,3,1,3, ,1,0.0,8.0,0.0,8,1,1,806.669494628906,4,18296-44-11-1,66.0,1,3.0,,1.0,1.0,0,1,0,1,1,0,0,1.0,0
18296,143,11,1,1,2,78,1.0, , , , , ,0.0,0.0,0.0,8,1,1,806.669494628906,4,18296-143-11-1,78.0,1,,,,0.0,0,0,0,1,1,0,0,0.0,0
18296,162,11,1,1,1,56,10.0,5,3, ,1,5,0.0,0.0,0.0,8,1,1,806.669494628906,4,18296-162-11-1,56.0,1,,1.0,3.0,0.0,0,0,1,1,1,0,1,0.0,1
18297,7,11,1,1,1,37,6.0,5,4,1,7,1,0.0,8.0,0.0,8,1,1,1099.81896972656,3,18297-7-11-1,37.0,1,1.0,7.0,4.0,1.0,0,1,0,1,1,0,0,1.0,0
18297,39,11,1,1,1,73,6.0,5,2,3, ,1,0.0,0.0,0.0,8,1,1,1099.81896972656,2,18297-39-11-1,73.0,1,3.0,,2.0,1.0,0,0,0,1,1,0,0,1.0,0
18297,72,11,1,1,1,28,6.0,5,2,3, ,1,0.0,8.0,0.0,8,1,1,1099.81896972656,4,18297-72-11-1,28.0,1,3.0,,2.0,1.0,0,1,0,1,1,0,0,1.0,0
18297,105,12,1,1,2,52,4.0,0,6, ,7,1,0.0,0.0,0.0,8,1,1,1099.81896972656,5,18297-105-12-1,52.0,1,,7.0,6.0,1.0,0,0,0,1,1,0,0,1.0,0
18297,105,22,1,1,2,31,4.0,0,4,3,7,1,0.0,8.0,0.0,8,1,1,1099.81896972656,4,18297-105-22-1,31.0,1,3.0,7.0,4.0,1.0,0,1,0,1,1,0,0,1.0,0
18298,63,11,1,1,1,44,6.0,5,3,1,3,5,0.0,8.0,0.0,8,1,1,1751.19812011719,5,18298-63-11-1,44.0,1,1.0,3.0,3.0,0.0,0,1,1,1,1,0,1,0.0,1
18299,9,11,1,1,1,33,6.0,5,4,1,1,2,0.0,0.0,0.0,8,1,1,1099.81896972656,3,18299-9-11-1,33.0,1,1.0,1.0,4.0,0.0,0,0,0,1,1,0,0,0.0,0
18299,23,11,1,1,1,35,6.0,5,4,1,5,5,0.0,8.0,0.0,8,1,1,1099.81896972656,2,18299-23-11-1,35.0,1,1.0,5.0,4.0,0.0,0,1,0,1,1,0,0,0.0,0
18299,44,11,1,1,1,30,7.0,2,3,1,7,3,0.0,8.0,0.0,8,1,1,1099.81896972656,3,18299-44-11-1,30.0,1,1.0,7.0,3.0,1.0,0,1,0,1,1,0,0,1.0,0
18299,56,11,1,1,1,75,10.0,5, , , , ,0.0,0.0,0.0,8,1,1,1099.81896972656,1,18299-56-11-1,75.0,1,,,,0.0,0,0,0,1,1,0,0,0.0,0
18299,80,11,1,1,2,72,3.0,3, , , , ,0.0,0.0,0.0,8,1,1,1099.81896972656,2,18299-80-11-1,72.0,1,,,,0.0,0,0,0,1,1,0,0,0.0,0
18300,32,11,1,1,1,37,8.0,3,2,3, ,1,0.0,8.0,0.0,8,1,1,1113.88488769531,4,18300-32-11-1,37.0,1,3.0,,2.0,1.0,0,1,0,1,1,0,0,1.0,0
18300,42,11,1,1,2,55,6.0,5,2,3, ,1,0.0,0.0,0.0,8,1,1,1113.88488769531,5,18300-42-11-1,55.0,1,3.0,,2.0,1.0,0,0,1,1,1,0,1,1.0,1
18300,51,11,1,1,1,60,6.0,5,1,3, ,1,0.0,0.0,0.0,8,1,1,1113.88488769531,7,18300-51-11-1,60.0,1,3.0,,1.0,1.0,0,0,0,1,1,0,0,1.0,0
18300,61,11,1,1,2,53,3.0,0, , , , ,0.0,8.0,0.0,8,1,1,1113.88488769531,9,18300-61-11-1,53.0,1,,,,0.0,0,1,0,1,1,0,0,0.0,0
18302,13,11,1,1,2,68,8.0,3, , , , ,0.0,0.0,0.0,8,1,1,1068.19885253906,5,18302-13-11-1,68.0,1,,,,0.0,0,0,0,1,1,0,0,0.0,0
18302,25,11,1,1,1,41,6.0,5,4,1,2,4,0.0,0.0,0.0,8,1,1,1068.19885253906,4,18302-25-11-1,41.0,1,1.0,2.0,4.0,0.0,0,0,0,1,1,0,0,0.0,0
18302,107,11,1,1,1,52,8.0,3,3,1,2,1,0.0,8.0,0.0,8,1,1,1068.19885253906,3,18302-107-11-1,52.0,1,1.0,2.0,3.0,0.0,0,1,1,1,1,0,1,0.0,1
18302,135,11,1,1,1,49,5.0,2,4,3,7,1,0.0,0.0,0.0,8,1,1,1068.19885253906,3,18302-135-11-1,49.0,1,3.0,7.0,4.0,1.0,0,0,0,1,1,0,0,1.0,0
18303,32,11,1,1,1,66,6.0,5,3,3,7,1,0.0,0.0,0.0,8,1,1,1113.88488769531,3,18303-32-11-1,66.0,1,3.0,7.0,3.0,1.0,0,0,0,1,1,0,0,1.0,0
18303,84,11,1,1,1,80,3.0,3, , , , ,0.0,0.0,0.0,8,1,1,1113.88488769531,1,18303-84-11-1,80.0,1,,,,0.0,0,0,0,1,1,0,0,0.0,0
18305,29,11,1,1,1,70,5.0,2,5,3,7,1,0.0,0.0,0.0,8,1,1,1180.98107910156,2,18305-29-11-1,70.0,1,3.0,7.0,5.0,1.0,0,0,0,1,1,0,0,1.0,0
18305,76,11,1,1,1,56,4.0,0,4,1,2,5,0.0,0.0,0.0,8,1,1,1180.98107910156,2,18305-76-11-1,56.0,1,1.0,2.0,4.0,0.0,0,0,1,1,1,0,1,0.0,1
18305,107,11,1,1,2,62,6.0,5, , , , ,0.0,0.0,0.0,8,1,1,1180.98107910156,3,18305-107-11-1,62.0,1,,,,0.0,0,0,0,1,1,0,0,0.0,0
18307,7,11,1,1,1,35,99.0,99,2,3, ,1,0.0,8.0,0.0,8,1,1,1180.98107910156,6,18307-7-11-1,35.0,1,3.0,,2.0,1.0,0,1,0,1,1,0,0,1.0,0
18307,15,11,1,1,1,49,6.0,5,4,1,2,5,0.0,8.0,0.0,8,1,1,1180.98107910156,4,18307-15-11-1,49.0,1,1.0,2.0,4.0,0.0,0,1,1,1,1,0,1,0.0,1
18307,31,11,1,1,2,31,4.0,0,2,3, ,1,0.0,0.0,0.0,8,1,1,1180.98107910156,4,18307-31-11-1,31.0,1,3.0,,2.0,1.0,0,0,0,1,1,0,0,1.0,0
18307,56,11,1,1,1,34,6.0,5,4,2,7,1,0.0,0.0,0.0,8,1,1,1180.98107910156,2,18307-56-11-1,34.0,1,2.0,7.0,4.0,1.0,0,0,0,1,1,0,0,1.0,0
18307,65,11,1,1,1,43,6.0,5, , , , ,0.0,8.0,0.0,8,1,1,1180.98107910156,5,18307-65-11-1,43.0,1,,,,0.0,0,1,0,1,1,0,0,0.0,0
18309,7,11,1,1,2,41,4.0,0,6, ,7,1,0.0,8.0,0.0,8,1,1,1068.19885253906,4,18309-7-11-1,41.0,1,,7.0,6.0,1.0,0,1,0,1,1,0,0,1.0,0
18309,89,11,1,1,1,37,6.0,5, , , , ,0.0,8.0,0.0,8,1,1,1068.19885253906,4,18309-89-11-1,37.0,1,,,,0.0,0,1,0,1,1,0,0,0.0,0
18309,105,11,1,1,1,60,4.0,5, , , , ,0.0,0.0,0.0,8,1,1,1068.19885253906,2,18309-105-11-1,60.0,1,,,,0.0,0,0,0,1,1,0,0,0.0,0
18311,25,11,1,1,2,39,10.0,5,5,2,7,1,0.0,8.0,0.0,8,1,1,1099.81896972656,3,18311-25-11-1,39.0,1,2.0,7.0,5.0,1.0,0,1,0,1,1,0,0,1.0,0
18311,51,11,1,1,2,65,6.0,5,2,3, ,1,0.0,0.0,0.0,8,1,1,1099.81896972656,1,18311-51-11-1,65.0,1,3.0,,2.0,1.0,0,0,0,1,1,0,0,1.0,0
18311,65,11,1,1,2,53,6.0,5,6, ,7,1,0.0,0.0,0.0,8,1,1,1099.81896972656,2,18311-65-11-1,53.0,1,,7.0,6.0,1.0,0,0,0,1,1,0,0,1.0,0
18311,93,11,1,1,1,68,3.0,3, , , , ,0.0,0.0,0.0,8,1,1,1099.81896972656,2,18311-93-11-1,68.0,1,,,,0.0,0,0,0,1,1,0,0,0.0,0
18311,103,11,1,1,1,45,6.0,5,4,3,7,1,0.0,0.0,0.0,8,1,1,1099.81896972656,5,18311-103-11-1,45.0,1,3.0,7.0,4.0,1.0,0,0,0,1,1,0,0,1.0,0
18312,8,11,1,1,1,60,11.0,2,1,1, ,1,0.0,8.0,0.0,8,1, ,369.471740722656,5,18312-8-11-1,60.0,1,1.0,,1.0,0.0,0,1,0,1,1,0,0,0.0,0
18312,29,11,1,1,2,67,10.0,5, , , , ,0.0,0.0,0.0,8,1, ,369.471740722656,4,18312-29-11-1,67.0,1,,,,0.0,0,0,0,1,1,0,0,0.0,0
18312,62,11,1,1,1,81,5.0,1, , , , ,0.0,0.0,0.0,8,1, ,369.471740722656,5,18312-62-11-1,81.0,1,,,,0.0,0,0,0,1,1,0,0,0.0,0
18312,85,11,1,1,1,78,4.0,6, , , , ,0.0,0.0,0.0,8,1, ,369.471740722656,4,18312-85-11-1,78.0,1,,,,0.0,0,0,0,1,1,0,0,0.0,0
18312,104,11,1,1,1,61,10.0,5, , , , ,0.0,0.0,0.0,8,1, ,369.471740722656,3,18312-104-11-1,61.0,1,,,,0.0,0,0,1,1,1,0,1,0.0,1
18312,123,11,1,1,2,29,10.0,5,3, ,5,5,0.0,8.0,0.0,8,1, ,369.471740722656,1,18312-123-11-1,29.0,1,,5.0,3.0,0.0,0,1,0,1,1,0,0,0.0,0
18312,183,11,1,1,1,43,11.0,1,2,2, ,1,0.0,8.0,0.0,8,1, ,369.471740722656,5,18312-183-11-1,43.0,1,2.0,,2.0,0.0,0,1,0,1,1,0,0,0.0,0
18313,39,11,1,1,1,48,10.0,5,3,1,1,3,0.0,8.0,0.0,8,1, ,517.357238769531,4,18313-39-11-1,48.0,1,1.0,1.0,3.0,0.0,0,1,1,1,1,0,1,0.0,1
18313,92,11,1,1,1,97,5.0,2, , , , ,0.0,0.0,0.0,8,1, ,517.357238769531,2,18313-92-11-1,97.0,1,,,,0.0,0,0,0,1,1,0,0,0.0,0
18313,105,11,1,1,1,66,11.0,2,3, ,1,5,0.0,8.0,0.0,8,1, ,517.357238769531,3,18313-105-11-1,66.0,1,,1.0,3.0,0.0,0,1,1,1,1,0,1,0.0,1
18313,143,11,1,1,2,78,10.0,5, , , , ,0.0,0.0,0.0,8,1, ,517.357238769531,3,18313-143-11-1,78.0,1,,,,0.0,0,0,0,1,1,0,0,0.0,0
18314,435,11,1,1,2,83,6.0,5, , , , ,0.0,0.0,0.0,8,1, ,723.931335449219,1,18314-435-11-1,83.0,1,,,,0.0,0,0,0,1,1,0,0,0.0,0
18315,102,11,1,1,1,72,10.0,5,2,2, ,1,0.0,8.0,0.0,8,1, ,528.211364746094,2,18315-102-11-1,72.0,1,2.0,,2.0,0.0,0,1,1,1,1,0,1,0.0,1
18316,30,11,1,1,1,56,10.0,5,1,1, ,1,0.0,8.0,0.0,8,1, ,519.626647949219,1,18316-30-11-1,56.0,1,1.0,,1.0,0.0,0,1,0,1,1,0,0,0.0,0
18316,72,11,1,1,2,45,8.0,3,1,1, ,1,0.0,0.0,0.0,8,1, ,519.626647949219,1,18316-72-11-1,45.0,1,1.0,,1.0,0.0,0,0,0,1,1,0,0,0.0,0
18316,106,11,1,1,1,53,10.0,6,2,2, ,1,0.0,8.0,0.0,8,1, ,519.626647949219,4,18316-106-11-1,53.0,1,2.0,,2.0,0.0,0,1,0,1,1,0,0,0.0,0
18317,117,11,1,1,2,66,6.0,5, , , , ,0.0,0.0,0.0,8,1, ,1351.29748535156,2,18317-117-11-1,66.0,1,,,,0.0,0,0,0,1,1,0,0,0.0,0
18318,52,11,1,1,1,61,10.0,5,2,2, ,1,0.0,0.0,0.0,8,1, ,423.391082763672,5,18318-52-11-1,61.0,1,2.0,,2.0,0.0,0,0,0,1,1,0,0,0.0,0
18321,5,11,1,1,1,44,10.0,5, , , , ,0.0,8.0,0.0,8,1, ,626.489501953125,2,18321-5-11-1,44.0,1,,,,0.0,0,1,0,1,1,0,0,0.0,0
18321,20,11,1,1,2,49,6.0,5, , , , ,0.0,0.0,0.0,8,1, ,626.489501953125,7,18321-20-11-1,49.0,1,,,,0.0,0,0,0,1,1,0,0,0.0,0
18321,51,11,1,1,1,65,8.0,3, , , , ,0.0,0.0,0.0,8,1, ,626.489501953125,5,18321-51-11-1,65.0,1,,,,0.0,0,0,0,1,1,0,0,0.0,0
18321,60,11,1,1,2,59,4.0,6,3,3,7,1,0.0,0.0,0.0,8,1, ,626.489501953125,5,18321-60-11-1,59.0,1,3.0,7.0,3.0,1.0,0,0,0,1,1,0,0,1.0,0
18322,15,11,1,1,2,74,3.0,3, , , , ,0.0,0.0,0.0,8,1, ,325.464172363281,2,18322-15-11-1,74.0,1,,,,0.0,0,0,0,1,1,0,0,0.0,0
18322,32,11,1,1,2,86,6.0,5, , , , ,0.0,0.0,0.0,8,1, ,325.464172363281,1,18322-32-11-1,86.0,1,,,,0.0,0,0,0,1,1,0,0,0.0,0
18322,48,11,1,1,2,59,10.0,5,2,1, ,1,0.0,8.0,0.0,8,1, ,325.464172363281,2,18322-48-11-1,59.0,1,1.0,,2.0,0.0,0,1,0,1,1,0,0,0.0,0
18322,67,11,1,1,1,56,6.0,5,4,1,2,2,0.0,8.0,0.0,8,1, ,325.464172363281,3,18322-67-11-1,56.0,1,1.0,2.0,4.0,0.0,0,1,0,1,1,0,0,0.0,0
18322,101,11,1,1,1,83,6.0,5,3,1,2,3,0.0,0.0,0.0,8,1, ,325.464172363281,3,18322-101-11-1,83.0,1,1.0,2.0,3.0,0.0,0,0,0,1,1,0,0,0.0,0
18322,150,11,1,1,1,65,6.0,5, , , , ,0.0,8.0,0.0,8,1, ,325.464172363281,2,18322-150-11-1,65.0,1,,,,0.0,0,1,0,1,1,0,0,0.0,0
18322,167,11,1,1,2,62,8.0,3,2,3, ,1,0.0,8.0,0.0,8,1, ,325.464172363281,2,18322-167-11-1,62.0,1,3.0,,2.0,1.0,0,1,0,1,1,0,0,1.0,0
18323,21,11,1,1,2,64,6.0,5,2,3, ,1,0.0,8.0,0.0,8,1, ,626.489501953125,4,18323-21-11-1,64.0,1,3.0,,2.0,1.0,0,1,0,1,1,0,0,1.0,0
18323,39,11,1,1,1,83,4.0,5, , , , ,0.0,0.0,0.0,8,1, ,626.489501953125,3,18323-39-11-1,83.0,1,,,,0.0,0,0,0,1,1,0,0,0.0,0
18323,61,11,1,1,1,32,6.0,5,3,3,7,1,0.0,0.0,0.0,8,1, ,626.489501953125,4,18323-61-11-1,32.0,1,3.0,7.0,3.0,1.0,0,0,0,1,1,0,0,1.0,0
18323,74,11,1,1,1,87,4.0,5, , , , ,0.0,0.0,0.0,8,1, ,626.489501953125,3,18323-74-11-1,87.0,1,,,,0.0,0,0,0,1,1,0,0,0.0,0
18323,102,11,1,1,2,74,10.0,5, , , , ,0.0,0.0,0.0,8,1, ,626.489501953125,2,18323-102-11-1,74.0,1,,,,0.0,0,0,0,1,1,0,0,0.0,0
18324,11,11,1,1,2,66,10.0,5,3, ,1,5,0.0,0.0,0.0,8,1, ,605.002136230469,4,18324-11-11-1,66.0,1,,1.0,3.0,0.0,0,0,0,1,1,0,0,0.0,0
18324,28,11,1,1,1,70,6.0,5, , , , ,0.0,0.0,0.0,8,1, ,605.002136230469,4,18324-28-11-1,70.0,1,,,,0.0,0,0,0,1,1,0,0,0.0,0
18324,44,11,1,1,1,44,6.0,5,4,2,2,5,0.0,0.0,0.0,8,1, ,605.002136230469,4,18324-44-11-1,44.0,1,2.0,2.0,4.0,0.0,0,0,0,1,1,0,0,0.0,0
18324,61,11,1,1,2,43,6.0,5, , , , ,0.0,8.0,0.0,8,1, ,605.002136230469,4,18324-61-11-1,43.0,1,,,,0.0,0,1,0,1,1,0,0,0.0,0
18324,78,11,1,1,1,63,8.0,3, , , , ,0.0,0.0,0.0,8,1, ,605.002136230469,3,18324-78-11-1,63.0,1,,,,0.0,0,0,0,1,1,0,0,0.0,0
18324,128,11,1,1,1,75,6.0,5, , , , ,0.0,8.0,0.0,8,1, ,605.002136230469,2,18324-128-11-1,75.0,1,,,,0.0,0,1,0,1,1,0,0,0.0,0
18325,11,11,1,1,2,44,6.0,5,6, ,7,1,0.0,8.0,0.0,8,1, ,582.683776855469,2,18325-11-11-1,44.0,1,,7.0,6.0,1.0,0,1,0,1,1,0,0,1.0,0
18325,25,11,1,1,1,80,6.0,5, , , , ,0.0,0.0,0.0,8,1, ,582.683776855469,4,18325-25-11-1,80.0,1,,,,0.0,0,0,0,1,1,0,0,0.0,0
18325,51,11,1,1,1,62,6.0,5,2,3, ,1,0.0,0.0,0.0,8,1, ,582.683776855469,2,18325-51-11-1,62.0,1,3.0,,2.0,1.0,0,0,0,1,1,0,0,1.0,0
18325,65,11,1,1,1,58,6.0,5, , , , ,0.0,0.0,0.0,8,1, ,582.683776855469,3,18325-65-11-1,58.0,1,,,,0.0,0,0,0,1,1,0,0,0.0,0
18326,56,11,1,1,2,36,6.0,5,2,3, ,1,0.0,8.0,0.0,8,1, ,517.357238769531,4,18326-56-11-1,36.0,1,3.0,,2.0,1.0,0,1,0,1,1,0,0,1.0,0
18326,77,11,1,1,2,64,6.0,5, , , , ,0.0,0.0,0.0,8,1, ,517.357238769531,1,18326-77-11-1,64.0,1,,,,0.0,0,0,0,1,1,0,0,0.0,0
18326,98,11,1,1,1,41,6.0,5,4,3,7,1,0.0,8.0,0.0,8,1, ,517.357238769531,5,18326-98-11-1,41.0,1,3.0,7.0,4.0,1.0,0,1,0,1,1,0,0,1.0,0
18326,118,11,1,1,1,45,6.0,5,3,1,2,3,0.0,8.0,0.0,8,1, ,517.357238769531,5,18326-118-11-1,45.0,1,1.0,2.0,3.0,0.0,0,1,0,1,1,0,0,0.0,0
18326,139,11,1,1,1,39,10.0,5, , , , ,0.0,8.0,0.0,8,1, ,517.357238769531,4,18326-139-11-1,39.0,1,,,,0.0,0,1,0,1,1,0,0,0.0,0
18326,193,11,1,1,1,62,10.0,5, , , , ,0.0,8.0,0.0,8,1, ,517.357238769531,6,18326-193-11-1,62.0,1,,,,0.0,0,1,1,1,1,0,1,0.0,1
18328,7,11,1,1,1,75,10.0,5, , , , ,0.0,0.0,0.0,8,1, ,1351.29748535156,4,18328-7-11-1,75.0,1,,,,0.0,0,0,0,1,1,0,0,0.0,0
18328,96,11,1,1,1,90,6.0,5, , , , ,0.0,0.0,0.0,8,1, ,1351.29748535156,8,18328-96-11-1,90.0,1,,,,0.0,0,0,1,1,1,0,1,0.0,1
18328,114,11,1,1,1,68,9.0,2, , , , ,0.0,8.0,0.0,8,1, ,1351.29748535156,2,18328-114-11-1,68.0,1,,,,0.0,0,1,0,1,1,0,0,0.0,0
18328,148,11,1,1,2,93,5.0,3, , , , ,0.0,0.0,0.0,8,1, ,1351.29748535156,3,18328-148-11-1,93.0,1,,,,0.0,0,0,1,1,1,0,1,0.0,1
18328,165,12,1,1,1,62,6.0,5,2,3, ,1,0.0,0.0,0.0,8,1, ,1351.29748535156,1,18328-165-12-1,62.0,1,3.0,,2.0,1.0,0,0,0,1,1,0,0,1.0,0
18328,165,22,1,1,1,63,7.0,2,2,2, ,1,0.0,0.0,0.0,8,1, ,1351.29748535156,2,18328-165-22-1,63.0,1,2.0,,2.0,0.0,0,0,0,1,1,0,0,0.0,0
18329,29,11,1,1,2,56,6.0,5,4,1,1,5,0.0,8.0,0.0,8,1, ,1291.94946289063,3,18329-29-11-1,56.0,1,1.0,1.0,4.0,0.0,0,1,0,1,1,0,0,0.0,0
18329,49,11,1,1,2,43,6.0,5,2,3, ,1,0.0,8.0,0.0,8,1, ,1291.94946289063,5,18329-49-11-1,43.0,1,3.0,,2.0,1.0,0,1,0,1,1,0,0,1.0,0
18329,98,11,1,1,1,77,8.0,3, , , , ,0.0,0.0,0.0,8,1, ,1291.94946289063,4,18329-98-11-1,77.0,1,,,,0.0,0,0,0,1,1,0,0,0.0,0
18329,114,11,1,1,1,69,5.0,3,5,3,7,1,0.0,0.0,0.0,8,1, ,1291.94946289063,2,18329-114-11-1,69.0,1,3.0,7.0,5.0,1.0,0,0,1,1,1,0,1,1.0,1
18329,144,11,1,1,1,21,6.0,5,2,2, ,1,0.0,8.0,0.0,8,1, ,1291.94946289063,3,18329-144-11-1,21.0,1,2.0,,2.0,0.0,0,1,0,1,1,0,0,0.0,0
18330,26,11,1,1,1,45,5.0,3,4, ,5,5,0.0,8.0,0.0,8,1, ,1313.39855957031,2,18330-26-11-1,45.0,1,,5.0,4.0,0.0,0,1,0,1,1,0,0,0.0,0
18330,85,11,1,1,2,68,6.0,5,2,3, ,1,0.0,8.0,0.0,8,1, ,1313.39855957031,3,18330-85-11-1,68.0,1,3.0,,2.0,1.0,0,1,0,1,1,0,0,1.0,0
18331,13,11,1,1,2,58,8.0,5,3,1,1,5,0.0,8.0,0.0,8,1, ,628.049194335938,2,18331-13-11-1,58.0,1,1.0,1.0,3.0,0.0,0,1,0,1,1,0,0,0.0,0
18331,41,11,1,1,1,79,3.0,1, , , , ,0.0,0.0,0.0,8,1, ,628.049194335938,2,18331-41-11-1,79.0,1,,,,0.0,0,0,0,1,1,0,0,0.0,0
18331,59,11,1,1,1,72,6.0,5, , , , ,0.0,0.0,0.0,8,1, ,628.049194335938,9,18331-59-11-1,72.0,1,,,,0.0,0,0,0,1,1,0,0,0.0,0
18331,92,11,1,1,1,74,6.0,5,3,1,1,5,0.0,8.0,0.0,8,1, ,628.049194335938,3,18331-92-11-1,74.0,1,1.0,1.0,3.0,0.0,0,1,0,1,1,0,0,0.0,0
18331,107,11,1,1,1,90,4.0,5, , , , ,0.0,0.0,0.0,8,1, ,628.049194335938,2,18331-107-11-1,90.0,1,,,,0.0,0,0,0,1,1,0,0,0.0,0
18331,138,11,1,1,1,77,5.0,3,1,3, ,1,0.0,0.0,0.0,8,1, ,628.049194335938,1,18331-138-11-1,77.0,1,3.0,,1.0,1.0,0,0,0,1,1,0,0,1.0,0
18331,154,11,1,1,1,73,10.0,6,2,3, ,1,0.0,8.0,0.0,8,1, ,628.049194335938,4,18331-154-11-1,73.0,1,3.0,,2.0,1.0,0,1,0,1,1,0,0,1.0,0
18332,12,11,1,1,1,69,4.0,5, , , , ,0.0,0.0,0.0,8,1, ,776.911682128906,8,18332-12-11-1,69.0,1,,,,0.0,0,0,0,1,1,0,0,0.0,0
18332,59,11,1,1,2,47,6.0,5,2,3, ,1,0.0,8.0,0.0,8,1, ,776.911682128906,5,18332-59-11-1,47.0,1,3.0,,2.0,1.0,0,1,1,1,1,0,1,1.0,1
18332,92,12,1,1,2,47,9.0,2,2,3, ,1,0.0,8.0,0.0,8,1, ,776.911682128906,3,18332-92-12-1,47.0,1,3.0,,2.0,1.0,0,1,0,1,1,0,0,1.0,0
18332,92,22,1,1,2,27,7.0,2,2,3, ,1,0.0,8.0,0.0,8,1, ,776.911682128906,3,18332-92-22-1,27.0,1,3.0,,2.0,1.0,0,1,0,1,1,0,0,1.0,0
18332,108,11,1,1,2,70,8.0,3,2,3, ,1,0.0,0.0,0.0,8,1, ,776.911682128906,4,18332-108-11-1,70.0,1,3.0,,2.0,1.0,0,0,0,1,1,0,0,1.0,0
18333,8,11,1,1,1,43,8.0,3,1,2, ,1,0.0,8.0,0.0,8,1, ,1068.19885253906,1,18333-8-11-1,43.0,1,2.0,,1.0,0.0,0,1,0,1,1,0,0,0.0,0
18333,21,11,1,1,2,49,6.0,5, , , , ,0.0,8.0,0.0,8,1, ,1068.19885253906,8,18333-21-11-1,49.0,1,,,,0.0,0,1,0,1,1,0,0,0.0,0
18333,48,11,1,1,1,34,6.0,5,4,3,7,1,0.0,0.0,0.0,8,1, ,1068.19885253906,3,18333-48-11-1,34.0,1,3.0,7.0,4.0,1.0,0,0,0,1,1,0,0,1.0,0
18333,61,11,1,1,1,27,8.0,3,2,3, ,1,0.0,0.0,0.0,8,1, ,1068.19885253906,3,18333-61-11-1,27.0,1,3.0,,2.0,1.0,0,0,0,1,1,0,0,1.0,0
18333,88,11,1,1,1,44,9.0,4,1,1, ,1,0.0,8.0,0.0,8,1, ,1068.19885253906,5,18333-88-11-1,44.0,1,1.0,,1.0,0.0,0,1,0,1,1,0,0,0.0,0
18334,12,11,1,1,2,66,5.0,2, , , , ,0.0,0.0,0.0,8,1, ,806.669494628906,2,18334-12-11-1,66.0,1,,,,0.0,0,0,0,1,1,0,0,0.0,0
18334,77,11,1,1,2,59,5.0,3, , , , ,0.0,0.0,0.0,8,1, ,806.669494628906,3,18334-77-11-1,59.0,1,,,,0.0,0,0,0,1,1,0,0,0.0,0
18334,141,11,1,1,2,62,6.0,5, , , , ,0.0,0.0,0.0,8,1, ,806.669494628906,2,18334-141-11-1,62.0,1,,,,0.0,0,0,0,1,1,0,0,0.0,0
18335,21,11,1,1,1,79,4.0,6, , , , ,0.0,0.0,0.0,8,1, ,1996.37231445313,8,18335-21-11-1,79.0,1,,,,0.0,0,0,0,1,1,0,0,0.0,0
18335,67,11,1,1,2,43,6.0,5,6, ,1,1,0.0,0.0,0.0,8,1, ,1996.37231445313,4,18335-67-11-1,43.0,1,,1.0,6.0,1.0,0,0,0,1,1,0,0,1.0,0
18335,113,11,1,1,2,65,4.0,5, , , , ,0.0,0.0,0.0,8,1, ,1996.37231445313,1,18335-113-11-1,65.0,1,,,,0.0,0,0,0,1,1,0,0,0.0,0
18335,135,11,1,1,2,53,3.0,0,6, ,7,1,0.0,0.0,0.0,8,1, ,1996.37231445313,7,18335-135-11-1,53.0,1,,7.0,6.0,1.0,0,0,0,1,1,0,0,1.0,0
18335,160,11,1,1,1,67,6.0,5,2,3, ,1,0.0,0.0,0.0,8,1, ,1996.37231445313,7,18335-160-11-1,67.0,1,3.0,,2.0,1.0,0,0,0,1,1,0,0,1.0,0
18336,5,11,1,1,1,60,4.0,5, , , , ,0.0,0.0,0.0,8,1, ,1099.81896972656,2,18336-5-11-1,60.0,1,,,,0.0,0,0,0,1,1,0,0,0.0,0
18336,22,11,1,1,1,58,6.0,5,4,3,7,1,0.0,8.0,0.0,8,1, ,1099.81896972656,4,18336-22-11-1,58.0,1,3.0,7.0,4.0,1.0,0,1,0,1,1,0,0,1.0,0
18336,87,11,1,1,1,45,5.0,3,4,2,7,1,0.0,0.0,0.0,8,1, ,1099.81896972656,5,18336-87-11-1,45.0,1,2.0,7.0,4.0,1.0,0,0,0,1,1,0,0,1.0,0
18336,104,11,1,1,1,31,9.0,4,3,3,7,1,0.0,8.0,0.0,8,1, ,1099.81896972656,2,18336-104-11-1,31.0,1,3.0,7.0,3.0,1.0,0,1,0,1,1,0,0,1.0,0
18337,20,11,1,1,1,62,3.0,2,2,3, ,1,0.0,0.0,0.0,8,1, ,806.669494628906,3,18337-20-11-1,62.0,1,3.0,,2.0,1.0,0,0,0,1,1,0,0,1.0,0
18337,43,11,1,1,1,51,9.0,2,2,2, ,1,0.0,0.0,0.0,8,1, ,806.669494628906,4,18337-43-11-1,51.0,1,2.0,,2.0,0.0,0,0,0,1,1,0,0,0.0,0
18337,90,11,1,1,2,63,8.0,3,2,2, ,1,0.0,0.0,0.0,8,1, ,806.669494628906,2,18337-90-11-1,63.0,1,2.0,,2.0,0.0,0,0,0,1,1,0,0,0.0,0
18337,114,11,1,1,1,75,5.0,3, , , , ,0.0,0.0,0.0,8,1, ,806.669494628906,3,18337-114-11-1,75.0,1,,,,0.0,0,0,0,1,1,0,0,0.0,0
18337,161,11,1,1,2,71,4.0,5, , , , ,0.0,0.0,0.0,8,1, ,806.669494628906,1,18337-161-11-1,71.0,1,,,,0.0,0,0,0,1,1,0,0,0.0,0
18337,183,11,1,1,1,65,6.0,5,2,3, ,1,0.0,0.0,0.0,8,1, ,806.669494628906,3,18337-183-11-1,65.0,1,3.0,,2.0,1.0,0,0,0,1,1,0,0,1.0,0
18338,11,11,1,1,2,63,4.0,5,1,3, ,1,0.0,8.0,0.0,8,1, ,710.8837890625,2,18338-11-11-1,63.0,1,3.0,,1.0,1.0,0,1,0,1,1,0,0,1.0,0
18338,49,11,1,1,1,43,5.0,3,4,3,2,1,0.0,0.0,0.0,8,1, ,710.8837890625,6,18338-49-11-1,43.0,1,3.0,2.0,4.0,1.0,0,0,0,1,1,0,0,1.0,0
18338,69,11,1,1,1,68,4.0,5, , , , ,0.0,8.0,0.0,8,1, ,710.8837890625,6,18338-69-11-1,68.0,1,,,,0.0,0,1,0,1,1,0,0,0.0,0
18338,127,11,1,1,2,52,6.0,5,2,3, ,1,0.0,8.0,0.0,8,1, ,710.8837890625,3,18338-127-11-1,52.0,1,3.0,,2.0,1.0,0,1,0,1,1,0,0,1.0,0
18338,186,11,1,1,1,58,6.0,5,2,2, ,1,0.0,8.0,0.0,8,1, ,710.8837890625,6,18338-186-11-1,58.0,1,2.0,,2.0,0.0,0,1,0,1,1,0,0,0.0,0
18339,25,11,1,1,1,43,7.0,2,1,2, ,1,0.0,0.0,0.0,8,1, ,1180.98107910156,5,18339-25-11-1,43.0,1,2.0,,1.0,0.0,0,0,0,1,1,0,0,0.0,0
18339,34,11,1,1,1,65,6.0,5,4,1,2,1,0.0,8.0,0.0,8,1, ,1180.98107910156,4,18339-34-11-1,65.0,1,1.0,2.0,4.0,0.0,0,1,0,1,1,0,0,0.0,0
18339,50,11,1,1,1,76,8.0,3,2,3, ,1,0.0,8.0,0.0,8,1, ,1180.98107910156,9,18339-50-11-1,76.0,1,3.0,,2.0,1.0,0,1,0,1,1,0,0,1.0,0
18339,55,11,1,1,1,56,10.0,5,3, ,1,5,0.0,8.0,0.0,8,1, ,1180.98107910156,4,18339-55-11-1,56.0,1,,1.0,3.0,0.0,0,1,0,1,1,0,0,0.0,0
18339,66,11,1,1,1,54,6.0,5,4,1,7,1,0.0,8.0,0.0,8,1, ,1180.98107910156,3,18339-66-11-1,54.0,1,1.0,7.0,4.0,1.0,0,1,0,1,1,0,0,1.0,0
18340,14,11,1,1,1,75,7.0,2,3,1,2,1,0.0,0.0,0.0,8,1, ,837.39892578125,2,18340-14-11-1,75.0,1,1.0,2.0,3.0,0.0,0,0,0,1,1,0,0,0.0,0
18340,27,11,1,1,1,72,5.0,3, , , , ,0.0,0.0,0.0,8,1, ,837.39892578125,2,18340-27-11-1,72.0,1,,,,0.0,0,0,0,1,1,0,0,0.0,0
18340,54,11,1,1,1,37,7.0,2,3, ,6,5,0.0,8.0,0.0,8,1, ,837.39892578125,2,18340-54-11-1,37.0,1,,6.0,3.0,0.0,0,1,0,1,1,0,0,0.0,0
18340,66,11,1,1,1,53,7.0,2,4,1,2,4,0.0,8.0,0.0,8,1, ,837.39892578125,2,18340-66-11-1,53.0,1,1.0,2.0,4.0,0.0,0,1,0,1,1,0,0,0.0,0
18340,94,11,1,1,2,60,4.0,6,3, ,1,5,0.0,0.0,0.0,8,1, ,837.39892578125,9,18340-94-11-1,60.0,1,,1.0,3.0,0.0,0,0,0,1,1,0,0,0.0,0
18341,13,11,1,1,2,67,6.0,5, , , , ,0.0,0.0,0.0,8,1, ,776.911682128906,2,18341-13-11-1,67.0,1,,,,0.0,0,0,1,1,1,0,1,0.0,1
18341,58,11,1,1,2,72,4.0,5, , , , ,0.0,0.0,0.0,8,1, ,776.911682128906,3,18341-58-11-1,72.0,1,,,,0.0,0,0,0,1,1,0,0,0.0,0
18341,101,11,1,1,1,71,7.0,1,4,1,7,1,0.0,0.0,0.0,8,1, ,776.911682128906,4,18341-101-11-1,71.0,1,1.0,7.0,4.0,1.0,0,0,0,1,1,0,0,1.0,0
18341,122,11,1,1,1,68,8.0,3,4, ,1,5,0.0,0.0,0.0,8,1, ,776.911682128906,3,18341-122-11-1,68.0,1,,1.0,4.0,0.0,0,0,0,1,1,0,0,0.0,0
18342,9,11,1,1,1,61,5.0,3, , , , ,0.0,0.0,0.0,8,1, ,1996.37231445313,6,18342-9-11-1,61.0,1,,,,0.0,0,0,0,1,1,0,0,0.0,0
18342,35,11,1,1,2,56,5.0,3, , , , ,0.0,8.0,0.0,8,1, ,1996.37231445313,4,18342-35-11-1,56.0,1,,,,0.0,0,1,0,1,1,0,0,0.0,0
18342,89,11,1,1,2,62,3.0,3,2,3, ,1,0.0,8.0,0.0,8,1, ,1996.37231445313,4,18342-89-11-1,62.0,1,3.0,,2.0,1.0,0,1,0,1,1,0,0,1.0,0
18342,117,11,1,1,1,72,4.0,5, , , , ,0.0,0.0,0.0,8,1, ,1996.37231445313,1,18342-117-11-1,72.0,1,,,,0.0,0,0,0,1,1,0,0,0.0,0
18342,143,11,1,1,2,34,8.0,3,6, ,7,1,0.0,0.0,0.0,8,1, ,1996.37231445313,4,18342-143-11-1,34.0,1,,7.0,6.0,1.0,0,0,0,1,1,0,0,1.0,0
18344,6,11,1,1,2,62,8.0,3, , , , ,0.0,0.0,0.0,8,1, ,1113.88488769531,2,18344-6-11-1,62.0,1,,,,0.0,0,0,0,1,1,0,0,0.0,0
18344,41,11,1,1,2,56,8.0,3,6, ,7,1,0.0,8.0,0.0,8,1, ,1113.88488769531,6,18344-41-11-1,56.0,1,,7.0,6.0,1.0,0,1,0,1,1,0,0,1.0,0
18344,74,11,1,1,1,39,7.0,1,1,2, ,1,0.0,8.0,0.0,8,1, ,1113.88488769531,5,18344-74-11-1,39.0,1,2.0,,1.0,0.0,0,1,1,1,1,0,1,0.0,1
18345,34,11,1,1,2,70,6.0,5, , , , ,0.0,0.0,0.0,8,1, ,776.911682128906,2,18345-34-11-1,70.0,1,,,,0.0,0,0,0,1,1,0,0,0.0,0
18345,80,11,1,1,2,57,6.0,5,2,3, ,1,0.0,0.0,0.0,8,1, ,776.911682128906,4,18345-80-11-1,57.0,1,3.0,,2.0,1.0,0,0,0,1,1,0,0,1.0,0
18345,101,11,1,1,2,48,6.0,5,2,3, ,1,0.0,8.0,0.0,8,1, ,776.911682128906,6,18345-101-11-1,48.0,1,3.0,,2.0,1.0,0,1,0,1,1,0,0,1.0,0
18347,13,11,1,1,2,61,6.0,5,2,3, ,1,0.0,8.0,0.0,8,1, ,1722.59936523438,4,18347-13-11-1,61.0,1,3.0,,2.0,1.0,0,1,0,1,1,0,0,1.0,0
18347,48,11,1,1,2,41,5.0,4,2,3, ,1,0.0,0.0,0.0,8,1, ,1722.59936523438,6,18347-48-11-1,41.0,1,3.0,,2.0,1.0,0,0,0,1,1,0,0,1.0,0
18347,65,11,1,1,1,54,6.0,5, , , , ,0.0,0.0,0.0,8,1, ,1722.59936523438,6,18347-65-11-1,54.0,1,,,,0.0,0,0,0,1,1,0,0,0.0,0
18347,100,11,1,1,1,54,3.0,0,4,3,7,1,0.0,0.0,0.0,8,1, ,1722.59936523438,5,18347-100-11-1,54.0,1,3.0,7.0,4.0,1.0,0,0,1,1,1,0,1,1.0,1
18350,27,11,1,1,1,84,4.0,5, , , , ,0.0,0.0,0.0,8,1, ,1099.81896972656,2,18350-27-11-1,84.0,1,,,,0.0,0,0,0,1,1,0,0,0.0,0
18350,80,11,1,1,1,33,6.0,5,4, ,5,5,0.0,8.0,0.0,8,1, ,1099.81896972656,4,18350-80-11-1,33.0,1,,5.0,4.0,0.0,0,1,0,1,1,0,0,0.0,0
18350,88,11,1,1,1,52,6.0,5,2,3, ,1,0.0,8.0,0.0,8,1, ,1099.81896972656,4,18350-88-11-1,52.0,1,3.0,,2.0,1.0,0,1,0,1,1,0,0,1.0,0
18352,1,11,1,1,2,46,6.0,5,2,3, ,1,0.0,8.0,0.0,8,1, ,1751.19812011719,4,18352-1-11-1,46.0,1,3.0,,2.0,1.0,0,1,0,1,1,0,0,1.0,0
18352,18,11,1,1,2,76,6.0,5,4,1,5,4,0.0,8.0,0.0,8,1, ,1751.19812011719,1,18352-18-11-1,76.0,1,1.0,5.0,4.0,0.0,0,1,0,1,1,0,0,0.0,0
18352,51,11,1,1,1,45,3.0,0,2,3, ,1,0.0,0.0,0.0,8,1, ,1751.19812011719,4,18352-51-11-1,45.0,1,3.0,,2.0,1.0,0,0,0,1,1,0,0,1.0,0
18352,87,11,1,1,1,43,4.0,0,1,3, ,1,0.0,8.0,0.0,8,1, ,1751.19812011719,3,18352-87-11-1,43.0,1,3.0,,1.0,1.0,0,1,0,1,1,0,0,1.0,0
18354,42,11,1,1,1,31,6.0,5,4,2,2,1,0.0,0.0,0.0,8,1, ,1068.19885253906,3,18354-42-11-1,31.0,1,2.0,2.0,4.0,0.0,0,0,0,1,1,0,0,0.0,0
18354,59,11,1,1,2,70,4.0,5,2,3, ,1,0.0,0.0,0.0,8,1, ,1068.19885253906,2,18354-59-11-1,70.0,1,3.0,,2.0,1.0,0,0,0,1,1,0,0,1.0,0
18354,75,11,1,1,1,35,8.0,3,4,1,2,3,0.0,8.0,0.0,8,1, ,1068.19885253906,4,18354-75-11-1,35.0,1,1.0,2.0,4.0,0.0,0,1,0,1,1,0,0,0.0,0
18354,125,11,1,1,2,49,4.0,0, , , , ,0.0,0.0,0.0,8,1, ,1068.19885253906,3,18354-125-11-1,49.0,1,,,,0.0,0,0,0,1,1,0,0,0.0,0
18354,139,11,1,1,2,52,6.0,5,4,1,2,5,0.0,0.0,0.0,8,1, ,1068.19885253906,3,18354-139-11-1,52.0,1,1.0,2.0,4.0,0.0,0,0,0,1,1,0,0,0.0,0
18355,26,11,1,1,2,44,5.0,4,2,3, ,1,0.0,8.0,0.0,8,1, ,1180.98107910156,3,18355-26-11-1,44.0,1,3.0,,2.0,1.0,0,1,0,1,1,0,0,1.0,0
18355,37,11,1,1,1,44,5.0,1,3,3,7,1,0.0,0.0,0.0,8,1, ,1180.98107910156,4,18355-37-11-1,44.0,1,3.0,7.0,3.0,1.0,0,0,0,1,1,0,0,1.0,0
18355,47,11,1,1,2,67,3.0,2,4,3,7,1,0.0,0.0,0.0,8,1, ,1180.98107910156,1,18355-47-11-1,67.0,1,3.0,7.0,4.0,1.0,0,0,0,1,1,0,0,1.0,0
18355,57,11,1,1,2,47,4.0,0, , , , ,0.0,0.0,0.0,8,1, ,1180.98107910156,7,18355-57-11-1,47.0,1,,,,0.0,0,0,0,1,1,0,0,0.0,0
18357,11,11,1,1,2,53,3.0,0, , , , ,0.0,0.0,0.0,8,1, ,1099.81896972656,2,18357-11-11-1,53.0,1,,,,0.0,0,0,0,1,1,0,0,0.0,0
18357,26,11,1,1,1,59,6.0,5,4,2,7,1,0.0,0.0,0.0,8,1, ,1099.81896972656,3,18357-26-11-1,59.0,1,2.0,7.0,4.0,1.0,0,0,0,1,1,0,0,1.0,0
18357,50,11,1,1,2,37,5.0,2,4,3,7,1,0.0,8.0,0.0,8,1, ,1099.81896972656,5,18357-50-11-1,37.0,1,3.0,7.0,4.0,1.0,0,1,1,1,1,0,1,1.0,1
18357,63,11,1,1,1,34,5.0,3,4,2,7,1,0.0,8.0,0.0,8,1, ,1099.81896972656,4,18357-63-11-1,34.0,1,2.0,7.0,4.0,1.0,0,1,1,1,1,0,1,1.0,1
18357,88,11,1,1,1,49,6.0,5,4,2,2,2,0.0,0.0,0.0,8,1, ,1099.81896972656,4,18357-88-11-1,49.0,1,2.0,2.0,4.0,0.0,0,0,0,1,1,0,0,0.0,0
18375,8,11,1,1,1,69,3.0,1,4,3,7,1,0.0,0.0,0.0,2,3,1,279.083740234375,2,18375-8-11-1,69.0,1,3.0,7.0,4.0,1.0,0,0,0,1,1,0,0,1.0,0
18375,39,11,1,1,2,32,6.0,5, , , , ,0.0,0.0,0.0,2,3,1,279.083740234375,4,18375-39-11-1,32.0,1,,,,0.0,0,0,0,1,1,0,0,0.0,0
18375,53,11,1,1,2,54,1.0, , , , , ,0.0,0.0,0.0,2,3,1,279.083740234375,2,18375-53-11-1,54.0,1,,,,0.0,0,0,0,1,1,0,0,0.0,0
18375,68,12,1,1,1,48,3.0,0,4,3,7,1,0.0,8.0,0.0,2,3,1,279.083740234375,5,18375-68-12-1,48.0,1,3.0,7.0,4.0,1.0,0,1,0,1,1,0,0,1.0,0
18375,98,11,1,1,1,71,4.0,5,4,3,7,2,0.0,0.0,0.0,2,3,1,279.083740234375,4,18375-98-11-1,71.0,1,3.0,7.0,4.0,1.0,0,0,0,1,1,0,0,1.0,0
18375,111,11,1,1,1,32,6.0,5,4,3,7,1,0.0,0.0,0.0,2,3,1,279.083740234375,4,18375-111-11-1,32.0,1,3.0,7.0,4.0,1.0,0,0,0,1,1,0,0,1.0,0
18378,10,11,1,1,1,76,3.0,3,4,3,7,1,0.0,0.0,0.0,2,3,1,279.083740234375,2,18378-10-11-1,76.0,1,3.0,7.0,4.0,1.0,0,0,0,1,1,0,0,1.0,0
18378,29,11,1,1,2,60,3.0,3, , , , ,0.0,0.0,0.0,2,3,1,279.083740234375,3,18378-29-11-1,60.0,1,,,,0.0,0,0,0,1,1,0,0,0.0,0
18378,87,11,1,1,2,43,6.0,5,6, ,7,1,0.0,0.0,0.0,2,3,1,279.083740234375,3,18378-87-11-1,43.0,1,,7.0,6.0,1.0,0,0,0,1,1,0,0,1.0,0
18378,106,11,1,1,2,64,1.0, , , , , ,0.0,0.0,0.0,2,3,1,279.083740234375,2,18378-106-11-1,64.0,1,,,,0.0,0,0,0,1,1,0,0,0.0,0
18378,126,11,1,1,2,46,1.0, ,4,3,7,2,0.0,0.0,0.0,2,3,1,279.083740234375,4,18378-126-11-1,46.0,1,3.0,7.0,4.0,1.0,0,0,0,1,1,0,0,1.0,0
18379,28,11,1,1,1,53,5.0,2,2,3, ,1,0.0,0.0,0.0,2,4,1,229.341110229492,2,18379-28-11-1,53.0,1,3.0,,2.0,1.0,0,0,0,1,1,0,0,1.0,0
18379,51,11,1,1,1,68,4.0,5,4,3,7,1,0.0,0.0,0.0,2,4,1,229.341110229492,4,18379-51-11-1,68.0,1,3.0,7.0,4.0,1.0,0,0,0,1,1,0,0,1.0,0
18379,117,11,1,1,2,44,6.0,5,6, ,7,1,0.0,8.0,0.0,2,4,1,229.341110229492,4,18379-117-11-1,44.0,1,,7.0,6.0,1.0,0,1,0,1,1,0,0,1.0,0
18379,140,11,1,1,2,45,7.0,3,2,3, ,1,0.0,0.0,0.0,2,4,1,229.341110229492,3,18379-140-11-1,45.0,1,3.0,,2.0,1.0,0,0,0,1,1,0,0,1.0,0
18398,47,11,1,1,2,36,5.0,1,2,3, ,1,0.0,0.0,0.0,2,3,1,229.341110229492,2,18398-47-11-1,36.0,1,3.0,,2.0,1.0,0,0,0,1,1,0,0,1.0,0
18398,88,11,1,1,1,98,4.0,5, , , , ,0.0,0.0,0.0,2,3,1,229.341110229492,2,18398-88-11-1,98.0,1,,,,0.0,0,0,0,1,1,0,0,0.0,0
18422,58,11,1,1,2,65,4.0,5,5,3,7,1,0.0,0.0,0.0,2,2, ,239.802093505859,4,18422-58-11-1,65.0,1,3.0,7.0,5.0,1.0,0,0,0,1,1,0,0,1.0,0
18422,77,11,1,1,1,58,5.0,2,2,2, ,1,0.0,0.0,0.0,2,2, ,239.802093505859,1,18422-77-11-1,58.0,1,2.0,,2.0,0.0,0,0,0,1,1,0,0,0.0,0
18422,97,11,1,1,1,60,5.0,3,2,3, ,1,0.0,0.0,0.0,2,2, ,239.802093505859,6,18422-97-11-1,60.0,1,3.0,,2.0,1.0,0,0,0,1,1,0,0,1.0,0
18422,137,11,1,1,1,57,8.0,3,3,1,2,5,0.0,0.0,0.0,2,2, ,239.802093505859,3,18422-137-11-1,57.0,1,1.0,2.0,3.0,0.0,0,0,0,1,1,0,0,0.0,0
18429,49,11,1,1,1,37,7.0,1,4,3,7,1,0.0,8.0,0.0,2,2, ,273.552429199219,6,18429-49-11-1,37.0,1,3.0,7.0,4.0,1.0,0,1,1,1,1,0,1,1.0,1
18429,97,11,1,1,1,44,4.0,0,4,1,7,2,0.0,0.0,0.0,2,2, ,273.552429199219,5,18429-97-11-1,44.0,1,1.0,7.0,4.0,1.0,0,0,0,1,1,0,0,1.0,0
18429,112,11,1,1,2,41,7.0,1,4,1,2,3,0.0,8.0,0.0,2,2, ,273.552429199219,5,18429-112-11-1,41.0,1,1.0,2.0,4.0,0.0,0,1,1,1,1,0,1,0.0,1
18429,125,11,1,1,1,55,9.0,2,4,3,7,1,0.0,0.0,0.0,2,2, ,273.552429199219,8,18429-125-11-1,55.0,1,3.0,7.0,4.0,1.0,0,0,0,1,1,0,0,1.0,0
18433,15,11,1,1,1,74,6.0,5, , , , ,0.0,0.0,0.0,2,2,1,279.083740234375,5,18433-15-11-1,74.0,1,,,,0.0,0,0,1,1,1,0,1,0.0,1
18433,40,11,1,1,1,47,6.0,5,3,1,1,4,0.0,0.0,0.0,2,2,2,279.083740234375,2,18433-40-11-1,47.0,1,1.0,1.0,3.0,0.0,0,0,0,1,1,0,0,0.0,0
18433,89,11,1,1,1,69,6.0,5, , , , ,0.0,0.0,0.0,2,2,1,279.083740234375,2,18433-89-11-1,69.0,1,,,,0.0,0,0,0,1,1,0,0,0.0,0
18433,114,11,1,1,2,46,6.0,5,3,1,7,1,0.0,0.0,0.0,2,2,2,279.083740234375,4,18433-114-11-1,46.0,1,1.0,7.0,3.0,1.0,0,0,0,1,1,0,0,1.0,0
18433,139,11,1,1,2,62,5.0,1, , , , ,0.0,0.0,0.0,2,2,1,279.083740234375,6,18433-139-11-1,62.0,1,,,,0.0,0,0,0,1,1,0,0,0.0,0
18434,8,11,1,1,2,56,4.0,0,2,3, ,1,0.0,0.0,0.0,2,3, ,242.733139038086,5,18434-8-11-1,56.0,1,3.0,,2.0,1.0,0,0,0,1,1,0,0,1.0,0
18434,56,11,1,1,2,40,8.0,3,2,3, ,1,0.0,8.0,0.0,2,3, ,242.733139038086,3,18434-56-11-1,40.0,1,3.0,,2.0,1.0,0,1,0,1,1,0,0,1.0,0
18434,72,11,1,1,1,72,4.0,5,2,2, ,1,0.0,0.0,0.0,2,3, ,242.733139038086,3,18434-72-11-1,72.0,1,2.0,,2.0,0.0,0,0,0,1,1,0,0,0.0,0
18434,91,11,1,1,2,59,6.0,5,2,3, ,1,0.0,0.0,0.0,2,3, ,242.733139038086,1,18434-91-11-1,59.0,1,3.0,,2.0,1.0,0,0,0,1,1,0,0,1.0,0
18434,107,11,1,1,2,51,5.0,4,2,3, ,1,0.0,8.0,0.0,2,3, ,242.733139038086,6,18434-107-11-1,51.0,1,3.0,,2.0,1.0,0,1,1,1,1,0,1,1.0,1
18440,41,11,1,1,1,52,6.0,5,2,3, ,1,0.0,8.0,0.0,2,5,1,251.759353637695,10,18440-41-11-1,52.0,1,3.0,,2.0,1.0,0,1,0,1,1,0,0,1.0,0
18440,53,11,1,1,1,57,6.0,5, , , , ,0.0,8.0,0.0,2,5,1,251.759353637695,3,18440-53-11-1,57.0,1,,,,0.0,0,1,0,1,1,0,0,0.0,0
18440,61,11,1,1,1,71,4.0,5,3,1,1,2,0.0,0.0,0.0,2,5,1,251.759353637695,3,18440-61-11-1,71.0,1,1.0,1.0,3.0,0.0,0,0,0,1,1,0,0,0.0,0
18440,77,11,1,1,2,76,6.0,5, , , , ,0.0,8.0,0.0,2,5,1,251.759353637695,2,18440-77-11-1,76.0,1,,,,0.0,0,1,0,1,1,0,0,0.0,0
18441,15,11,1,1,1,78,4.0,5, , , , ,0.0,8.0,0.0,2,2,1,273.552429199219,4,18441-15-11-1,78.0,1,,,,0.0,0,1,0,1,1,0,0,0.0,0
18441,35,11,1,1,2,39,6.0,5, , , , ,0.0,0.0,0.0,2,2,1,273.552429199219,4,18441-35-11-1,39.0,1,,,,0.0,0,0,0,1,1,0,0,0.0,0
18441,75,11,1,1,2,60,5.0,1,2,3, ,1,0.0,0.0,0.0,2,2,1,273.552429199219,3,18441-75-11-1,60.0,1,3.0,,2.0,1.0,0,0,1,1,1,0,1,1.0,1
18441,95,11,1,1,1,53,5.0,4,4,3,7,1,0.0,0.0,0.0,2,2,1,273.552429199219,2,18441-95-11-1,53.0,1,3.0,7.0,4.0,1.0,0,0,0,1,1,0,0,1.0,0
18441,115,11,1,1,2,79,3.0,2, , , , ,0.0,0.0,0.0,2,2,1,273.552429199219,1,18441-115-11-1,79.0,1,,,,0.0,0,0,0,1,1,0,0,0.0,0
18441,135,11,1,1,2,65,3.0,1,3,2,7,1,0.0,0.0,0.0,2,2,1,273.552429199219,1,18441-135-11-1,65.0,1,2.0,7.0,3.0,1.0,0,0,0,1,1,0,0,1.0,0
18456,40,11,1,1,1,76,4.0,5,2,3, ,1,0.0,0.0,0.0,2,2,1,64.7667083740234,2,18456-40-11-1,76.0,1,3.0,,2.0,1.0,0,0,0,1,1,0,0,1.0,0
18456,68,11,1,1,2,41,10.0,5,3, ,5,5,0.0,8.0,0.0,2,2,1,64.7667083740234,4,18456-68-11-1,41.0,1,,5.0,3.0,0.0,0,1,0,1,1,0,0,0.0,0
18456,78,11,1,1,1,66,10.0,5,2,2, ,1,0.0,8.0,0.0,2,2,1,64.7667083740234,2,18456-78-11-1,66.0,1,2.0,,2.0,0.0,0,1,0,1,1,0,0,0.0,0
18456,100,11,1,1,2,24,10.0,5,3,1,2,5,0.0,8.0,0.0,2,2,1,64.7667083740234,2,18456-100-11-1,24.0,1,1.0,2.0,3.0,0.0,0,1,1,1,1,0,1,0.0,1
18457,17,11,1,1,2,44,10.0,5,3,1,2,2,0.0,8.0,0.0,2,3,1,239.802093505859,3,18457-17-11-1,44.0,1,1.0,2.0,3.0,0.0,0,1,0,1,1,0,0,0.0,0
18457,28,11,1,1,1,79,4.0,6, , , , ,0.0,0.0,0.0,2,3,1,239.802093505859,2,18457-28-11-1,79.0,1,,,,0.0,0,0,0,1,1,0,0,0.0,0
18457,59,11,1,1,2,47,9.0,5,2,3, ,1,0.0,0.0,0.0,2,3,1,239.802093505859,6,18457-59-11-1,47.0,1,3.0,,2.0,1.0,0,0,0,1,1,0,0,1.0,0
18457,80,11,1,1,1,44,10.0,5,3, ,1,5,0.0,0.0,0.0,2,3,1,239.802093505859,5,18457-80-11-1,44.0,1,,1.0,3.0,0.0,0,0,1,1,1,0,1,0.0,1
18458,23,11,1,1,2,54,10.0,5,3, ,1,5,0.0,8.0,0.0,2,2,1,77.4939498901367,2,18458-23-11-1,54.0,1,,1.0,3.0,0.0,0,1,0,1,1,0,0,0.0,0
18458,89,11,1,1,1,66,6.0,5, , , , ,0.0,0.0,0.0,2,2,1,77.4939498901367,3,18458-89-11-1,66.0,1,,,,0.0,0,0,1,1,1,0,1,0.0,1
18459,51,11,1,1,2,67,6.0,5,2,3, ,1,0.0,0.0,0.0,2,5,1,230.29443359375,1,18459-51-11-1,67.0,1,3.0,,2.0,1.0,0,0,0,1,1,0,0,1.0,0
18459,114,11,1,1,2,70,6.0,5,2,3, ,1,0.0,0.0,0.0,2,5,1,230.29443359375,2,18459-114-11-1,70.0,1,3.0,,2.0,1.0,0,0,1,1,1,0,1,1.0,1
18460,72,11,1,1,1,72,3.0,4, , , , ,0.0,0.0,0.0,2,3,1,229.341110229492,1,18460-72-11-1,72.0,1,,,,0.0,0,0,0,1,1,0,0,0.0,0
18460,91,11,1,1,2,83,1.0, , , , , ,0.0,0.0,0.0,2,3,1,229.341110229492,3,18460-91-11-1,83.0,1,,,,0.0,0,0,1,1,1,0,1,0.0,1
18460,110,11,1,1,1,72,6.0,5, , , , ,0.0,0.0,0.0,2,3,1,229.341110229492,3,18460-110-11-1,72.0,1,,,,0.0,0,0,0,1,1,0,0,0.0,0
18460,129,11,1,1,2,56,6.0,5,2,3, ,1,0.0,0.0,0.0,2,3,1,229.341110229492,3,18460-129-11-1,56.0,1,3.0,,2.0,1.0,0,0,0,1,1,0,0,1.0,0
18461,3,11,1,1,1,62,5.0,1, , , , ,0.0,0.0,0.0,2,2,1,239.802093505859,7,18461-3-11-1,62.0,1,,,,0.0,0,0,0,1,1,0,0,0.0,0
18461,21,11,1,1,1,63,6.0,5, , , , ,0.0,0.0,0.0,2,2,2,239.802093505859,2,18461-21-11-1,63.0,1,,,,0.0,0,0,0,1,1,0,0,0.0,0
18461,113,11,1,1,2,55,4.0,0,2,3, ,1,0.0,0.0,0.0,2,2,1,239.802093505859,2,18461-113-11-1,55.0,1,3.0,,2.0,1.0,0,0,0,1,1,0,0,1.0,0
18461,131,11,1,1,1,45,6.0,5,4,3,7,1,0.0,8.0,0.0,2,2,2,239.802093505859,3,18461-131-11-1,45.0,1,3.0,7.0,4.0,1.0,0,1,1,1,1,0,1,1.0,1
18462,114,11,1,1,1,79,3.0,3,2,3, ,1,0.0,0.0,0.0,2,3,1,273.552429199219,1,18462-114-11-1,79.0,1,3.0,,2.0,1.0,0,0,0,1,1,0,0,1.0,0
18462,134,11,1,1,1,50,5.0,2,4,3,7,1,0.0,8.0,0.0,2,3,1,273.552429199219,4,18462-134-11-1,50.0,1,3.0,7.0,4.0,1.0,0,1,0,1,1,0,0,1.0,0
18462,154,11,1,1,1,45,6.0,5,4,1,1,4,0.0,0.0,0.0,2,3,1,273.552429199219,6,18462-154-11-1,45.0,1,1.0,1.0,4.0,0.0,0,0,0,1,1,0,0,0.0,0
18463,10,11,1,1,1,55,6.0,5,2,3, ,1,0.0,8.0,0.0,2,5,1,273.552429199219,5,18463-10-11-1,55.0,1,3.0,,2.0,1.0,0,1,0,1,1,0,0,1.0,0
18463,58,11,1,1,1,58,5.0,3,4,1,2,5,0.0,8.0,0.0,2,5,1,273.552429199219,4,18463-58-11-1,58.0,1,1.0,2.0,4.0,0.0,0,1,1,1,1,0,1,0.0,1
18463,85,11,1,1,1,78,6.0,5,2,3, ,1,0.0,0.0,0.0,2,5,1,273.552429199219,1,18463-85-11-1,78.0,1,3.0,,2.0,1.0,0,0,0,1,1,0,0,1.0,0
18463,100,11,1,1,1,47,6.0,5,4,2,7,2,0.0,0.0,0.0,2,5,1,273.552429199219,5,18463-100-11-1,47.0,1,2.0,7.0,4.0,1.0,0,0,0,1,1,0,0,1.0,0
18464,36,11,1,1,2,57,8.0,3,3, ,1,5,0.0,0.0,0.0,2,2,2,229.341110229492,1,18464-36-11-1,57.0,1,,1.0,3.0,0.0,0,0,0,1,1,0,0,0.0,0
18464,64,11,1,1,1,74,3.0,3, , , , ,0.0,0.0,0.0,2,2,2,229.341110229492,4,18464-64-11-1,74.0,1,,,,0.0,0,0,0,1,1,0,0,0.0,0
18464,91,11,1,1,2,66,8.0,3, , , , ,0.0,0.0,0.0,2,2,1,229.341110229492,1,18464-91-11-1,66.0,1,,,,0.0,0,0,0,1,1,0,0,0.0,0
18465,9,11,1,1,2,33,6.0,5, , , , ,0.0,8.0,0.0,2,2,1,251.759353637695,6,18465-9-11-1,33.0,1,,,,0.0,0,1,0,1,1,0,0,0.0,0
18465,131,11,1,1,1,45,10.0,5, , , , ,0.0,8.0,0.0,2,2,1,251.759353637695,5,18465-131-11-1,45.0,1,,,,0.0,0,1,0,1,1,0,0,0.0,0
18466,41,11,1,1,2,61,5.0,2,2,3, ,1,0.0,8.0,0.0,2,5,1,279.083740234375,2,18466-41-11-1,61.0,1,3.0,,2.0,1.0,0,1,0,1,1,0,0,1.0,0
18466,53,11,1,1,1,59,6.0,5,2,3, ,1,0.0,8.0,0.0,2,5, ,279.083740234375,3,18466-53-11-1,59.0,1,3.0,,2.0,1.0,0,1,0,1,1,0,0,1.0,0
18467,14,11,1,1,1,76,3.0,3, , , , ,0.0,0.0,0.0,2,2,1,258.527801513672,3,18467-14-11-1,76.0,1,,,,0.0,0,0,0,1,1,0,0,0.0,0
18467,68,11,1,1,2,88,3.0,4, , , , ,0.0,0.0,0.0,2,2,1,258.527801513672,1,18467-68-11-1,88.0,1,,,,0.0,0,0,0,1,1,0,0,0.0,0
18467,85,11,1,1,1,44,6.0,5,4,1,2,4,0.0,0.0,0.0,2,2,1,258.527801513672,3,18467-85-11-1,44.0,1,1.0,2.0,4.0,0.0,0,0,0,1,1,0,0,0.0,0
18467,103,11,1,1,1,71,3.0,3, , , , ,0.0,0.0,0.0,2,2,1,258.527801513672,2,18467-103-11-1,71.0,1,,,,0.0,0,0,0,1,1,0,0,0.0,0
18468,2,11,1,1,1,27,9.0,1,2,3, ,1,0.0,8.0,0.0,2,2,2,242.733139038086,3,18468-2-11-1,27.0,1,3.0,,2.0,1.0,0,1,1,1,1,0,1,1.0,1
18468,37,11,1,1,2,59,5.0,3,4,3,7,1,0.0,0.0,0.0,2,2,2,242.733139038086,2,18468-37-11-1,59.0,1,3.0,7.0,4.0,1.0,0,0,0,1,1,0,0,1.0,0
18468,49,11,1,1,1,83,3.0,3, , , , ,0.0,0.0,0.0,2,2,1,242.733139038086,1,18468-49-11-1,83.0,1,,,,0.0,0,0,0,1,1,0,0,0.0,0
18469,28,11,1,1,1,35,10.0,5,2,3, ,1,0.0,0.0,0.0,2,4,1,229.341110229492,3,18469-28-11-1,35.0,1,3.0,,2.0,1.0,0,0,0,1,1,0,0,1.0,0
18469,45,11,1,1,1,53,10.0,5,3, ,1,5,0.0,8.0,0.0,2,4,1,229.341110229492,5,18469-45-11-1,53.0,1,,1.0,3.0,0.0,0,1,0,1,1,0,0,0.0,0
18469,79,11,1,1,1,61,4.0,5,2,3, ,1,0.0,8.0,0.0,2,4,1,229.341110229492,3,18469-79-11-1,61.0,1,3.0,,2.0,1.0,0,1,0,1,1,0,0,1.0,0
18469,95,12,1,1,1,69,3.0,3,4,3,7,1,0.0,0.0,0.0,2,4,1,229.341110229492,2,18469-95-12-1,69.0,1,3.0,7.0,4.0,1.0,0,0,1,1,1,0,1,1.0,1
18469,95,22,1,1,2,40,6.0,5, , , , ,0.0,8.0,0.0,2,4,1,229.341110229492,4,18469-95-22-1,40.0,1,,,,0.0,0,1,0,1,1,0,0,0.0,0
18470,10,11,1,1,2,83,4.0,5, , , , ,0.0,0.0,0.0,2,2,1,81.5782165527344,1,18470-10-11-1,83.0,1,,,,0.0,0,0,0,1,1,0,0,0.0,0
18470,95,11,1,1,1,68,10.0,5,2,3, ,1,0.0,8.0,0.0,2,2,1,81.5782165527344,2,18470-95-11-1,68.0,1,3.0,,2.0,1.0,0,1,0,1,1,0,0,1.0,0
18471,46,11,1,1,1,50,6.0,5,2,3, ,1,0.0,8.0,0.0,2,3,2,239.802093505859,5,18471-46-11-1,50.0,1,3.0,,2.0,1.0,0,1,0,1,1,0,0,1.0,0
18471,202,11,1,1,2,72,5.0,2, , , , ,0.0,0.0,0.0,2,3,1,239.802093505859,1,18471-202-11-1,72.0,1,,,,0.0,0,0,0,1,1,0,0,0.0,0
18472,44,11,1,1,2,71,1.0, , , , , ,0.0,0.0,0.0,2,4,1,258.527801513672,1,18472-44-11-1,71.0,1,,,,0.0,0,0,0,1,1,0,0,0.0,0
18472,106,11,1,1,2,38,5.0,3,5,3,7,1,0.0,0.0,0.0,2,4,1,258.527801513672,4,18472-106-11-1,38.0,1,3.0,7.0,5.0,1.0,0,0,0,1,1,0,0,1.0,0
18473,15,11,1,1,1,50,4.0,0,4,3,7,1,0.0,0.0,0.0,2,3,1,230.29443359375,4,18473-15-11-1,50.0,1,3.0,7.0,4.0,1.0,0,0,0,1,1,0,0,1.0,0
18473,62,11,1,1,1,44,6.0,5,4,2,7,1,0.0,8.0,0.0,2,3,1,230.29443359375,1,18473-62-11-1,44.0,1,2.0,7.0,4.0,1.0,0,1,0,1,1,0,0,1.0,0
18473,86,11,1,1,1,35,6.0,5,1,3, ,1,0.0,0.0,0.0,2,3,1,230.29443359375,5,18473-86-11-1,35.0,1,3.0,,1.0,1.0,0,0,0,1,1,0,0,1.0,0
18473,135,11,1,1,1,44,6.0,5,4,3,7,1,0.0,0.0,0.0,2,3,2,230.29443359375,4,18473-135-11-1,44.0,1,3.0,7.0,4.0,1.0,0,0,0,1,1,0,0,1.0,0
18473,159,11,1,1,2,37,4.0,0,2,3, ,1,0.0,8.0,0.0,2,3,1,230.29443359375,3,18473-159-11-1,37.0,1,3.0,,2.0,1.0,0,1,0,1,1,0,0,1.0,0
18474,13,11,1,1,1,67,8.0,3, , , , ,0.0,0.0,0.0,2,3,1,251.759353637695,2,18474-13-11-1,67.0,1,,,,0.0,0,0,0,1,1,0,0,0.0,0
18474,101,11,1,1,2,47,3.0,0, , , , ,0.0,0.0,0.0,2,3,1,251.759353637695,2,18474-101-11-1,47.0,1,,,,0.0,0,0,0,1,1,0,0,0.0,0
18475,3,11,1,1,2,40,6.0,5,2,3, ,1,0.0,0.0,0.0,2,5,1,251.759353637695,3,18475-3-11-1,40.0,1,3.0,,2.0,1.0,0,0,0,1,1,0,0,1.0,0
18475,39,11,1,1,1,78,3.0,1, , , , ,0.0,0.0,0.0,2,5,1,251.759353637695,2,18475-39-11-1,78.0,1,,,,0.0,0,0,0,1,1,0,0,0.0,0
18475,56,11,1,1,2,49,6.0,5,4,2,7,1,0.0,8.0,0.0,2,5,1,251.759353637695,7,18475-56-11-1,49.0,1,2.0,7.0,4.0,1.0,0,1,0,1,1,0,0,1.0,0
18475,74,11,1,1,1,59,6.0,5,3, ,2,5,0.0,0.0,0.0,2,5,1,251.759353637695,3,18475-74-11-1,59.0,1,,2.0,3.0,0.0,0,0,0,1,1,0,0,0.0,0
18475,92,11,1,1,1,91,4.0,5, , , , ,0.0,0.0,0.0,2,5,1,251.759353637695,4,18475-92-11-1,91.0,1,,,,0.0,0,0,0,1,1,0,0,0.0,0
18475,110,11,1,1,1,64,6.0,5,4,3,7,1,0.0,0.0,0.0,2,5,1,251.759353637695,2,18475-110-11-1,64.0,1,3.0,7.0,4.0,1.0,0,0,0,1,1,0,0,1.0,0
18476,12,11,1,1,1,42,8.0,3,2,3, ,1,0.0,8.0,0.0,2,5,1,273.552429199219,1,18476-12-11-1,42.0,1,3.0,,2.0,1.0,0,1,1,1,1,0,1,1.0,1
18476,27,11,1,1,1,63,3.0,3,4,3,7,1,0.0,0.0,0.0,2,5,1,273.552429199219,11,18476-27-11-1,63.0,1,3.0,7.0,4.0,1.0,0,0,0,1,1,0,0,1.0,0
18476,88,11,1,1,1,57,3.0,0,4,1,2,5,0.0,8.0,0.0,2,5,1,273.552429199219,3,18476-88-11-1,57.0,1,1.0,2.0,4.0,0.0,0,1,0,1,1,0,0,0.0,0
18477,20,11,1,1,2,55,6.0,5,5,3,7,1,0.0,0.0,0.0,2,2,1,279.083740234375,6,18477-20-11-1,55.0,1,3.0,7.0,5.0,1.0,0,0,0,1,1,0,0,1.0,0
18477,39,11,1,1,2,80,1.0, , , , , ,0.0,0.0,0.0,2,2,1,279.083740234375,2,18477-39-11-1,80.0,1,,,,0.0,0,0,0,1,1,0,0,0.0,0
18477,119,11,1,1,2,39,7.0,1,4,3,7,1,0.0,8.0,0.0,2,2,1,279.083740234375,4,18477-119-11-1,39.0,1,3.0,7.0,4.0,1.0,0,1,0,1,1,0,0,1.0,0
18477,139,11,1,1,2,47,3.0,0,2,3, ,1,0.0,8.0,0.0,2,2,1,279.083740234375,4,18477-139-11-1,47.0,1,3.0,,2.0,1.0,0,1,0,1,1,0,0,1.0,0
18478,4,11,1,1,2,44,3.0,0,4,3,7,1,0.0,0.0,0.0,2,3,1,273.552429199219,3,18478-4-11-1,44.0,1,3.0,7.0,4.0,1.0,0,0,0,1,1,0,0,1.0,0
18478,23,11,1,1,2,32,4.0,0, , , , ,0.0,8.0,0.0,2,3,1,273.552429199219,4,18478-23-11-1,32.0,1,,,,0.0,0,1,0,1,1,0,0,0.0,0
18478,41,11,1,1,1,66,4.0,5,4,3,7,1,0.0,0.0,0.0,2,3,1,273.552429199219,3,18478-41-11-1,66.0,1,3.0,7.0,4.0,1.0,0,0,0,1,1,0,0,1.0,0
18479,26,11,1,1,2,60,3.0,2,2,3, ,1,0.0,8.0,0.0,2,2,1,258.527801513672,2,18479-26-11-1,60.0,1,3.0,,2.0,1.0,0,1,0,1,1,0,0,1.0,0
18479,33,11,1,1,1,50,6.0,5,2,3, ,1,0.0,8.0,0.0,2,2,1,258.527801513672,1,18479-33-11-1,50.0,1,3.0,,2.0,1.0,0,1,0,1,1,0,0,1.0,0
18479,37,11,1,1,1,68,9.0,3,4,3,7,1,0.0,8.0,0.0,2,2,1,258.527801513672,1,18479-37-11-1,68.0,1,3.0,7.0,4.0,1.0,0,1,0,1,1,0,0,1.0,0
18480,128,11,1,1,2,91,6.0,5, , , , ,0.0,8.0,0.0,2,2,1,78.3278121948242,2,18480-128-11-1,91.0,1,,,,0.0,0,1,0,1,1,0,0,0.0,0
18480,147,11,1,1,1,78,6.0,5, , , , ,0.0,0.0,0.0,2,2,2,78.3278121948242,1,18480-147-11-1,78.0,1,,,,0.0,0,0,0,1,1,0,0,0.0,0
18480,165,11,1,1,1,63,6.0,5,3,2,7,1,0.0,8.0,0.0,2,2,1,78.3278121948242,2,18480-165-11-1,63.0,1,2.0,7.0,3.0,1.0,0,1,0,1,1,0,0,1.0,0
18481,133,11,1,1,2,76,10.0,5, , , , ,0.0,8.0,0.0,2,3,1,239.802093505859,1,18481-133-11-1,76.0,1,,,,0.0,0,1,0,1,1,0,0,0.0,0
18482,15,11,1,1,1,79,4.0,5, , , , ,0.0,0.0,0.0,2,2,1,230.29443359375,4,18482-15-11-1,79.0,1,,,,0.0,0,0,0,1,1,0,0,0.0,0
18482,67,11,1,1,1,55,6.0,5,3,1,1,5,0.0,8.0,0.0,2,2,1,230.29443359375,4,18482-67-11-1,55.0,1,1.0,1.0,3.0,0.0,0,1,0,1,1,0,0,0.0,0
18482,84,11,1,1,2,71,6.0,5, , , , ,0.0,0.0,0.0,2,2,1,230.29443359375,3,18482-84-11-1,71.0,1,,,,0.0,0,0,0,1,1,0,0,0.0,0
18482,119,11,1,1,2,47,8.0,3,3, ,6,5,0.0,8.0,0.0,2,2,1,230.29443359375,4,18482-119-11-1,47.0,1,,6.0,3.0,0.0,0,1,0,1,1,0,0,0.0,0
18483,39,11,1,1,2,35,7.0,1,2,3, ,1,0.0,8.0,0.0,2,3,1,239.802093505859,2,18483-39-11-1,35.0,1,3.0,,2.0,1.0,0,1,0,1,1,0,0,1.0,0
18483,54,11,1,1,2,38,10.0,5,3,1,2,1,0.0,0.0,0.0,2,3,1,239.802093505859,2,18483-54-11-1,38.0,1,1.0,2.0,3.0,0.0,0,0,1,1,1,0,1,0.0,1
18483,82,11,1,1,2,56,7.0,1,2,2, ,1,0.0,0.0,0.0,2,3,1,239.802093505859,1,18483-82-11-1,56.0,1,2.0,,2.0,0.0,0,0,1,1,1,0,1,0.0,1
18483,96,11,1,1,2,59,8.0,5,3, ,1,5,0.0,8.0,0.0,2,3,1,239.802093505859,5,18483-96-11-1,59.0,1,,1.0,3.0,0.0,0,1,0,1,1,0,0,0.0,0
18483,108,11,1,1,2,49,5.0,2,2,3, ,1,0.0,0.0,0.0,2,3,1,239.802093505859,9,18483-108-11-1,49.0,1,3.0,,2.0,1.0,0,0,0,1,1,0,0,1.0,0
18485,13,11,1,1,1,54,5.0,2,4,1,1,5,0.0,0.0,0.0,2,4,1,273.552429199219,4,18485-13-11-1,54.0,1,1.0,1.0,4.0,0.0,0,0,0,1,1,0,0,0.0,0
18485,18,11,1,1,1,42,5.0,4,4,1,7,5,0.0,8.0,0.0,2,4,2,273.552429199219,8,18485-18-11-1,42.0,1,1.0,7.0,4.0,1.0,0,1,0,1,1,0,0,1.0,0
18485,26,11,1,1,1,38,6.0,5,3,1,2,4,0.0,0.0,0.0,2,4,1,273.552429199219,4,18485-26-11-1,38.0,1,1.0,2.0,3.0,0.0,0,0,0,1,1,0,0,0.0,0
18485,53,11,1,1,2,78,1.0, , , , , ,0.0,0.0,0.0,2,4,1,273.552429199219,3,18485-53-11-1,78.0,1,,,,0.0,0,0,0,1,1,0,0,0.0,0
18486,18,12,1,1,2,55,4.0,0, , , , ,0.0,0.0,0.0,2,2,1,242.733139038086,2,18486-18-12-1,55.0,1,,,,0.0,0,0,0,1,1,0,0,0.0,0
18486,18,22,1,1,1,41,10.0,5,2,3, ,1,0.0,0.0,0.0,2,2,1,242.733139038086,3,18486-18-22-1,41.0,1,3.0,,2.0,1.0,0,0,0,1,1,0,0,1.0,0
18486,37,11,1,1,2,60,3.0,1,2,2, ,1,0.0,0.0,0.0,2,2,1,242.733139038086,9,18486-37-11-1,60.0,1,2.0,,2.0,0.0,0,0,0,1,1,0,0,0.0,0
18486,93,11,1,1,2,38,10.0,5,3,1,2,4,0.0,0.0,0.0,2,2,1,242.733139038086,2,18486-93-11-1,38.0,1,1.0,2.0,3.0,0.0,0,0,0,1,1,0,0,0.0,0
18486,112,11,1,1,1,69,1.0, ,4,3,7,1,0.0,0.0,0.0,2,2,1,242.733139038086,2,18486-112-11-1,69.0,1,3.0,7.0,4.0,1.0,0,0,0,1,1,0,0,1.0,0
18486,131,11,1,1,1,53,5.0,3,4,3,7,1,0.0,0.0,0.0,2,2,1,242.733139038086,4,18486-131-11-1,53.0,1,3.0,7.0,4.0,1.0,0,0,0,1,1,0,0,1.0,0
18487,16,11,1,1,2,44,4.0,0,2,3, ,1,0.0,8.0,0.0,2,3,1,230.29443359375,2,18487-16-11-1,44.0,1,3.0,,2.0,1.0,0,1,0,1,1,0,0,1.0,0
18487,35,11,1,1,2,48,6.0,5, , , , ,0.0,0.0,0.0,2,3,1,230.29443359375,5,18487-35-11-1,48.0,1,,,,0.0,0,0,1,1,1,0,1,0.0,1
18487,52,11,1,1,1,53,5.0,1,4,1,2,5,0.0,8.0,0.0,2,3,1,230.29443359375,4,18487-52-11-1,53.0,1,1.0,2.0,4.0,0.0,0,1,1,1,1,0,1,0.0,1
18487,108,11,1,1,1,65,4.0,6,2,3, ,1,0.0,0.0,0.0,2,3,1,230.29443359375,3,18487-108-11-1,65.0,1,3.0,,2.0,1.0,0,0,1,1,1,0,1,1.0,1
18487,126,11,1,1,2,58,6.0,5,3,3,7,3,0.0,0.0,0.0,2,3,1,230.29443359375,3,18487-126-11-1,58.0,1,3.0,7.0,3.0,1.0,0,0,0,1,1,0,0,1.0,0
18488,48,11,1,1,2,46,4.0,0,4,2,7,1,0.0,0.0,0.0,2,5,1,229.341110229492,3,18488-48-11-1,46.0,1,2.0,7.0,4.0,1.0,0,0,0,1,1,0,0,1.0,0
18488,141,11,1,1,2,72,3.0,4, , , , ,0.0,0.0,0.0,2,5,1,229.341110229492,3,18488-141-11-1,72.0,1,,,,0.0,0,0,1,1,1,0,1,0.0,1
18489,15,11,1,1,2,77,3.0,4,2,3, ,1,0.0,0.0,0.0,2,5,1,258.527801513672,1,18489-15-11-1,77.0,1,3.0,,2.0,1.0,0,0,0,1,1,0,0,1.0,0
18489,62,22,1,1,1,35,6.0,5,4,3,7,1,0.0,8.0,0.0,2,5,2,258.527801513672,4,18489-62-22-1,35.0,1,3.0,7.0,4.0,1.0,0,1,0,1,1,0,0,1.0,0
18489,78,11,1,1,2,59,6.0,5, , , , ,0.0,8.0,0.0,2,5,1,258.527801513672,3,18489-78-11-1,59.0,1,,,,0.0,0,1,0,1,1,0,0,0.0,0
18489,109,11,1,1,1,45,6.0,5,4,3,7,1,0.0,8.0,0.0,2,5,1,258.527801513672,6,18489-109-11-1,45.0,1,3.0,7.0,4.0,1.0,0,1,0,1,1,0,0,1.0,0
18489,124,11,1,1,2,60,10.0,5,3, ,1,5,0.0,8.0,0.0,2,5,1,258.527801513672,2,18489-124-11-1,60.0,1,,1.0,3.0,0.0,0,1,0,1,1,0,0,0.0,0
18490,15,11,1,1,1,52,6.0,5,4,3,7,1,0.0,0.0,0.0,2,3,1,279.083740234375,2,18490-15-11-1,52.0,1,3.0,7.0,4.0,1.0,0,0,0,1,1,0,0,1.0,0
18490,24,11,1,1,1,39,5.0,2,4,3,7,1,0.0,0.0,0.0,2,3,1,279.083740234375,4,18490-24-11-1,39.0,1,3.0,7.0,4.0,1.0,0,0,0,1,1,0,0,1.0,0
18490,73,11,1,1,1,34,6.0,5,4,1,2,3,0.0,0.0,0.0,2,3,1,279.083740234375,4,18490-73-11-1,34.0,1,1.0,2.0,4.0,0.0,0,0,1,1,1,0,1,0.0,1
18491,110,11,1,1,2,64,5.0,4,4,1,7,1,0.0,0.0,0.0,2,2,1,258.527801513672,2,18491-110-11-1,64.0,1,1.0,7.0,4.0,1.0,0,0,0,1,1,0,0,1.0,0
18491,132,11,1,1,2,22,7.0,1,4,1,2,5,0.0,8.0,0.0,2,2,1,258.527801513672,3,18491-132-11-1,22.0,1,1.0,2.0,4.0,0.0,0,1,0,1,1,0,0,0.0,0
18491,153,11,1,1,2,41,4.0,0,4,2,7,1,0.0,8.0,0.0,2,2,1,258.527801513672,4,18491-153-11-1,41.0,1,2.0,7.0,4.0,1.0,0,1,0,1,1,0,0,1.0,0
18492,23,11,1,1,2,59,10.0,5,1,1, ,1,0.0,8.0,0.0,2,2, ,229.341110229492,1,18492-23-11-1,59.0,1,1.0,,1.0,0.0,0,1,1,1,1,0,1,0.0,1
18492,42,11,1,1,1,75,4.0,5,2,3, ,1,0.0,0.0,0.0,2,2, ,229.341110229492,5,18492-42-11-1,75.0,1,3.0,,2.0,1.0,0,0,0,1,1,0,0,1.0,0
18492,62,11,1,1,1,50,8.0,3,3, ,2,5,0.0,8.0,0.0,2,2, ,229.341110229492,4,18492-62-11-1,50.0,1,,2.0,3.0,0.0,0,1,0,1,1,0,0,0.0,0
18492,121,11,1,1,2,78,10.0,5,5,3,7,1,0.0,0.0,0.0,2,2, ,229.341110229492,6,18492-121-11-1,78.0,1,3.0,7.0,5.0,1.0,0,0,0,1,1,0,0,1.0,0
18493,14,11,1,1,1,56,10.0,5,3,1,2,1,0.0,8.0,0.0,2,3, ,230.29443359375,2,18493-14-11-1,56.0,1,1.0,2.0,3.0,0.0,0,1,0,1,1,0,0,0.0,0
18493,25,11,1,1,1,20,6.0,5,3,2,2,1,0.0,8.0,0.0,2,3, ,230.29443359375,2,18493-25-11-1,20.0,1,2.0,2.0,3.0,0.0,0,1,0,1,1,0,0,0.0,0
18494,29,11,1,1,1,47,9.0,1,3,1,2,2,0.0,8.0,0.0,2,2, ,258.527801513672,4,18494-29-11-1,47.0,1,1.0,2.0,3.0,0.0,0,1,0,1,1,0,0,0.0,0
18494,109,11,1,1,2,19,9.0,1,4,1,2,2,0.0,8.0,0.0,2,2, ,258.527801513672,2,18494-109-11-1,19.0,1,1.0,2.0,4.0,0.0,0,1,1,1,1,0,1,0.0,1
18495,32,11,1,1,1,82,3.0,1,2,3, ,1,0.0,8.0,0.0,2,3, ,242.733139038086,2,18495-32-11-1,82.0,1,3.0,,2.0,1.0,0,1,0,1,1,0,0,1.0,0
18495,72,11,1,1,2,43,8.0,3,3,1,2,5,0.0,8.0,0.0,2,3, ,242.733139038086,4,18495-72-11-1,43.0,1,1.0,2.0,3.0,0.0,0,1,0,1,1,0,0,0.0,0
18495,113,11,1,1,1,65,6.0,5,3, ,1,5,0.0,0.0,0.0,2,3, ,242.733139038086,4,18495-113-11-1,65.0,1,,1.0,3.0,0.0,0,0,0,1,1,0,0,0.0,0
18495,154,11,1,1,1,78,5.0,2, , , , ,0.0,0.0,0.0,2,3, ,242.733139038086,5,18495-154-11-1,78.0,1,,,,0.0,0,0,0,1,1,0,0,0.0,0
18496,19,11,1,1,2,90,3.0,2, , , , ,0.0,0.0,0.0,2,4, ,239.802093505859,4,18496-19-11-1,90.0,1,,,,0.0,0,0,0,1,1,0,0,0.0,0
18496,36,11,1,1,1,78,3.0,2,2,3, ,1,0.0,0.0,0.0,2,4, ,239.802093505859,2,18496-36-11-1,78.0,1,3.0,,2.0,1.0,0,0,0,1,1,0,0,1.0,0
18496,51,11,1,1,1,48,6.0,5,2,3, ,1,0.0,0.0,0.0,2,4, ,239.802093505859,4,18496-51-11-1,48.0,1,3.0,,2.0,1.0,0,0,0,1,1,0,0,1.0,0
18496,87,11,1,1,2,47,6.0,5,2,2, ,1,0.0,0.0,0.0,2,4, ,239.802093505859,4,18496-87-11-1,47.0,1,2.0,,2.0,0.0,0,0,0,1,1,0,0,0.0,0
18496,106,12,1,1,2,60,1.0, ,2,3, ,1,0.0,0.0,0.0,2,4, ,239.802093505859,3,18496-106-12-1,60.0,1,3.0,,2.0,1.0,0,0,0,1,1,0,0,1.0,0
18497,13,11,1,1,2,60,6.0,5,2,3, ,1,0.0,0.0,0.0,2,2, ,242.733139038086,3,18497-13-11-1,60.0,1,3.0,,2.0,1.0,0,0,0,1,1,0,0,1.0,0
18497,30,11,1,1,2,86,3.0,3, , , , ,0.0,0.0,0.0,2,2, ,242.733139038086,1,18497-30-11-1,86.0,1,,,,0.0,0,0,0,1,1,0,0,0.0,0
18497,44,11,1,1,1,53,5.0,3,4,1,2,4,0.0,0.0,0.0,2,2, ,242.733139038086,5,18497-44-11-1,53.0,1,1.0,2.0,4.0,0.0,0,0,0,1,1,0,0,0.0,0
18497,60,11,1,1,1,61,5.0,3,4,1,2,5,0.0,0.0,0.0,2,2, ,242.733139038086,1,18497-60-11-1,61.0,1,1.0,2.0,4.0,0.0,0,0,0,1,1,0,0,0.0,0
18497,124,11,1,1,1,71,4.0,5, , , , ,0.0,0.0,0.0,2,2, ,242.733139038086,9,18497-124-11-1,71.0,1,,,,0.0,0,0,0,1,1,0,0,0.0,0
18497,138,12,1,1,2,58,1.0, , , , , ,0.0,0.0,0.0,2,2, ,242.733139038086,3,18497-138-12-1,58.0,1,,,,0.0,0,0,0,1,1,0,0,0.0,0
18497,138,22,1,1,2,39,6.0,5, , , , ,0.0,0.0,0.0,2,2, ,242.733139038086,5,18497-138-22-1,39.0,1,,,,0.0,0,0,0,1,1,0,0,0.0,0
18498,12,11,1,1,2,44,4.0,0,2,2, ,1,0.0,0.0,0.0,2,3, ,258.527801513672,3,18498-12-11-1,44.0,1,2.0,,2.0,0.0,0,0,0,1,1,0,0,0.0,0
18498,34,11,1,1,2,48,4.0,0,2,3, ,1,0.0,8.0,0.0,2,3, ,258.527801513672,3,18498-34-11-1,48.0,1,3.0,,2.0,1.0,0,1,0,1,1,0,0,1.0,0
18498,77,11,1,1,1,62,6.0,5,4, ,2,5,0.0,0.0,0.0,2,3, ,258.527801513672,7,18498-77-11-1,62.0,1,,2.0,4.0,0.0,0,0,0,1,1,0,0,0.0,0
18498,163,11,1,1,2,64,1.0, ,2,3, ,1,0.0,8.0,0.0,2,3, ,258.527801513672,5,18498-163-11-1,64.0,1,3.0,,2.0,1.0,0,1,0,1,1,0,0,1.0,0
18499,50,11,1,1,1,45,3.0,0,4,3,7,1,0.0,0.0,0.0,2,5, ,279.083740234375,1,18499-50-11-1,45.0,1,3.0,7.0,4.0,1.0,0,0,0,1,1,0,0,1.0,0
18499,90,11,1,1,2,61,6.0,5, , , , ,0.0,0.0,0.0,2,5, ,279.083740234375,2,18499-90-11-1,61.0,1,,,,0.0,0,0,0,1,1,0,0,0.0,0
18499,112,11,1,1,1,58,6.0,5,6, ,7,1,0.0,8.0,0.0,2,5, ,279.083740234375,1,18499-112-11-1,58.0,1,,7.0,6.0,1.0,0,1,1,1,1,0,1,1.0,1
18500,91,11,1,1,2,39,8.0,3,1,3, ,1,0.0,8.0,0.0,2,2, ,230.29443359375,5,18500-91-11-1,39.0,1,3.0,,1.0,1.0,0,1,0,1,1,0,0,1.0,0
18500,123,11,1,1,2,29,10.0,6, , , , ,0.0,8.0,0.0,2,2, ,230.29443359375,3,18500-123-11-1,29.0,1,,,,0.0,0,1,0,1,1,0,0,0.0,0
18501,3,11,1,1,2,24,6.0,5,4,3,7,2,0.0,8.0,0.0,2,4, ,279.083740234375,2,18501-3-11-1,24.0,1,3.0,7.0,4.0,1.0,0,1,0,1,1,0,0,1.0,0
18501,16,11,1,1,1,35,3.0,0,4,1,2,4,0.0,0.0,0.0,2,4, ,279.083740234375,4,18501-16-11-1,35.0,1,1.0,2.0,4.0,0.0,0,0,0,1,1,0,0,0.0,0
18501,31,11,1,1,2,31,6.0,5,4,1,7,4,0.0,8.0,0.0,2,4, ,279.083740234375,3,18501-31-11-1,31.0,1,1.0,7.0,4.0,1.0,0,1,1,1,1,0,1,1.0,1
18501,59,11,1,1,2,30,1.0, ,4,3,7,2,0.0,0.0,0.0,2,4, ,279.083740234375,4,18501-59-11-1,30.0,1,3.0,7.0,4.0,1.0,0,0,0,1,1,0,0,1.0,0
18501,71,11,1,1,2,59,1.0, , , , , ,0.0,0.0,0.0,2,4, ,279.083740234375,1,18501-71-11-1,59.0,1,,,,0.0,0,0,0,1,1,0,0,0.0,0
18501,84,11,1,1,1,38,10.0,5, , , , ,0.0,8.0,0.0,2,4, ,279.083740234375,6,18501-84-11-1,38.0,1,,,,0.0,0,1,1,1,1,0,1,0.0,1
18502,11,11,1,1,2,33,6.0,5, , , , ,0.0,0.0,0.0,2,5, ,251.759353637695,4,18502-11-11-1,33.0,1,,,,0.0,0,0,0,1,1,0,0,0.0,0
18502,49,11,1,1,1,56,3.0,0,4, ,5,5,0.0,0.0,0.0,2,5, ,251.759353637695,5,18502-49-11-1,56.0,1,,5.0,4.0,0.0,0,0,0,1,1,0,0,0.0,0
18502,59,11,1,1,2,50,6.0,5,2,3, ,1,0.0,8.0,0.0,2,5, ,251.759353637695,3,18502-59-11-1,50.0,1,3.0,,2.0,1.0,0,1,0,1,1,0,0,1.0,0
18502,69,11,1,1,1,49,3.0,0, , , , ,0.0,0.0,0.0,2,5, ,251.759353637695,3,18502-69-11-1,49.0,1,,,,0.0,0,0,0,1,1,0,0,0.0,0
18507,1,11,1,1,2,88,3.0,4, , , , ,0.0,0.0,0.0,5,5,1,750.430114746094,3,18507-1-11-1,88.0,1,,,,0.0,0,0,0,1,1,0,0,0.0,0
18507,35,11,1,1,1,76,6.0,5,1,3, ,1,0.0,0.0,0.0,5,5,1,750.430114746094,2,18507-35-11-1,76.0,1,3.0,,1.0,1.0,0,0,0,1,1,0,0,1.0,0
18507,49,11,1,1,2,67,3.0,3,2,3, ,1,0.0,0.0,0.0,5,5,1,750.430114746094,1,18507-49-11-1,67.0,1,3.0,,2.0,1.0,0,0,0,1,1,0,0,1.0,0
18507,65,11,1,1,1,69,6.0,5,2,3, ,1,0.0,0.0,0.0,5,5,1,750.430114746094,7,18507-65-11-1,69.0,1,3.0,,2.0,1.0,0,0,0,1,1,0,0,1.0,0
18507,78,11,1,1,2,65,11.0,2,3, ,1,5,0.0,0.0,0.0,5,5,1,750.430114746094,3,18507-78-11-1,65.0,1,,1.0,3.0,0.0,0,0,0,1,1,0,0,0.0,0
18507,103,11,1,1,1,53,6.0,5,5,3,7,1,0.0,8.0,0.0,5,5,1,750.430114746094,3,18507-103-11-1,53.0,1,3.0,7.0,5.0,1.0,0,1,0,1,1,0,0,1.0,0
18508,75,11,1,1,2,41,6.0,5,4,1,2,5,0.0,0.0,0.0,5,5,1,91.2478942871094,5,18508-75-11-1,41.0,1,1.0,2.0,4.0,0.0,0,0,0,1,1,0,0,0.0,0
18508,97,11,1,1,1,70,10.0,5,3,1,7,1,0.0,0.0,0.0,5,5,1,91.2478942871094,1,18508-97-11-1,70.0,1,1.0,7.0,3.0,1.0,0,0,0,1,1,0,0,1.0,0
18508,138,11,1,1,1,41,8.0,3,3, ,6,5,0.0,0.0,0.0,5,5,1,91.2478942871094,1,18508-138-11-1,41.0,1,,6.0,3.0,0.0,0,0,0,1,1,0,0,0.0,0
18508,161,12,1,1,1,63,4.0,6,2,2, ,1,0.0,0.0,0.0,5,5,1,91.2478942871094,6,18508-161-12-1,63.0,1,2.0,,2.0,0.0,0,0,0,1,1,0,0,0.0,0
18508,161,22,1,1,2,37,1.0, ,2,3, ,1,0.0,0.0,0.0,5,5,2,91.2478942871094,4,18508-161-22-1,37.0,1,3.0,,2.0,1.0,0,0,0,1,1,0,0,1.0,0
18517,17,11,1,1,1,81,6.0,5, , , , ,0.0,0.0,0.0,2,7,1,111.045082092285,2,18517-17-11-1,81.0,1,,,,0.0,0,0,0,1,1,0,0,0.0,0
18517,18,11,1,1,1,44,5.0,3,4,3,7,1,0.0,0.0,0.0,2,7,1,111.045082092285,5,18517-18-11-1,44.0,1,3.0,7.0,4.0,1.0,0,0,0,1,1,0,0,1.0,0
18517,20,11,1,1,1,76,6.0,5,2,3, ,1,0.0,0.0,0.0,2,7,1,111.045082092285,4,18517-20-11-1,76.0,1,3.0,,2.0,1.0,0,0,0,1,1,0,0,1.0,0
18517,81,11,1,1,1,58,5.0,3,4,2,7,1,0.0,0.0,0.0,2,7,1,111.045082092285,4,18517-81-11-1,58.0,1,2.0,7.0,4.0,1.0,0,0,0,1,1,0,0,1.0,0
18517,83,11,1,1,1,43,4.0,0,4,3,7,1,0.0,0.0,0.0,2,7,1,111.045082092285,6,18517-83-11-1,43.0,1,3.0,7.0,4.0,1.0,0,0,0,1,1,0,0,1.0,0
18517,84,11,1,1,2,34,6.0,5,3,2,7,1,0.0,8.0,0.0,2,7,1,111.045082092285,3,18517-84-11-1,34.0,1,2.0,7.0,3.0,1.0,0,1,0,1,1,0,0,1.0,0
18519,1,11,1,1,1,71,6.0,5,2,3, ,1,0.0,0.0,0.0,2,8,1,96.3474807739258,4,18519-1-11-1,71.0,1,3.0,,2.0,1.0,0,0,0,1,1,0,0,1.0,0
18519,4,11,1,1,1,81,4.0,5,2,3, ,1,0.0,0.0,0.0,2,8,1,96.3474807739258,2,18519-4-11-1,81.0,1,3.0,,2.0,1.0,0,0,0,1,1,0,0,1.0,0
18519,13,11,1,1,2,83,4.0,5, , , , ,0.0,0.0,0.0,2,8,1,96.3474807739258,1,18519-13-11-1,83.0,1,,,,0.0,0,0,0,1,1,0,0,0.0,0
18519,15,11,1,1,2,62,5.0,2,2,3, ,1,0.0,8.0,0.0,2,8,1,96.3474807739258,4,18519-15-11-1,62.0,1,3.0,,2.0,1.0,0,1,0,1,1,0,0,1.0,0
18519,16,11,1,1,2,39,5.0,3,2,3, ,1,0.0,8.0,0.0,2,8,1,96.3474807739258,4,18519-16-11-1,39.0,1,3.0,,2.0,1.0,0,1,0,1,1,0,0,1.0,0
18519,17,11,1,1,1,50,6.0,5,2,3, ,1,0.0,0.0,0.0,2,8,1,96.3474807739258,2,18519-17-11-1,50.0,1,3.0,,2.0,1.0,0,0,0,1,1,0,0,1.0,0
18520,9,11,1,1,1,48,6.0,5,4,3,7,1,0.0,0.0,0.0,2,6,1,110.872856140137,5,18520-9-11-1,48.0,1,3.0,7.0,4.0,1.0,0,0,0,1,1,0,0,1.0,0
18520,30,11,1,1,2,50,6.0,5, , , , ,0.0,0.0,0.0,2,6,1,110.872856140137,3,18520-30-11-1,50.0,1,,,,0.0,0,0,0,1,1,0,0,0.0,0
18520,53,11,1,1,1,66,5.0,3,2,3, ,1,0.0,0.0,0.0,2,6,1,110.872856140137,2,18520-53-11-1,66.0,1,3.0,,2.0,1.0,0,0,0,1,1,0,0,1.0,0
18520,82,11,1,1,1,82,4.0,5, , , , ,0.0,0.0,0.0,2,6,1,110.872856140137,3,18520-82-11-1,82.0,1,,,,0.0,0,0,0,1,1,0,0,0.0,0
18521,9,11,1,1,1,50,6.0,5,2,3, ,1,0.0,0.0,0.0,2,7,1,100.032318115234,4,18521-9-11-1,50.0,1,3.0,,2.0,1.0,0,0,0,1,1,0,0,1.0,0
18521,10,11,1,1,2,82,3.0,1, , , , ,0.0,0.0,0.0,2,7,1,100.032318115234,3,18521-10-11-1,82.0,1,,,,0.0,0,0,0,1,1,0,0,0.0,0
18521,11,11,1,1,2,79,1.0, , , , , ,0.0,0.0,0.0,2,7,1,100.032318115234,1,18521-11-11-1,79.0,1,,,,0.0,0,0,0,1,1,0,0,0.0,0
18521,166,11,1,1,2,34,6.0,5,3,3,7,1,0.0,0.0,0.0,2,7,1,100.032318115234,3,18521-166-11-1,34.0,1,3.0,7.0,3.0,1.0,0,0,0,1,1,0,0,1.0,0
18521,167,11,1,1,2,51,3.0,0,4,3,7,1,0.0,0.0,0.0,2,7,1,100.032318115234,3,18521-167-11-1,51.0,1,3.0,7.0,4.0,1.0,0,0,0,1,1,0,0,1.0,0
18521,168,11,1,1,1,23,5.0,3,4,3,7,1,0.0,8.0,0.0,2,7,2,100.032318115234,3,18521-168-11-1,23.0,1,3.0,7.0,4.0,1.0,0,1,0,1,1,0,0,1.0,0
18522,33,11,1,1,1,46,6.0,5,2,3, ,1,0.0,8.0,0.0,2,7,1,100.032318115234,3,18522-33-11-1,46.0,1,3.0,,2.0,1.0,0,1,1,1,1,0,1,1.0,1
18522,34,11,1,1,1,48,8.0,3,2,3, ,1,0.0,0.0,0.0,2,7,1,100.032318115234,5,18522-34-11-1,48.0,1,3.0,,2.0,1.0,0,0,0,1,1,0,0,1.0,0
18522,35,11,1,1,1,50,4.0,0,2,3, ,1,0.0,8.0,0.0,2,7,1,100.032318115234,3,18522-35-11-1,50.0,1,3.0,,2.0,1.0,0,1,0,1,1,0,0,1.0,0
18522,36,11,1,1,1,90,6.0,5,2,3, ,1,0.0,0.0,0.0,2,7,1,100.032318115234,1,18522-36-11-1,90.0,1,3.0,,2.0,1.0,0,0,0,1,1,0,0,1.0,0
18522,101,11,1,1,1,63,6.0,5,4,3,7,1,0.0,8.0,0.0,2,7,1,100.032318115234,1,18522-101-11-1,63.0,1,3.0,7.0,4.0,1.0,0,1,0,1,1,0,0,1.0,0
18522,102,11,1,1,2,28,6.0,5,4,3,7,1,0.0,8.0,0.0,2,7,1,100.032318115234,2,18522-102-11-1,28.0,1,3.0,7.0,4.0,1.0,0,1,0,1,1,0,0,1.0,0
18522,103,11,1,1,1,62,4.0,5, , , , ,0.0,8.0,0.0,2,7,1,100.032318115234,4,18522-103-11-1,62.0,1,,,,0.0,0,1,0,1,1,0,0,0.0,0
18522,104,11,1,1,2,50,1.0, ,2,3, ,1,0.0,0.0,0.0,2,7,1,100.032318115234,3,18522-104-11-1,50.0,1,3.0,,2.0,1.0,0,0,0,1,1,0,0,1.0,0
18523,42,11,1,1,1,58,5.0,2,4,2,7,4,0.0,0.0,0.0,2,8,1,111.045082092285,9,18523-42-11-1,58.0,1,2.0,7.0,4.0,1.0,0,0,0,1,1,0,0,1.0,0
18523,43,11,1,1,1,87,3.0,1,2,3, ,1,0.0,0.0,0.0,2,8,1,111.045082092285,2,18523-43-11-1,87.0,1,3.0,,2.0,1.0,0,0,0,1,1,0,0,1.0,0
18523,44,11,1,1,1,64,6.0,5,4,1,7,5,0.0,0.0,0.0,2,8,1,111.045082092285,1,18523-44-11-1,64.0,1,1.0,7.0,4.0,1.0,0,0,0,1,1,0,0,1.0,0
18523,87,11,1,1,1,49,6.0,5,2,3, ,1,0.0,0.0,0.0,2,8,1,111.045082092285,4,18523-87-11-1,49.0,1,3.0,,2.0,1.0,0,0,0,1,1,0,0,1.0,0
18523,93,11,1,1,1,65,5.0,3,2,3, ,1,0.0,0.0,0.0,2,8,1,111.045082092285,2,18523-93-11-1,65.0,1,3.0,,2.0,1.0,0,0,0,1,1,0,0,1.0,0
18523,96,11,1,1,2,51,6.0,5,6, ,7,1,0.0,0.0,0.0,2,8,1,111.045082092285,3,18523-96-11-1,51.0,1,,7.0,6.0,1.0,0,0,0,1,1,0,0,1.0,0
18523,97,11,1,1,1,31,9.0,2,4, ,6,5,0.0,8.0,0.0,2,8,1,111.045082092285,4,18523-97-11-1,31.0,1,,6.0,4.0,0.0,0,1,0,1,1,0,0,0.0,0
18526,13,11,1,1,2,41,8.0,3,2,2, ,1,0.0,8.0,0.0,2,6,1,100.032318115234,3,18526-13-11-1,41.0,1,2.0,,2.0,0.0,0,1,0,1,1,0,0,0.0,0
18526,22,11,1,1,2,40,6.0,5,4,3,7,1,0.0,0.0,0.0,2,6,1,100.032318115234,3,18526-22-11-1,40.0,1,3.0,7.0,4.0,1.0,0,0,0,1,1,0,0,1.0,0
18526,37,11,1,1,2,69,5.0,2,2,3, ,1,0.0,0.0,0.0,2,6,1,100.032318115234,2,18526-37-11-1,69.0,1,3.0,,2.0,1.0,0,0,0,1,1,0,0,1.0,0
18526,54,11,1,1,2,79,10.0,5, , , , ,0.0,0.0,0.0,2,6,1,100.032318115234,1,18526-54-11-1,79.0,1,,,,0.0,0,0,0,1,1,0,0,0.0,0
18526,61,11,1,1,2,59,4.0,5,2,3, ,1,0.0,0.0,0.0,2,6,1,100.032318115234,1,18526-61-11-1,59.0,1,3.0,,2.0,1.0,0,0,0,1,1,0,0,1.0,0
18526,93,11,1,1,1,82,4.0,5,2,3, ,1,0.0,0.0,0.0,2,6,1,100.032318115234,1,18526-93-11-1,82.0,1,3.0,,2.0,1.0,0,0,0,1,1,0,0,1.0,0
18528,15,11,1,1,1,47,5.0,2,6, ,7,1,0.0,0.0,0.0,2,6,2,111.045082092285,4,18528-15-11-1,47.0,1,,7.0,6.0,1.0,0,0,0,1,1,0,0,1.0,0
18528,26,11,1,1,1,88,3.0,2, , , , ,0.0,8.0,0.0,2,6,1,111.045082092285,2,18528-26-11-1,88.0,1,,,,0.0,0,1,0,1,1,0,0,0.0,0
18528,96,11,1,1,2,86,4.0,5, , , , ,0.0,0.0,0.0,2,6,1,111.045082092285,1,18528-96-11-1,86.0,1,,,,0.0,0,0,0,1,1,0,0,0.0,0
18528,119,11,1,1,1,73,3.0,1, , , , ,0.0,0.0,0.0,2,6,1,111.045082092285,7,18528-119-11-1,73.0,1,,,,0.0,0,0,0,1,1,0,0,0.0,0
18529,45,11,1,1,2,72,4.0,6,4,3,7,1,0.0,0.0,0.0,2,7,1,96.3474807739258,1,18529-45-11-1,72.0,1,3.0,7.0,4.0,1.0,0,0,0,1,1,0,0,1.0,0
18529,46,11,1,1,1,73,3.0,2,2,3, ,1,0.0,0.0,0.0,2,7,1,96.3474807739258,1,18529-46-11-1,73.0,1,3.0,,2.0,1.0,0,0,0,1,1,0,0,1.0,0
18529,48,11,1,1,1,41,3.0,0,4,3,7,1,0.0,0.0,0.0,2,7,1,96.3474807739258,1,18529-48-11-1,41.0,1,3.0,7.0,4.0,1.0,0,0,0,1,1,0,0,1.0,0
18529,114,11,1,1,1,65,3.0,3,4,3,7,1,0.0,0.0,0.0,2,7,1,96.3474807739258,3,18529-114-11-1,65.0,1,3.0,7.0,4.0,1.0,0,0,0,1,1,0,0,1.0,0
18529,115,11,1,1,2,48,8.0,3,2,3, ,1,0.0,0.0,0.0,2,7,1,96.3474807739258,3,18529-115-11-1,48.0,1,3.0,,2.0,1.0,0,0,0,1,1,0,0,1.0,0
18529,116,11,1,1,2,34,5.0,2, , , , ,0.0,0.0,0.0,2,7,1,96.3474807739258,3,18529-116-11-1,34.0,1,,,,0.0,0,0,0,1,1,0,0,0.0,0
18530,71,11,1,1,2,76,4.0,5,1,3, ,1,0.0,0.0,0.0,2,7,1,110.872856140137,1,18530-71-11-1,76.0,1,3.0,,1.0,1.0,0,0,0,1,1,0,0,1.0,0
18530,72,11,1,1,1,79,3.0,3,2,3, ,1,0.0,0.0,0.0,2,7,1,110.872856140137,1,18530-72-11-1,79.0,1,3.0,,2.0,1.0,0,0,0,1,1,0,0,1.0,0
18530,202,11,1,1,1,79,4.0,5,4,3,7,1,0.0,0.0,0.0,2,7,1,110.872856140137,1,18530-202-11-1,79.0,1,3.0,7.0,4.0,1.0,0,0,0,1,1,0,0,1.0,0
18530,203,11,1,1,1,58,1.0, ,4,3,7,1,0.0,0.0,0.0,2,7,1,110.872856140137,5,18530-203-11-1,58.0,1,3.0,7.0,4.0,1.0,0,0,0,1,1,0,0,1.0,0
18530,204,11,1,1,1,62,4.0,5,4,3,7,1,0.0,0.0,0.0,2,7,1,110.872856140137,5,18530-204-11-1,62.0,1,3.0,7.0,4.0,1.0,0,0,0,1,1,0,0,1.0,0
18530,205,11,1,1,2,55,6.0,5,4,3,7,1,0.0,8.0,0.0,2,7,1,110.872856140137,7,18530-205-11-1,55.0,1,3.0,7.0,4.0,1.0,0,1,0,1,1,0,0,1.0,0
18532,53,11,1,1,2,50,4.0,0,4,3,7,1,0.0,0.0,0.0,2,7, ,100.032318115234,3,18532-53-11-1,50.0,1,3.0,7.0,4.0,1.0,0,0,0,1,1,0,0,1.0,0
18532,54,11,1,1,1,62,5.0,3,4,3,7,1,0.0,0.0,0.0,2,7, ,100.032318115234,2,18532-54-11-1,62.0,1,3.0,7.0,4.0,1.0,0,0,0,1,1,0,0,1.0,0
18532,55,11,1,1,1,66,3.0,2,4,3,7,1,0.0,0.0,0.0,2,7, ,100.032318115234,2,18532-55-11-1,66.0,1,3.0,7.0,4.0,1.0,0,0,0,1,1,0,0,1.0,0
18532,56,11,1,1,1,55,9.0,4,4,3,7,1,0.0,0.0,0.0,2,7, ,100.032318115234,3,18532-56-11-1,55.0,1,3.0,7.0,4.0,1.0,0,0,0,1,1,0,0,1.0,0
18532,138,11,1,1,2,72,1.0, , , , , ,0.0,0.0,0.0,2,7, ,100.032318115234,1,18532-138-11-1,72.0,1,,,,0.0,0,0,0,1,1,0,0,0.0,0
18532,139,11,1,1,2,51,3.0,0,4,3,7,1,0.0,0.0,0.0,2,7, ,100.032318115234,7,18532-139-11-1,51.0,1,3.0,7.0,4.0,1.0,0,0,0,1,1,0,0,1.0,0
18532,140,11,1,1,1,49,8.0,3,4,1,2,4,0.0,0.0,0.0,2,7, ,100.032318115234,5,18532-140-11-1,49.0,1,1.0,2.0,4.0,0.0,0,0,0,1,1,0,0,0.0,0
18532,141,11,1,1,2,26,6.0,5,4,1,7,1,0.0,8.0,0.0,2,7, ,100.032318115234,3,18532-141-11-1,26.0,1,1.0,7.0,4.0,1.0,0,1,0,1,1,0,0,1.0,0
18533,5,11,1,1,1,69,3.0,2,2,3, ,1,0.0,0.0,0.0,2,7, ,96.3474807739258,2,18533-5-11-1,69.0,1,3.0,,2.0,1.0,0,0,0,1,1,0,0,1.0,0
18533,6,11,1,1,1,49,3.0,0,4,3,7,1,0.0,0.0,0.0,2,7, ,96.3474807739258,4,18533-6-11-1,49.0,1,3.0,7.0,4.0,1.0,0,0,0,1,1,0,0,1.0,0
18533,7,11,1,1,2,61,6.0,5,6, ,7,1,0.0,0.0,0.0,2,7, ,96.3474807739258,2,18533-7-11-1,61.0,1,,7.0,6.0,1.0,0,0,0,1,1,0,0,1.0,0
18533,189,11,1,1,2,38,4.0,0, , , , ,0.0,0.0,0.0,2,7, ,96.3474807739258,4,18533-189-11-1,38.0,1,,,,0.0,0,0,0,1,1,0,0,0.0,0
18533,190,11,1,1,1,71,4.0,6,2,3, ,1,0.0,0.0,0.0,2,7, ,96.3474807739258,1,18533-190-11-1,71.0,1,3.0,,2.0,1.0,0,0,0,1,1,0,0,1.0,0
18533,193,11,1,1,1,69,3.0,1,4,1,1,5,0.0,0.0,0.0,2,7, ,96.3474807739258,1,18533-193-11-1,69.0,1,1.0,1.0,4.0,0.0,0,0,0,1,1,0,0,0.0,0
18533,194,11,1,1,2,19,5.0,3,4,1,2,5,0.0,8.0,0.0,2,7, ,96.3474807739258,3,18533-194-11-1,19.0,1,1.0,2.0,4.0,0.0,0,1,0,1,1,0,0,0.0,0
18545,11,11,1,1,2,71,4.0,5, , , , ,0.0,0.0,0.0,5,6,1,127.043327331543,4,18545-11-11-1,71.0,1,,,,0.0,0,0,0,1,1,0,0,0.0,0
18545,19,11,1,1,1,82,4.0,5,2,3, ,1,0.0,0.0,0.0,5,6,1,127.043327331543,1,18545-19-11-1,82.0,1,3.0,,2.0,1.0,0,0,0,1,1,0,0,1.0,0
18545,31,11,1,1,1,42,6.0,5,4,3,7,1,0.0,0.0,0.0,5,6,1,127.043327331543,4,18545-31-11-1,42.0,1,3.0,7.0,4.0,1.0,0,0,1,1,1,0,1,1.0,1
18545,37,11,1,1,1,69,6.0,5,5,3,7,1,0.0,0.0,0.0,5,6,1,127.043327331543,2,18545-37-11-1,69.0,1,3.0,7.0,5.0,1.0,0,0,0,1,1,0,0,1.0,0
18545,44,11,1,1,1,65,6.0,5,2,3, ,1,0.0,0.0,0.0,5,6,1,127.043327331543,2,18545-44-11-1,65.0,1,3.0,,2.0,1.0,0,0,0,1,1,0,0,1.0,0
18545,63,11,1,1,2,82,4.0,5,4,3,7,1,0.0,0.0,0.0,5,6,1,127.043327331543,1,18545-63-11-1,82.0,1,3.0,7.0,4.0,1.0,0,0,0,1,1,0,0,1.0,0
18547,7,11,1,1,2,29,8.0,3,3, ,5,5,0.0,8.0,0.0,5,6,1,127.415306091309,2,18547-7-11-1,29.0,1,,5.0,3.0,0.0,0,1,0,1,1,0,0,0.0,0
18547,31,11,1,1,1,65,6.0,5,2,3, ,1,0.0,0.0,0.0,5,6,1,127.415306091309,2,18547-31-11-1,65.0,1,3.0,,2.0,1.0,0,0,0,1,1,0,0,1.0,0
18547,43,11,1,1,1,68,4.0,6,2,3, ,1,0.0,0.0,0.0,5,6,1,127.415306091309,2,18547-43-11-1,68.0,1,3.0,,2.0,1.0,0,0,0,1,1,0,0,1.0,0
18547,66,11,1,1,1,65,4.0,6,4,3,7,1,0.0,0.0,0.0,5,6,1,127.415306091309,2,18547-66-11-1,65.0,1,3.0,7.0,4.0,1.0,0,0,0,1,1,0,0,1.0,0
18547,77,11,1,1,1,81,6.0,5, , , , ,0.0,0.0,0.0,5,6,1,127.415306091309,4,18547-77-11-1,81.0,1,,,,0.0,0,0,0,1,1,0,0,0.0,0
18547,100,11,1,1,1,62,4.0,6,4,3,7,1,0.0,8.0,0.0,5,6,1,127.415306091309,1,18547-100-11-1,62.0,1,3.0,7.0,4.0,1.0,0,1,0,1,1,0,0,1.0,0
18548,74,11,1,1,2,44,4.0,0,2,2, ,1,0.0,0.0,0.0,5,7, ,120.713737487793,8,18548-74-11-1,44.0,1,2.0,,2.0,0.0,0,0,0,1,1,0,0,0.0,0
18548,75,11,1,1,2,65,3.0,0,2,3, ,1,0.0,0.0,0.0,5,7, ,120.713737487793,2,18548-75-11-1,65.0,1,3.0,,2.0,1.0,0,0,0,1,1,0,0,1.0,0
18548,76,11,1,1,1,84,1.0, ,2,3, ,1,0.0,0.0,0.0,5,7, ,120.713737487793,2,18548-76-11-1,84.0,1,3.0,,2.0,1.0,0,0,0,1,1,0,0,1.0,0
18548,77,11,1,1,1,65,6.0,5,2,3, ,1,0.0,8.0,0.0,5,7, ,120.713737487793,2,18548-77-11-1,65.0,1,3.0,,2.0,1.0,0,1,0,1,1,0,0,1.0,0
18548,199,11,1,1,1,67,4.0,5,2,3, ,1,0.0,0.0,0.0,5,7, ,120.713737487793,5,18548-199-11-1,67.0,1,3.0,,2.0,1.0,0,0,0,1,1,0,0,1.0,0
18548,200,11,1,1,1,29,5.0,2,2,3, ,1,0.0,8.0,0.0,5,7, ,120.713737487793,6,18548-200-11-1,29.0,1,3.0,,2.0,1.0,0,1,0,1,1,0,0,1.0,0
18548,201,11,1,1,1,46,5.0,3,7,3,7,1,0.0,0.0,0.0,5,7, ,120.713737487793,5,18548-201-11-1,46.0,1,3.0,7.0,7.0,1.0,0,0,0,1,1,0,0,1.0,0
18548,202,11,1,1,1,79,3.0,4, , , , ,0.0,0.0,0.0,5,7, ,120.713737487793,6,18548-202-11-1,79.0,1,,,,0.0,0,0,0,1,1,0,0,0.0,0
18549,3,11,1,1,1,63,6.0,5,2,3, ,1,0.0,8.0,0.0,5,6, ,120.713737487793,2,18549-3-11-1,63.0,1,3.0,,2.0,1.0,0,1,0,1,1,0,0,1.0,0
18549,9,11,1,1,1,54,9.0,1,2,3, ,1,0.0,8.0,0.0,5,6, ,120.713737487793,2,18549-9-11-1,54.0,1,3.0,,2.0,1.0,0,1,0,1,1,0,0,1.0,0
18549,14,11,1,1,1,54,6.0,5,2,3, ,1,0.0,0.0,0.0,5,6, ,120.713737487793,6,18549-14-11-1,54.0,1,3.0,,2.0,1.0,0,0,0,1,1,0,0,1.0,0
18549,19,11,1,1,1,45,8.0,3,4,1,7,1,0.0,8.0,0.0,5,6, ,120.713737487793,4,18549-19-11-1,45.0,1,1.0,7.0,4.0,1.0,0,1,0,1,1,0,0,1.0,0
18549,44,11,1,1,1,57,6.0,5,2,3, ,1,0.0,0.0,0.0,5,6, ,120.713737487793,4,18549-44-11-1,57.0,1,3.0,,2.0,1.0,0,0,0,1,1,0,0,1.0,0
18549,50,11,1,1,2,48,5.0,3,2,3, ,1,0.0,0.0,0.0,5,6, ,120.713737487793,4,18549-50-11-1,48.0,1,3.0,,2.0,1.0,0,0,0,1,1,0,0,1.0,0
18549,61,11,1,1,2,73,4.0,5,1,3, ,1,0.0,0.0,0.0,5,6, ,120.713737487793,1,18549-61-11-1,73.0,1,3.0,,1.0,1.0,0,0,0,1,1,0,0,1.0,0
18549,64,11,1,1,1,73,3.0,3, , , , ,0.0,0.0,0.0,5,6, ,120.713737487793,1,18549-64-11-1,73.0,1,,,,0.0,0,0,0,1,1,0,0,0.0,0
18550,45,11,1,1,2,64,5.0,3,2,3, ,1,0.0,0.0,0.0,5,7,1,120.713737487793,3,18550-45-11-1,64.0,1,3.0,,2.0,1.0,0,0,0,1,1,0,0,1.0,0
18550,75,11,1,1,1,86,4.0,5,2,3, ,1,0.0,0.0,0.0,5,7,1,120.713737487793,3,18550-75-11-1,86.0,1,3.0,,2.0,1.0,0,0,0,1,1,0,0,1.0,0
18550,76,11,1,1,1,79,4.0,6,2,3, ,1,0.0,0.0,0.0,5,7,2,120.713737487793,1,18550-76-11-1,79.0,1,3.0,,2.0,1.0,0,0,0,1,1,0,0,1.0,0
18554,10,11,1,1,2,35,6.0,5,2,3, ,1,0.0,0.0,0.0,5,6,1,127.043327331543,3,18554-10-11-1,35.0,1,3.0,,2.0,1.0,0,0,0,1,1,0,0,1.0,0
18554,17,11,1,1,2,73,3.0,1, , , , ,0.0,0.0,0.0,5,6,1,127.043327331543,1,18554-17-11-1,73.0,1,,,,0.0,0,0,0,1,1,0,0,0.0,0
18554,28,11,1,1,1,55,9.0,2,2,3, ,1,0.0,0.0,0.0,5,6,1,127.043327331543,5,18554-28-11-1,55.0,1,3.0,,2.0,1.0,0,0,0,1,1,0,0,1.0,0
18554,43,11,1,1,1,29,8.0,3,2,3, ,1,0.0,8.0,0.0,5,6,1,127.043327331543,1,18554-43-11-1,29.0,1,3.0,,2.0,1.0,0,1,0,1,1,0,0,1.0,0
18554,48,11,1,1,1,51,3.0,0,2,3, ,1,0.0,0.0,0.0,5,6,1,127.043327331543,2,18554-48-11-1,51.0,1,3.0,,2.0,1.0,0,0,0,1,1,0,0,1.0,0
18554,59,11,1,1,1,67,4.0,6,2,3, ,1,0.0,0.0,0.0,5,6,1,127.043327331543,5,18554-59-11-1,67.0,1,3.0,,2.0,1.0,0,0,0,1,1,0,0,1.0,0
18555,3,11,1,1,1,43,6.0,5,4, ,6,5,0.0,0.0,0.0,5,6,1,111.873802185059,4,18555-3-11-1,43.0,1,,6.0,4.0,0.0,0,0,0,1,1,0,0,0.0,0
18555,19,11,1,1,2,72,4.0,5,2,3, ,1,0.0,0.0,0.0,5,6,1,111.873802185059,2,18555-19-11-1,72.0,1,3.0,,2.0,1.0,0,0,0,1,1,0,0,1.0,0
18555,84,11,1,1,1,83,6.0,5,2,3, ,1,0.0,0.0,0.0,5,6,1,111.873802185059,2,18555-84-11-1,83.0,1,3.0,,2.0,1.0,0,0,0,1,1,0,0,1.0,0
18555,95,11,1,1,1,33,6.0,5,4, ,7,5,0.0,0.0,0.0,5,6,1,111.873802185059,5,18555-95-11-1,33.0,1,,7.0,4.0,1.0,0,0,0,1,1,0,0,1.0,0
18555,105,11,1,1,1,52,5.0,2,4, ,7,5,0.0,0.0,0.0,5,6,1,111.873802185059,2,18555-105-11-1,52.0,1,,7.0,4.0,1.0,0,0,0,1,1,0,0,1.0,0
18555,116,11,1,1,1,94,4.0,5, , , , ,0.0,0.0,0.0,5,6,1,111.873802185059,2,18555-116-11-1,94.0,1,,,,0.0,0,0,0,1,1,0,0,0.0,0
18556,1,11,1,1,1,60,5.0,3,2,3, ,1,0.0,0.0,0.0,5,8,1,127.043327331543,2,18556-1-11-1,60.0,1,3.0,,2.0,1.0,0,0,0,1,1,0,0,1.0,0
18556,2,11,1,1,1,39,6.0,5,2,3, ,1,0.0,0.0,0.0,5,8,1,127.043327331543,4,18556-2-11-1,39.0,1,3.0,,2.0,1.0,0,0,0,1,1,0,0,1.0,0
18556,4,11,1,1,1,56,4.0,0,4,3,7,1,0.0,0.0,0.0,5,8,1,127.043327331543,2,18556-4-11-1,56.0,1,3.0,7.0,4.0,1.0,0,0,0,1,1,0,0,1.0,0
18556,42,11,1,1,1,44,3.0,0,2,3, ,1,0.0,0.0,0.0,5,8,1,127.043327331543,6,18556-42-11-1,44.0,1,3.0,,2.0,1.0,0,0,0,1,1,0,0,1.0,0
18556,43,11,1,1,2,31,3.0,0,4,3,7,1,0.0,8.0,0.0,5,8,1,127.043327331543,5,18556-43-11-1,31.0,1,3.0,7.0,4.0,1.0,0,1,0,1,1,0,0,1.0,0
18557,6,11,1,1,1,51,5.0,2,2,3, ,1,0.0,0.0,0.0,5,6,1,111.873802185059,3,18557-6-11-1,51.0,1,3.0,,2.0,1.0,0,0,0,1,1,0,0,1.0,0
18557,14,11,1,1,1,89,3.0,3, , , , ,0.0,0.0,0.0,5,6,1,111.873802185059,3,18557-14-11-1,89.0,1,,,,0.0,0,0,0,1,1,0,0,0.0,0
18557,22,11,1,1,1,65,4.0,6,2,3, ,1,0.0,0.0,0.0,5,6,1,111.873802185059,3,18557-22-11-1,65.0,1,3.0,,2.0,1.0,0,0,0,1,1,0,0,1.0,0
18557,30,11,1,1,1,42,5.0,2,2,3, ,1,0.0,0.0,0.0,5,6,1,111.873802185059,2,18557-30-11-1,42.0,1,3.0,,2.0,1.0,0,0,0,1,1,0,0,1.0,0
18557,46,11,1,1,2,86,1.0, ,2,3, ,1,0.0,0.0,0.0,5,6,1,111.873802185059,1,18557-46-11-1,86.0,1,3.0,,2.0,1.0,0,0,0,1,1,0,0,1.0,0
18557,70,11,1,1,2,75,4.0,6,2,3, ,1,0.0,0.0,0.0,5,6,1,111.873802185059,1,18557-70-11-1,75.0,1,3.0,,2.0,1.0,0,0,0,1,1,0,0,1.0,0
18557,78,11,1,1,1,74,4.0,6,1,3, ,1,0.0,0.0,0.0,5,6,1,111.873802185059,2,18557-78-11-1,74.0,1,3.0,,1.0,1.0,0,0,0,1,1,0,0,1.0,0
18557,92,11,1,1,1,73,4.0,5, , , , ,0.0,0.0,0.0,5,6,1,111.873802185059,2,18557-92-11-1,73.0,1,,,,0.0,0,0,0,1,1,0,0,0.0,0
18558,61,11,1,1,1,68,4.0,5,4,3,7,1,0.0,8.0,0.0,5,7,1,120.713737487793,1,18558-61-11-1,68.0,1,3.0,7.0,4.0,1.0,0,1,0,1,1,0,0,1.0,0
18558,64,11,1,1,2,37,6.0,5,2,3, ,1,0.0,0.0,0.0,5,7,1,120.713737487793,4,18558-64-11-1,37.0,1,3.0,,2.0,1.0,0,0,0,1,1,0,0,1.0,0
18558,163,11,1,1,1,38,6.0,5,2,3, ,1,0.0,8.0,0.0,5,7,1,120.713737487793,4,18558-163-11-1,38.0,1,3.0,,2.0,1.0,0,1,0,1,1,0,0,1.0,0
18558,164,11,1,1,1,38,4.0,0,2,3, ,1,0.0,8.0,0.0,5,7,1,120.713737487793,5,18558-164-11-1,38.0,1,3.0,,2.0,1.0,0,1,0,1,1,0,0,1.0,0
18558,166,11,1,1,1,48,5.0,3,2,3, ,1,0.0,8.0,0.0,5,7,1,120.713737487793,7,18558-166-11-1,48.0,1,3.0,,2.0,1.0,0,1,0,1,1,0,0,1.0,0
18558,167,11,1,1,1,52,4.0,0,2,3, ,1,0.0,0.0,0.0,5,7,1,120.713737487793,4,18558-167-11-1,52.0,1,3.0,,2.0,1.0,0,0,0,1,1,0,0,1.0,0
18558,168,11,1,1,2,30,4.0,0, , , , ,0.0,0.0,0.0,5,7,1,120.713737487793,3,18558-168-11-1,30.0,1,,,,0.0,0,0,0,1,1,0,0,0.0,0
18559,16,11,1,1,2,31,5.0,2,4, ,7,5,0.0,8.0,0.0,5,6,1,120.713737487793,3,18559-16-11-1,31.0,1,,7.0,4.0,1.0,0,1,0,1,1,0,0,1.0,0
18559,26,11,1,1,2,30,6.0,5,5,3,7,1,0.0,0.0,0.0,5,6,1,120.713737487793,5,18559-26-11-1,30.0,1,3.0,7.0,5.0,1.0,0,0,0,1,1,0,0,1.0,0
18559,35,11,1,1,2,43,5.0,1,2,3, ,1,0.0,8.0,0.0,5,6,1,120.713737487793,5,18559-35-11-1,43.0,1,3.0,,2.0,1.0,0,1,0,1,1,0,0,1.0,0
18559,70,11,1,1,1,58,6.0,5,2,3, ,1,0.0,0.0,0.0,5,6,1,120.713737487793,3,18559-70-11-1,58.0,1,3.0,,2.0,1.0,0,0,0,1,1,0,0,1.0,0
18559,79,11,1,1,1,70,5.0,3,2,3, ,1,0.0,0.0,0.0,5,6,1,120.713737487793,3,18559-79-11-1,70.0,1,3.0,,2.0,1.0,0,0,0,1,1,0,0,1.0,0
18559,97,11,1,1,1,87,4.0,5,2,3, ,1,0.0,0.0,0.0,5,6,1,120.713737487793,2,18559-97-11-1,87.0,1,3.0,,2.0,1.0,0,0,0,1,1,0,0,1.0,0
18559,106,11,1,1,1,79,4.0,5,2,3, ,1,0.0,0.0,0.0,5,6,1,120.713737487793,2,18559-106-11-1,79.0,1,3.0,,2.0,1.0,0,0,0,1,1,0,0,1.0,0
18561,17,11,1,1,1,54,5.0,3,2,3, ,1,0.0,0.0,0.0,5,8,1,120.713737487793,1,18561-17-11-1,54.0,1,3.0,,2.0,1.0,0,0,0,1,1,0,0,1.0,0
18561,20,11,1,1,1,76,3.0,3, , , , ,0.0,0.0,0.0,5,8,1,120.713737487793,2,18561-20-11-1,76.0,1,,,,0.0,0,0,0,1,1,0,0,0.0,0
18561,34,11,1,1,1,42,6.0,5,2,3, ,1,0.0,0.0,0.0,5,8,1,120.713737487793,3,18561-34-11-1,42.0,1,3.0,,2.0,1.0,0,0,0,1,1,0,0,1.0,0
18562,7,11,1,1,1,60,6.0,5,2,3, ,1,0.0,0.0,0.0,5,6, ,127.043327331543,2,18562-7-11-1,60.0,1,3.0,,2.0,1.0,0,0,0,1,1,0,0,1.0,0
18562,51,11,1,1,1,50,5.0,2,2,3, ,1,0.0,0.0,0.0,5,6, ,127.043327331543,4,18562-51-11-1,50.0,1,3.0,,2.0,1.0,0,0,0,1,1,0,0,1.0,0
18562,97,11,1,1,1,32,6.0,5,2,3, ,1,0.0,0.0,0.0,5,6, ,127.043327331543,5,18562-97-11-1,32.0,1,3.0,,2.0,1.0,0,0,0,1,1,0,0,1.0,0
18562,123,11,1,1,2,48,6.0,5,2,3, ,1,0.0,0.0,0.0,5,6, ,127.043327331543,2,18562-123-11-1,48.0,1,3.0,,2.0,1.0,0,0,0,1,1,0,0,1.0,0
18563,21,11,1,1,2,50,8.0,3,3, ,2,5,0.0,0.0,0.0,5,6, ,127.415306091309,3,18563-21-11-1,50.0,1,,2.0,3.0,0.0,0,0,0,1,1,0,0,0.0,0
18563,49,11,1,1,2,69,5.0,1,2,3, ,1,0.0,0.0,0.0,5,6, ,127.415306091309,1,18563-49-11-1,69.0,1,3.0,,2.0,1.0,0,0,0,1,1,0,0,1.0,0
18563,66,11,1,1,1,39,8.0,3,4,3,7,1,0.0,0.0,0.0,5,6, ,127.415306091309,4,18563-66-11-1,39.0,1,3.0,7.0,4.0,1.0,0,0,0,1,1,0,0,1.0,0
18564,10,11,1,1,1,73,3.0,1,2,3, ,1,0.0,0.0,0.0,5,8, ,111.873802185059,2,18564-10-11-1,73.0,1,3.0,,2.0,1.0,0,0,0,1,1,0,0,1.0,0
18564,11,11,1,1,1,59,5.0,3,2,3, ,1,0.0,0.0,0.0,5,8, ,111.873802185059,3,18564-11-11-1,59.0,1,3.0,,2.0,1.0,0,0,0,1,1,0,0,1.0,0
18564,12,11,1,1,1,69,3.0,2,2,3, ,1,0.0,0.0,0.0,5,8, ,111.873802185059,2,18564-12-11-1,69.0,1,3.0,,2.0,1.0,0,0,0,1,1,0,0,1.0,0
18564,89,11,1,1,1,63,4.0,5, , , , ,0.0,0.0,0.0,5,8, ,111.873802185059,2,18564-89-11-1,63.0,1,,,,0.0,0,0,0,1,1,0,0,0.0,0
18564,93,11,1,1,2,92,1.0, , , , , ,0.0,0.0,0.0,5,8, ,111.873802185059,1,18564-93-11-1,92.0,1,,,,0.0,0,0,0,1,1,0,0,0.0,0
18564,94,11,1,1,1,75,4.0,5, , , , ,0.0,0.0,0.0,5,8, ,111.873802185059,2,18564-94-11-1,75.0,1,,,,0.0,0,0,0,1,1,0,0,0.0,0
18564,96,11,1,1,2,75,3.0,2, , , , ,0.0,0.0,0.0,5,8, ,111.873802185059,1,18564-96-11-1,75.0,1,,,,0.0,0,0,0,1,1,0,0,0.0,0
18626,10,11,1,1,1,59,9.0,2,2,3, ,1,0.0,0.0,0.0,7,2,1,2.0168514251709,1,18626-10-11-1,59.0,1,3.0,,2.0,1.0,0,0,0,1,1,0,0,1.0,0
18628,70,11,1,1,1,58,11.0,2, , , , ,0.0,0.0,0.0,7,2,1,1.84358322620392,2,18628-70-11-1,58.0,1,,,,0.0,0,0,0,1,1,0,0,0.0,0
18629,38,11,1,1,2,67,9.0,4, , , , ,0.0,0.0,0.0,7,2,1,216.212554931641,3,18629-38-11-1,67.0,1,,,,0.0,0,0,1,1,1,0,1,0.0,1
18629,115,11,1,1,1,60,3.0,3,4,1,1,1,0.0,0.0,0.0,7,2,1,216.212554931641,2,18629-115-11-1,60.0,1,1.0,1.0,4.0,0.0,0,0,0,1,1,0,0,0.0,0
18629,154,11,1,1,2,56,6.0,5,3, ,4,5,0.0,0.0,0.0,7,2,1,216.212554931641,3,18629-154-11-1,56.0,1,,4.0,3.0,0.0,0,0,0,1,1,0,0,0.0,0
18630,11,11,1,1,1,57,4.0,0, , , , ,0.0,0.0,0.0,7,2,1,332.408843994141,1,18630-11-11-1,57.0,1,,,,0.0,0,0,0,1,1,0,0,0.0,0
18631,5,11,1,1,1,33,5.0,3,2,3, ,1,0.0,0.0,0.0,7,2,1,368.891326904297,2,18631-5-11-1,33.0,1,3.0,,2.0,1.0,0,0,0,1,1,0,0,1.0,0
18631,87,11,1,1,1,61,8.0,3, , , , ,0.0,0.0,0.0,7,2,1,368.891326904297,4,18631-87-11-1,61.0,1,,,,0.0,0,0,0,1,1,0,0,0.0,0
18631,104,11,1,1,2,58,6.0,5,2,3, ,1,0.0,0.0,0.0,7,2,1,368.891326904297,4,18631-104-11-1,58.0,1,3.0,,2.0,1.0,0,0,0,1,1,0,0,1.0,0
18632,2,11,1,1,1,40,5.0,2,4,3,7,1,0.0,0.0,0.0,7,2,1,336.464050292969,3,18632-2-11-1,40.0,1,3.0,7.0,4.0,1.0,0,0,0,1,1,0,0,1.0,0
18632,20,11,1,1,2,65,4.0,5, , , , ,0.0,0.0,0.0,7,2,1,336.464050292969,3,18632-20-11-1,65.0,1,,,,0.0,0,0,0,1,1,0,0,0.0,0
18632,44,11,1,1,1,20,6.0,5,4,3,7,1,0.0,8.0,0.0,7,2,1,336.464050292969,2,18632-44-11-1,20.0,1,3.0,7.0,4.0,1.0,0,1,0,1,1,0,0,1.0,0
18633,79,11,1,1,2,49,6.0,5,2,3, ,1,0.0,0.0,0.0,7,2,1,248.533477783203,9,18633-79-11-1,49.0,1,3.0,,2.0,1.0,0,0,0,1,1,0,0,1.0,0
18634,29,11,1,1,2,76,6.0,5, , , , ,0.0,0.0,0.0,7,2,1,248.533477783203,6,18634-29-11-1,76.0,1,,,,0.0,0,0,0,1,1,0,0,0.0,0
18634,44,11,1,1,1,75,6.0,5,7,3,7,1,0.0,0.0,0.0,7,2,1,248.533477783203,6,18634-44-11-1,75.0,1,3.0,7.0,7.0,1.0,0,0,0,1,1,0,0,1.0,0
18634,60,11,1,1,2,49,6.0,5, , , , ,0.0,0.0,0.0,7,2,1,248.533477783203,3,18634-60-11-1,49.0,1,,,,0.0,0,0,0,1,1,0,0,0.0,0
18634,91,11,1,1,1,79,10.0,5, , , , ,0.0,0.0,0.0,7,2,1,248.533477783203,1,18634-91-11-1,79.0,1,,,,0.0,0,0,0,1,1,0,0,0.0,0
18634,154,11,1,1,2,37,8.0,5,2,3, ,1,0.0,8.0,0.0,7,2,1,248.533477783203,6,18634-154-11-1,37.0,1,3.0,,2.0,1.0,0,1,0,1,1,0,0,1.0,0
18637,16,11,1,1,2,32,6.0,5,2,3, ,1,0.0,0.0,0.0,7,2,1,252.348052978516,4,18637-16-11-1,32.0,1,3.0,,2.0,1.0,0,0,1,1,1,0,1,1.0,1
18637,79,11,1,1,2,51,3.0,0,2,3, ,1,0.0,0.0,0.0,7,2,1,252.348052978516,2,18637-79-11-1,51.0,1,3.0,,2.0,1.0,0,0,0,1,1,0,0,1.0,0
18637,100,11,1,1,2,51,11.0,2,3, ,1,5,0.0,8.0,0.0,7,2,1,252.348052978516,4,18637-100-11-1,51.0,1,,1.0,3.0,0.0,0,1,0,1,1,0,0,0.0,0
18637,122,11,1,1,1,62,3.0,3,2,3, ,1,0.0,0.0,0.0,7,2,1,252.348052978516,6,18637-122-11-1,62.0,1,3.0,,2.0,1.0,0,0,0,1,1,0,0,1.0,0
18638,4,11,1,1,1,51,6.0,5,2,3, ,1,0.0,0.0,0.0,7,2,1,319.969940185547,2,18638-4-11-1,51.0,1,3.0,,2.0,1.0,0,0,0,1,1,0,0,1.0,0
18638,15,11,1,1,2,72,3.0,2, , , , ,0.0,0.0,0.0,7,2,1,319.969940185547,2,18638-15-11-1,72.0,1,,,,0.0,0,0,0,1,1,0,0,0.0,0
18638,67,11,1,1,1,66,4.0,5,5,3,7,1,0.0,0.0,0.0,7,2,1,319.969940185547,8,18638-67-11-1,66.0,1,3.0,7.0,5.0,1.0,0,0,0,1,1,0,0,1.0,0
18639,13,11,1,1,1,25,6.0,5,4,1,7,1,0.0,8.0,0.0,7,2,2,310.821502685547,3,18639-13-11-1,25.0,1,1.0,7.0,4.0,1.0,0,1,1,1,1,0,1,1.0,1
18639,33,11,1,1,1,31,6.0,5,3,1,2,3,0.0,0.0,0.0,7,2,2,310.821502685547,4,18639-33-11-1,31.0,1,1.0,2.0,3.0,0.0,0,0,0,1,1,0,0,0.0,0
18639,134,11,1,1,2,34,4.0,0,1,3, ,1,0.0,0.0,0.0,7,2,1,310.821502685547,7,18639-134-11-1,34.0,1,3.0,,1.0,1.0,0,0,0,1,1,0,0,1.0,0
18640,5,11,1,1,1,45,4.0,0,4,1,7,2,0.0,0.0,0.0,7,2,1,319.969940185547,5,18640-5-11-1,45.0,1,1.0,7.0,4.0,1.0,0,0,0,1,1,0,0,1.0,0
18640,37,11,1,1,2,37,3.0,0, , , , ,0.0,0.0,0.0,7,2,1,319.969940185547,4,18640-37-11-1,37.0,1,,,,0.0,0,0,0,1,1,0,0,0.0,0
18640,48,11,1,1,1,31,6.0,5, , , , ,0.0,0.0,0.0,7,2,1,319.969940185547,3,18640-48-11-1,31.0,1,,,,0.0,0,0,0,1,1,0,0,0.0,0
18640,59,11,1,1,1,68,6.0,5,5,3,7,1,0.0,0.0,0.0,7,2,1,319.969940185547,4,18640-59-11-1,68.0,1,3.0,7.0,5.0,1.0,0,0,0,1,1,0,0,1.0,0
18641,19,11,1,1,2,62,9.0,2,3,1,1,3,0.0,8.0,0.0,7,2,1,2.0168514251709,3,18641-19-11-1,62.0,1,1.0,1.0,3.0,0.0,0,1,1,1,1,0,1,0.0,1
18641,42,11,1,1,1,78,6.0,5,1,3, ,1,0.0,0.0,0.0,7,2,1,2.0168514251709,2,18641-42-11-1,78.0,1,3.0,,1.0,1.0,0,0,0,1,1,0,0,1.0,0
18641,65,11,1,1,2,72,7.0,1,2,3, ,1,0.0,0.0,0.0,7,2,1,2.0168514251709,4,18641-65-11-1,72.0,1,3.0,,2.0,1.0,0,0,0,1,1,0,0,1.0,0
18642,24,11,1,1,2,77,6.0,5, , , , ,0.0,0.0,0.0,7,2,1,1.84358322620392,2,18642-24-11-1,77.0,1,,,,0.0,0,0,0,1,1,0,0,0.0,0
18642,50,11,1,1,1,44,8.0,3,3, ,5,5,0.0,0.0,0.0,7,2,1,1.84358322620392,7,18642-50-11-1,44.0,1,,5.0,3.0,0.0,0,0,0,1,1,0,0,0.0,0
18642,64,11,1,1,1,54,6.0,5, , , , ,0.0,8.0,0.0,7,2,1,1.84358322620392,6,18642-64-11-1,54.0,1,,,,0.0,0,1,0,1,1,0,0,0.0,0
18643,11,11,1,1,1,87,3.0,3, , , , ,0.0,0.0,0.0,7,2,1,276.668487548828,5,18643-11-11-1,87.0,1,,,,0.0,0,0,0,1,1,0,0,0.0,0
18643,79,11,1,1,1,48,6.0,5,2,3, ,1,0.0,0.0,0.0,7,2,1,276.668487548828,4,18643-79-11-1,48.0,1,3.0,,2.0,1.0,0,0,0,1,1,0,0,1.0,0
18643,127,11,1,1,1,52,7.0,1,1,1, ,1,0.0,0.0,0.0,7,2,1,276.668487548828,2,18643-127-11-1,52.0,1,1.0,,1.0,0.0,0,0,0,1,1,0,0,0.0,0
18644,20,11,1,1,1,51,5.0,2,2,3, ,1,0.0,8.0,0.0,7,2,1,1.47723639011383,4,18644-20-11-1,51.0,1,3.0,,2.0,1.0,0,1,0,1,1,0,0,1.0,0
18644,46,11,1,1,1,85,5.0,3, , , , ,0.0,0.0,0.0,7,2,1,1.47723639011383,3,18644-46-11-1,85.0,1,,,,0.0,0,0,0,1,1,0,0,0.0,0
18644,97,11,1,1,1,55,5.0,2,4,3,7,1,0.0,0.0,0.0,7,2,1,1.47723639011383,4,18644-97-11-1,55.0,1,3.0,7.0,4.0,1.0,0,0,0,1,1,0,0,1.0,0
18644,175,11,1,1,1,65,5.0,2, , , , ,0.0,0.0,0.0,7,2,1,1.47723639011383,2,18644-175-11-1,65.0,1,,,,0.0,0,0,0,1,1,0,0,0.0,0
18645,3,11,1,1,2,62,3.0,1, , , , ,0.0,0.0,0.0,7,2,1,239.977447509766,3,18645-3-11-1,62.0,1,,,,0.0,0,0,0,1,1,0,0,0.0,0
18645,16,11,1,1,2,33,6.0,5, , , , ,0.0,0.0,0.0,7,2,1,239.977447509766,6,18645-16-11-1,33.0,1,,,,0.0,0,0,0,1,1,0,0,0.0,0
18645,51,11,1,1,1,69,3.0,3,4,3,7,1,0.0,0.0,0.0,7,2,1,239.977447509766,6,18645-51-11-1,69.0,1,3.0,7.0,4.0,1.0,0,0,0,1,1,0,0,1.0,0
18645,64,11,1,1,2,46,5.0,2,2,3, ,1,0.0,0.0,0.0,7,2,1,239.977447509766,8,18645-64-11-1,46.0,1,3.0,,2.0,1.0,0,0,0,1,1,0,0,1.0,0
18645,76,11,1,1,1,50,6.0,5,3,1,7,1,0.0,8.0,0.0,7,2,1,239.977447509766,4,18645-76-11-1,50.0,1,1.0,7.0,3.0,1.0,0,1,0,1,1,0,0,1.0,0
18647,8,11,1,1,1,31,6.0,5,3,1,2,4,0.0,0.0,0.0,7,2,1,288.283416748047,7,18647-8-11-1,31.0,1,1.0,2.0,3.0,0.0,0,0,0,1,1,0,0,0.0,0
18647,27,11,1,1,2,53,4.0,0, , , , ,0.0,0.0,0.0,7,2,1,288.283416748047,7,18647-27-11-1,53.0,1,,,,0.0,0,0,0,1,1,0,0,0.0,0
18647,45,11,1,1,2,65,3.0,1,2,3, ,1,0.0,0.0,0.0,7,2,1,288.283416748047,6,18647-45-11-1,65.0,1,3.0,,2.0,1.0,0,0,0,1,1,0,0,1.0,0
18647,64,11,1,1,1,44,5.0,3, , , , ,0.0,0.0,0.0,7,2,1,288.283416748047,9,18647-64-11-1,44.0,1,,,,0.0,0,0,0,1,1,0,0,0.0,0
18647,101,11,1,1,2,72,3.0,3,2,3, ,1,0.0,0.0,0.0,7,2,1,288.283416748047,11,18647-101-11-1,72.0,1,3.0,,2.0,1.0,0,0,0,1,1,0,0,1.0,0
18647,119,11,1,1,2,30,4.0,0,2,3, ,1,0.0,0.0,0.0,7,2,2,288.283416748047,4,18647-119-11-1,30.0,1,3.0,,2.0,1.0,0,0,0,1,1,0,0,1.0,0
18648,54,11,1,1,1,87,4.0,6, , , , ,0.0,0.0,0.0,7,2,1,310.821502685547,3,18648-54-11-1,87.0,1,,,,0.0,0,0,0,1,1,0,0,0.0,0
18648,59,11,1,1,2,68,5.0,1, , , , ,0.0,0.0,0.0,7,2,1,310.821502685547,6,18648-59-11-1,68.0,1,,,,0.0,0,0,0,1,1,0,0,0.0,0
18648,66,11,1,1,1,40,6.0,5,2,3, ,1,0.0,0.0,0.0,7,2,1,310.821502685547,4,18648-66-11-1,40.0,1,3.0,,2.0,1.0,0,0,0,1,1,0,0,1.0,0
18648,99,11,1,1,1,42,8.0,3,4,1,2,4,0.0,8.0,0.0,7,2,1,310.821502685547,5,18648-99-11-1,42.0,1,1.0,2.0,4.0,0.0,0,1,0,1,1,0,0,0.0,0
18649,3,11,1,1,1,68,5.0,4,1,3, ,1,0.0,0.0,0.0,7,2, ,1.84358322620392,5,18649-3-11-1,68.0,1,3.0,,1.0,1.0,0,0,0,1,1,0,0,1.0,0
18649,28,11,1,1,2,54,8.0,3,3, ,1,5,0.0,8.0,0.0,7,2, ,1.84358322620392,2,18649-28-11-1,54.0,1,,1.0,3.0,0.0,0,1,1,1,1,0,1,0.0,1
18649,40,11,1,1,1,42,6.0,5,2,3, ,1,0.0,8.0,0.0,7,2, ,1.84358322620392,5,18649-40-11-1,42.0,1,3.0,,2.0,1.0,0,1,1,1,1,0,1,1.0,1
18649,117,11,1,1,1,76,5.0,4,1,3, ,1,0.0,0.0,0.0,7,2, ,1.84358322620392,5,18649-117-11-1,76.0,1,3.0,,1.0,1.0,0,0,0,1,1,0,0,1.0,0
18650,6,12,1,1,2,42,6.0,5,2,3, ,1,0.0,8.0,0.0,7,2, ,1.47723639011383,3,18650-6-12-1,42.0,1,3.0,,2.0,1.0,0,1,1,1,1,0,1,1.0,1
18650,6,22,1,1,1,61,6.0,5,2,3, ,1,0.0,0.0,0.0,7,2, ,1.47723639011383,1,18650-6-22-1,61.0,1,3.0,,2.0,1.0,0,0,0,1,1,0,0,1.0,0
18650,38,11,1,1,2,42,8.0,5,3, ,2,5,0.0,0.0,0.0,7,2, ,1.47723639011383,2,18650-38-11-1,42.0,1,,2.0,3.0,0.0,0,0,0,1,1,0,0,0.0,0
18650,106,11,1,1,2,70,4.0,5,2,3, ,1,0.0,0.0,0.0,7,2, ,1.47723639011383,1,18650-106-11-1,70.0,1,3.0,,2.0,1.0,0,0,0,1,1,0,0,1.0,0
18650,114,11,1,1,1,63,3.0,4,2,3, ,1,0.0,0.0,0.0,7,2, ,1.47723639011383,5,18650-114-11-1,63.0,1,3.0,,2.0,1.0,0,0,0,1,1,0,0,1.0,0
18651,7,11,1,1,2,54,6.0,5,3, ,5,5,0.0,8.0,0.0,7,2, ,2.0168514251709,6,18651-7-11-1,54.0,1,,5.0,3.0,0.0,0,1,0,1,1,0,0,0.0,0
18651,38,11,1,1,1,66,9.0,3, , , , ,0.0,0.0,0.0,7,2, ,2.0168514251709,1,18651-38-11-1,66.0,1,,,,0.0,0,0,0,1,1,0,0,0.0,0
18651,87,12,1,1,2,31,4.0,0,2,3, ,1,0.0,8.0,0.0,7,2, ,2.0168514251709,5,18651-87-12-1,31.0,1,3.0,,2.0,1.0,0,1,0,1,1,0,0,1.0,0
18651,101,11,1,1,1,39,6.0,5,4,1,1,3,0.0,8.0,0.0,7,2, ,2.0168514251709,4,18651-101-11-1,39.0,1,1.0,1.0,4.0,0.0,0,1,0,1,1,0,0,0.0,0
18651,146,11,1,1,1,67,11.0,2, , , , ,0.0,0.0,0.0,7,2, ,2.0168514251709,4,18651-146-11-1,67.0,1,,,,0.0,0,0,0,1,1,0,0,0.0,0
18652,15,11,1,1,2,46,6.0,5,2,3, ,1,0.0,8.0,0.0,7,2, ,239.977447509766,6,18652-15-11-1,46.0,1,3.0,,2.0,1.0,0,1,0,1,1,0,0,1.0,0
18652,73,11,1,1,1,78,4.0,5,5,3,7,1,0.0,0.0,0.0,7,2, ,239.977447509766,3,18652-73-11-1,78.0,1,3.0,7.0,5.0,1.0,0,0,0,1,1,0,0,1.0,0
18652,94,11,1,1,2,43,5.0,4,2,3, ,1,0.0,0.0,0.0,7,2, ,239.977447509766,7,18652-94-11-1,43.0,1,3.0,,2.0,1.0,0,0,0,1,1,0,0,1.0,0
18653,24,11,1,1,2,28,5.0,4, , , , ,0.0,0.0,0.0,7,2, ,310.821502685547,4,18653-24-11-1,28.0,1,,,,0.0,0,0,0,1,1,0,0,0.0,0
18653,49,11,1,1,1,29,6.0,5,2,3, ,1,0.0,8.0,0.0,7,2, ,310.821502685547,3,18653-49-11-1,29.0,1,3.0,,2.0,1.0,0,1,1,1,1,0,1,1.0,1
18653,97,11,1,1,1,27,8.0,3,3, ,5,5,0.0,8.0,0.0,7,2, ,310.821502685547,2,18653-97-11-1,27.0,1,,5.0,3.0,0.0,0,1,0,1,1,0,0,0.0,0
18653,122,11,1,1,1,43,4.0,0,4,2,2,1,0.0,0.0,0.0,7,2, ,310.821502685547,5,18653-122-11-1,43.0,1,2.0,2.0,4.0,0.0,0,0,0,1,1,0,0,0.0,0
18653,147,12,1,1,1,66,6.0,5,2,3, ,1,0.0,0.0,0.0,7,2, ,310.821502685547,2,18653-147-12-1,66.0,1,3.0,,2.0,1.0,0,0,0,1,1,0,0,1.0,0
18653,147,22,1,1,1,41,8.0,3,4,1,1,2,0.0,8.0,0.0,7,2, ,310.821502685547,5,18653-147-22-1,41.0,1,1.0,1.0,4.0,0.0,0,1,0,1,1,0,0,0.0,0
18654,14,11,1,1,2,47,5.0,2,2,3, ,1,0.0,0.0,0.0,7,2, ,288.283416748047,4,18654-14-11-1,47.0,1,3.0,,2.0,1.0,0,0,0,1,1,0,0,1.0,0
18654,31,11,1,1,1,69,6.0,5,2,3, ,1,0.0,0.0,0.0,7,2, ,288.283416748047,1,18654-31-11-1,69.0,1,3.0,,2.0,1.0,0,0,0,1,1,0,0,1.0,0
18654,97,11,1,1,1,54,6.0,5,2,3, ,1,0.0,0.0,0.0,7,2, ,288.283416748047,4,18654-97-11-1,54.0,1,3.0,,2.0,1.0,0,0,0,1,1,0,0,1.0,0
18654,114,11,1,1,2,31,5.0,2,2,3, ,1,0.0,0.0,0.0,7,2, ,288.283416748047,3,18654-114-11-1,31.0,1,3.0,,2.0,1.0,0,0,0,1,1,0,0,1.0,0
18655,8,11,1,1,1,30,6.0,5, , , , ,0.0,0.0,0.0,7,2, ,336.464050292969,4,18655-8-11-1,30.0,1,,,,0.0,0,0,0,1,1,0,0,0.0,0
18655,18,11,1,1,1,40,8.0,3,3,1,2,1,0.0,8.0,0.0,7,2, ,336.464050292969,5,18655-18-11-1,40.0,1,1.0,2.0,3.0,0.0,0,1,0,1,1,0,0,0.0,0
18655,27,11,1,1,1,37,5.0,1,4,1,5,2,0.0,8.0,0.0,7,2, ,336.464050292969,4,18655-27-11-1,37.0,1,1.0,5.0,4.0,0.0,0,1,0,1,1,0,0,0.0,0
18655,39,11,1,1,1,60,4.0,6,4,3,7,1,0.0,0.0,0.0,7,2, ,336.464050292969,1,18655-39-11-1,60.0,1,3.0,7.0,4.0,1.0,0,0,0,1,1,0,0,1.0,0
18655,49,11,1,1,2,58,1.0, ,2,3, ,1,0.0,0.0,0.0,7,2, ,336.464050292969,3,18655-49-11-1,58.0,1,3.0,,2.0,1.0,0,0,1,1,1,0,1,1.0,1
18655,57,11,1,1,2,36,6.0,5,2,3, ,1,0.0,8.0,0.0,7,2, ,336.464050292969,4,18655-57-11-1,36.0,1,3.0,,2.0,1.0,0,1,0,1,1,0,0,1.0,0
18682,11,11,1,1,2,58,4.0,0, , , , ,0.0,0.0,0.0,7,3,1,336.464050292969,3,18682-11-11-1,58.0,1,,,,0.0,0,0,0,1,1,0,0,0.0,0
18682,56,11,1,1,1,54,3.0,0,2,3, ,1,0.0,0.0,0.0,7,3,1,336.464050292969,5,18682-56-11-1,54.0,1,3.0,,2.0,1.0,0,0,0,1,1,0,0,1.0,0
18682,71,11,1,1,1,66,5.0,1,4,1,1,5,0.0,0.0,0.0,7,3,1,336.464050292969,2,18682-71-11-1,66.0,1,1.0,1.0,4.0,0.0,0,0,0,1,1,0,0,0.0,0
18686,6,11,1,1,1,40,6.0,5,2,3, ,1,0.0,0.0,0.0,7,4,1,319.969940185547,5,18686-6-11-1,40.0,1,3.0,,2.0,1.0,0,0,0,1,1,0,0,1.0,0
18686,25,11,1,1,1,60,10.0,5,3, ,1,5,0.0,0.0,0.0,7,4,1,319.969940185547,3,18686-25-11-1,60.0,1,,1.0,3.0,0.0,0,0,1,1,1,0,1,0.0,1
18686,45,11,1,1,2,45,6.0,5,2,3, ,1,0.0,0.0,0.0,7,4,1,319.969940185547,5,18686-45-11-1,45.0,1,3.0,,2.0,1.0,0,0,0,1,1,0,0,1.0,0
18686,63,11,1,1,1,44,6.0,5,4,1,7,1,0.0,0.0,0.0,7,4,1,319.969940185547,6,18686-63-11-1,44.0,1,1.0,7.0,4.0,1.0,0,0,0,1,1,0,0,1.0,0
18686,83,11,1,1,1,48,5.0,3,2,3, ,1,0.0,0.0,0.0,7,4,1,319.969940185547,6,18686-83-11-1,48.0,1,3.0,,2.0,1.0,0,0,0,1,1,0,0,1.0,0
18686,141,11,1,1,1,41,6.0,5,3,1,7,1,0.0,0.0,0.0,7,4,1,319.969940185547,5,18686-141-11-1,41.0,1,1.0,7.0,3.0,1.0,0,0,0,1,1,0,0,1.0,0
18694,18,11,1,1,2,44,8.0,5,3, ,1,5,0.0,0.0,0.0,7,5,1,288.283416748047,5,18694-18-11-1,44.0,1,,1.0,3.0,0.0,0,0,0,1,1,0,0,0.0,0
18694,37,11,1,1,1,64,9.0,3, , , , ,0.0,0.0,0.0,7,5,1,288.283416748047,11,18694-37-11-1,64.0,1,,,,0.0,0,0,1,1,1,0,1,0.0,1
18694,76,11,1,1,1,51,5.0,2,5,3,7,1,0.0,0.0,0.0,7,5,1,288.283416748047,5,18694-76-11-1,51.0,1,3.0,7.0,5.0,1.0,0,0,0,1,1,0,0,1.0,0
18695,25,11,1,1,1,58,8.0,3,2,3, ,1,0.0,0.0,0.0,7,3,1,2.58999967575073,2,18695-25-11-1,58.0,1,3.0,,2.0,1.0,0,0,0,1,1,0,0,1.0,0
18695,78,11,1,1,1,44,6.0,5,2,3, ,1,0.0,0.0,0.0,7,3,1,2.58999967575073,6,18695-78-11-1,44.0,1,3.0,,2.0,1.0,0,0,0,1,1,0,0,1.0,0
18695,91,11,1,1,1,58,8.0,5,3, ,5,5,0.0,8.0,0.0,7,3,1,2.58999967575073,3,18695-91-11-1,58.0,1,,5.0,3.0,0.0,0,1,0,1,1,0,0,0.0,0
18696,6,11,1,1,2,67,3.0,1, , , , ,0.0,0.0,0.0,7,5,1,352.194152832031,2,18696-6-11-1,67.0,1,,,,0.0,0,0,0,1,1,0,0,0.0,0
18696,66,11,1,1,2,60,4.0,5,2,3, ,1,0.0,0.0,0.0,7,5,1,352.194152832031,4,18696-66-11-1,60.0,1,3.0,,2.0,1.0,0,0,0,1,1,0,0,1.0,0
18697,50,11,1,1,1,44,5.0,2,2,3, ,1,0.0,0.0,0.0,7,4,1,310.821502685547,7,18697-50-11-1,44.0,1,3.0,,2.0,1.0,0,0,0,1,1,0,0,1.0,0
18697,67,11,1,1,1,39,6.0,5,2,3, ,1,0.0,0.0,0.0,7,4,1,310.821502685547,6,18697-67-11-1,39.0,1,3.0,,2.0,1.0,0,0,0,1,1,0,0,1.0,0
18697,85,11,1,1,1,90,4.0,6,2,3, ,1,0.0,0.0,0.0,7,4,1,310.821502685547,2,18697-85-11-1,90.0,1,3.0,,2.0,1.0,0,0,0,1,1,0,0,1.0,0
18698,30,11,1,1,1,39,5.0,4,4, ,5,5,0.0,0.0,0.0,7,5,2,336.464050292969,7,18698-30-11-1,39.0,1,,5.0,4.0,0.0,0,0,0,1,1,0,0,0.0,0
18698,43,11,1,1,1,53,8.0,3,2,2, ,1,0.0,0.0,0.0,7,5,1,336.464050292969,3,18698-43-11-1,53.0,1,2.0,,2.0,0.0,0,0,0,1,1,0,0,0.0,0
18698,58,11,1,1,1,46,4.0,0,2,3, ,1,0.0,0.0,0.0,7,5,1,336.464050292969,4,18698-58-11-1,46.0,1,3.0,,2.0,1.0,0,0,0,1,1,0,0,1.0,0
18698,71,11,1,1,1,46,5.0,4, , , , ,0.0,0.0,0.0,7,5,1,336.464050292969,8,18698-71-11-1,46.0,1,,,,0.0,0,0,0,1,1,0,0,0.0,0
18698,85,11,1,1,1,46,5.0,3,4,2,2,5,0.0,0.0,0.0,7,5,1,336.464050292969,6,18698-85-11-1,46.0,1,2.0,2.0,4.0,0.0,0,0,0,1,1,0,0,0.0,0
18698,112,11,1,1,1,47,4.0,0,2,3, ,1,0.0,0.0,0.0,7,5,1,336.464050292969,2,18698-112-11-1,47.0,1,3.0,,2.0,1.0,0,0,0,1,1,0,0,1.0,0
18700,9,11,1,1,2,22,6.0,5,2,2, ,1,0.0,8.0,0.0,7,5,2,336.464050292969,4,18700-9-11-1,22.0,1,2.0,,2.0,0.0,0,1,1,1,1,0,1,0.0,1
18700,60,11,1,1,1,38,6.0,5,2,3, ,1,0.0,0.0,0.0,7,5,1,336.464050292969,4,18700-60-11-1,38.0,1,3.0,,2.0,1.0,0,0,1,1,1,0,1,1.0,1
18700,74,11,1,1,1,79,1.0, , , , , ,0.0,0.0,0.0,7,5,1,336.464050292969,8,18700-74-11-1,79.0,1,,,,0.0,0,0,0,1,1,0,0,0.0,0
18701,11,11,1,1,1,70,5.0,4,1,3, ,1,0.0,0.0,0.0,7,3, ,319.969940185547,4,18701-11-11-1,70.0,1,3.0,,1.0,1.0,0,0,0,1,1,0,0,1.0,0
18701,26,11,1,1,1,40,5.0,3,4,3,7,1,0.0,0.0,0.0,7,3, ,319.969940185547,4,18701-26-11-1,40.0,1,3.0,7.0,4.0,1.0,0,0,0,1,1,0,0,1.0,0
18701,42,11,1,1,1,29,4.0,0,4,3,7,2,0.0,0.0,0.0,7,3, ,319.969940185547,4,18701-42-11-1,29.0,1,3.0,7.0,4.0,1.0,0,0,0,1,1,0,0,1.0,0
18701,101,11,1,1,1,52,5.0,1,2,3, ,1,0.0,0.0,0.0,7,3, ,319.969940185547,6,18701-101-11-1,52.0,1,3.0,,2.0,1.0,0,0,0,1,1,0,0,1.0,0
18701,114,11,1,1,1,52,3.0,0,4,3,7,1,0.0,0.0,0.0,7,3, ,319.969940185547,10,18701-114-11-1,52.0,1,3.0,7.0,4.0,1.0,0,0,0,1,1,0,0,1.0,0
18701,128,11,1,1,1,41,4.0,0,4,3,7,1,0.0,0.0,0.0,7,3, ,319.969940185547,6,18701-128-11-1,41.0,1,3.0,7.0,4.0,1.0,0,0,0,1,1,0,0,1.0,0
18702,11,11,1,1,1,61,3.0,2,2,3, ,1,0.0,0.0,0.0,7,5,1,319.969940185547,11,18702-11-11-1,61.0,1,3.0,,2.0,1.0,0,0,0,1,1,0,0,1.0,0
18702,44,11,1,1,1,40,5.0,1, , , , ,0.0,0.0,0.0,7,5,1,319.969940185547,6,18702-44-11-1,40.0,1,,,,0.0,0,0,0,1,1,0,0,0.0,0
18702,78,11,1,1,2,65,3.0,1, , , , ,0.0,0.0,0.0,7,5,1,319.969940185547,3,18702-78-11-1,65.0,1,,,,0.0,0,0,0,1,1,0,0,0.0,0
18702,99,11,1,1,1,82,3.0,2,2,3, ,1,0.0,0.0,0.0,7,5,1,319.969940185547,2,18702-99-11-1,82.0,1,3.0,,2.0,1.0,0,0,0,1,1,0,0,1.0,0
18703,24,11,1,1,2,50,5.0,1,6, ,7,1,0.0,0.0,0.0,7,3,1,332.408843994141,4,18703-24-11-1,50.0,1,,7.0,6.0,1.0,0,0,0,1,1,0,0,1.0,0
18703,66,11,1,1,1,51,5.0,1,4,3,7,1,0.0,0.0,0.0,7,3,1,332.408843994141,4,18703-66-11-1,51.0,1,3.0,7.0,4.0,1.0,0,0,0,1,1,0,0,1.0,0
18703,87,11,1,1,2,44,4.0,0,2,3, ,1,0.0,0.0,0.0,7,3,1,332.408843994141,3,18703-87-11-1,44.0,1,3.0,,2.0,1.0,0,0,0,1,1,0,0,1.0,0
18703,107,11,1,1,2,59,5.0,3,2,3, ,1,0.0,0.0,0.0,7,3,1,332.408843994141,8,18703-107-11-1,59.0,1,3.0,,2.0,1.0,0,0,0,1,1,0,0,1.0,0
18703,128,11,1,1,1,60,7.0,1,1,2, ,1,0.0,0.0,0.0,7,3,1,332.408843994141,2,18703-128-11-1,60.0,1,2.0,,1.0,0.0,0,0,0,1,1,0,0,0.0,0
18704,16,11,1,1,1,20,7.0,1,2,3, ,1,0.0,8.0,0.0,7,3,1,310.821502685547,2,18704-16-11-1,20.0,1,3.0,,2.0,1.0,0,1,0,1,1,0,0,1.0,0
18704,34,11,1,1,2,71,6.0,5, , , , ,0.0,0.0,0.0,7,3,1,310.821502685547,2,18704-34-11-1,71.0,1,,,,0.0,0,0,1,1,1,0,1,0.0,1
18704,70,11,1,1,2,54,3.0,0,2,3, ,1,0.0,0.0,0.0,7,3,1,310.821502685547,12,18704-70-11-1,54.0,1,3.0,,2.0,1.0,0,0,0,1,1,0,0,1.0,0
18704,106,11,1,1,1,31,6.0,5,2,3, ,1,0.0,8.0,0.0,7,3,1,310.821502685547,3,18704-106-11-1,31.0,1,3.0,,2.0,1.0,0,1,0,1,1,0,0,1.0,0
18705,10,11,1,1,1,41,3.0,0,4,3,7,1,0.0,0.0,0.0,7,4,1,319.969940185547,7,18705-10-11-1,41.0,1,3.0,7.0,4.0,1.0,0,0,0,1,1,0,0,1.0,0
18705,44,11,1,1,1,60,3.0,3,2,3, ,1,0.0,0.0,0.0,7,4,2,319.969940185547,4,18705-44-11-1,60.0,1,3.0,,2.0,1.0,0,0,1,1,1,0,1,1.0,1
18705,55,11,1,1,1,50,3.0,0,2,3, ,1,0.0,0.0,0.0,7,4,1,319.969940185547,5,18705-55-11-1,50.0,1,3.0,,2.0,1.0,0,0,0,1,1,0,0,1.0,0
18707,9,11,1,1,1,33,4.0,0,2,3, ,1,0.0,0.0,0.0,7,5,1,288.283416748047,3,18707-9-11-1,33.0,1,3.0,,2.0,1.0,0,0,0,1,1,0,0,1.0,0
18707,23,11,1,1,2,73,1.0, ,2,3, ,1,0.0,0.0,0.0,7,5,1,288.283416748047,1,18707-23-11-1,73.0,1,3.0,,2.0,1.0,0,0,0,1,1,0,0,1.0,0
18707,54,11,1,1,1,46,3.0,0,2,3, ,1,0.0,0.0,0.0,7,5,1,288.283416748047,7,18707-54-11-1,46.0,1,3.0,,2.0,1.0,0,0,0,1,1,0,0,1.0,0
18707,70,11,1,1,1,29,3.0,0,2,3, ,1,0.0,0.0,0.0,7,5,1,288.283416748047,4,18707-70-11-1,29.0,1,3.0,,2.0,1.0,0,0,0,1,1,0,0,1.0,0
18708,99,11,1,1,1,32,8.0,3,3,2,7,1,0.0,0.0,0.0,7,3, ,310.821502685547,3,18708-99-11-1,32.0,1,2.0,7.0,3.0,1.0,0,0,0,1,1,0,0,1.0,0
18708,140,11,1,1,1,87,3.0,4, , , , ,0.0,0.0,0.0,7,3, ,310.821502685547,2,18708-140-11-1,87.0,1,,,,0.0,0,0,0,1,1,0,0,0.0,0
18708,177,11,1,1,2,45,8.0,3, , , , ,0.0,0.0,0.0,7,3, ,310.821502685547,2,18708-177-11-1,45.0,1,,,,0.0,0,0,0,1,1,0,0,0.0,0
18710,24,11,1,1,1,30,6.0,5,4,3,7,1,0.0,0.0,0.0,7,3, ,288.283416748047,2,18710-24-11-1,30.0,1,3.0,7.0,4.0,1.0,0,0,0,1,1,0,0,1.0,0
18710,42,11,1,1,1,77,4.0,5,2,3, ,1,0.0,0.0,0.0,7,3, ,288.283416748047,2,18710-42-11-1,77.0,1,3.0,,2.0,1.0,0,0,0,1,1,0,0,1.0,0
18710,114,11,1,1,1,33,6.0,5,2,3, ,1,0.0,0.0,0.0,7,3, ,288.283416748047,4,18710-114-11-1,33.0,1,3.0,,2.0,1.0,0,0,0,1,1,0,0,1.0,0
18711,72,11,1,1,1,38,4.0,0,2,3, ,1,0.0,8.0,0.0,7,4, ,336.464050292969,8,18711-72-11-1,38.0,1,3.0,,2.0,1.0,0,1,0,1,1,0,0,1.0,0
18711,96,11,1,1,1,45,6.0,5,2,3, ,1,0.0,0.0,0.0,7,4, ,336.464050292969,4,18711-96-11-1,45.0,1,3.0,,2.0,1.0,0,0,0,1,1,0,0,1.0,0
18711,120,11,1,1,2,53,5.0,4,2,3, ,1,0.0,0.0,0.0,7,4, ,336.464050292969,3,18711-120-11-1,53.0,1,3.0,,2.0,1.0,0,0,0,1,1,0,0,1.0,0
18712,3,11,1,1,2,69,4.0,5, , , , ,0.0,0.0,0.0,7,5, ,310.821502685547,1,18712-3-11-1,69.0,1,,,,0.0,0,0,0,1,1,0,0,0.0,0
18712,13,11,1,1,2,57,6.0,5,4, ,5,5,0.0,0.0,0.0,7,5, ,310.821502685547,2,18712-13-11-1,57.0,1,,5.0,4.0,0.0,0,0,0,1,1,0,0,0.0,0
18712,31,11,1,1,1,66,4.0,5,2,3, ,1,0.0,0.0,0.0,7,5, ,310.821502685547,1,18712-31-11-1,66.0,1,3.0,,2.0,1.0,0,0,0,1,1,0,0,1.0,0
18712,42,11,1,1,1,53,6.0,5,2,3, ,1,0.0,0.0,0.0,7,5, ,310.821502685547,4,18712-42-11-1,53.0,1,3.0,,2.0,1.0,0,0,1,1,1,0,1,1.0,1
18712,52,11,1,1,1,40,6.0,5,1,3, ,1,0.0,0.0,0.0,7,5, ,310.821502685547,6,18712-52-11-1,40.0,1,3.0,,1.0,1.0,0,0,0,1,1,0,0,1.0,0
18712,62,11,1,1,2,62,4.0,6,2,3, ,1,0.0,8.0,0.0,7,5, ,310.821502685547,2,18712-62-11-1,62.0,1,3.0,,2.0,1.0,0,1,0,1,1,0,0,1.0,0
18721,85,11,1,1,1,65,3.0,4,2,3, ,1,0.0,0.0,0.0,7,7, ,138.448913574219,5,18721-85-11-1,65.0,1,3.0,,2.0,1.0,0,0,0,1,1,0,0,1.0,0
18721,87,11,1,1,2,68,4.0,5,6, ,7,1,0.0,0.0,0.0,7,7, ,138.448913574219,2,18721-87-11-1,68.0,1,,7.0,6.0,1.0,0,0,0,1,1,0,0,1.0,0
18721,88,11,1,1,1,42,5.0,3,2,3, ,1,0.0,0.0,0.0,7,7, ,138.448913574219,6,18721-88-11-1,42.0,1,3.0,,2.0,1.0,0,0,0,1,1,0,0,1.0,0
18721,283,11,1,1,1,51,3.0,0,2,3, ,1,0.0,0.0,0.0,7,7, ,138.448913574219,8,18721-283-11-1,51.0,1,3.0,,2.0,1.0,0,0,0,1,1,0,0,1.0,0
18721,284,11,1,1,1,59,1.0, ,2,3, ,1,0.0,0.0,0.0,7,7, ,138.448913574219,2,18721-284-11-1,59.0,1,3.0,,2.0,1.0,0,0,0,1,1,0,0,1.0,0
18721,287,11,1,1,1,34,6.0,5,2,3, ,1,0.0,0.0,0.0,7,7, ,138.448913574219,4,18721-287-11-1,34.0,1,3.0,,2.0,1.0,0,0,0,1,1,0,0,1.0,0
18721,288,11,1,1,1,65,3.0,3,2,3, ,1,0.0,0.0,0.0,7,7, ,138.448913574219,3,18721-288-11-1,65.0,1,3.0,,2.0,1.0,0,0,0,1,1,0,0,1.0,0
18724,128,11,1,1,1,32,5.0,4,2,3, ,1,0.0,0.0,0.0,7,7, ,146.038772583008,6,18724-128-11-1,32.0,1,3.0,,2.0,1.0,0,0,0,1,1,0,0,1.0,0
18724,135,11,1,1,1,39,4.0,0,2,3, ,1,0.0,0.0,0.0,7,7, ,146.038772583008,9,18724-135-11-1,39.0,1,3.0,,2.0,1.0,0,0,1,1,1,0,1,1.0,1
18724,158,11,1,1,2,75,3.0,1,2,3, ,1,0.0,0.0,0.0,7,7, ,146.038772583008,4,18724-158-11-1,75.0,1,3.0,,2.0,1.0,0,0,0,1,1,0,0,1.0,0
18724,160,11,1,1,1,39,3.0,0,2,3, ,1,0.0,0.0,0.0,7,7, ,146.038772583008,4,18724-160-11-1,39.0,1,3.0,,2.0,1.0,0,0,0,1,1,0,0,1.0,0
18737,142,11,1,1,2,61,3.0,2,6, ,7,1,0.0,0.0,0.0,7,7,2,122.162826538086,2,18737-142-11-1,61.0,1,,7.0,6.0,1.0,0,0,0,1,1,0,0,1.0,0
18737,144,11,1,1,1,55,9.0,3,2,2, ,1,0.0,0.0,0.0,7,7,1,122.162826538086,6,18737-144-11-1,55.0,1,2.0,,2.0,0.0,0,0,0,1,1,0,0,0.0,0
18737,307,11,1,1,2,34,5.0,3,2,3, ,1,0.0,0.0,0.0,7,7,1,122.162826538086,5,18737-307-11-1,34.0,1,3.0,,2.0,1.0,0,0,0,1,1,0,0,1.0,0
18737,310,11,1,1,2,47,5.0,3,2,3, ,1,0.0,8.0,0.0,7,7,1,122.162826538086,2,18737-310-11-1,47.0,1,3.0,,2.0,1.0,0,1,0,1,1,0,0,1.0,0
18739,18,11,1,1,1,61,5.0,4,2,3, ,1,0.0,0.0,0.0,7,8,1,138.448913574219,3,18739-18-11-1,61.0,1,3.0,,2.0,1.0,0,0,0,1,1,0,0,1.0,0
18739,19,11,1,1,1,55,5.0,2,2,3, ,1,0.0,8.0,0.0,7,8,1,138.448913574219,1,18739-19-11-1,55.0,1,3.0,,2.0,1.0,0,1,0,1,1,0,0,1.0,0
18739,20,11,1,1,1,33,6.0,5,2,3, ,1,0.0,0.0,0.0,7,8,1,138.448913574219,5,18739-20-11-1,33.0,1,3.0,,2.0,1.0,0,0,0,1,1,0,0,1.0,0
18739,69,11,1,1,1,39,3.0,0,2,3, ,1,0.0,0.0,0.0,7,8,1,138.448913574219,5,18739-69-11-1,39.0,1,3.0,,2.0,1.0,0,0,0,1,1,0,0,1.0,0
18739,70,11,1,1,1,61,4.0,5,2,3, ,1,0.0,0.0,0.0,7,8,1,138.448913574219,2,18739-70-11-1,61.0,1,3.0,,2.0,1.0,0,0,0,1,1,0,0,1.0,0
18739,71,11,1,1,1,41,5.0,1,2,3, ,1,0.0,0.0,0.0,7,8,1,138.448913574219,6,18739-71-11-1,41.0,1,3.0,,2.0,1.0,0,0,0,1,1,0,0,1.0,0
18739,72,11,1,1,1,65,6.0,5,2,3, ,1,0.0,0.0,0.0,7,8,1,138.448913574219,1,18739-72-11-1,65.0,1,3.0,,2.0,1.0,0,0,0,1,1,0,0,1.0,0
18759,157,11,1,1,1,75,4.0,5, , , , ,0.0,0.0,0.0,7,7,1,140.97265625,3,18759-157-11-1,75.0,1,,,,0.0,0,0,0,1,1,0,0,0.0,0
18759,160,11,1,1,1,36,3.0,0,4,1,7,2,0.0,0.0,0.0,7,7,2,140.97265625,5,18759-160-11-1,36.0,1,1.0,7.0,4.0,1.0,0,0,0,1,1,0,0,1.0,0
18759,310,11,1,1,1,47,4.0,0,2,3, ,1,0.0,0.0,0.0,7,7,1,140.97265625,6,18759-310-11-1,47.0,1,3.0,,2.0,1.0,0,0,0,1,1,0,0,1.0,0
18759,313,11,1,1,1,54,5.0,2,3,3,7,1,0.0,0.0,0.0,7,7,1,140.97265625,6,18759-313-11-1,54.0,1,3.0,7.0,3.0,1.0,0,0,0,1,1,0,0,1.0,0
18759,314,11,1,1,1,36,5.0,2,4,3,7,1,0.0,0.0,0.0,7,7,1,140.97265625,5,18759-314-11-1,36.0,1,3.0,7.0,4.0,1.0,0,0,0,1,1,0,0,1.0,0
18760,78,11,1,1,2,60,3.0,2,2,3, ,1,0.0,0.0,0.0,7,7,1,140.97265625,3,18760-78-11-1,60.0,1,3.0,,2.0,1.0,0,0,0,1,1,0,0,1.0,0
18760,79,11,1,1,1,59,4.0,5, , , , ,0.0,0.0,0.0,7,7,1,140.97265625,5,18760-79-11-1,59.0,1,,,,0.0,0,0,0,1,1,0,0,0.0,0
18760,80,11,1,1,1,60,3.0,4,2,3, ,1,0.0,0.0,0.0,7,7,1,140.97265625,1,18760-80-11-1,60.0,1,3.0,,2.0,1.0,0,0,0,1,1,0,0,1.0,0
18760,254,11,1,1,1,43,4.0,0,2,3, ,1,0.0,0.0,0.0,7,7,1,140.97265625,3,18760-254-11-1,43.0,1,3.0,,2.0,1.0,0,0,0,1,1,0,0,1.0,0
18761,13,11,1,1,1,46,6.0,5,2,3, ,1,0.0,0.0,0.0,7,7,1,146.038772583008,7,18761-13-11-1,46.0,1,3.0,,2.0,1.0,0,0,0,1,1,0,0,1.0,0
18761,15,11,1,1,1,36,5.0,3,2,3, ,1,0.0,0.0,0.0,7,7,1,146.038772583008,6,18761-15-11-1,36.0,1,3.0,,2.0,1.0,0,0,0,1,1,0,0,1.0,0
18761,16,11,1,1,1,83,3.0,2,2,3, ,1,0.0,0.0,0.0,7,7,1,146.038772583008,2,18761-16-11-1,83.0,1,3.0,,2.0,1.0,0,0,0,1,1,0,0,1.0,0
18761,140,11,1,1,1,55,4.0,0,2,3, ,1,0.0,0.0,0.0,7,7,1,146.038772583008,2,18761-140-11-1,55.0,1,3.0,,2.0,1.0,0,0,0,1,1,0,0,1.0,0
18761,142,11,1,1,1,47,3.0,0,2,3, ,1,0.0,0.0,0.0,7,7,1,146.038772583008,7,18761-142-11-1,47.0,1,3.0,,2.0,1.0,0,0,0,1,1,0,0,1.0,0
18761,143,11,1,1,1,75,4.0,5,5,3,7,1,0.0,0.0,0.0,7,7,1,146.038772583008,4,18761-143-11-1,75.0,1,3.0,7.0,5.0,1.0,0,0,0,1,1,0,0,1.0,0
18762,94,11,1,1,1,62,3.0,2,2,3, ,1,0.0,0.0,0.0,7,8,1,122.162826538086,2,18762-94-11-1,62.0,1,3.0,,2.0,1.0,0,0,0,1,1,0,0,1.0,0
18762,96,11,1,1,1,70,3.0,3, , , , ,0.0,0.0,0.0,7,8,1,122.162826538086,1,18762-96-11-1,70.0,1,,,,0.0,0,0,0,1,1,0,0,0.0,0
18762,97,11,1,1,2,29,5.0,2,2,3, ,1,0.0,0.0,0.0,7,8,1,122.162826538086,4,18762-97-11-1,29.0,1,3.0,,2.0,1.0,0,0,0,1,1,0,0,1.0,0
18762,99,11,1,1,1,36,5.0,2,2,3, ,1,0.0,0.0,0.0,7,8,1,122.162826538086,2,18762-99-11-1,36.0,1,3.0,,2.0,1.0,0,0,0,1,1,0,0,1.0,0
18763,25,11,1,1,2,75,4.0,5,5,3,7,1,0.0,0.0,0.0,7,8,1,146.038772583008,2,18763-25-11-1,75.0,1,3.0,7.0,5.0,1.0,0,0,0,1,1,0,0,1.0,0
18763,27,11,1,1,1,42,4.0,0,2,3, ,1,0.0,0.0,0.0,7,8,1,146.038772583008,4,18763-27-11-1,42.0,1,3.0,,2.0,1.0,0,0,0,1,1,0,0,1.0,0
18763,28,11,1,1,1,58,4.0,5,2,3, ,1,0.0,0.0,0.0,7,8,1,146.038772583008,2,18763-28-11-1,58.0,1,3.0,,2.0,1.0,0,0,0,1,1,0,0,1.0,0
18763,70,11,1,1,1,37,3.0,0,2,3, ,1,0.0,0.0,0.0,7,8,1,146.038772583008,6,18763-70-11-1,37.0,1,3.0,,2.0,1.0,0,0,0,1,1,0,0,1.0,0
18763,71,11,1,1,1,48,5.0,1, , , , ,0.0,0.0,0.0,7,8,1,146.038772583008,14,18763-71-11-1,48.0,1,,,,0.0,0,0,0,1,1,0,0,0.0,0
18763,73,11,1,1,1,40,6.0,5,2,3, ,1,0.0,0.0,0.0,7,8,1,146.038772583008,7,18763-73-11-1,40.0,1,3.0,,2.0,1.0,0,0,0,1,1,0,0,1.0,0
18764,33,11,1,1,2,60,5.0,3,2,3, ,1,0.0,0.0,0.0,7,8,1,138.448913574219,3,18764-33-11-1,60.0,1,3.0,,2.0,1.0,0,0,0,1,1,0,0,1.0,0
18764,34,11,1,1,1,75,3.0,3,2,3, ,1,0.0,0.0,0.0,7,8,1,138.448913574219,11,18764-34-11-1,75.0,1,3.0,,2.0,1.0,0,0,0,1,1,0,0,1.0,0
18764,35,11,1,1,1,59,4.0,5,2,3, ,1,0.0,0.0,0.0,7,8,1,138.448913574219,6,18764-35-11-1,59.0,1,3.0,,2.0,1.0,0,0,0,1,1,0,0,1.0,0
18764,36,11,1,1,1,68,3.0,4,2,3, ,1,0.0,0.0,0.0,7,8,1,138.448913574219,2,18764-36-11-1,68.0,1,3.0,,2.0,1.0,0,0,0,1,1,0,0,1.0,0
18764,92,11,1,1,1,63,6.0,5,2,3, ,1,0.0,0.0,0.0,7,8,1,138.448913574219,6,18764-92-11-1,63.0,1,3.0,,2.0,1.0,0,0,0,1,1,0,0,1.0,0
18764,94,11,1,1,1,60,6.0,5,2,3, ,1,0.0,0.0,0.0,7,8,1,138.448913574219,1,18764-94-11-1,60.0,1,3.0,,2.0,1.0,0,0,0,1,1,0,0,1.0,0
18764,96,11,1,1,1,43,3.0,0,2,3, ,1,0.0,0.0,0.0,7,8,1,138.448913574219,7,18764-96-11-1,43.0,1,3.0,,2.0,1.0,0,0,0,1,1,0,0,1.0,0
18765,8,11,1,1,1,35,6.0,5,2,3, ,1,0.0,0.0,0.0,7,6,1,138.448913574219,5,18765-8-11-1,35.0,1,3.0,,2.0,1.0,0,0,0,1,1,0,0,1.0,0
18765,22,11,1,1,1,54,5.0,2,3, ,5,5,0.0,0.0,0.0,7,6,1,138.448913574219,7,18765-22-11-1,54.0,1,,5.0,3.0,0.0,0,0,0,1,1,0,0,0.0,0
18765,36,11,1,1,1,42,4.0,0,2,3, ,1,0.0,0.0,0.0,7,6,1,138.448913574219,9,18765-36-11-1,42.0,1,3.0,,2.0,1.0,0,0,0,1,1,0,0,1.0,0
18765,49,11,1,1,1,31,6.0,5, , , , ,0.0,0.0,0.0,7,6,1,138.448913574219,4,18765-49-11-1,31.0,1,,,,0.0,0,0,0,1,1,0,0,0.0,0
18765,119,11,1,1,1,53,5.0,1,2,3, ,1,0.0,0.0,0.0,7,6,1,138.448913574219,4,18765-119-11-1,53.0,1,3.0,,2.0,1.0,0,0,0,1,1,0,0,1.0,0
18766,37,11,1,1,1,35,4.0,0,4,1,7,2,0.0,0.0,0.0,7,7,2,122.162826538086,4,18766-37-11-1,35.0,1,1.0,7.0,4.0,1.0,0,0,0,1,1,0,0,1.0,0
18766,40,11,1,1,1,75,5.0,3,2,3, ,1,0.0,0.0,0.0,7,7,1,122.162826538086,2,18766-40-11-1,75.0,1,3.0,,2.0,1.0,0,0,0,1,1,0,0,1.0,0
18766,132,11,1,1,1,61,4.0,5,2,3, ,1,0.0,0.0,0.0,7,7,1,122.162826538086,7,18766-132-11-1,61.0,1,3.0,,2.0,1.0,0,0,0,1,1,0,0,1.0,0
18766,133,11,1,1,1,52,9.0,3,2,3, ,1,0.0,0.0,0.0,7,7,1,122.162826538086,2,18766-133-11-1,52.0,1,3.0,,2.0,1.0,0,0,0,1,1,0,0,1.0,0
18766,135,11,1,1,2,74,1.0, , , , , ,0.0,0.0,0.0,7,7,1,122.162826538086,1,18766-135-11-1,74.0,1,,,,0.0,0,0,0,1,1,0,0,0.0,0
18766,136,11,1,1,1,44,3.0,0,2,3, ,1,0.0,0.0,0.0,7,7,1,122.162826538086,6,18766-136-11-1,44.0,1,3.0,,2.0,1.0,0,0,0,1,1,0,0,1.0,0
18767,97,11,1,1,1,50,6.0,5,2,3, ,1,0.0,0.0,0.0,7,7,1,140.97265625,3,18767-97-11-1,50.0,1,3.0,,2.0,1.0,0,0,0,1,1,0,0,1.0,0
18767,98,11,1,1,1,38,4.0,0,2,3, ,1,0.0,0.0,0.0,7,7,1,140.97265625,6,18767-98-11-1,38.0,1,3.0,,2.0,1.0,0,0,0,1,1,0,0,1.0,0
18767,99,11,1,1,1,53,4.0,0,2,3, ,1,0.0,0.0,0.0,7,7,1,140.97265625,3,18767-99-11-1,53.0,1,3.0,,2.0,1.0,0,0,0,1,1,0,0,1.0,0
18767,100,11,1,1,1,76,3.0,0,2,3, ,1,0.0,0.0,0.0,7,7,1,140.97265625,3,18767-100-11-1,76.0,1,3.0,,2.0,1.0,0,0,0,1,1,0,0,1.0,0
18767,194,11,1,1,1,61,3.0,0,2,3, ,1,0.0,0.0,0.0,7,7,1,140.97265625,1,18767-194-11-1,61.0,1,3.0,,2.0,1.0,0,0,0,1,1,0,0,1.0,0
18767,195,11,1,1,1,58,5.0,1,2,3, ,1,0.0,0.0,0.0,7,7,1,140.97265625,7,18767-195-11-1,58.0,1,3.0,,2.0,1.0,0,0,0,1,1,0,0,1.0,0
18768,37,11,1,1,1,71,3.0,1,2,3, ,1,0.0,0.0,0.0,7,7,1,138.448913574219,4,18768-37-11-1,71.0,1,3.0,,2.0,1.0,0,0,0,1,1,0,0,1.0,0
18768,40,11,1,1,2,44,1.0, ,2,3, ,1,0.0,0.0,0.0,7,7,1,138.448913574219,3,18768-40-11-1,44.0,1,3.0,,2.0,1.0,0,0,0,1,1,0,0,1.0,0
18768,237,11,1,1,1,63,3.0,2,2,3, ,1,0.0,0.0,0.0,7,7,1,138.448913574219,3,18768-237-11-1,63.0,1,3.0,,2.0,1.0,0,0,0,1,1,0,0,1.0,0
18768,238,11,1,1,1,43,8.0,3,2,3, ,1,0.0,0.0,0.0,7,7,1,138.448913574219,5,18768-238-11-1,43.0,1,3.0,,2.0,1.0,0,0,0,1,1,0,0,1.0,0
18768,241,11,1,1,1,57,6.0,5,2,3, ,1,0.0,0.0,0.0,7,7,1,138.448913574219,3,18768-241-11-1,57.0,1,3.0,,2.0,1.0,0,0,0,1,1,0,0,1.0,0
18769,2,11,1,1,1,70,3.0,2,2,3, ,1,0.0,0.0,0.0,7,8,1,146.038772583008,6,18769-2-11-1,70.0,1,3.0,,2.0,1.0,0,0,0,1,1,0,0,1.0,0
18769,4,11,1,1,1,34,5.0,3,2,3, ,1,0.0,0.0,0.0,7,8,1,146.038772583008,5,18769-4-11-1,34.0,1,3.0,,2.0,1.0,0,0,0,1,1,0,0,1.0,0
18769,102,11,1,1,1,55,4.0,0,2,3, ,1,0.0,0.0,0.0,7,8,1,146.038772583008,6,18769-102-11-1,55.0,1,3.0,,2.0,1.0,0,0,0,1,1,0,0,1.0,0
18769,104,11,1,1,1,42,4.0,0,2,3, ,1,0.0,0.0,0.0,7,8,1,146.038772583008,8,18769-104-11-1,42.0,1,3.0,,2.0,1.0,0,0,0,1,1,0,0,1.0,0
18769,105,11,1,1,1,30,6.0,5,2,3, ,1,0.0,0.0,0.0,7,8,1,146.038772583008,7,18769-105-11-1,30.0,1,3.0,,2.0,1.0,0,0,0,1,1,0,0,1.0,0
18769,106,11,1,1,1,71,4.0,6,2,3, ,1,0.0,0.0,0.0,7,8,1,146.038772583008,2,18769-106-11-1,71.0,1,3.0,,2.0,1.0,0,0,0,1,1,0,0,1.0,0
18772,62,11,1,1,1,49,4.0,0,2,3, ,1,0.0,0.0,0.0,7,7,1,138.448913574219,4,18772-62-11-1,49.0,1,3.0,,2.0,1.0,0,0,0,1,1,0,0,1.0,0
18772,64,11,1,1,1,61,6.0,5,2,3, ,1,0.0,0.0,0.0,7,7,1,138.448913574219,2,18772-64-11-1,61.0,1,3.0,,2.0,1.0,0,0,0,1,1,0,0,1.0,0
18772,186,11,1,1,1,45,4.0,0,2,3, ,1,0.0,0.0,0.0,7,7,1,138.448913574219,9,18772-186-11-1,45.0,1,3.0,,2.0,1.0,0,0,0,1,1,0,0,1.0,0
18772,188,11,1,1,1,50,3.0,0,2,3, ,1,0.0,0.0,0.0,7,7,1,138.448913574219,7,18772-188-11-1,50.0,1,3.0,,2.0,1.0,0,0,0,1,1,0,0,1.0,0
18772,190,11,1,1,1,57,3.0,0,2,3, ,1,0.0,0.0,0.0,7,7,1,138.448913574219,9,18772-190-11-1,57.0,1,3.0,,2.0,1.0,0,0,0,1,1,0,0,1.0,0
18772,191,11,1,1,1,37,4.0,0,4,2,7,1,0.0,0.0,0.0,7,7,1,138.448913574219,7,18772-191-11-1,37.0,1,2.0,7.0,4.0,1.0,0,0,0,1,1,0,0,1.0,0
18772,192,11,1,1,1,47,4.0,0,2,3, ,1,0.0,0.0,0.0,7,7,1,138.448913574219,3,18772-192-11-1,47.0,1,3.0,,2.0,1.0,0,0,0,1,1,0,0,1.0,0
18773,76,11,1,1,1,23,4.0,0,2,3, ,1,0.0,0.0,0.0,7,8,2,122.162826538086,4,18773-76-11-1,23.0,1,3.0,,2.0,1.0,0,0,0,1,1,0,0,1.0,0
18773,77,11,1,1,1,47,1.0, ,2,3, ,1,0.0,0.0,0.0,7,8,1,122.162826538086,9,18773-77-11-1,47.0,1,3.0,,2.0,1.0,0,0,0,1,1,0,0,1.0,0
18773,113,11,1,1,1,63,3.0,2,2,3, ,1,0.0,0.0,0.0,7,8,1,122.162826538086,3,18773-113-11-1,63.0,1,3.0,,2.0,1.0,0,0,0,1,1,0,0,1.0,0
18773,114,11,1,1,1,32,4.0,0,2,3, ,1,0.0,8.0,0.0,7,8,1,122.162826538086,9,18773-114-11-1,32.0,1,3.0,,2.0,1.0,0,1,0,1,1,0,0,1.0,0
18773,116,11,1,1,1,33,3.0,0, , , , ,0.0,0.0,0.0,7,8,1,122.162826538086,9,18773-116-11-1,33.0,1,,,,0.0,0,0,0,1,1,0,0,0.0,0
18774,17,11,1,1,1,44,4.0,0,2,3, ,1,0.0,0.0,0.0,7,8,1,146.038772583008,5,18774-17-11-1,44.0,1,3.0,,2.0,1.0,0,0,0,1,1,0,0,1.0,0
18774,18,11,1,1,1,42,6.0,5,2,3, ,1,0.0,0.0,0.0,7,8,1,146.038772583008,5,18774-18-11-1,42.0,1,3.0,,2.0,1.0,0,0,0,1,1,0,0,1.0,0
18774,19,11,1,1,1,65,5.0,3,2,3, ,1,0.0,0.0,0.0,7,8,1,146.038772583008,3,18774-19-11-1,65.0,1,3.0,,2.0,1.0,0,0,0,1,1,0,0,1.0,0
18774,20,11,1,1,1,41,6.0,5,2,3, ,1,0.0,0.0,0.0,7,8,1,146.038772583008,7,18774-20-11-1,41.0,1,3.0,,2.0,1.0,0,0,0,1,1,0,0,1.0,0
18774,107,11,1,1,1,44,5.0,3,2,3, ,1,0.0,0.0,0.0,7,8,1,146.038772583008,7,18774-107-11-1,44.0,1,3.0,,2.0,1.0,0,0,0,1,1,0,0,1.0,0
18774,108,11,1,1,1,56,4.0,0,2,3, ,1,0.0,0.0,0.0,7,8,1,146.038772583008,3,18774-108-11-1,56.0,1,3.0,,2.0,1.0,0,0,0,1,1,0,0,1.0,0
18775,21,11,1,1,1,75,5.0,1,2,3, ,1,0.0,0.0,0.0,7,8,1,140.97265625,3,18775-21-11-1,75.0,1,3.0,,2.0,1.0,0,0,0,1,1,0,0,1.0,0
18775,24,11,1,1,1,44,4.0,0,2,3, ,1,0.0,0.0,0.0,7,8,1,140.97265625,4,18775-24-11-1,44.0,1,3.0,,2.0,1.0,0,0,0,1,1,0,0,1.0,0
18775,77,11,1,1,1,33,4.0,0,2,3, ,1,0.0,0.0,0.0,7,8,1,140.97265625,4,18775-77-11-1,33.0,1,3.0,,2.0,1.0,0,0,0,1,1,0,0,1.0,0
18775,80,11,1,1,1,52,4.0,0,2,3, ,1,0.0,0.0,0.0,7,8,1,140.97265625,4,18775-80-11-1,52.0,1,3.0,,2.0,1.0,0,0,0,1,1,0,0,1.0,0
18776,9,11,1,1,1,49,6.0,5, , , , ,0.0,0.0,0.0,7,6, ,138.448913574219,9,18776-9-11-1,49.0,1,,,,0.0,0,0,0,1,1,0,0,0.0,0
18776,25,11,1,1,1,47,6.0,5,3, ,5,5,0.0,0.0,0.0,7,6, ,138.448913574219,4,18776-25-11-1,47.0,1,,5.0,3.0,0.0,0,0,0,1,1,0,0,0.0,0
18776,57,11,1,1,2,47,3.0,0,2,3, ,1,0.0,0.0,0.0,7,6, ,138.448913574219,15,18776-57-11-1,47.0,1,3.0,,2.0,1.0,0,0,0,1,1,0,0,1.0,0
18776,121,11,1,1,1,45,6.0,5,2,3, ,1,0.0,0.0,0.0,7,6, ,138.448913574219,7,18776-121-11-1,45.0,1,3.0,,2.0,1.0,0,0,0,1,1,0,0,1.0,0
18776,153,11,1,1,1,28,6.0,5,2,2, ,1,0.0,0.0,0.0,7,6, ,138.448913574219,4,18776-153-11-1,28.0,1,2.0,,2.0,0.0,0,0,0,1,1,0,0,0.0,0
18776,167,11,1,1,1,43,6.0,5,2,3, ,1,0.0,0.0,0.0,7,6, ,138.448913574219,4,18776-167-11-1,43.0,1,3.0,,2.0,1.0,0,0,0,1,1,0,0,1.0,0
18777,46,11,1,1,1,48,6.0,5,2,3, ,1,0.0,0.0,0.0,7,7, ,122.162826538086,7,18777-46-11-1,48.0,1,3.0,,2.0,1.0,0,0,0,1,1,0,0,1.0,0
18777,47,11,1,1,1,59,4.0,5,2,3, ,1,0.0,0.0,0.0,7,7, ,122.162826538086,4,18777-47-11-1,59.0,1,3.0,,2.0,1.0,0,0,0,1,1,0,0,1.0,0
18777,137,11,1,1,1,69,4.0,5,2,3, ,1,0.0,0.0,0.0,7,7, ,122.162826538086,1,18777-137-11-1,69.0,1,3.0,,2.0,1.0,0,0,0,1,1,0,0,1.0,0
18777,139,11,1,1,2,56,3.0,0,2,3, ,1,0.0,0.0,0.0,7,7, ,122.162826538086,2,18777-139-11-1,56.0,1,3.0,,2.0,1.0,0,0,0,1,1,0,0,1.0,0
18777,141,11,1,1,1,61,3.0,3,2,3, ,1,0.0,0.0,0.0,7,7, ,122.162826538086,1,18777-141-11-1,61.0,1,3.0,,2.0,1.0,0,0,0,1,1,0,0,1.0,0
18777,142,11,1,1,2,41,6.0,5,2,3, ,1,0.0,0.0,0.0,7,7, ,122.162826538086,4,18777-142-11-1,41.0,1,3.0,,2.0,1.0,0,0,0,1,1,0,0,1.0,0
18777,143,11,1,1,1,65,4.0,5,2,3, ,1,0.0,0.0,0.0,7,7, ,122.162826538086,6,18777-143-11-1,65.0,1,3.0,,2.0,1.0,0,0,0,1,1,0,0,1.0,0
18779,87,11,1,1,1,48,8.0,3,3, ,2,5,0.0,0.0,0.0,7,7, ,140.97265625,5,18779-87-11-1,48.0,1,,2.0,3.0,0.0,0,0,0,1,1,0,0,0.0,0
18779,88,11,1,1,1,34,3.0,0,2,3, ,1,0.0,0.0,0.0,7,7, ,140.97265625,5,18779-88-11-1,34.0,1,3.0,,2.0,1.0,0,0,0,1,1,0,0,1.0,0
18779,295,11,1,1,1,56,6.0,5,3, ,2,5,0.0,0.0,0.0,7,7, ,140.97265625,3,18779-295-11-1,56.0,1,,2.0,3.0,0.0,0,0,0,1,1,0,0,0.0,0
18779,296,11,1,1,1,44,3.0,0,2,3, ,1,0.0,0.0,0.0,7,7, ,140.97265625,6,18779-296-11-1,44.0,1,3.0,,2.0,1.0,0,0,0,1,1,0,0,1.0,0
18779,297,11,1,1,1,39,4.0,0,2,3, ,1,0.0,0.0,0.0,7,7, ,140.97265625,4,18779-297-11-1,39.0,1,3.0,,2.0,1.0,0,0,0,1,1,0,0,1.0,0
18779,298,11,1,1,1,31,4.0,0,2,3, ,1,0.0,0.0,0.0,7,7, ,140.97265625,4,18779-298-11-1,31.0,1,3.0,,2.0,1.0,0,0,0,1,1,0,0,1.0,0
18807,67,11,1,1,1,23,9.0,4,3,1,5,1,0.0,8.0,0.0,7,3, ,141.611740112305,3,18807-67-11-1,23.0,1,1.0,5.0,3.0,0.0,0,1,1,1,1,0,1,0.0,1
18807,118,11,1,1,2,40,6.0,5,4,1,7,1,0.0,0.0,0.0,7,3, ,141.611740112305,3,18807-118-11-1,40.0,1,1.0,7.0,4.0,1.0,0,0,1,1,1,0,1,1.0,1
18816,4,11,1,1,1,90,6.0,5, , , , ,0.0,8.0,0.0,7,3,1,6.33280086517334,5,18816-4-11-1,90.0,1,,,,0.0,0,1,0,1,1,0,0,0.0,0
18816,68,11,1,1,2,50,6.0,5,4,1,7,1,0.0,0.0,0.0,7,3,1,6.33280086517334,3,18816-68-11-1,50.0,1,1.0,7.0,4.0,1.0,0,0,1,1,1,0,1,1.0,1
18816,117,11,1,1,2,51,4.0,0,2,3, ,1,0.0,0.0,0.0,7,3,1,6.33280086517334,3,18816-117-11-1,51.0,1,3.0,,2.0,1.0,0,0,0,1,1,0,0,1.0,0
18816,133,11,1,1,2,57,6.0,5, , , , ,0.0,0.0,0.0,7,3,1,6.33280086517334,5,18816-133-11-1,57.0,1,,,,0.0,0,0,0,1,1,0,0,0.0,0
18817,30,11,1,1,1,63,4.0,5,1,3, ,1,0.0,0.0,0.0,7,3,1,8.16054725646973,6,18817-30-11-1,63.0,1,3.0,,1.0,1.0,0,0,0,1,1,0,0,1.0,0
18817,61,11,1,1,2,60,3.0,3, , , , ,0.0,0.0,0.0,7,3,1,8.16054725646973,1,18817-61-11-1,60.0,1,,,,0.0,0,0,0,1,1,0,0,0.0,0
18817,105,11,1,1,1,52,11.0,2,1,2, ,1,0.0,8.0,0.0,7,3,1,8.16054725646973,1,18817-105-11-1,52.0,1,2.0,,1.0,0.0,0,1,1,1,1,0,1,0.0,1
18818,81,11,1,1,1,70,5.0,3,2,2, ,1,0.0,0.0,0.0,7,3,1,6.74129438400269,1,18818-81-11-1,70.0,1,2.0,,2.0,0.0,0,0,0,1,1,0,0,0.0,0
18818,137,11,1,1,2,46,6.0,5, , , , ,0.0,0.0,0.0,7,3,1,6.74129438400269,3,18818-137-11-1,46.0,1,,,,0.0,0,0,1,1,1,0,1,0.0,1
18818,159,11,1,1,1,48,10.0,5,2,3, ,1,0.0,8.0,0.0,7,3,1,6.74129438400269,1,18818-159-11-1,48.0,1,3.0,,2.0,1.0,0,1,1,1,1,0,1,1.0,1
18819,42,11,1,1,1,61,4.0,6,2,2, ,1,0.0,0.0,0.0,7,3,1,6.84510326385498,7,18819-42-11-1,61.0,1,2.0,,2.0,0.0,0,0,0,1,1,0,0,0.0,0
18819,59,11,1,1,1,42,6.0,5,4,2,5,1,0.0,0.0,0.0,7,3,2,6.84510326385498,13,18819-59-11-1,42.0,1,2.0,5.0,4.0,0.0,0,0,0,1,1,0,0,0.0,0
18819,92,11,1,1,1,58,1.0, ,2,3, ,1,0.0,0.0,0.0,7,3,1,6.84510326385498,7,18819-92-11-1,58.0,1,3.0,,2.0,1.0,0,0,0,1,1,0,0,1.0,0
18819,109,11,1,1,1,56,4.0,0,4,3,7,1,0.0,0.0,0.0,7,3,1,6.84510326385498,2,18819-109-11-1,56.0,1,3.0,7.0,4.0,1.0,0,0,0,1,1,0,0,1.0,0
18821,111,11,1,1,1,39,5.0,4,5,3,7,1,0.0,8.0,0.0,7,3,1,139.874649047852,3,18821-111-11-1,39.0,1,3.0,7.0,5.0,1.0,0,1,0,1,1,0,0,1.0,0
18822,33,11,1,1,2,23,7.0,2,3, ,4,5,0.0,8.0,0.0,7,3,1,152.892623901367,2,18822-33-11-1,23.0,1,,4.0,3.0,0.0,0,1,0,1,1,0,0,0.0,0
18822,76,11,1,1,1,47,3.0,0,4,3,7,1,0.0,0.0,0.0,7,3,2,152.892623901367,1,18822-76-11-1,47.0,1,3.0,7.0,4.0,1.0,0,0,0,1,1,0,0,1.0,0
18822,91,11,1,1,2,78,1.0, , , , , ,0.0,0.0,0.0,7,3,1,152.892623901367,2,18822-91-11-1,78.0,1,,,,0.0,0,0,0,1,1,0,0,0.0,0
18823,40,11,1,1,1,75,10.0,5, , , , ,0.0,0.0,0.0,7,3,1,134.134735107422,2,18823-40-11-1,75.0,1,,,,0.0,0,0,0,1,1,0,0,0.0,0
18823,126,11,1,1,1,38,7.0,1,4, ,5,5,0.0,8.0,0.0,7,3,1,134.134735107422,5,18823-126-11-1,38.0,1,,5.0,4.0,0.0,0,1,0,1,1,0,0,0.0,0
18824,19,11,1,1,1,34,9.0,2,2,3, ,1,0.0,8.0,0.0,7,3,1,6.33280086517334,5,18824-19-11-1,34.0,1,3.0,,2.0,1.0,0,1,0,1,1,0,0,1.0,0
18824,43,11,1,1,2,45,9.0,3,2,2, ,1,0.0,8.0,0.0,7,3,1,6.33280086517334,5,18824-43-11-1,45.0,1,2.0,,2.0,0.0,0,1,0,1,1,0,0,0.0,0
18824,88,11,1,1,2,52,5.0,3,1,3, ,1,0.0,0.0,0.0,7,3,1,6.33280086517334,5,18824-88-11-1,52.0,1,3.0,,1.0,1.0,0,0,0,1,1,0,0,1.0,0
18825,11,11,1,1,2,36,10.0,5, , , , ,0.0,0.0,0.0,7,3,1,134.134735107422,4,18825-11-11-1,36.0,1,,,,0.0,0,0,0,1,1,0,0,0.0,0
18825,51,11,1,1,1,64,6.0,5,4, ,1,5,0.0,0.0,0.0,7,3,2,134.134735107422,3,18825-51-11-1,64.0,1,,1.0,4.0,0.0,0,0,0,1,1,0,0,0.0,0
18825,92,11,1,1,1,47,3.0,0,2,3, ,1,0.0,0.0,0.0,7,3,1,134.134735107422,3,18825-92-11-1,47.0,1,3.0,,2.0,1.0,0,0,0,1,1,0,0,1.0,0
18826,30,11,1,1,1,58,3.0,2,2,2, ,1,0.0,0.0,0.0,7,3,1,141.611740112305,6,18826-30-11-1,58.0,1,2.0,,2.0,0.0,0,0,0,1,1,0,0,0.0,0
18826,62,11,1,1,2,35,6.0,5, , , , ,0.0,0.0,0.0,7,3,2,141.611740112305,4,18826-62-11-1,35.0,1,,,,0.0,0,0,0,1,1,0,0,0.0,0
18826,139,11,1,1,1,36,6.0,5,4,3,7,1,0.0,0.0,0.0,7,3,1,141.611740112305,4,18826-139-11-1,36.0,1,3.0,7.0,4.0,1.0,0,0,0,1,1,0,0,1.0,0
18827,40,11,1,1,2,48,6.0,5,4,1,1,2,0.0,0.0,0.0,7,3,1,203.856826782227,4,18827-40-11-1,48.0,1,1.0,1.0,4.0,0.0,0,0,0,1,1,0,0,0.0,0
18827,53,11,1,1,1,36,6.0,5,4,3,7,1,0.0,0.0,0.0,7,3,1,203.856826782227,4,18827-53-11-1,36.0,1,3.0,7.0,4.0,1.0,0,0,0,1,1,0,0,1.0,0
18827,66,11,1,1,2,65,3.0,0, , , , ,0.0,0.0,0.0,7,3,1,203.856826782227,6,18827-66-11-1,65.0,1,,,,0.0,0,0,0,1,1,0,0,0.0,0
18829,44,11,1,1,1,41,8.0,3,3, , , ,0.0,8.0,0.0,7,3, ,6.33280086517334,3,18829-44-11-1,41.0,1,,,3.0,0.0,0,1,1,1,1,0,1,0.0,1
18829,55,11,1,1,1,26,6.0,5,3, ,5,5,0.0,8.0,0.0,7,3, ,6.33280086517334,1,18829-55-11-1,26.0,1,,5.0,3.0,0.0,0,1,1,1,1,0,1,0.0,1
18829,77,11,1,1,2,22,7.0,2, , , , ,0.0,0.0,0.0,7,3, ,6.33280086517334,3,18829-77-11-1,22.0,1,,,,0.0,0,0,0,1,1,0,0,0.0,0
18830,36,11,1,1,2,26,10.0,5,3, ,6,5,0.0,8.0,0.0,7,3, ,139.874649047852,1,18830-36-11-1,26.0,1,,6.0,3.0,0.0,0,1,0,1,1,0,0,0.0,0
18830,44,11,1,1,1,31,4.0,0,2,3, ,1,0.0,0.0,0.0,7,3, ,139.874649047852,1,18830-44-11-1,31.0,1,3.0,,2.0,1.0,0,0,0,1,1,0,0,1.0,0
18830,57,11,1,1,2,20,9.0,3,3,3,7,1,0.0,0.0,0.0,7,3, ,139.874649047852,1,18830-57-11-1,20.0,1,3.0,7.0,3.0,1.0,0,0,0,1,1,0,0,1.0,0
18830,95,11,1,1,1,58,8.0,3,4, ,1,5,0.0,0.0,0.0,7,3, ,139.874649047852,3,18830-95-11-1,58.0,1,,1.0,4.0,0.0,0,0,0,1,1,0,0,0.0,0
18830,107,11,1,1,1,31,10.0,5,3, ,2,5,0.0,8.0,0.0,7,3, ,139.874649047852,1,18830-107-11-1,31.0,1,,2.0,3.0,0.0,0,1,0,1,1,0,0,0.0,0
18831,4,11,1,1,1,40,5.0,3,4,3,7,1,0.0,0.0,0.0,7,3, ,152.892623901367,3,18831-4-11-1,40.0,1,3.0,7.0,4.0,1.0,0,0,1,1,1,0,1,1.0,1
18831,20,11,1,1,1,60,5.0,2,2,3, ,1,0.0,0.0,0.0,7,3, ,152.892623901367,3,18831-20-11-1,60.0,1,3.0,,2.0,1.0,0,0,1,1,1,0,1,1.0,1
18831,53,11,1,1,1,49,5.0,1,2,3, ,1,0.0,0.0,0.0,7,3, ,152.892623901367,5,18831-53-11-1,49.0,1,3.0,,2.0,1.0,0,0,0,1,1,0,0,1.0,0
18831,69,11,1,1,2,58,3.0,0,2,3, ,1,0.0,0.0,0.0,7,3, ,152.892623901367,3,18831-69-11-1,58.0,1,3.0,,2.0,1.0,0,0,0,1,1,0,0,1.0,0
18831,85,11,1,1,1,46,6.0,5,3,3,7,1,0.0,0.0,0.0,7,3, ,152.892623901367,3,18831-85-11-1,46.0,1,3.0,7.0,3.0,1.0,0,0,1,1,1,0,1,1.0,1
18831,101,11,1,1,1,60,5.0,2,4,3,7,1,0.0,0.0,0.0,7,3, ,152.892623901367,5,18831-101-11-1,60.0,1,3.0,7.0,4.0,1.0,0,0,0,1,1,0,0,1.0,0
18832,14,11,1,1,2,25,9.0,1,3, ,2,5,0.0,8.0,0.0,7,3, ,178.846298217773,2,18832-14-11-1,25.0,1,,2.0,3.0,0.0,0,1,0,1,1,0,0,0.0,0
18832,51,11,1,1,2,20,6.0,5, , , , ,0.0,0.0,0.0,7,3, ,178.846298217773,3,18832-51-11-1,20.0,1,,,,0.0,0,0,0,1,1,0,0,0.0,0
18832,84,11,1,1,1,54,8.0,3,3, , , ,0.0,8.0,0.0,7,3, ,178.846298217773,4,18832-84-11-1,54.0,1,,,3.0,0.0,0,1,0,1,1,0,0,0.0,0
18834,17,11,1,1,1,37,6.0,5,2,3, ,1,0.0,0.0,0.0,7,5,1,188.815643310547,4,18834-17-11-1,37.0,1,3.0,,2.0,1.0,0,0,0,1,1,0,0,1.0,0
18834,83,11,1,1,1,42,6.0,5,4,3,7,1,0.0,0.0,0.0,7,5,1,188.815643310547,4,18834-83-11-1,42.0,1,3.0,7.0,4.0,1.0,0,0,0,1,1,0,0,1.0,0
18834,108,11,1,1,1,34,6.0,5,2,3, ,1,0.0,8.0,0.0,7,5,1,188.815643310547,5,18834-108-11-1,34.0,1,3.0,,2.0,1.0,0,1,0,1,1,0,0,1.0,0
18852,18,11,1,1,1,25,7.0,1,2,3, ,1,0.0,0.0,0.0,7,5,1,178.846298217773,3,18852-18-11-1,25.0,1,3.0,,2.0,1.0,0,0,0,1,1,0,0,1.0,0
18852,62,11,1,1,2,25,6.0,5, , , , ,0.0,0.0,0.0,7,5,2,178.846298217773,4,18852-62-11-1,25.0,1,,,,0.0,0,0,0,1,1,0,0,0.0,0
18852,84,11,1,1,1,42,6.0,5,4,3,7,1,0.0,0.0,0.0,7,5,2,178.846298217773,4,18852-84-11-1,42.0,1,3.0,7.0,4.0,1.0,0,0,0,1,1,0,0,1.0,0
18852,128,11,1,1,2,62,1.0, , , , , ,0.0,0.0,0.0,7,5,1,178.846298217773,2,18852-128-11-1,62.0,1,,,,0.0,0,0,0,1,1,0,0,0.0,0
18853,4,11,1,1,1,71,10.0,6,5,3,7,1,0.0,0.0,0.0,7,5,1,10.8807287216187,2,18853-4-11-1,71.0,1,3.0,7.0,5.0,1.0,0,0,0,1,1,0,0,1.0,0
18853,43,11,1,1,1,47,6.0,5,2,3, ,1,0.0,0.0,0.0,7,5,1,10.8807287216187,5,18853-43-11-1,47.0,1,3.0,,2.0,1.0,0,0,0,1,1,0,0,1.0,0
18853,63,11,1,1,1,40,10.0,5,3,1,2,5,0.0,0.0,0.0,7,5,1,10.8807287216187,4,18853-63-11-1,40.0,1,1.0,2.0,3.0,0.0,0,0,1,1,1,0,1,0.0,1
18853,97,11,1,1,1,37,10.0,5,3, ,2,5,0.0,0.0,0.0,7,5,1,10.8807287216187,4,18853-97-11-1,37.0,1,,2.0,3.0,0.0,0,0,0,1,1,0,0,0.0,0
18855,34,11,1,1,1,43,3.0,0,4,3,7,1,0.0,0.0,0.0,7,5,1,186.499542236328,5,18855-34-11-1,43.0,1,3.0,7.0,4.0,1.0,0,0,0,1,1,0,0,1.0,0
18855,74,11,1,1,1,33,6.0,5,1,3, ,1,0.0,0.0,0.0,7,5,1,186.499542236328,3,18855-74-11-1,33.0,1,3.0,,1.0,1.0,0,0,0,1,1,0,0,1.0,0
18855,93,11,1,1,1,45,5.0,1,2,3, ,1,0.0,0.0,0.0,7,5,1,186.499542236328,2,18855-93-11-1,45.0,1,3.0,,2.0,1.0,0,0,1,1,1,0,1,1.0,1
18855,151,11,1,1,1,63,3.0,1,2,3, ,1,0.0,0.0,0.0,7,5,1,186.499542236328,2,18855-151-11-1,63.0,1,3.0,,2.0,1.0,0,0,0,1,1,0,0,1.0,0
18857,35,11,1,1,1,47,4.0,0,2,3, ,1,0.0,0.0,0.0,7,5,1,8.44373416900635,4,18857-35-11-1,47.0,1,3.0,,2.0,1.0,0,0,0,1,1,0,0,1.0,0
18857,64,11,1,1,2,57,6.0,5,4, ,5,5,0.0,0.0,0.0,7,5,1,8.44373416900635,2,18857-64-11-1,57.0,1,,5.0,4.0,0.0,0,0,0,1,1,0,0,0.0,0
18857,78,11,1,1,1,71,6.0,5,2,2, ,1,0.0,0.0,0.0,7,5,1,8.44373416900635,3,18857-78-11-1,71.0,1,2.0,,2.0,0.0,0,0,1,1,1,0,1,0.0,1
18858,37,11,1,1,2,32,6.0,5, , , , ,0.0,8.0,0.0,7,5,1,188.815643310547,5,18858-37-11-1,32.0,1,,,,0.0,0,1,0,1,1,0,0,0.0,0
18858,50,11,1,1,2,56,6.0,5,3,3,7,1,0.0,0.0,0.0,7,5,1,188.815643310547,1,18858-50-11-1,56.0,1,3.0,7.0,3.0,1.0,0,0,0,1,1,0,0,1.0,0
18858,63,11,1,1,2,30,6.0,5,2,3, ,1,0.0,0.0,0.0,7,5,1,188.815643310547,5,18858-63-11-1,30.0,1,3.0,,2.0,1.0,0,0,1,1,1,0,1,1.0,1
18858,77,11,1,1,1,53,4.0,0,2,3, ,1,0.0,8.0,0.0,7,5,1,188.815643310547,3,18858-77-11-1,53.0,1,3.0,,2.0,1.0,0,1,0,1,1,0,0,1.0,0
18858,92,11,1,1,2,37,5.0,2,2,3, ,1,0.0,0.0,0.0,7,5,1,188.815643310547,8,18858-92-11-1,37.0,1,3.0,,2.0,1.0,0,0,0,1,1,0,0,1.0,0
18860,7,11,1,1,1,64,6.0,5,2,3, ,1,0.0,0.0,0.0,7,5, ,178.846298217773,1,18860-7-11-1,64.0,1,3.0,,2.0,1.0,0,0,0,1,1,0,0,1.0,0
18860,34,11,1,1,2,67,5.0,4,2,3, ,1,0.0,0.0,0.0,7,5, ,178.846298217773,4,18860-34-11-1,67.0,1,3.0,,2.0,1.0,0,0,0,1,1,0,0,1.0,0
18860,62,11,1,1,2,67,6.0,5,2,3, ,1,0.0,0.0,0.0,7,5, ,178.846298217773,4,18860-62-11-1,67.0,1,3.0,,2.0,1.0,0,0,0,1,1,0,0,1.0,0
18860,116,11,1,1,1,59,4.0,5,2,3, ,1,0.0,0.0,0.0,7,5, ,178.846298217773,2,18860-116-11-1,59.0,1,3.0,,2.0,1.0,0,0,0,1,1,0,0,1.0,0
18866,53,11,1,1,1,53,6.0,5, , , , ,0.0,0.0,0.0,7,7,1,25.9930801391602,1,18866-53-11-1,53.0,1,,,,0.0,0,0,0,1,1,0,0,0.0,0
18866,55,11,1,1,2,34,8.0,3,3,2,2,1,0.0,8.0,0.0,7,7,1,25.9930801391602,3,18866-55-11-1,34.0,1,2.0,2.0,3.0,0.0,0,1,1,1,1,0,1,0.0,1
18866,169,11,1,1,1,30,6.0,5,2,3, ,1,0.0,0.0,0.0,7,7,1,25.9930801391602,3,18866-169-11-1,30.0,1,3.0,,2.0,1.0,0,0,0,1,1,0,0,1.0,0
18866,172,11,1,1,2,29,6.0,5,2,3, ,1,0.0,0.0,0.0,7,7,1,25.9930801391602,7,18866-172-11-1,29.0,1,3.0,,2.0,1.0,0,0,0,1,1,0,0,1.0,0
18866,179,11,1,1,2,55,4.0,0,2,3, ,1,0.0,0.0,0.0,7,7,1,25.9930801391602,2,18866-179-11-1,55.0,1,3.0,,2.0,1.0,0,0,1,1,1,0,1,1.0,1
18866,182,11,1,1,1,37,6.0,5,4,3,7,1,0.0,0.0,0.0,7,7,1,25.9930801391602,6,18866-182-11-1,37.0,1,3.0,7.0,4.0,1.0,0,0,0,1,1,0,0,1.0,0
18876,55,11,1,1,1,35,8.0,3,5,3,7,1,0.0,8.0,0.0,7,6,2,37.8531341552734,6,18876-55-11-1,35.0,1,3.0,7.0,5.0,1.0,0,1,0,1,1,0,0,1.0,0
18876,67,11,1,1,2,28,9.0,4,4,3,7,1,0.0,8.0,0.0,7,6,1,37.8531341552734,3,18876-67-11-1,28.0,1,3.0,7.0,4.0,1.0,0,1,0,1,1,0,0,1.0,0
18876,105,11,1,1,1,78,6.0,5,2,3, ,1,0.0,0.0,0.0,7,6,1,37.8531341552734,1,18876-105-11-1,78.0,1,3.0,,2.0,1.0,0,0,0,1,1,0,0,1.0,0
18878,13,11,1,1,2,38,6.0,5,3, ,7,5,0.0,8.0,0.0,7,7,1,30.5452194213867,6,18878-13-11-1,38.0,1,,7.0,3.0,1.0,0,1,0,1,1,0,0,1.0,0
18878,16,11,1,1,1,30,9.0,2,4,3,7,1,0.0,0.0,0.0,7,7,1,30.5452194213867,4,18878-16-11-1,30.0,1,3.0,7.0,4.0,1.0,0,0,1,1,1,0,1,1.0,1
18878,76,11,1,1,2,82,1.0, ,2,3, ,1,0.0,0.0,0.0,7,7,1,30.5452194213867,2,18878-76-11-1,82.0,1,3.0,,2.0,1.0,0,0,0,1,1,0,0,1.0,0
18878,77,11,1,1,1,74,4.0,5, , , , ,0.0,0.0,0.0,7,7,1,30.5452194213867,2,18878-77-11-1,74.0,1,,,,0.0,0,0,0,1,1,0,0,0.0,0
18878,79,11,1,1,2,39,6.0,5,4,2,2,1,0.0,0.0,0.0,7,7,2,30.5452194213867,3,18878-79-11-1,39.0,1,2.0,2.0,4.0,0.0,0,0,1,1,1,0,1,0.0,1
18878,81,11,1,1,2,58,4.0,5, , , , ,0.0,0.0,0.0,7,7,1,30.5452194213867,3,18878-81-11-1,58.0,1,,,,0.0,0,0,0,1,1,0,0,0.0,0
18878,82,11,1,1,1,61,4.0,6,4,3,7,1,0.0,0.0,0.0,7,7,1,30.5452194213867,5,18878-82-11-1,61.0,1,3.0,7.0,4.0,1.0,0,0,1,1,1,0,1,1.0,1
18879,29,11,1,1,1,53,4.0,0,2,3, ,1,0.0,0.0,0.0,7,8,1,30.7856330871582,4,18879-29-11-1,53.0,1,3.0,,2.0,1.0,0,0,0,1,1,0,0,1.0,0
18879,67,11,1,1,1,63,5.0,2,2,3, ,1,0.0,0.0,0.0,7,8,1,30.7856330871582,1,18879-67-11-1,63.0,1,3.0,,2.0,1.0,0,0,0,1,1,0,0,1.0,0
18880,59,11,1,1,1,39,6.0,5,2,3, ,1,0.0,0.0,0.0,7,6,1,30.5452194213867,5,18880-59-11-1,39.0,1,3.0,,2.0,1.0,0,0,0,1,1,0,0,1.0,0
18880,80,11,1,1,1,66,8.0,5,2,3, ,1,0.0,0.0,0.0,7,6,1,30.5452194213867,2,18880-80-11-1,66.0,1,3.0,,2.0,1.0,0,0,0,1,1,0,0,1.0,0
18880,89,11,1,1,1,45,6.0,5,2,3, ,1,0.0,0.0,0.0,7,6,1,30.5452194213867,6,18880-89-11-1,45.0,1,3.0,,2.0,1.0,0,0,0,1,1,0,0,1.0,0
18880,91,11,1,1,2,56,1.0, ,2,3, ,1,0.0,0.0,0.0,7,6,1,30.5452194213867,2,18880-91-11-1,56.0,1,3.0,,2.0,1.0,0,0,0,1,1,0,0,1.0,0
18881,10,11,1,1,2,68,1.0, ,2,3, ,1,0.0,0.0,0.0,7,7, ,30.7856330871582,1,18881-10-11-1,68.0,1,3.0,,2.0,1.0,0,0,0,1,1,0,0,1.0,0
18881,11,11,1,1,2,38,3.0,0,2,3, ,1,0.0,0.0,0.0,7,7, ,30.7856330871582,3,18881-11-11-1,38.0,1,3.0,,2.0,1.0,0,0,0,1,1,0,0,1.0,0
18881,125,11,1,1,2,46,4.0,0,2,2, ,1,0.0,0.0,0.0,7,7, ,30.7856330871582,5,18881-125-11-1,46.0,1,2.0,,2.0,0.0,0,0,1,1,1,0,1,0.0,1
18881,128,11,1,1,2,49,3.0,0,2,3, ,1,0.0,0.0,0.0,7,7, ,30.7856330871582,1,18881-128-11-1,49.0,1,3.0,,2.0,1.0,0,0,0,1,1,0,0,1.0,0
18882,9,11,1,1,1,57,8.0,3,1,3, ,1,0.0,0.0,0.0,7,8, ,30.5452194213867,2,18882-9-11-1,57.0,1,3.0,,1.0,1.0,0,0,1,1,1,0,1,1.0,1
18882,38,11,1,1,2,54,5.0,1,1,3, ,1,0.0,0.0,0.0,7,8, ,30.5452194213867,2,18882-38-11-1,54.0,1,3.0,,1.0,1.0,0,0,0,1,1,0,0,1.0,0
18882,39,11,1,1,1,62,6.0,5,2,3, ,1,0.0,0.0,0.0,7,8, ,30.5452194213867,4,18882-39-11-1,62.0,1,3.0,,2.0,1.0,0,0,0,1,1,0,0,1.0,0
18882,40,11,1,1,2,29,5.0,3, , , , ,0.0,8.0,0.0,7,8, ,30.5452194213867,4,18882-40-11-1,29.0,1,,,,0.0,0,1,0,1,1,0,0,0.0,0
18882,41,11,1,1,1,55,5.0,1,2,3, ,1,0.0,0.0,0.0,7,8, ,30.5452194213867,4,18882-41-11-1,55.0,1,3.0,,2.0,1.0,0,0,0,1,1,0,0,1.0,0
18911,140,11,1,1,2,31,6.0,5,4,3,7,1,0.0,8.0,0.0,3,3, ,77.1939468383789,4,18911-140-11-1,31.0,1,3.0,7.0,4.0,1.0,0,1,0,1,1,0,0,1.0,0
18911,186,11,1,1,1,54,6.0,5,4, ,2,5,0.0,0.0,0.0,3,3, ,77.1939468383789,3,18911-186-11-1,54.0,1,,2.0,4.0,0.0,0,0,0,1,1,0,0,0.0,0
18911,208,11,1,1,1,63,5.0,2,2,3, ,1,0.0,0.0,0.0,3,3, ,77.1939468383789,1,18911-208-11-1,63.0,1,3.0,,2.0,1.0,0,0,0,1,1,0,0,1.0,0
18913,50,11,1,1,1,72,5.0,1, , , , ,0.0,0.0,0.0,3,3,2,9.56130599975586,1,18913-50-11-1,72.0,1,,,,0.0,0,0,0,1,1,0,0,0.0,0
18913,66,11,1,1,2,72,6.0,5, , , , ,0.0,0.0,0.0,3,3,1,9.56130599975586,3,18913-66-11-1,72.0,1,,,,0.0,0,0,0,1,1,0,0,0.0,0
18913,82,11,1,1,1,48,6.0,5,2,2, ,1,0.0,8.0,0.0,3,3,1,9.56130599975586,4,18913-82-11-1,48.0,1,2.0,,2.0,0.0,0,1,0,1,1,0,0,0.0,0
18924,5,11,1,1,1,51,6.0,5,2,2, ,1,0.0,8.0,0.0,3,3,2,159.888946533203,7,18924-5-11-1,51.0,1,2.0,,2.0,0.0,0,1,1,1,1,0,1,0.0,1
18924,23,11,1,1,1,45,6.0,5, , , , ,0.0,0.0,0.0,3,3,2,159.888946533203,4,18924-23-11-1,45.0,1,,,,0.0,0,0,0,1,1,0,0,0.0,0
18924,40,11,1,1,1,59,8.0,3,2,2, ,1,0.0,8.0,0.0,3,3,1,159.888946533203,1,18924-40-11-1,59.0,1,2.0,,2.0,0.0,0,1,0,1,1,0,0,0.0,0
18924,127,11,1,1,2,64,3.0,2,2,3, ,1,0.0,0.0,0.0,3,3,1,159.888946533203,4,18924-127-11-1,64.0,1,3.0,,2.0,1.0,0,0,0,1,1,0,0,1.0,0
18924,142,11,1,1,2,64,8.0,4,3, ,1,5,0.0,0.0,0.0,3,3,1,159.888946533203,1,18924-142-11-1,64.0,1,,1.0,3.0,0.0,0,0,1,1,1,0,1,0.0,1
18925,20,11,1,1,2,55,6.0,5,4,3,7,1,0.0,0.0,0.0,3,3,1,48.0916862487793,2,18925-20-11-1,55.0,1,3.0,7.0,4.0,1.0,0,0,0,1,1,0,0,1.0,0
18926,19,11,1,1,1,49,6.0,5,2,2, ,1,0.0,0.0,0.0,3,3,1,70.3078994750977,8,18926-19-11-1,49.0,1,2.0,,2.0,0.0,0,0,0,1,1,0,0,0.0,0
18926,51,11,1,1,1,30,9.0,2,3,1,2,1,0.0,8.0,0.0,3,3,1,70.3078994750977,1,18926-51-11-1,30.0,1,1.0,2.0,3.0,0.0,0,1,0,1,1,0,0,0.0,0
18926,116,11,1,1,1,60,6.0,5,4,1,5,5,0.0,0.0,0.0,3,3,1,70.3078994750977,4,18926-116-11-1,60.0,1,1.0,5.0,4.0,0.0,0,0,0,1,1,0,0,0.0,0
18926,132,11,1,1,2,43,5.0,1,5,2,7,1,0.0,0.0,0.0,3,3,1,70.3078994750977,5,18926-132-11-1,43.0,1,2.0,7.0,5.0,1.0,0,0,1,1,1,0,1,1.0,1
18927,8,11,1,1,2,35,5.0,3,2,3, ,1,0.0,8.0,0.0,3,3,1,75.6163787841797,5,18927-8-11-1,35.0,1,3.0,,2.0,1.0,0,1,0,1,1,0,0,1.0,0
18929,24,11,1,1,2,57,4.0,0,2,3, ,1,0.0,8.0,0.0,3,3,1,44.5170021057129,3,18929-24-11-1,57.0,1,3.0,,2.0,1.0,0,1,0,1,1,0,0,1.0,0
18930,53,11,1,1,2,52,6.0,5,2,3, ,1,0.0,0.0,0.0,3,3,1,75.6163787841797,4,18930-53-11-1,52.0,1,3.0,,2.0,1.0,0,0,0,1,1,0,0,1.0,0
18930,81,11,1,1,2,51,5.0,3,2,3, ,1,0.0,0.0,0.0,3,3,1,75.6163787841797,1,18930-81-11-1,51.0,1,3.0,,2.0,1.0,0,0,0,1,1,0,0,1.0,0
18930,122,11,1,1,2,66,4.0,5, , , , ,0.0,0.0,0.0,3,3,1,75.6163787841797,1,18930-122-11-1,66.0,1,,,,0.0,0,0,0,1,1,0,0,0.0,0
18932,3,11,1,1,1,39,6.0,5,4,3,7,1,0.0,0.0,0.0,3,3,1,77.1939468383789,4,18932-3-11-1,39.0,1,3.0,7.0,4.0,1.0,0,0,0,1,1,0,0,1.0,0
18932,51,11,1,1,2,40,7.0,2,3, ,2,5,0.0,8.0,0.0,3,3,1,77.1939468383789,3,18932-51-11-1,40.0,1,,2.0,3.0,0.0,0,1,1,1,1,0,1,0.0,1
18932,86,11,1,1,2,46,6.0,5,2,3, ,1,0.0,0.0,0.0,3,3,1,77.1939468383789,3,18932-86-11-1,46.0,1,3.0,,2.0,1.0,0,0,0,1,1,0,0,1.0,0
18932,97,11,1,1,1,71,3.0,4,6, ,7,1,0.0,0.0,0.0,3,3,1,77.1939468383789,1,18932-97-11-1,71.0,1,,7.0,6.0,1.0,0,0,0,1,1,0,0,1.0,0
18933,27,11,1,1,1,23,8.0,3,4, ,2,5,0.0,0.0,0.0,3,3,2,36.0687637329102,3,18933-27-11-1,23.0,1,,2.0,4.0,0.0,0,0,1,1,1,0,1,0.0,1
18933,44,11,1,1,1,96,10.0,5, , , , ,0.0,0.0,0.0,3,3,1,36.0687637329102,2,18933-44-11-1,96.0,1,,,,0.0,0,0,0,1,1,0,0,0.0,0
18933,74,11,1,1,2,66,5.0,1,2,3, ,1,0.0,0.0,0.0,3,3,1,36.0687637329102,2,18933-74-11-1,66.0,1,3.0,,2.0,1.0,0,0,1,1,1,0,1,1.0,1
18933,105,11,1,1,1,49,11.0,1,2,3, ,1,0.0,8.0,0.0,3,3,1,36.0687637329102,2,18933-105-11-1,49.0,1,3.0,,2.0,1.0,0,1,0,1,1,0,0,1.0,0
18933,149,11,1,1,1,92,3.0,4, , , , ,0.0,0.0,0.0,3,3,1,36.0687637329102,1,18933-149-11-1,92.0,1,,,,0.0,0,0,0,1,1,0,0,0.0,0
18933,165,11,1,1,2,64,8.0,3, , , , ,0.0,0.0,0.0,3,3,1,36.0687637329102,2,18933-165-11-1,64.0,1,,,,0.0,0,0,0,1,1,0,0,0.0,0
18934,1,11,1,1,2,62,3.0,2, , , , ,0.0,0.0,0.0,3,3,1,79.1032638549805,1,18934-1-11-1,62.0,1,,,,0.0,0,0,0,1,1,0,0,0.0,0
18934,43,11,1,1,2,41,6.0,5,4,3,7,1,0.0,0.0,0.0,3,3,1,79.1032638549805,3,18934-43-11-1,41.0,1,3.0,7.0,4.0,1.0,0,0,0,1,1,0,0,1.0,0
18934,85,11,1,1,1,66,6.0,5,2,3, ,1,0.0,0.0,0.0,3,3,1,79.1032638549805,1,18934-85-11-1,66.0,1,3.0,,2.0,1.0,0,0,0,1,1,0,0,1.0,0
18936,26,11,1,1,2,54,8.0,3,3, ,2,5,0.0,0.0,0.0,3,3,1,163.951263427734,3,18936-26-11-1,54.0,1,,2.0,3.0,0.0,0,0,1,1,1,0,1,0.0,1
18936,64,11,1,1,1,55,6.0,5,2,3, ,1,0.0,0.0,0.0,3,3,1,163.951263427734,8,18936-64-11-1,55.0,1,3.0,,2.0,1.0,0,0,0,1,1,0,0,1.0,0
18936,83,11,1,1,1,33,6.0,5,3,1,5,1,0.0,8.0,0.0,3,3,1,163.951263427734,1,18936-83-11-1,33.0,1,1.0,5.0,3.0,0.0,0,1,1,1,1,0,1,0.0,1
18936,119,11,1,1,1,44,6.0,5,4,3,7,1,0.0,0.0,0.0,3,3,1,163.951263427734,4,18936-119-11-1,44.0,1,3.0,7.0,4.0,1.0,0,0,0,1,1,0,0,1.0,0
18937,78,11,1,1,2,34,10.0,5, , , , ,0.0,8.0,0.0,3,3,1,70.3078994750977,2,18937-78-11-1,34.0,1,,,,0.0,0,1,0,1,1,0,0,0.0,0
18938,20,11,1,1,2,73,3.0,3,2,3, ,1,0.0,0.0,0.0,3,3, ,112.881660461426,6,18938-20-11-1,73.0,1,3.0,,2.0,1.0,0,0,0,1,1,0,0,1.0,0
18939,2,11,1,1,2,47,3.0,0,4, ,2,5,0.0,8.0,0.0,3,3,2,46.4304962158203,4,18939-2-11-1,47.0,1,,2.0,4.0,0.0,0,1,1,1,1,0,1,0.0,1
18939,38,11,1,1,1,49,6.0,5,1,1, ,1,0.0,8.0,0.0,3,3,1,46.4304962158203,6,18939-38-11-1,49.0,1,1.0,,1.0,0.0,0,1,0,1,1,0,0,0.0,0
18939,168,11,1,1,2,65,6.0,5,2,3, ,1,0.0,0.0,0.0,3,3,1,46.4304962158203,5,18939-168-11-1,65.0,1,3.0,,2.0,1.0,0,0,0,1,1,0,0,1.0,0
18940,39,11,1,1,1,51,11.0,1,3, ,2,5,0.0,8.0,0.0,3,3, ,163.951263427734,4,18940-39-11-1,51.0,1,,2.0,3.0,0.0,0,1,1,1,1,0,1,0.0,1
18940,109,11,1,1,1,54,8.0,3,2,3, ,1,0.0,0.0,0.0,3,3, ,163.951263427734,4,18940-109-11-1,54.0,1,3.0,,2.0,1.0,0,0,1,1,1,0,1,1.0,1
18941,13,11,1,1,1,45,9.0,3,3,1,2,1,0.0,8.0,0.0,3,3, ,79.1032638549805,1,18941-13-11-1,45.0,1,1.0,2.0,3.0,0.0,0,1,0,1,1,0,0,0.0,0
18941,83,11,1,1,2,51,6.0,5,4,2,2,1,0.0,8.0,0.0,3,3, ,79.1032638549805,1,18941-83-11-1,51.0,1,2.0,2.0,4.0,0.0,0,1,1,1,1,0,1,0.0,1
18958,73,11,1,1,2,51,9.0,1,2,3, ,1,0.0,8.0,0.0,3,3,1,36.7196617126465,1,18958-73-11-1,51.0,1,3.0,,2.0,1.0,0,1,1,1,1,0,1,1.0,1
18958,106,11,1,1,1,71,8.0,3, , , , ,0.0,8.0,0.0,3,3,2,36.7196617126465,3,18958-106-11-1,71.0,1,,,,0.0,0,1,1,1,1,0,1,0.0,1
18964,9,11,1,1,2,72,4.0,5, , , , ,0.0,0.0,0.0,3,3,1,10.3246688842773,3,18964-9-11-1,72.0,1,,,,0.0,0,0,0,1,1,0,0,0.0,0
18964,42,11,1,1,1,55,8.0,3,3,1,2,1,0.0,0.0,0.0,3,3,1,10.3246688842773,4,18964-42-11-1,55.0,1,1.0,2.0,3.0,0.0,0,0,0,1,1,0,0,0.0,0
18970,11,11,1,1,1,74,6.0,5,2,3, ,1,0.0,0.0,0.0,3,3, ,36.7196617126465,2,18970-11-11-1,74.0,1,3.0,,2.0,1.0,0,0,0,1,1,0,0,1.0,0
18970,94,11,1,1,2,76,5.0,3, , , , ,0.0,0.0,0.0,3,3, ,36.7196617126465,1,18970-94-11-1,76.0,1,,,,0.0,0,0,0,1,1,0,0,0.0,0
18971,20,11,1,1,2,41,6.0,5, , , , ,0.0,8.0,0.0,3,3,1,77.1939468383789,4,18971-20-11-1,41.0,1,,,,0.0,0,1,1,1,1,0,1,0.0,1
18971,69,11,1,1,2,77,6.0,5, , , , ,0.0,0.0,0.0,3,3,1,77.1939468383789,2,18971-69-11-1,77.0,1,,,,0.0,0,0,0,1,1,0,0,0.0,0
18971,114,11,1,1,1,50,6.0,5,2,3, ,1,0.0,0.0,0.0,3,3,1,77.1939468383789,5,18971-114-11-1,50.0,1,3.0,,2.0,1.0,0,0,0,1,1,0,0,1.0,0
18987,35,11,1,1,1,42,6.0,5,4,1,2,3,0.0,8.0,0.0,3,3,1,154.616088867188,4,18987-35-11-1,42.0,1,1.0,2.0,4.0,0.0,0,1,0,1,1,0,0,0.0,0
18987,64,11,1,1,2,43,6.0,5,1,3, ,1,0.0,8.0,0.0,3,3,1,154.616088867188,2,18987-64-11-1,43.0,1,3.0,,1.0,1.0,0,1,1,1,1,0,1,1.0,1
18987,90,11,1,1,1,57,6.0,5,2,3, ,1,0.0,8.0,0.0,3,3,1,154.616088867188,3,18987-90-11-1,57.0,1,3.0,,2.0,1.0,0,1,0,1,1,0,0,1.0,0
18988,40,11,1,1,1,58,6.0,5,1,2, ,1,0.0,8.0,0.0,3,3,1,46.4304962158203,5,18988-40-11-1,58.0,1,2.0,,1.0,0.0,0,1,0,1,1,0,0,0.0,0
18988,71,11,1,1,1,62,5.0,3,2,2, ,1,0.0,0.0,0.0,3,3,1,46.4304962158203,2,18988-71-11-1,62.0,1,2.0,,2.0,0.0,0,0,1,1,1,0,1,0.0,1
18988,86,11,1,1,1,37,10.0,5,3,1,2,3,0.0,8.0,0.0,3,3,1,46.4304962158203,2,18988-86-11-1,37.0,1,1.0,2.0,3.0,0.0,0,1,1,1,1,0,1,0.0,1
18988,102,11,1,1,1,55,5.0,1,2,2, ,1,0.0,0.0,0.0,3,3,1,46.4304962158203,4,18988-102-11-1,55.0,1,2.0,,2.0,0.0,0,0,0,1,1,0,0,0.0,0
18989,6,11,1,1,1,33,6.0,5,4,1,2,2,0.0,8.0,0.0,3,5,1,70.3078994750977,4,18989-6-11-1,33.0,1,1.0,2.0,4.0,0.0,0,1,0,1,1,0,0,0.0,0
18989,49,11,1,1,2,29,7.0,1,6, ,7,1,0.0,8.0,0.0,3,5,1,70.3078994750977,2,18989-49-11-1,29.0,1,,7.0,6.0,1.0,0,1,0,1,1,0,0,1.0,0
18989,81,11,1,1,1,80,4.0,5, , , , ,0.0,0.0,0.0,3,5,1,70.3078994750977,2,18989-81-11-1,80.0,1,,,,0.0,0,0,0,1,1,0,0,0.0,0
18990,101,11,1,1,1,42,6.0,5,3,1,1,5,0.0,8.0,0.0,3,3,1,11.4610080718994,1,18990-101-11-1,42.0,1,1.0,1.0,3.0,0.0,0,1,1,1,1,0,1,0.0,1
18991,31,11,1,1,1,84,3.0,3, , , , ,0.0,0.0,0.0,3,3,1,52.6860694885254,2,18991-31-11-1,84.0,1,,,,0.0,0,0,0,1,1,0,0,0.0,0
18991,86,11,1,1,1,49,6.0,5,4,1,2,1,0.0,8.0,0.0,3,3,1,52.6860694885254,4,18991-86-11-1,49.0,1,1.0,2.0,4.0,0.0,0,1,0,1,1,0,0,0.0,0
18991,140,11,1,1,1,69,5.0,3,5,3,7,1,0.0,0.0,0.0,3,3,1,52.6860694885254,4,18991-140-11-1,69.0,1,3.0,7.0,5.0,1.0,0,0,0,1,1,0,0,1.0,0
18992,6,11,1,1,2,58,5.0,1,4, ,5,5,0.0,0.0,0.0,3,3,1,48.0916862487793,2,18992-6-11-1,58.0,1,,5.0,4.0,0.0,0,0,0,1,1,0,0,0.0,0
18992,22,11,1,1,2,42,10.0,5,3, ,2,5,0.0,8.0,0.0,3,3,1,48.0916862487793,3,18992-22-11-1,42.0,1,,2.0,3.0,0.0,0,1,0,1,1,0,0,0.0,0
18992,55,11,1,1,2,61,6.0,5, , , , ,0.0,0.0,0.0,3,3,1,48.0916862487793,4,18992-55-11-1,61.0,1,,,,0.0,0,0,0,1,1,0,0,0.0,0
18992,72,11,1,1,1,54,10.0,6,3, ,5,5,0.0,8.0,0.0,3,3,1,48.0916862487793,1,18992-72-11-1,54.0,1,,5.0,3.0,0.0,0,1,0,1,1,0,0,0.0,0
18993,40,11,1,1,2,45,5.0,3,6, ,7,1,0.0,8.0,0.0,3,3,1,79.1032638549805,6,18993-40-11-1,45.0,1,,7.0,6.0,1.0,0,1,0,1,1,0,0,1.0,0
18996,78,11,1,1,1,81,8.0,3, , , , ,0.0,0.0,0.0,3,3,1,37.693042755127,2,18996-78-11-1,81.0,1,,,,0.0,0,0,0,1,1,0,0,0.0,0
18996,137,11,1,1,1,47,8.0,3,4,1,2,1,0.0,8.0,0.0,3,3,1,37.693042755127,4,18996-137-11-1,47.0,1,1.0,2.0,4.0,0.0,0,1,0,1,1,0,0,0.0,0
18997,71,11,1,1,1,81,4.0,5,4, ,5,5,0.0,0.0,0.0,3,3,1,44.5170021057129,2,18997-71-11-1,81.0,1,,5.0,4.0,0.0,0,0,0,1,1,0,0,0.0,0
18997,90,11,1,1,2,64,1.0, ,2,3, ,1,0.0,0.0,0.0,3,3,1,44.5170021057129,1,18997-90-11-1,64.0,1,3.0,,2.0,1.0,0,0,0,1,1,0,0,1.0,0
18999,41,11,1,1,1,69,4.0,5,2,3, ,1,0.0,0.0,0.0,3,3,1,163.951263427734,1,18999-41-11-1,69.0,1,3.0,,2.0,1.0,0,0,0,1,1,0,0,1.0,0
18999,73,11,1,1,2,58,8.0,3,3, ,5,5,0.0,0.0,0.0,3,3,1,163.951263427734,2,18999-73-11-1,58.0,1,,5.0,3.0,0.0,0,0,1,1,1,0,1,0.0,1
18999,90,11,1,1,2,49,6.0,5,4,2,7,1,0.0,8.0,0.0,3,3,1,163.951263427734,3,18999-90-11-1,49.0,1,2.0,7.0,4.0,1.0,0,1,0,1,1,0,0,1.0,0
19000,43,11,1,1,1,52,6.0,5,2,3, ,1,0.0,0.0,0.0,3,5,1,75.6163787841797,2,19000-43-11-1,52.0,1,3.0,,2.0,1.0,0,0,0,1,1,0,0,1.0,0
19000,106,11,1,1,1,32,6.0,5,3,2,7,1,0.0,8.0,0.0,3,5,1,75.6163787841797,2,19000-106-11-1,32.0,1,2.0,7.0,3.0,1.0,0,1,0,1,1,0,0,1.0,0
19000,119,11,1,1,1,72,6.0,5,3,3,7,1,0.0,0.0,0.0,3,5,1,75.6163787841797,1,19000-119-11-1,72.0,1,3.0,7.0,3.0,1.0,0,0,0,1,1,0,0,1.0,0
19002,101,11,1,1,1,85,5.0,1, , , , ,0.0,0.0,0.0,3,3, ,11.4610080718994,1,19002-101-11-1,85.0,1,,,,0.0,0,0,0,1,1,0,0,0.0,0
19002,147,11,1,1,1,41,9.0,5,3,1,1,5,0.0,0.0,0.0,3,3, ,11.4610080718994,2,19002-147-11-1,41.0,1,1.0,1.0,3.0,0.0,0,0,0,1,1,0,0,0.0,0
19003,41,11,1,1,1,50,6.0,5,4,2,2,2,0.0,0.0,0.0,3,3, ,159.888946533203,5,19003-41-11-1,50.0,1,2.0,2.0,4.0,0.0,0,0,0,1,1,0,0,0.0,0
19003,61,11,1,1,2,50,6.0,5,1,2, ,1,0.0,0.0,0.0,3,3, ,159.888946533203,3,19003-61-11-1,50.0,1,2.0,,1.0,0.0,0,0,0,1,1,0,0,0.0,0
19003,81,11,1,1,1,59,6.0,5,2,3, ,1,0.0,8.0,0.0,3,3, ,159.888946533203,4,19003-81-11-1,59.0,1,3.0,,2.0,1.0,0,1,0,1,1,0,0,1.0,0
19005,15,11,1,1,1,53,6.0,5,2,3, ,1,0.0,0.0,0.0,3,3, ,12.7484073638916,1,19005-15-11-1,53.0,1,3.0,,2.0,1.0,0,0,0,1,1,0,0,1.0,0
19005,92,11,1,1,1,69,6.0,5, , , , ,0.0,0.0,0.0,3,3, ,12.7484073638916,1,19005-92-11-1,69.0,1,,,,0.0,0,0,0,1,1,0,0,0.0,0
19005,123,11,1,1,2,81,10.0,5, , , , ,0.0,0.0,0.0,3,3, ,12.7484073638916,2,19005-123-11-1,81.0,1,,,,0.0,0,0,0,1,1,0,0,0.0,0
19005,136,11,1,1,2,58,5.0,3,4, ,2,5,0.0,8.0,0.0,3,3, ,12.7484073638916,3,19005-136-11-1,58.0,1,,2.0,4.0,0.0,0,1,0,1,1,0,0,0.0,0
19011,1,11,1,1,1,57,8.0,3,2,3, ,1,0.0,0.0,0.0,6,5,1,362.890258789063,1,19011-1-11-1,57.0,1,3.0,,2.0,1.0,0,0,0,1,1,0,0,1.0,0
19011,48,11,1,1,1,47,6.0,5,4, ,7,5,0.0,0.0,0.0,6,5,1,362.890258789063,4,19011-48-11-1,47.0,1,,7.0,4.0,1.0,0,0,1,1,1,0,1,1.0,1
19011,63,11,1,1,1,46,6.0,5,4, ,1,5,0.0,0.0,0.0,6,5,1,362.890258789063,4,19011-63-11-1,46.0,1,,1.0,4.0,0.0,0,0,1,1,1,0,1,0.0,1
19015,192,11,1,1,1,56,3.0,0, , , , ,0.0,0.0,0.0,3,7,1,64.7771530151367,2,19015-192-11-1,56.0,1,,,,0.0,0,0,0,1,1,0,0,0.0,0
19015,396,11,1,1,1,85,3.0,3, , , , ,0.0,0.0,0.0,3,7,1,64.7771530151367,4,19015-396-11-1,85.0,1,,,,0.0,0,0,0,1,1,0,0,0.0,0
19015,398,11,1,1,1,58,6.0,5,2,3, ,1,0.0,0.0,0.0,3,7,1,64.7771530151367,1,19015-398-11-1,58.0,1,3.0,,2.0,1.0,0,0,0,1,1,0,0,1.0,0
19015,399,11,1,1,1,70,4.0,5,2,3, ,1,0.0,0.0,0.0,3,7,1,64.7771530151367,2,19015-399-11-1,70.0,1,3.0,,2.0,1.0,0,0,0,1,1,0,0,1.0,0
19016,13,11,1,1,1,35,9.0,1,3, ,2,5,0.0,8.0,0.0,3,8,1,49.3895874023438,2,19016-13-11-1,35.0,1,,2.0,3.0,0.0,0,1,0,1,1,0,0,0.0,0
19016,91,11,1,1,1,64,6.0,5,2,3, ,1,0.0,0.0,0.0,3,8,1,49.3895874023438,1,19016-91-11-1,64.0,1,3.0,,2.0,1.0,0,0,0,1,1,0,0,1.0,0
19016,92,11,1,1,2,61,5.0,1,2,3, ,1,0.0,0.0,0.0,3,8,1,49.3895874023438,3,19016-92-11-1,61.0,1,3.0,,2.0,1.0,0,0,0,1,1,0,0,1.0,0
19016,93,11,1,1,2,45,8.0,3,2,3, ,1,0.0,0.0,0.0,3,8,1,49.3895874023438,2,19016-93-11-1,45.0,1,3.0,,2.0,1.0,0,0,0,1,1,0,0,1.0,0
19036,15,11,1,1,1,70,5.0,4,2,3, ,1,0.0,0.0,0.0,6,6,1,60.3140525817871,2,19036-15-11-1,70.0,1,3.0,,2.0,1.0,0,0,0,1,1,0,0,1.0,0
19036,21,11,1,1,1,79,3.0,1, , , , ,0.0,0.0,0.0,6,6,1,60.3140525817871,2,19036-21-11-1,79.0,1,,,,0.0,0,0,0,1,1,0,0,0.0,0
19036,40,11,1,1,1,85,1.0, , , , , ,0.0,0.0,0.0,6,6,1,60.3140525817871,2,19036-40-11-1,85.0,1,,,,0.0,0,0,0,1,1,0,0,0.0,0
19036,52,11,1,1,1,67,6.0,5,2,3, ,1,0.0,0.0,0.0,6,6,1,60.3140525817871,1,19036-52-11-1,67.0,1,3.0,,2.0,1.0,0,0,0,1,1,0,0,1.0,0
19037,341,11,1,1,2,83,1.0, , , , , ,0.0,0.0,0.0,6,7,2,58.5972557067871,1,19037-341-11-1,83.0,1,,,,0.0,0,0,0,1,1,0,0,0.0,0
19037,344,11,1,1,1,60,4.0,5,2,3, ,1,0.0,0.0,0.0,6,7,1,58.5972557067871,3,19037-344-11-1,60.0,1,3.0,,2.0,1.0,0,0,0,1,1,0,0,1.0,0
19037,346,11,1,1,1,64,3.0,3,2,3, ,1,0.0,0.0,0.0,6,7,1,58.5972557067871,2,19037-346-11-1,64.0,1,3.0,,2.0,1.0,0,0,0,1,1,0,0,1.0,0
19037,347,11,1,1,1,61,4.0,5,2,3, ,1,0.0,0.0,0.0,6,7,1,58.5972557067871,3,19037-347-11-1,61.0,1,3.0,,2.0,1.0,0,0,0,1,1,0,0,1.0,0
19037,349,11,1,1,2,48,3.0,0,2,3, ,1,0.0,0.0,0.0,6,7,1,58.5972557067871,1,19037-349-11-1,48.0,1,3.0,,2.0,1.0,0,0,0,1,1,0,0,1.0,0
19038,26,11,1,1,1,65,5.0,2,2,3, ,1,0.0,0.0,0.0,6,8, ,66.9560089111328,2,19038-26-11-1,65.0,1,3.0,,2.0,1.0,0,0,0,1,1,0,0,1.0,0
19038,28,11,1,1,2,46,6.0,5,2,3, ,1,0.0,0.0,0.0,6,8, ,66.9560089111328,2,19038-28-11-1,46.0,1,3.0,,2.0,1.0,0,0,0,1,1,0,0,1.0,0
19038,90,11,1,1,1,42,6.0,5,2,3, ,1,0.0,0.0,0.0,6,8, ,66.9560089111328,1,19038-90-11-1,42.0,1,3.0,,2.0,1.0,0,0,0,1,1,0,0,1.0,0
19040,13,11,1,1,2,74,1.0, ,2,3, ,1,0.0,0.0,0.0,6,7,1,58.1926612854004,1,19040-13-11-1,74.0,1,3.0,,2.0,1.0,0,0,0,1,1,0,0,1.0,0
19040,16,11,1,1,2,66,1.0, ,2,3, ,1,0.0,0.0,0.0,6,7,1,58.1926612854004,1,19040-16-11-1,66.0,1,3.0,,2.0,1.0,0,0,0,1,1,0,0,1.0,0
19040,262,11,1,1,2,61,4.0,5,2,3, ,1,0.0,0.0,0.0,6,7,1,58.1926612854004,2,19040-262-11-1,61.0,1,3.0,,2.0,1.0,0,0,0,1,1,0,0,1.0,0
19040,263,11,1,1,1,46,5.0,4,4, ,2,5,0.0,0.0,0.0,6,7,1,58.1926612854004,4,19040-263-11-1,46.0,1,,2.0,4.0,0.0,0,0,1,1,1,0,1,0.0,1
19040,268,11,1,1,1,78,1.0, ,2,3, ,1,0.0,0.0,0.0,6,7,1,58.1926612854004,2,19040-268-11-1,78.0,1,3.0,,2.0,1.0,0,0,0,1,1,0,0,1.0,0
19041,9,11,1,1,2,74,3.0,0,2,3, ,1,0.0,0.0,0.0,6,6,1,58.5972557067871,1,19041-9-11-1,74.0,1,3.0,,2.0,1.0,0,0,0,1,1,0,0,1.0,0
19041,32,11,1,1,1,70,5.0,1,2,3, ,1,0.0,0.0,0.0,6,6,1,58.5972557067871,1,19041-32-11-1,70.0,1,3.0,,2.0,1.0,0,0,0,1,1,0,0,1.0,0
19041,44,11,1,1,2,58,6.0,5,2,3, ,1,0.0,8.0,0.0,6,6,1,58.5972557067871,1,19041-44-11-1,58.0,1,3.0,,2.0,1.0,0,1,0,1,1,0,0,1.0,0
19041,78,11,1,1,1,70,4.0,5,2,3, ,1,0.0,0.0,0.0,6,6,1,58.5972557067871,1,19041-78-11-1,70.0,1,3.0,,2.0,1.0,0,0,0,1,1,0,0,1.0,0
19041,124,11,1,1,2,87,8.0,5,2,3, ,1,0.0,0.0,0.0,6,6,1,58.5972557067871,1,19041-124-11-1,87.0,1,3.0,,2.0,1.0,0,0,0,1,1,0,0,1.0,0
19041,136,11,1,1,1,72,5.0,2,2,3, ,1,0.0,0.0,0.0,6,6,1,58.5972557067871,1,19041-136-11-1,72.0,1,3.0,,2.0,1.0,0,0,0,1,1,0,0,1.0,0
19042,1,11,1,1,2,46,6.0,5,4, ,2,5,0.0,0.0,0.0,6,7,1,60.3140525817871,3,19042-1-11-1,46.0,1,,2.0,4.0,0.0,0,0,0,1,1,0,0,0.0,0
19042,2,11,1,1,2,63,4.0,5,2,3, ,1,0.0,0.0,0.0,6,7,1,60.3140525817871,1,19042-2-11-1,63.0,1,3.0,,2.0,1.0,0,0,0,1,1,0,0,1.0,0
19042,3,11,1,1,1,55,6.0,5,2,3, ,1,0.0,0.0,0.0,6,7,1,60.3140525817871,3,19042-3-11-1,55.0,1,3.0,,2.0,1.0,0,0,1,1,1,0,1,1.0,1
19042,142,11,1,1,1,64,6.0,5,4, ,1,5,0.0,0.0,0.0,6,7,1,60.3140525817871,5,19042-142-11-1,64.0,1,,1.0,4.0,0.0,0,0,0,1,1,0,0,0.0,0
19042,143,11,1,1,2,76,3.0,0,2,3, ,1,0.0,0.0,0.0,6,7,1,60.3140525817871,2,19042-143-11-1,76.0,1,3.0,,2.0,1.0,0,0,0,1,1,0,0,1.0,0
19043,13,11,1,1,1,70,4.0,5,2,3, ,1,0.0,0.0,0.0,6,8,1,58.1926612854004,1,19043-13-11-1,70.0,1,3.0,,2.0,1.0,0,0,0,1,1,0,0,1.0,0
19043,14,11,1,1,1,68,4.0,5, , , , ,0.0,0.0,0.0,6,8,1,58.1926612854004,2,19043-14-11-1,68.0,1,,,,0.0,0,0,0,1,1,0,0,0.0,0
19043,33,11,1,1,1,68,3.0,1, , , , ,0.0,0.0,0.0,6,8,1,58.1926612854004,5,19043-33-11-1,68.0,1,,,,0.0,0,0,0,1,1,0,0,0.0,0
19043,45,11,1,1,1,61,4.0,5,2,3, ,1,0.0,0.0,0.0,6,8,1,58.1926612854004,1,19043-45-11-1,61.0,1,3.0,,2.0,1.0,0,0,0,1,1,0,0,1.0,0
19043,47,11,1,1,1,47,3.0,0,2,3, ,1,0.0,0.0,0.0,6,8,1,58.1926612854004,5,19043-47-11-1,47.0,1,3.0,,2.0,1.0,0,0,0,1,1,0,0,1.0,0
19044,29,11,1,1,1,59,4.0,5,2,3, ,1,0.0,0.0,0.0,6,6,1,58.1926498413086,2,19044-29-11-1,59.0,1,3.0,,2.0,1.0,0,0,0,1,1,0,0,1.0,0
19044,37,11,1,1,1,35,7.0,1,2,3, ,1,0.0,0.0,0.0,6,6,1,58.1926498413086,4,19044-37-11-1,35.0,1,3.0,,2.0,1.0,0,0,0,1,1,0,0,1.0,0
19044,49,11,1,1,1,59,5.0,3,2,3, ,1,0.0,0.0,0.0,6,6,1,58.1926498413086,2,19044-49-11-1,59.0,1,3.0,,2.0,1.0,0,0,0,1,1,0,0,1.0,0
19044,52,11,1,1,2,58,2.0,1,2,3, ,1,0.0,0.0,0.0,6,6,1,58.1926498413086,1,19044-52-11-1,58.0,1,3.0,,2.0,1.0,0,0,0,1,1,0,0,1.0,0
19044,71,11,1,1,1,26,5.0,3,2,3, ,1,0.0,8.0,0.0,6,6,1,58.1926498413086,3,19044-71-11-1,26.0,1,3.0,,2.0,1.0,0,1,0,1,1,0,0,1.0,0
19045,149,11,1,1,1,64,4.0,5,3, ,7,5,0.0,0.0,0.0,6,7,1,66.9560089111328,3,19045-149-11-1,64.0,1,,7.0,3.0,1.0,0,0,0,1,1,0,0,1.0,0
19045,151,11,1,1,1,61,6.0,5,2,3, ,1,0.0,0.0,0.0,6,7,1,66.9560089111328,2,19045-151-11-1,61.0,1,3.0,,2.0,1.0,0,0,1,1,1,0,1,1.0,1
19045,152,11,1,1,2,69,4.0,5,2,3, ,1,0.0,0.0,0.0,6,7,1,66.9560089111328,2,19045-152-11-1,69.0,1,3.0,,2.0,1.0,0,0,0,1,1,0,0,1.0,0
19045,156,11,1,1,1,61,5.0,2,2,3, ,1,0.0,0.0,0.0,6,7,1,66.9560089111328,4,19045-156-11-1,61.0,1,3.0,,2.0,1.0,0,0,0,1,1,0,0,1.0,0
19047,25,11,1,1,1,62,4.0,5,2,3, ,1,0.0,0.0,0.0,6,7, ,73.0223999023438,2,19047-25-11-1,62.0,1,3.0,,2.0,1.0,0,0,0,1,1,0,0,1.0,0
19047,26,11,1,1,1,68,4.0,5,2,3, ,1,0.0,0.0,0.0,6,7, ,73.0223999023438,2,19047-26-11-1,68.0,1,3.0,,2.0,1.0,0,0,0,1,1,0,0,1.0,0
19047,28,11,1,1,2,79,3.0,0, , , , ,0.0,0.0,0.0,6,7, ,73.0223999023438,2,19047-28-11-1,79.0,1,,,,0.0,0,0,0,1,1,0,0,0.0,0
19047,74,11,1,1,1,59,6.0,5,4, ,2,5,0.0,0.0,0.0,6,7, ,73.0223999023438,2,19047-74-11-1,59.0,1,,2.0,4.0,0.0,0,0,1,1,1,0,1,0.0,1
19047,80,11,1,1,1,65,5.0,1,2,3, ,1,0.0,0.0,0.0,6,7, ,73.0223999023438,2,19047-80-11-1,65.0,1,3.0,,2.0,1.0,0,0,0,1,1,0,0,1.0,0
19047,90,11,1,1,1,53,8.0,3,2,3, ,1,0.0,0.0,0.0,6,7, ,73.0223999023438,3,19047-90-11-1,53.0,1,3.0,,2.0,1.0,0,0,0,1,1,0,0,1.0,0
19048,11,11,1,1,1,48,8.0,3,3, ,2,5,0.0,8.0,0.0,6,8, ,58.5972557067871,6,19048-11-11-1,48.0,1,,2.0,3.0,0.0,0,1,0,1,1,0,0,0.0,0
19048,12,11,1,1,1,55,5.0,3,2,3, ,1,0.0,0.0,0.0,6,8, ,58.5972557067871,3,19048-12-11-1,55.0,1,3.0,,2.0,1.0,0,0,0,1,1,0,0,1.0,0
19048,74,11,1,1,1,85,3.0,3,2,3, ,1,0.0,0.0,0.0,6,8, ,58.5972557067871,1,19048-74-11-1,85.0,1,3.0,,2.0,1.0,0,0,0,1,1,0,0,1.0,0
19048,78,11,1,1,1,49,6.0,5,5,3,7,1,0.0,0.0,0.0,6,8, ,58.5972557067871,5,19048-78-11-1,49.0,1,3.0,7.0,5.0,1.0,0,0,0,1,1,0,0,1.0,0
19048,80,11,1,1,1,57,3.0,0,4,1,2,3,0.0,0.0,0.0,6,8, ,58.5972557067871,3,19048-80-11-1,57.0,1,1.0,2.0,4.0,0.0,0,0,0,1,1,0,0,0.0,0
19071,10,11,1,1,1,50,9.0,2,1,1, ,1,0.0,8.0,0.0,5,3,1,11.817195892334,3,19071-10-11-1,50.0,1,1.0,,1.0,0.0,0,1,0,1,1,0,0,0.0,0
19071,60,11,1,1,1,34,10.0,5,3, ,2,5,0.0,8.0,0.0,5,3,1,11.817195892334,3,19071-60-11-1,34.0,1,,2.0,3.0,0.0,0,1,0,1,1,0,0,0.0,0
19071,127,11,1,1,2,50,8.0,5,3, ,2,5,0.0,8.0,0.0,5,3,1,11.817195892334,1,19071-127-11-1,50.0,1,,2.0,3.0,0.0,0,1,0,1,1,0,0,0.0,0
19072,5,11,1,1,1,61,5.0,3,5,3,7,1,0.0,0.0,0.0,5,3,1,10.6803092956543,2,19072-5-11-1,61.0,1,3.0,7.0,5.0,1.0,0,0,0,1,1,0,0,1.0,0
19072,21,11,1,1,1,40,7.0,1,2,3, ,1,0.0,8.0,0.0,5,3,1,10.6803092956543,6,19072-21-11-1,40.0,1,3.0,,2.0,1.0,0,1,0,1,1,0,0,1.0,0
19072,36,11,1,1,2,42,6.0,5, , , , ,0.0,8.0,0.0,5,3,1,10.6803092956543,3,19072-36-11-1,42.0,1,,,,0.0,0,1,1,1,1,0,1,0.0,1
19072,52,11,1,1,1,53,6.0,5,2,3, ,1,0.0,0.0,0.0,5,3,1,10.6803092956543,4,19072-52-11-1,53.0,1,3.0,,2.0,1.0,0,0,0,1,1,0,0,1.0,0
19072,115,11,1,1,1,50,11.0,2,3, ,1,5,0.0,8.0,0.0,5,3,1,10.6803092956543,4,19072-115-11-1,50.0,1,,1.0,3.0,0.0,0,1,1,1,1,0,1,0.0,1
19072,133,11,1,1,2,32,7.0,1,4, ,1,5,0.0,0.0,0.0,5,3,2,10.6803092956543,3,19072-133-11-1,32.0,1,,1.0,4.0,0.0,0,0,1,1,1,0,1,0.0,1
19075,14,11,1,1,1,55,6.0,5,4,1,2,2,0.0,0.0,0.0,5,3,1,200.92463684082,6,19075-14-11-1,55.0,1,1.0,2.0,4.0,0.0,0,0,0,1,1,0,0,0.0,0
19075,31,11,1,1,1,47,4.0,0, , , , ,0.0,0.0,0.0,5,3,1,200.92463684082,3,19075-31-11-1,47.0,1,,,,0.0,0,0,0,1,1,0,0,0.0,0
19075,65,11,1,1,2,44,6.0,5,6, ,7,1,0.0,0.0,0.0,5,3,1,200.92463684082,2,19075-65-11-1,44.0,1,,7.0,6.0,1.0,0,0,0,1,1,0,0,1.0,0
19075,82,11,1,1,1,50,6.0,5,4,3,7,1,0.0,0.0,0.0,5,3,1,200.92463684082,4,19075-82-11-1,50.0,1,3.0,7.0,4.0,1.0,0,0,1,1,1,0,1,1.0,1
19076,7,11,1,1,1,54,6.0,5,4,1,2,4,0.0,0.0,0.0,5,3,1,274.666229248047,9,19076-7-11-1,54.0,1,1.0,2.0,4.0,0.0,0,0,0,1,1,0,0,0.0,0
19076,31,11,1,1,1,30,6.0,5, , , , ,0.0,0.0,0.0,5,3,1,274.666229248047,4,19076-31-11-1,30.0,1,,,,0.0,0,0,0,1,1,0,0,0.0,0
19076,47,11,1,1,1,44,3.0,0,4,3,7,1,0.0,0.0,0.0,5,3,1,274.666229248047,4,19076-47-11-1,44.0,1,3.0,7.0,4.0,1.0,0,0,0,1,1,0,0,1.0,0
19076,56,11,1,1,1,44,6.0,5,4,1,2,5,0.0,0.0,0.0,5,3,1,274.666229248047,5,19076-56-11-1,44.0,1,1.0,2.0,4.0,0.0,0,0,0,1,1,0,0,0.0,0
19076,66,11,1,1,1,61,5.0,2,2,3, ,1,0.0,0.0,0.0,5,3,1,274.666229248047,4,19076-66-11-1,61.0,1,3.0,,2.0,1.0,0,0,0,1,1,0,0,1.0,0
19077,34,11,1,1,1,39,8.0,3,3, ,1,5,0.0,8.0,0.0,5,3,1,25.4850120544434,1,19077-34-11-1,39.0,1,,1.0,3.0,0.0,0,1,0,1,1,0,0,0.0,0
19077,75,11,1,1,1,32,10.0,5,2,3, ,1,0.0,8.0,0.0,5,3,1,25.4850120544434,1,19077-75-11-1,32.0,1,3.0,,2.0,1.0,0,1,0,1,1,0,0,1.0,0
19079,71,11,1,1,1,49,7.0,2,1,3, ,1,0.0,0.0,0.0,5,3,1,184.501342773438,4,19079-71-11-1,49.0,1,3.0,,1.0,1.0,0,0,0,1,1,0,0,1.0,0
19079,92,11,1,1,1,76,1.0, , , , , ,0.0,0.0,0.0,5,3,1,184.501342773438,2,19079-92-11-1,76.0,1,,,,0.0,0,0,0,1,1,0,0,0.0,0
19079,111,11,1,1,2,67,4.0,5,2,3, ,1,0.0,0.0,0.0,5,3,1,184.501342773438,1,19079-111-11-1,67.0,1,3.0,,2.0,1.0,0,0,0,1,1,0,0,1.0,0
19079,130,11,1,1,2,39,8.0,3, , , , ,0.0,0.0,0.0,5,3,1,184.501342773438,1,19079-130-11-1,39.0,1,,,,0.0,0,0,0,1,1,0,0,0.0,0
19080,29,11,1,1,1,63,6.0,5,4, ,1,5,0.0,0.0,0.0,5,3, ,60.5691375732422,3,19080-29-11-1,63.0,1,,1.0,4.0,0.0,0,0,0,1,1,0,0,0.0,0
19080,39,11,1,1,1,31,8.0,3,3,1,1,1,0.0,0.0,0.0,5,3, ,60.5691375732422,3,19080-39-11-1,31.0,1,1.0,1.0,3.0,0.0,0,0,0,1,1,0,0,0.0,0
19080,76,11,1,1,1,51,6.0,5,4,3,7,1,0.0,0.0,0.0,5,3, ,60.5691375732422,5,19080-76-11-1,51.0,1,3.0,7.0,4.0,1.0,0,0,0,1,1,0,0,1.0,0
19080,102,11,1,1,1,30,10.0,5,3,1,2,2,0.0,8.0,0.0,5,3, ,60.5691375732422,3,19080-102-11-1,30.0,1,1.0,2.0,3.0,0.0,0,1,1,1,1,0,1,0.0,1
19080,112,11,1,1,1,37,6.0,5,2,3, ,1,0.0,8.0,0.0,5,3, ,60.5691375732422,5,19080-112-11-1,37.0,1,3.0,,2.0,1.0,0,1,1,1,1,0,1,1.0,1
19081,11,11,1,1,2,54,8.0,5,3, ,1,5,0.0,0.0,0.0,5,3, ,60.5691375732422,5,19081-11-11-1,54.0,1,,1.0,3.0,0.0,0,0,0,1,1,0,0,0.0,0
19081,29,11,1,1,1,43,6.0,5,4,1,2,4,0.0,8.0,0.0,5,3, ,60.5691375732422,8,19081-29-11-1,43.0,1,1.0,2.0,4.0,0.0,0,1,0,1,1,0,0,0.0,0
19081,47,11,1,1,2,58,7.0,1,2,3, ,1,0.0,0.0,0.0,5,3, ,60.5691375732422,3,19081-47-11-1,58.0,1,3.0,,2.0,1.0,0,0,0,1,1,0,0,1.0,0
19081,83,11,1,1,1,59,7.0,1,3, ,1,5,0.0,0.0,0.0,5,3, ,60.5691375732422,3,19081-83-11-1,59.0,1,,1.0,3.0,0.0,0,0,0,1,1,0,0,0.0,0
19081,134,11,1,1,2,63,8.0,3, , , , ,0.0,0.0,0.0,5,3, ,60.5691375732422,9,19081-134-11-1,63.0,1,,,,0.0,0,0,0,1,1,0,0,0.0,0
19081,171,11,1,1,1,41,6.0,5,4,1,2,2,0.0,0.0,0.0,5,3, ,60.5691375732422,5,19081-171-11-1,41.0,1,1.0,2.0,4.0,0.0,0,0,0,1,1,0,0,0.0,0
19082,11,11,1,1,2,54,5.0,1,3,1,7,1,0.0,0.0,0.0,5,3, ,267.899505615234,2,19082-11-11-1,54.0,1,1.0,7.0,3.0,1.0,0,0,0,1,1,0,0,1.0,0
19082,30,11,1,1,2,65,3.0,2, , , , ,0.0,0.0,0.0,5,3, ,267.899505615234,4,19082-30-11-1,65.0,1,,,,0.0,0,0,0,1,1,0,0,0.0,0
19082,68,11,1,1,1,56,10.0,5,3,1,5,5,0.0,0.0,0.0,5,3, ,267.899505615234,1,19082-68-11-1,56.0,1,1.0,5.0,3.0,0.0,0,0,0,1,1,0,0,0.0,0
19082,126,11,1,1,1,52,6.0,5,4,1,1,1,0.0,0.0,0.0,5,3, ,267.899505615234,5,19082-126-11-1,52.0,1,1.0,1.0,4.0,0.0,0,0,0,1,1,0,0,0.0,0
19082,161,11,1,1,1,70,1.0, , , , , ,0.0,0.0,0.0,5,3, ,267.899505615234,3,19082-161-11-1,70.0,1,,,,0.0,0,0,0,1,1,0,0,0.0,0
19087,30,11,1,1,1,52,11.0,2,3, ,1,5,0.0,8.0,0.0,5,5,1,267.899505615234,2,19087-30-11-1,52.0,1,,1.0,3.0,0.0,0,1,1,1,1,0,1,0.0,1
19087,66,11,1,1,1,53,11.0,2,3, ,1,5,0.0,0.0,0.0,5,5,1,267.899505615234,1,19087-66-11-1,53.0,1,,1.0,3.0,0.0,0,0,0,1,1,0,0,0.0,0
19087,84,11,1,1,1,38,6.0,5,2,2, ,1,0.0,8.0,0.0,5,5,1,267.899505615234,2,19087-84-11-1,38.0,1,2.0,,2.0,0.0,0,1,0,1,1,0,0,0.0,0
19087,117,11,1,1,2,39,8.0,3,4, ,5,5,0.0,0.0,0.0,5,5,1,267.899505615234,3,19087-117-11-1,39.0,1,,5.0,4.0,0.0,0,0,0,1,1,0,0,0.0,0
19103,18,11,1,1,1,67,5.0,3,4,1,1,1,0.0,0.0,0.0,5,5,1,246.001800537109,6,19103-18-11-1,67.0,1,1.0,1.0,4.0,0.0,0,0,0,1,1,0,0,0.0,0
19103,41,11,1,1,1,51,6.0,5,4,1,1,5,0.0,0.0,0.0,5,5,1,246.001800537109,5,19103-41-11-1,51.0,1,1.0,1.0,4.0,0.0,0,0,1,1,1,0,1,0.0,1
19103,53,11,1,1,1,44,8.0,3,1,1, ,1,0.0,8.0,0.0,5,5,1,246.001800537109,4,19103-53-11-1,44.0,1,1.0,,1.0,0.0,0,1,0,1,1,0,0,0.0,0
19103,64,11,1,1,2,39,6.0,5,2,3, ,1,0.0,8.0,0.0,5,5,1,246.001800537109,3,19103-64-11-1,39.0,1,3.0,,2.0,1.0,0,1,0,1,1,0,0,1.0,0
19104,6,11,1,1,1,56,10.0,5,3, ,1,5,0.0,0.0,0.0,5,5,1,263.214721679688,4,19104-6-11-1,56.0,1,,1.0,3.0,0.0,0,0,0,1,1,0,0,0.0,0
19104,34,11,1,1,1,45,4.0,0,2,3, ,1,0.0,0.0,0.0,5,5,1,263.214721679688,8,19104-34-11-1,45.0,1,3.0,,2.0,1.0,0,0,0,1,1,0,0,1.0,0
19104,47,11,1,1,1,76,3.0,3,2,3, ,1,0.0,0.0,0.0,5,5,1,263.214721679688,1,19104-47-11-1,76.0,1,3.0,,2.0,1.0,0,0,0,1,1,0,0,1.0,0
19104,61,11,1,1,1,51,6.0,5,4,3,7,1,0.0,0.0,0.0,5,5,1,263.214721679688,1,19104-61-11-1,51.0,1,3.0,7.0,4.0,1.0,0,0,0,1,1,0,0,1.0,0
19104,89,11,1,1,2,77,3.0,0,1,3, ,1,0.0,0.0,0.0,5,5,1,263.214721679688,1,19104-89-11-1,77.0,1,3.0,,1.0,1.0,0,0,0,1,1,0,0,1.0,0
19105,20,11,1,1,2,72,3.0,4, , , , ,0.0,0.0,0.0,5,5,1,246.001800537109,1,19105-20-11-1,72.0,1,,,,0.0,0,0,0,1,1,0,0,0.0,0
19105,42,11,1,1,2,53,6.0,5,3, ,5,5,0.0,0.0,0.0,5,5,1,246.001800537109,2,19105-42-11-1,53.0,1,,5.0,3.0,0.0,0,0,0,1,1,0,0,0.0,0
19105,49,11,1,1,1,53,10.0,5,1,1, ,1,0.0,0.0,0.0,5,5,1,246.001800537109,3,19105-49-11-1,53.0,1,1.0,,1.0,0.0,0,0,0,1,1,0,0,0.0,0
19105,55,11,1,1,1,82,1.0, , , , , ,0.0,0.0,0.0,5,5,1,246.001800537109,2,19105-55-11-1,82.0,1,,,,0.0,0,0,0,1,1,0,0,0.0,0
19106,79,11,1,1,1,79,3.0,1,2,3, ,1,0.0,0.0,0.0,5,5,1,263.214721679688,2,19106-79-11-1,79.0,1,3.0,,2.0,1.0,0,0,0,1,1,0,0,1.0,0
19106,93,11,1,1,1,73,3.0,1,5,3,7,1,0.0,0.0,0.0,5,5,1,263.214721679688,2,19106-93-11-1,73.0,1,3.0,7.0,5.0,1.0,0,0,0,1,1,0,0,1.0,0
19106,116,11,1,1,1,74,4.0,5,2,3, ,1,0.0,0.0,0.0,5,5,1,263.214721679688,5,19106-116-11-1,74.0,1,3.0,,2.0,1.0,0,0,0,1,1,0,0,1.0,0
19107,50,11,1,1,1,59,3.0,3,4,3,7,1,0.0,0.0,0.0,5,5,1,246.001800537109,3,19107-50-11-1,59.0,1,3.0,7.0,4.0,1.0,0,0,0,1,1,0,0,1.0,0
19107,69,11,1,1,1,50,6.0,5, , , , ,0.0,0.0,0.0,5,5,1,246.001800537109,4,19107-69-11-1,50.0,1,,,,0.0,0,0,0,1,1,0,0,0.0,0
19107,126,11,1,1,2,69,4.0,5, , , , ,0.0,0.0,0.0,5,5,1,246.001800537109,3,19107-126-11-1,69.0,1,,,,0.0,0,0,0,1,1,0,0,0.0,0
19108,6,11,1,1,2,67,3.0,3,1,3, ,1,0.0,0.0,0.0,5,5, ,274.666229248047,1,19108-6-11-1,67.0,1,3.0,,1.0,1.0,0,0,0,1,1,0,0,1.0,0
19108,19,11,1,1,1,61,4.0,5,2,3, ,1,0.0,0.0,0.0,5,5, ,274.666229248047,4,19108-19-11-1,61.0,1,3.0,,2.0,1.0,0,0,0,1,1,0,0,1.0,0
19108,30,11,1,1,1,73,4.0,5,2,3, ,1,0.0,0.0,0.0,5,5, ,274.666229248047,2,19108-30-11-1,73.0,1,3.0,,2.0,1.0,0,0,0,1,1,0,0,1.0,0
19108,56,11,1,1,1,48,5.0,4,2,3, ,1,0.0,0.0,0.0,5,5, ,274.666229248047,4,19108-56-11-1,48.0,1,3.0,,2.0,1.0,0,0,0,1,1,0,0,1.0,0
19108,92,11,1,1,1,82,5.0,1,2,3, ,1,0.0,0.0,0.0,5,5, ,274.666229248047,3,19108-92-11-1,82.0,1,3.0,,2.0,1.0,0,0,0,1,1,0,0,1.0,0
19108,99,11,1,1,2,54,7.0,1,2,3, ,1,0.0,0.0,0.0,5,5, ,274.666229248047,3,19108-99-11-1,54.0,1,3.0,,2.0,1.0,0,0,0,1,1,0,0,1.0,0
19109,12,11,1,1,1,56,6.0,5,2,3, ,1,0.0,0.0,0.0,5,5, ,80.5594787597656,1,19109-12-11-1,56.0,1,3.0,,2.0,1.0,0,0,0,1,1,0,0,1.0,0
19109,27,11,1,1,2,26,6.0,5,2,3, ,1,0.0,0.0,0.0,5,5, ,80.5594787597656,3,19109-27-11-1,26.0,1,3.0,,2.0,1.0,0,0,0,1,1,0,0,1.0,0
19109,42,11,1,1,2,60,8.0,3,6, ,7,1,0.0,0.0,0.0,5,5, ,80.5594787597656,1,19109-42-11-1,60.0,1,,7.0,6.0,1.0,0,0,0,1,1,0,0,1.0,0
19109,57,11,1,1,1,60,6.0,5,4, ,1,5,0.0,0.0,0.0,5,5, ,80.5594787597656,3,19109-57-11-1,60.0,1,,1.0,4.0,0.0,0,0,0,1,1,0,0,0.0,0
19109,72,11,1,1,2,36,8.0,3,2,3, ,1,0.0,0.0,0.0,5,5, ,80.5594787597656,4,19109-72-11-1,36.0,1,3.0,,2.0,1.0,0,0,0,1,1,0,0,1.0,0
19109,88,11,1,1,1,66,11.0,3,2,3, ,1,0.0,0.0,0.0,5,5, ,80.5594787597656,1,19109-88-11-1,66.0,1,3.0,,2.0,1.0,0,0,0,1,1,0,0,1.0,0
19111,3,11,1,1,2,43,6.0,5,2,3, ,1,0.0,8.0,0.0,5,5, ,263.214721679688,4,19111-3-11-1,43.0,1,3.0,,2.0,1.0,0,1,0,1,1,0,0,1.0,0
19111,26,11,1,1,1,65,4.0,5,2,3, ,1,0.0,0.0,0.0,5,5, ,263.214721679688,3,19111-26-11-1,65.0,1,3.0,,2.0,1.0,0,0,0,1,1,0,0,1.0,0
19111,42,11,1,1,1,62,4.0,5,2,3, ,1,0.0,0.0,0.0,5,5, ,263.214721679688,5,19111-42-11-1,62.0,1,3.0,,2.0,1.0,0,0,0,1,1,0,0,1.0,0
19111,68,11,1,1,1,63,3.0,3,2,3, ,1,0.0,0.0,0.0,5,5, ,263.214721679688,3,19111-68-11-1,63.0,1,3.0,,2.0,1.0,0,0,0,1,1,0,0,1.0,0
19111,80,11,1,1,2,69,3.0,0, , , , ,0.0,0.0,0.0,5,5, ,263.214721679688,1,19111-80-11-1,69.0,1,,,,0.0,0,0,0,1,1,0,0,0.0,0
19111,90,11,1,1,2,60,3.0,2,2,3, ,1,0.0,8.0,0.0,5,5, ,263.214721679688,1,19111-90-11-1,60.0,1,3.0,,2.0,1.0,0,1,0,1,1,0,0,1.0,0
19127,10,11,1,1,1,57,3.0,0,2,3, ,1,0.0,0.0,0.0,7,5,1,97.9522552490234,1,19127-10-11-1,57.0,1,3.0,,2.0,1.0,0,0,0,1,1,0,0,1.0,0
19127,30,11,1,1,1,44,3.0,0,2,3, ,1,0.0,0.0,0.0,7,5,1,97.9522552490234,7,19127-30-11-1,44.0,1,3.0,,2.0,1.0,0,0,0,1,1,0,0,1.0,0
19127,56,11,1,1,2,39,6.0,5,2,3, ,1,0.0,8.0,0.0,7,5,1,97.9522552490234,4,19127-56-11-1,39.0,1,3.0,,2.0,1.0,0,1,0,1,1,0,0,1.0,0
19127,75,11,1,1,1,78,1.0, ,2,3, ,1,0.0,0.0,0.0,7,5,1,97.9522552490234,2,19127-75-11-1,78.0,1,3.0,,2.0,1.0,0,0,0,1,1,0,0,1.0,0
19129,5,11,1,1,1,89,1.0, ,5,3,7,1,0.0,0.0,0.0,7,5,1,97.9522552490234,2,19129-5-11-1,89.0,1,3.0,7.0,5.0,1.0,0,0,0,1,1,0,0,1.0,0
19129,22,11,1,1,2,38,6.0,5,4,2,7,1,0.0,8.0,0.0,7,5,1,97.9522552490234,4,19129-22-11-1,38.0,1,2.0,7.0,4.0,1.0,0,1,0,1,1,0,0,1.0,0
19129,39,11,1,1,2,64,4.0,5,2,3, ,1,0.0,0.0,0.0,7,5,1,97.9522552490234,1,19129-39-11-1,64.0,1,3.0,,2.0,1.0,0,0,0,1,1,0,0,1.0,0
19129,54,11,1,1,2,51,5.0,1,2,3, ,1,0.0,8.0,0.0,7,5,1,97.9522552490234,4,19129-54-11-1,51.0,1,3.0,,2.0,1.0,0,1,0,1,1,0,0,1.0,0
19129,71,11,1,1,2,63,4.0,5, , , , ,0.0,0.0,0.0,7,5,1,97.9522552490234,5,19129-71-11-1,63.0,1,,,,0.0,0,0,0,1,1,0,0,0.0,0
19129,105,11,1,1,2,36,6.0,5,4,2,7,1,0.0,8.0,0.0,7,5,1,97.9522552490234,4,19129-105-11-1,36.0,1,2.0,7.0,4.0,1.0,0,1,1,1,1,0,1,1.0,1
19130,11,11,1,1,2,37,9.0,4,3,1,1,1,0.0,8.0,0.0,7,5,1,99.2518920898438,3,19130-11-11-1,37.0,1,1.0,1.0,3.0,0.0,0,1,0,1,1,0,0,0.0,0
19130,23,11,1,1,1,54,1.0, ,4,2,7,1,0.0,0.0,0.0,7,5,2,99.2518920898438,1,19130-23-11-1,54.0,1,2.0,7.0,4.0,1.0,0,0,0,1,1,0,0,1.0,0
19130,46,11,1,1,2,51,3.0,0,1,2, ,1,0.0,0.0,0.0,7,5,1,99.2518920898438,5,19130-46-11-1,51.0,1,2.0,,1.0,0.0,0,0,0,1,1,0,0,0.0,0
19131,9,11,1,1,1,46,10.0,5,3, ,2,5,0.0,8.0,0.0,7,5,1,97.9522552490234,3,19131-9-11-1,46.0,1,,2.0,3.0,0.0,0,1,1,1,1,0,1,0.0,1
19131,19,11,1,1,2,59,3.0,3,2,3, ,1,0.0,0.0,0.0,7,5,1,97.9522552490234,1,19131-19-11-1,59.0,1,3.0,,2.0,1.0,0,0,1,1,1,0,1,1.0,1
19131,38,11,1,1,1,41,5.0,3,4,3,7,1,0.0,0.0,0.0,7,5,1,97.9522552490234,4,19131-38-11-1,41.0,1,3.0,7.0,4.0,1.0,0,0,0,1,1,0,0,1.0,0
19131,47,11,1,1,2,46,5.0,3,4,3,7,1,0.0,0.0,0.0,7,5,1,97.9522552490234,4,19131-47-11-1,46.0,1,3.0,7.0,4.0,1.0,0,0,1,1,1,0,1,1.0,1
19131,57,11,1,1,1,50,4.0,0,2,3, ,1,0.0,0.0,0.0,7,5,1,97.9522552490234,6,19131-57-11-1,50.0,1,3.0,,2.0,1.0,0,0,0,1,1,0,0,1.0,0
19132,9,11,1,1,1,50,6.0,5,4, ,6,5,0.0,8.0,0.0,7,5, ,98.3212356567383,2,19132-9-11-1,50.0,1,,6.0,4.0,0.0,0,1,0,1,1,0,0,0.0,0
19132,23,11,1,1,1,30,5.0,3,2,3, ,1,0.0,0.0,0.0,7,5, ,98.3212356567383,3,19132-23-11-1,30.0,1,3.0,,2.0,1.0,0,0,0,1,1,0,0,1.0,0
19132,68,11,1,1,1,71,1.0, ,5,2,7,1,0.0,0.0,0.0,7,5, ,98.3212356567383,8,19132-68-11-1,71.0,1,2.0,7.0,5.0,1.0,0,0,0,1,1,0,0,1.0,0
19132,114,11,1,1,1,39,4.0,0,4,3,7,1,0.0,0.0,0.0,7,5, ,98.3212356567383,5,19132-114-11-1,39.0,1,3.0,7.0,4.0,1.0,0,0,0,1,1,0,0,1.0,0
19143,6,11,1,1,1,42,6.0,5,2,3, ,1,0.0,0.0,0.0,5,7,1,85.195182800293,6,19143-6-11-1,42.0,1,3.0,,2.0,1.0,0,0,0,1,1,0,0,1.0,0
19143,7,11,1,1,1,48,8.0,3,2,3, ,1,0.0,0.0,0.0,5,7,1,85.195182800293,4,19143-7-11-1,48.0,1,3.0,,2.0,1.0,0,0,0,1,1,0,0,1.0,0
19143,8,11,1,1,1,31,6.0,5,2,3, ,1,0.0,0.0,0.0,5,7,1,85.195182800293,3,19143-8-11-1,31.0,1,3.0,,2.0,1.0,0,0,0,1,1,0,0,1.0,0
19143,68,11,1,1,1,35,8.0,3,2,3, ,1,0.0,0.0,0.0,5,7,1,85.195182800293,4,19143-68-11-1,35.0,1,3.0,,2.0,1.0,0,0,0,1,1,0,0,1.0,0
19143,69,11,1,1,1,31,6.0,5,2,3, ,1,0.0,0.0,0.0,5,7,1,85.195182800293,4,19143-69-11-1,31.0,1,3.0,,2.0,1.0,0,0,0,1,1,0,0,1.0,0
19143,70,11,1,1,1,51,5.0,4,2,3, ,1,0.0,0.0,0.0,5,7,1,85.195182800293,3,19143-70-11-1,51.0,1,3.0,,2.0,1.0,0,0,0,1,1,0,0,1.0,0
19143,71,11,1,1,2,29,9.0,2,2,3, ,1,0.0,8.0,0.0,5,7,1,85.195182800293,3,19143-71-11-1,29.0,1,3.0,,2.0,1.0,0,1,0,1,1,0,0,1.0,0
19151,19,11,1,1,1,50,4.0,0,2,3, ,1,0.0,0.0,0.0,5,6,1,85.195182800293,4,19151-19-11-1,50.0,1,3.0,,2.0,1.0,0,0,0,1,1,0,0,1.0,0
19151,26,11,1,1,1,32,6.0,5,2,3, ,1,0.0,0.0,0.0,5,6,1,85.195182800293,7,19151-26-11-1,32.0,1,3.0,,2.0,1.0,0,0,0,1,1,0,0,1.0,0
19151,47,11,1,1,1,37,5.0,1,2,3, ,1,0.0,8.0,0.0,5,6,1,85.195182800293,6,19151-47-11-1,37.0,1,3.0,,2.0,1.0,0,1,0,1,1,0,0,1.0,0
19151,71,11,1,1,1,79,6.0,5,2,3, ,1,0.0,0.0,0.0,5,6,1,85.195182800293,2,19151-71-11-1,79.0,1,3.0,,2.0,1.0,0,0,0,1,1,0,0,1.0,0
19151,93,11,1,1,1,71,5.0,2,2,3, ,1,0.0,8.0,0.0,5,6,1,85.195182800293,2,19151-93-11-1,71.0,1,3.0,,2.0,1.0,0,1,0,1,1,0,0,1.0,0
19152,33,11,1,1,1,77,3.0,1,2,3, ,1,0.0,0.0,0.0,5,7,1,85.195182800293,2,19152-33-11-1,77.0,1,3.0,,2.0,1.0,0,0,0,1,1,0,0,1.0,0
19152,35,11,1,1,1,73,4.0,5,2,3, ,1,0.0,0.0,0.0,5,7,1,85.195182800293,1,19152-35-11-1,73.0,1,3.0,,2.0,1.0,0,0,0,1,1,0,0,1.0,0
19152,36,11,1,1,1,36,8.0,5,4,3,7,1,0.0,8.0,0.0,5,7,1,85.195182800293,3,19152-36-11-1,36.0,1,3.0,7.0,4.0,1.0,0,1,0,1,1,0,0,1.0,0
19152,38,11,1,1,2,68,3.0,1,2,3, ,1,0.0,0.0,0.0,5,7,1,85.195182800293,2,19152-38-11-1,68.0,1,3.0,,2.0,1.0,0,0,0,1,1,0,0,1.0,0
19152,39,11,1,1,1,71,4.0,5,2,3, ,1,0.0,0.0,0.0,5,7,2,85.195182800293,3,19152-39-11-1,71.0,1,3.0,,2.0,1.0,0,0,0,1,1,0,0,1.0,0
19152,158,11,1,1,2,44,4.0,0,2,3, ,1,0.0,0.0,0.0,5,7,1,85.195182800293,3,19152-158-11-1,44.0,1,3.0,,2.0,1.0,0,0,0,1,1,0,0,1.0,0
19153,9,11,1,1,1,41,4.0,0,2,3, ,1,0.0,0.0,0.0,5,7,1,85.195182800293,6,19153-9-11-1,41.0,1,3.0,,2.0,1.0,0,0,0,1,1,0,0,1.0,0
19153,10,11,1,1,1,37,5.0,3,2,3, ,1,0.0,8.0,0.0,5,7,1,85.195182800293,4,19153-10-11-1,37.0,1,3.0,,2.0,1.0,0,1,0,1,1,0,0,1.0,0
19153,11,11,1,1,1,63,4.0,5,2,3, ,1,0.0,0.0,0.0,5,7,1,85.195182800293,1,19153-11-11-1,63.0,1,3.0,,2.0,1.0,0,0,0,1,1,0,0,1.0,0
19153,12,11,1,1,1,37,4.0,0,2,3, ,1,0.0,8.0,0.0,5,7,1,85.195182800293,4,19153-12-11-1,37.0,1,3.0,,2.0,1.0,0,1,0,1,1,0,0,1.0,0
19153,141,11,1,1,1,33,6.0,5,1,1, ,1,0.0,8.0,0.0,5,7,1,85.195182800293,1,19153-141-11-1,33.0,1,1.0,,1.0,0.0,0,1,0,1,1,0,0,0.0,0
19153,143,11,1,1,1,60,3.0,0,4,1,7,1,0.0,0.0,0.0,5,7,1,85.195182800293,1,19153-143-11-1,60.0,1,1.0,7.0,4.0,1.0,0,0,0,1,1,0,0,1.0,0
19153,149,11,1,1,1,41,3.0,0,2,3, ,1,0.0,0.0,0.0,5,7,1,85.195182800293,9,19153-149-11-1,41.0,1,3.0,,2.0,1.0,0,0,0,1,1,0,0,1.0,0
19154,38,11,1,1,1,49,4.0,0,2,3, ,1,0.0,0.0,0.0,5,8,1,89.3568115234375,4,19154-38-11-1,49.0,1,3.0,,2.0,1.0,0,0,0,1,1,0,0,1.0,0
19154,39,11,1,1,1,52,4.0,0,2,3, ,1,0.0,0.0,0.0,5,8,1,89.3568115234375,3,19154-39-11-1,52.0,1,3.0,,2.0,1.0,0,0,0,1,1,0,0,1.0,0
19154,85,11,1,1,1,78,3.0,2,2,3, ,1,0.0,0.0,0.0,5,8,1,89.3568115234375,2,19154-85-11-1,78.0,1,3.0,,2.0,1.0,0,0,0,1,1,0,0,1.0,0
19154,86,11,1,1,1,58,4.0,5,2,3, ,1,0.0,0.0,0.0,5,8,1,89.3568115234375,1,19154-86-11-1,58.0,1,3.0,,2.0,1.0,0,0,0,1,1,0,0,1.0,0
19157,1,11,1,1,1,74,5.0,2,2,3, ,1,0.0,0.0,0.0,5,6, ,89.3568115234375,6,19157-1-11-1,74.0,1,3.0,,2.0,1.0,0,0,0,1,1,0,0,1.0,0
19157,12,11,1,1,1,59,6.0,5,2,3, ,1,0.0,0.0,0.0,5,6, ,89.3568115234375,2,19157-12-11-1,59.0,1,3.0,,2.0,1.0,0,0,0,1,1,0,0,1.0,0
19157,33,11,1,1,1,74,6.0,5,2,3, ,1,0.0,0.0,0.0,5,6, ,89.3568115234375,2,19157-33-11-1,74.0,1,3.0,,2.0,1.0,0,0,0,1,1,0,0,1.0,0
19157,45,11,1,1,1,80,4.0,5,2,3, ,1,0.0,0.0,0.0,5,6, ,89.3568115234375,1,19157-45-11-1,80.0,1,3.0,,2.0,1.0,0,0,0,1,1,0,0,1.0,0
19157,56,11,1,1,2,67,5.0,2,1,3, ,1,0.0,0.0,0.0,5,6, ,89.3568115234375,2,19157-56-11-1,67.0,1,3.0,,1.0,1.0,0,0,0,1,1,0,0,1.0,0
19157,87,11,1,1,2,74,3.0,3,2,3, ,1,0.0,0.0,0.0,5,6, ,89.3568115234375,1,19157-87-11-1,74.0,1,3.0,,2.0,1.0,0,0,0,1,1,0,0,1.0,0
19157,98,11,1,1,1,62,3.0,3,2,3, ,1,0.0,0.0,0.0,5,6, ,89.3568115234375,3,19157-98-11-1,62.0,1,3.0,,2.0,1.0,0,0,0,1,1,0,0,1.0,0
19158,102,11,1,1,1,69,3.0,1,2,3, ,1,0.0,0.0,0.0,5,7, ,89.3568115234375,1,19158-102-11-1,69.0,1,3.0,,2.0,1.0,0,0,0,1,1,0,0,1.0,0
19158,103,11,1,1,1,34,6.0,5,2,3, ,1,0.0,0.0,0.0,5,7, ,89.3568115234375,4,19158-103-11-1,34.0,1,3.0,,2.0,1.0,0,0,0,1,1,0,0,1.0,0
19158,104,11,1,1,1,55,5.0,2,4,1,2,4,0.0,0.0,0.0,5,7, ,89.3568115234375,2,19158-104-11-1,55.0,1,1.0,2.0,4.0,0.0,0,0,0,1,1,0,0,0.0,0
19158,225,11,1,1,1,58,6.0,5,2,3, ,1,0.0,0.0,0.0,5,7, ,89.3568115234375,2,19158-225-11-1,58.0,1,3.0,,2.0,1.0,0,0,0,1,1,0,0,1.0,0
19158,226,11,1,1,1,67,4.0,5,2,3, ,1,0.0,0.0,0.0,5,7, ,89.3568115234375,4,19158-226-11-1,67.0,1,3.0,,2.0,1.0,0,0,0,1,1,0,0,1.0,0
19158,228,11,1,1,2,27,6.0,5,3,1,5,4,0.0,0.0,0.0,5,7, ,89.3568115234375,1,19158-228-11-1,27.0,1,1.0,5.0,3.0,0.0,0,0,0,1,1,0,0,0.0,0
19158,229,11,1,1,2,52,4.0,0,2,3, ,1,0.0,0.0,0.0,5,7, ,89.3568115234375,2,19158-229-11-1,52.0,1,3.0,,2.0,1.0,0,0,0,1,1,0,0,1.0,0
19159,1,11,1,1,1,70,4.0,5,2,3, ,1,0.0,0.0,0.0,5,8, ,85.195182800293,1,19159-1-11-1,70.0,1,3.0,,2.0,1.0,0,0,0,1,1,0,0,1.0,0
19159,2,11,1,1,1,83,3.0,0,2,3, ,1,0.0,0.0,0.0,5,8, ,85.195182800293,1,19159-2-11-1,83.0,1,3.0,,2.0,1.0,0,0,0,1,1,0,0,1.0,0
19159,57,11,1,1,2,23,6.0,5,2,3, ,1,0.0,0.0,0.0,5,8, ,85.195182800293,2,19159-57-11-1,23.0,1,3.0,,2.0,1.0,0,0,0,1,1,0,0,1.0,0
19159,60,11,1,1,1,67,6.0,5, , , , ,0.0,0.0,0.0,5,8, ,85.195182800293,2,19159-60-11-1,67.0,1,,,,0.0,0,0,0,1,1,0,0,0.0,0
19159,62,11,1,1,1,27,5.0,4,4,3,7,1,0.0,0.0,0.0,5,8, ,85.195182800293,4,19159-62-11-1,27.0,1,3.0,7.0,4.0,1.0,0,0,0,1,1,0,0,1.0,0
19159,65,11,1,1,1,61,5.0,3,2,3, ,1,0.0,0.0,0.0,5,8, ,85.195182800293,1,19159-65-11-1,61.0,1,3.0,,2.0,1.0,0,0,0,1,1,0,0,1.0,0
19167,21,11,1,1,1,51,3.0,0,2,3, ,1,0.0,0.0,0.0,7,8,1,81.6817626953125,7,19167-21-11-1,51.0,1,3.0,,2.0,1.0,0,0,0,1,1,0,0,1.0,0
19167,22,11,1,1,1,45,6.0,5,2,3, ,1,0.0,0.0,0.0,7,8,1,81.6817626953125,4,19167-22-11-1,45.0,1,3.0,,2.0,1.0,0,0,0,1,1,0,0,1.0,0
19167,23,11,1,1,1,42,4.0,0,2,3, ,1,0.0,0.0,0.0,7,8,1,81.6817626953125,1,19167-23-11-1,42.0,1,3.0,,2.0,1.0,0,0,0,1,1,0,0,1.0,0
19167,24,11,1,1,1,31,6.0,5,2,3, ,1,0.0,8.0,0.0,7,8,1,81.6817626953125,3,19167-24-11-1,31.0,1,3.0,,2.0,1.0,0,1,0,1,1,0,0,1.0,0
19167,39,11,1,1,2,44,6.0,5,2,3, ,1,0.0,0.0,0.0,7,8,1,81.6817626953125,2,19167-39-11-1,44.0,1,3.0,,2.0,1.0,0,0,0,1,1,0,0,1.0,0
19167,42,11,1,1,2,69,5.0,3,4,3,7,1,0.0,0.0,0.0,7,8,1,81.6817626953125,1,19167-42-11-1,69.0,1,3.0,7.0,4.0,1.0,0,0,0,1,1,0,0,1.0,0
19167,44,11,1,1,1,84,4.0,5,2,3, ,1,0.0,0.0,0.0,7,8,1,81.6817626953125,1,19167-44-11-1,84.0,1,3.0,,2.0,1.0,0,0,0,1,1,0,0,1.0,0
19174,127,11,1,1,1,66,9.0,3, , , , ,0.0,8.0,0.0,7,7,1,69.2695999145508,1,19174-127-11-1,66.0,1,,,,0.0,0,1,0,1,1,0,0,0.0,0
19174,128,11,1,1,2,34,6.0,5,3,3,7,1,0.0,0.0,0.0,7,7,1,69.2695999145508,4,19174-128-11-1,34.0,1,3.0,7.0,3.0,1.0,0,0,0,1,1,0,0,1.0,0
19174,293,11,1,1,2,73,3.0,1, , , , ,0.0,0.0,0.0,7,7,1,69.2695999145508,3,19174-293-11-1,73.0,1,,,,0.0,0,0,0,1,1,0,0,0.0,0
19174,295,11,1,1,1,35,5.0,3,2,3, ,1,0.0,0.0,0.0,7,7,1,69.2695999145508,4,19174-295-11-1,35.0,1,3.0,,2.0,1.0,0,0,0,1,1,0,0,1.0,0
19174,298,11,1,1,2,38,6.0,5, , , , ,0.0,8.0,0.0,7,7,2,69.2695999145508,2,19174-298-11-1,38.0,1,,,,0.0,0,1,1,1,1,0,1,0.0,1
19175,9,11,1,1,2,74,4.0,5,2,3, ,1,0.0,0.0,0.0,7,8,1,89.9795684814453,2,19175-9-11-1,74.0,1,3.0,,2.0,1.0,0,0,0,1,1,0,0,1.0,0
19175,10,11,1,1,1,52,5.0,2,5,3,7,1,0.0,0.0,0.0,7,8,1,89.9795684814453,4,19175-10-11-1,52.0,1,3.0,7.0,5.0,1.0,0,0,0,1,1,0,0,1.0,0
19175,12,11,1,1,1,32,5.0,1,2,3, ,1,0.0,0.0,0.0,7,8,1,89.9795684814453,3,19175-12-11-1,32.0,1,3.0,,2.0,1.0,0,0,0,1,1,0,0,1.0,0
19175,56,11,1,1,2,87,1.0, ,2,3, ,1,0.0,0.0,0.0,7,8,1,89.9795684814453,3,19175-56-11-1,87.0,1,3.0,,2.0,1.0,0,0,0,1,1,0,0,1.0,0
19175,58,11,1,1,2,70,1.0, ,2,3, ,1,0.0,0.0,0.0,7,8,1,89.9795684814453,1,19175-58-11-1,70.0,1,3.0,,2.0,1.0,0,0,0,1,1,0,0,1.0,0
19175,60,11,1,1,2,49,4.0,0,4,3,7,1,0.0,0.0,0.0,7,8,1,89.9795684814453,2,19175-60-11-1,49.0,1,3.0,7.0,4.0,1.0,0,0,0,1,1,0,0,1.0,0
19176,102,11,1,1,1,38,9.0,3,2,3, ,1,0.0,0.0,0.0,7,7,1,79.4743881225586,4,19176-102-11-1,38.0,1,3.0,,2.0,1.0,0,0,0,1,1,0,0,1.0,0
19176,103,11,1,1,1,37,5.0,3,2,3, ,1,0.0,0.0,0.0,7,7,1,79.4743881225586,5,19176-103-11-1,37.0,1,3.0,,2.0,1.0,0,0,0,1,1,0,0,1.0,0
19176,104,11,1,1,1,58,3.0,1,2,3, ,1,0.0,0.0,0.0,7,7,1,79.4743881225586,2,19176-104-11-1,58.0,1,3.0,,2.0,1.0,0,0,0,1,1,0,0,1.0,0
19176,214,11,1,1,1,42,4.0,0,2,3, ,1,0.0,0.0,0.0,7,7,1,79.4743881225586,6,19176-214-11-1,42.0,1,3.0,,2.0,1.0,0,0,0,1,1,0,0,1.0,0
19176,215,11,1,1,1,40,6.0,5,2,3, ,1,0.0,0.0,0.0,7,7,1,79.4743881225586,8,19176-215-11-1,40.0,1,3.0,,2.0,1.0,0,0,0,1,1,0,0,1.0,0
19176,216,11,1,1,1,42,4.0,0,2,3, ,1,0.0,0.0,0.0,7,7,1,79.4743881225586,1,19176-216-11-1,42.0,1,3.0,,2.0,1.0,0,0,0,1,1,0,0,1.0,0
19177,53,11,1,1,1,46,4.0,0,2,3, ,1,0.0,0.0,0.0,7,8,1,69.2695999145508,8,19177-53-11-1,46.0,1,3.0,,2.0,1.0,0,0,0,1,1,0,0,1.0,0
19177,133,11,1,1,1,28,6.0,5,2,3, ,1,0.0,0.0,0.0,7,8,1,69.2695999145508,5,19177-133-11-1,28.0,1,3.0,,2.0,1.0,0,0,0,1,1,0,0,1.0,0
19177,134,11,1,1,1,73,4.0,5,2,3, ,1,0.0,0.0,0.0,7,8,1,69.2695999145508,1,19177-134-11-1,73.0,1,3.0,,2.0,1.0,0,0,0,1,1,0,0,1.0,0
19177,139,11,1,1,1,50,6.0,5,2,3, ,1,0.0,0.0,0.0,7,8,1,69.2695999145508,5,19177-139-11-1,50.0,1,3.0,,2.0,1.0,0,0,0,1,1,0,0,1.0,0
19178,65,11,1,1,1,56,8.0,3,2,2, ,1,0.0,8.0,0.0,7,6,1,79.4743881225586,1,19178-65-11-1,56.0,1,2.0,,2.0,0.0,0,1,1,1,1,0,1,0.0,1
19178,100,11,1,1,1,27,6.0,5,1,3, ,1,0.0,8.0,0.0,7,6,1,79.4743881225586,1,19178-100-11-1,27.0,1,3.0,,1.0,1.0,0,1,1,1,1,0,1,1.0,1
19178,118,11,1,1,1,38,6.0,5,4,3,7,1,0.0,0.0,0.0,7,6,1,79.4743881225586,4,19178-118-11-1,38.0,1,3.0,7.0,4.0,1.0,0,0,1,1,1,0,1,1.0,1
19178,153,11,1,1,2,24,5.0,2, , , , ,0.0,0.0,0.0,7,6,2,79.4743881225586,3,19178-153-11-1,24.0,1,,,,0.0,0,0,0,1,1,0,0,0.0,0
19179,45,11,1,1,1,47,1.0, ,2,3, ,1,0.0,0.0,0.0,7,8,1,69.2695999145508,2,19179-45-11-1,47.0,1,3.0,,2.0,1.0,0,0,0,1,1,0,0,1.0,0
19179,47,11,1,1,1,46,1.0, ,2,3, ,1,0.0,0.0,0.0,7,8,1,69.2695999145508,1,19179-47-11-1,46.0,1,3.0,,2.0,1.0,0,0,0,1,1,0,0,1.0,0
19179,48,11,1,1,1,42,3.0,0,2,3, ,1,0.0,0.0,0.0,7,8,2,69.2695999145508,6,19179-48-11-1,42.0,1,3.0,,2.0,1.0,0,0,0,1,1,0,0,1.0,0
19179,109,11,1,1,1,33,4.0,0,2,3, ,1,0.0,0.0,0.0,7,8,1,69.2695999145508,4,19179-109-11-1,33.0,1,3.0,,2.0,1.0,0,0,0,1,1,0,0,1.0,0
19179,110,11,1,1,1,34,4.0,0,1,3, ,1,0.0,0.0,0.0,7,8,1,69.2695999145508,5,19179-110-11-1,34.0,1,3.0,,1.0,1.0,0,0,0,1,1,0,0,1.0,0
19180,49,11,1,1,1,28,7.0,1,2,3, ,1,0.0,0.0,0.0,7,7, ,89.9795684814453,4,19180-49-11-1,28.0,1,3.0,,2.0,1.0,0,0,0,1,1,0,0,1.0,0
19180,51,11,1,1,1,66,4.0,5,2,3, ,1,0.0,0.0,0.0,7,7, ,89.9795684814453,5,19180-51-11-1,66.0,1,3.0,,2.0,1.0,0,0,0,1,1,0,0,1.0,0
19180,140,11,1,1,1,73,3.0,4,2,3, ,1,0.0,0.0,0.0,7,7, ,89.9795684814453,1,19180-140-11-1,73.0,1,3.0,,2.0,1.0,0,0,0,1,1,0,0,1.0,0
19180,142,11,1,1,2,51,3.0,0,2,3, ,1,0.0,0.0,0.0,7,7, ,89.9795684814453,4,19180-142-11-1,51.0,1,3.0,,2.0,1.0,0,0,0,1,1,0,0,1.0,0
19180,143,11,1,1,1,68,3.0,2,2,3, ,1,0.0,0.0,0.0,7,7, ,89.9795684814453,2,19180-143-11-1,68.0,1,3.0,,2.0,1.0,0,0,0,1,1,0,0,1.0,0
19180,144,11,1,1,2,31,3.0,0,2,3, ,1,0.0,0.0,0.0,7,7, ,89.9795684814453,6,19180-144-11-1,31.0,1,3.0,,2.0,1.0,0,0,0,1,1,0,0,1.0,0
19214,5,11,1,1,2,62,8.0,3, , , , ,0.0,0.0,0.0,1,2,1,132.955825805664,2,19214-5-11-1,62.0,1,,,,0.0,0,0,0,1,1,0,0,0.0,0
19214,54,11,1,1,2,54,6.0,5, , , , ,0.0,0.0,0.0,1,2,1,132.955825805664,3,19214-54-11-1,54.0,1,,,,0.0,0,0,0,1,1,0,0,0.0,0
19214,86,11,1,1,1,63,1.0, ,2,3, ,1,0.0,0.0,0.0,1,2,1,132.955825805664,2,19214-86-11-1,63.0,1,3.0,,2.0,1.0,0,0,1,1,1,0,1,1.0,1
19214,151,11,1,1,1,67,6.0,5,2,3, ,1,0.0,0.0,0.0,1,2,2,132.955825805664,3,19214-151-11-1,67.0,1,3.0,,2.0,1.0,0,0,1,1,1,0,1,1.0,1
19225,6,11,1,1,2,53,11.0,2,3, ,1,5,0.0,8.0,0.0,1,2,1,66.4425430297852,2,19225-6-11-1,53.0,1,,1.0,3.0,0.0,0,1,1,1,1,0,1,0.0,1
19227,24,11,1,1,1,35,3.0,0,3,3,7,1,0.0,8.0,0.0,1,2,1,134.861068725586,5,19227-24-11-1,35.0,1,3.0,7.0,3.0,1.0,0,1,0,1,1,0,0,1.0,0
19227,75,11,1,1,1,56,6.0,5, , , , ,0.0,0.0,0.0,1,2,1,134.861068725586,2,19227-75-11-1,56.0,1,,,,0.0,0,0,0,1,1,0,0,0.0,0
19227,93,11,1,1,2,56,5.0,3, , , , ,0.0,8.0,0.0,1,2,1,134.861068725586,2,19227-93-11-1,56.0,1,,,,0.0,0,1,0,1,1,0,0,0.0,0
19228,20,11,1,1,1,68,6.0,5,4,1,2,5,0.0,0.0,0.0,1,2,1,134.861068725586,8,19228-20-11-1,68.0,1,1.0,2.0,4.0,0.0,0,0,0,1,1,0,0,0.0,0
19228,79,11,1,1,1,62,6.0,5,4, ,1,5,0.0,0.0,0.0,1,2,2,134.861068725586,4,19228-79-11-1,62.0,1,,1.0,4.0,0.0,0,0,1,1,1,0,1,0.0,1
19229,16,11,1,1,1,32,8.0,3,2,3, ,1,0.0,0.0,0.0,1,2,1,438.287170410156,4,19229-16-11-1,32.0,1,3.0,,2.0,1.0,0,0,0,1,1,0,0,1.0,0
19229,60,11,1,1,2,40,5.0,2,6, ,7,1,0.0,0.0,0.0,1,2,2,438.287170410156,2,19229-60-11-1,40.0,1,,7.0,6.0,1.0,0,0,0,1,1,0,0,1.0,0
19229,104,11,1,1,1,44,7.0,2,4,2,7,1,0.0,0.0,0.0,1,2,1,438.287170410156,5,19229-104-11-1,44.0,1,2.0,7.0,4.0,1.0,0,0,0,1,1,0,0,1.0,0
19230,66,11,1,1,1,34,10.0,5,3,1,2,1,0.0,0.0,0.0,1,2,1,31.4724235534668,3,19230-66-11-1,34.0,1,1.0,2.0,3.0,0.0,0,0,1,1,1,0,1,0.0,1
19231,6,11,1,1,1,49,4.0,0,2,3, ,1,0.0,0.0,0.0,1,2,1,309.849792480469,2,19231-6-11-1,49.0,1,3.0,,2.0,1.0,0,0,0,1,1,0,0,1.0,0
19231,17,11,1,1,1,57,6.0,5,3, ,5,5,0.0,8.0,0.0,1,2,1,309.849792480469,5,19231-17-11-1,57.0,1,,5.0,3.0,0.0,0,1,0,1,1,0,0,0.0,0
19231,37,11,1,1,1,75,5.0,2, , , , ,0.0,0.0,0.0,1,2,1,309.849792480469,1,19231-37-11-1,75.0,1,,,,0.0,0,0,0,1,1,0,0,0.0,0
19232,39,11,1,1,1,72,10.0,5,3, ,1,5,0.0,0.0,0.0,1,2,2,136.3798828125,6,19232-39-11-1,72.0,1,,1.0,3.0,0.0,0,0,0,1,1,0,0,0.0,0
19232,74,11,1,1,2,58,8.0,3,2,3, ,1,0.0,8.0,0.0,1,2,1,136.3798828125,2,19232-74-11-1,58.0,1,3.0,,2.0,1.0,0,1,1,1,1,0,1,1.0,1
19232,110,11,1,1,2,73,3.0,2,2,3, ,1,0.0,0.0,0.0,1,2,1,136.3798828125,1,19232-110-11-1,73.0,1,3.0,,2.0,1.0,0,0,0,1,1,0,0,1.0,0
19233,4,11,1,1,2,73,4.0,5, , , , ,0.0,0.0,0.0,1,2,1,448.992218017578,3,19233-4-11-1,73.0,1,,,,0.0,0,0,0,1,1,0,0,0.0,0
19233,54,11,1,1,1,54,7.0,1,2,3, ,1,0.0,0.0,0.0,1,2,1,448.992218017578,2,19233-54-11-1,54.0,1,3.0,,2.0,1.0,0,0,0,1,1,0,0,1.0,0
19233,66,11,1,1,1,57,8.0,5,2,3, ,1,0.0,8.0,0.0,1,2,1,448.992218017578,1,19233-66-11-1,57.0,1,3.0,,2.0,1.0,0,1,0,1,1,0,0,1.0,0
19233,79,11,1,1,2,55,6.0,5,2,3, ,1,0.0,8.0,0.0,1,2,2,448.992218017578,9,19233-79-11-1,55.0,1,3.0,,2.0,1.0,0,1,0,1,1,0,0,1.0,0
19234,6,11,1,1,1,43,3.0,0,2,3, ,1,0.0,8.0,0.0,1,2,1,443.361114501953,4,19234-6-11-1,43.0,1,3.0,,2.0,1.0,0,1,0,1,1,0,0,1.0,0
19234,60,11,1,1,1,50,6.0,5,4,3,7,1,0.0,8.0,0.0,1,2,2,443.361114501953,4,19234-60-11-1,50.0,1,3.0,7.0,4.0,1.0,0,1,0,1,1,0,0,1.0,0
19234,87,11,1,1,1,45,10.0,5,2,3, ,1,0.0,8.0,0.0,1,2,1,443.361114501953,4,19234-87-11-1,45.0,1,3.0,,2.0,1.0,0,1,0,1,1,0,0,1.0,0
19234,100,11,1,1,1,45,4.0,0,2,3, ,1,0.0,8.0,0.0,1,2,1,443.361114501953,5,19234-100-11-1,45.0,1,3.0,,2.0,1.0,0,1,0,1,1,0,0,1.0,0
19235,37,11,1,1,1,78,6.0,5, , , , ,0.0,0.0,0.0,1,2,1,130.88557434082,3,19235-37-11-1,78.0,1,,,,0.0,0,0,0,1,1,0,0,0.0,0
19235,57,11,1,1,2,51,8.0,3,2,2, ,1,0.0,8.0,0.0,1,2,1,130.88557434082,3,19235-57-11-1,51.0,1,2.0,,2.0,0.0,0,1,0,1,1,0,0,0.0,0
19235,136,11,1,1,2,66,8.0,3, , , , ,0.0,0.0,0.0,1,2,1,130.88557434082,3,19235-136-11-1,66.0,1,,,,0.0,0,0,1,1,1,0,1,0.0,1
19238,11,11,1,1,2,72,3.0,3, , , , ,0.0,0.0,0.0,1,2,1,305.072631835938,2,19238-11-11-1,72.0,1,,,,0.0,0,0,0,1,1,0,0,0.0,0
19238,59,12,1,1,2,39,6.0,5, , , , ,0.0,8.0,0.0,1,2,1,305.072631835938,3,19238-59-12-1,39.0,1,,,,0.0,0,1,0,1,1,0,0,0.0,0
19238,59,22,1,1,2,44,7.0,2, , , , ,0.0,8.0,0.0,1,2,1,305.072631835938,4,19238-59-22-1,44.0,1,,,,0.0,0,1,0,1,1,0,0,0.0,0
19238,75,11,1,1,1,51,6.0,5,2,3, ,1,0.0,0.0,0.0,1,2,1,305.072631835938,5,19238-75-11-1,51.0,1,3.0,,2.0,1.0,0,0,0,1,1,0,0,1.0,0
19238,91,11,1,1,1,72,5.0,2,5,2,7,1,0.0,0.0,0.0,1,2,1,305.072631835938,8,19238-91-11-1,72.0,1,2.0,7.0,5.0,1.0,0,0,0,1,1,0,0,1.0,0
19238,107,11,1,1,1,55,3.0,0, , , , ,0.0,0.0,0.0,1,2,1,305.072631835938,1,19238-107-11-1,55.0,1,,,,0.0,0,0,0,1,1,0,0,0.0,0
19239,26,11,1,1,2,69,1.0, ,2,3, ,1,0.0,0.0,0.0,1,2,1,450.152923583984,6,19239-26-11-1,69.0,1,3.0,,2.0,1.0,0,0,0,1,1,0,0,1.0,0
19239,42,11,1,1,2,34,5.0,2,2,3, ,1,0.0,0.0,0.0,1,2,1,450.152923583984,4,19239-42-11-1,34.0,1,3.0,,2.0,1.0,0,0,0,1,1,0,0,1.0,0
19239,108,11,1,1,1,64,4.0,5,4,3,7,1,0.0,8.0,0.0,1,2,1,450.152923583984,6,19239-108-11-1,64.0,1,3.0,7.0,4.0,1.0,0,1,1,1,1,0,1,1.0,1
19240,61,11,1,1,2,41,6.0,5,2,3, ,1,0.0,0.0,0.0,1,2,1,461.202239990234,3,19240-61-11-1,41.0,1,3.0,,2.0,1.0,0,0,0,1,1,0,0,1.0,0
19240,79,11,1,1,2,46,6.0,5,3,3,7,3,0.0,8.0,0.0,1,2,1,461.202239990234,4,19240-79-11-1,46.0,1,3.0,7.0,3.0,1.0,0,1,0,1,1,0,0,1.0,0
19240,114,11,1,1,1,42,5.0,3,2,3, ,1,0.0,8.0,0.0,1,2,1,461.202239990234,4,19240-114-11-1,42.0,1,3.0,,2.0,1.0,0,1,0,1,1,0,0,1.0,0
19240,132,11,1,1,1,69,6.0,5,2,3, ,1,0.0,8.0,0.0,1,2,1,461.202239990234,3,19240-132-11-1,69.0,1,3.0,,2.0,1.0,0,1,0,1,1,0,0,1.0,0
19241,7,11,1,1,2,51,6.0,5,2,3, ,1,0.0,8.0,0.0,1,2, ,345.901672363281,3,19241-7-11-1,51.0,1,3.0,,2.0,1.0,0,1,1,1,1,0,1,1.0,1
19241,65,11,1,1,1,74,3.0,3, , , , ,0.0,0.0,0.0,1,2, ,345.901672363281,1,19241-65-11-1,74.0,1,,,,0.0,0,0,0,1,1,0,0,0.0,0
19242,36,11,1,1,1,89,8.0,3, , , , ,0.0,0.0,0.0,1,2, ,74.5370483398438,6,19242-36-11-1,89.0,1,,,,0.0,0,0,1,1,1,0,1,0.0,1
19242,51,11,1,1,1,67,9.0,4, , , , ,0.0,8.0,0.0,1,2, ,74.5370483398438,2,19242-51-11-1,67.0,1,,,,0.0,0,1,1,1,1,0,1,0.0,1
19242,74,11,1,1,2,76,10.0,5,2,3, ,1,0.0,8.0,0.0,1,2, ,74.5370483398438,1,19242-74-11-1,76.0,1,3.0,,2.0,1.0,0,1,1,1,1,0,1,1.0,1
19242,135,11,1,1,2,33,6.0,5, , , , ,0.0,8.0,0.0,1,2, ,74.5370483398438,4,19242-135-11-1,33.0,1,,,,0.0,0,1,0,1,1,0,0,0.0,0
19243,21,11,1,1,1,66,6.0,5,2,3, ,1,0.0,0.0,0.0,1,2, ,332.520812988281,4,19243-21-11-1,66.0,1,3.0,,2.0,1.0,0,0,0,1,1,0,0,1.0,0
19243,67,11,1,1,1,78,3.0,2, , , , ,0.0,0.0,0.0,1,2, ,332.520812988281,1,19243-67-11-1,78.0,1,,,,0.0,0,0,0,1,1,0,0,0.0,0
19245,40,11,1,1,1,70,10.0,5,2,3, ,1,0.0,0.0,0.0,1,2, ,450.152923583984,11,19245-40-11-1,70.0,1,3.0,,2.0,1.0,0,0,1,1,1,0,1,1.0,1
19245,59,11,1,1,2,49,6.0,5,2,3, ,1,0.0,8.0,0.0,1,2, ,450.152923583984,3,19245-59-11-1,49.0,1,3.0,,2.0,1.0,0,1,0,1,1,0,0,1.0,0
19245,103,11,1,1,1,68,6.0,5,4,3,7,1,0.0,8.0,0.0,1,2, ,450.152923583984,3,19245-103-11-1,68.0,1,3.0,7.0,4.0,1.0,0,1,0,1,1,0,0,1.0,0
19245,124,11,1,1,2,55,3.0,0,2,2, ,1,0.0,8.0,0.0,1,2, ,450.152923583984,5,19245-124-11-1,55.0,1,2.0,,2.0,0.0,0,1,0,1,1,0,0,0.0,0
19313,17,11,1,1,1,33,6.0,5,4,1,2,1,0.0,8.0,0.0,1,4,1,448.992218017578,5,19313-17-11-1,33.0,1,1.0,2.0,4.0,0.0,0,1,0,1,1,0,0,0.0,0
19313,30,11,1,1,1,38,6.0,5,4,1,7,1,0.0,8.0,0.0,1,4,2,448.992218017578,5,19313-30-11-1,38.0,1,1.0,7.0,4.0,1.0,0,1,1,1,1,0,1,1.0,1
19313,87,11,1,1,1,27,7.0,1,2,3, ,1,0.0,8.0,0.0,1,4,1,448.992218017578,3,19313-87-11-1,27.0,1,3.0,,2.0,1.0,0,1,1,1,1,0,1,1.0,1
19313,99,11,1,1,1,42,4.0,0,4,1,7,1,0.0,8.0,0.0,1,4,1,448.992218017578,6,19313-99-11-1,42.0,1,1.0,7.0,4.0,1.0,0,1,0,1,1,0,0,1.0,0
19319,13,11,1,1,1,50,7.0,2,1,3, ,1,0.0,0.0,0.0,1,2,1,177.274429321289,5,19319-13-11-1,50.0,1,3.0,,1.0,1.0,0,0,0,1,1,0,0,1.0,0
19319,63,11,1,1,1,32,6.0,5,4,3,7,1,0.0,0.0,0.0,1,2,1,177.274429321289,3,19319-63-11-1,32.0,1,3.0,7.0,4.0,1.0,0,0,0,1,1,0,0,1.0,0
19319,80,11,1,1,1,45,6.0,5,1,3, ,1,0.0,8.0,0.0,1,2,2,177.274429321289,7,19319-80-11-1,45.0,1,3.0,,1.0,1.0,0,1,0,1,1,0,0,1.0,0
19319,113,11,1,1,1,81,1.0, ,2,3, ,1,0.0,0.0,0.0,1,2,1,177.274429321289,4,19319-113-11-1,81.0,1,3.0,,2.0,1.0,0,0,0,1,1,0,0,1.0,0
19323,6,11,1,1,1,54,3.0,0,2,3, ,1,0.0,0.0,0.0,1,2, ,450.152923583984,4,19323-6-11-1,54.0,1,3.0,,2.0,1.0,0,0,0,1,1,0,0,1.0,0
19323,20,11,1,1,2,50,6.0,5,2,3, ,1,0.0,0.0,0.0,1,2, ,450.152923583984,3,19323-20-11-1,50.0,1,3.0,,2.0,1.0,0,0,0,1,1,0,0,1.0,0
19323,34,11,1,1,1,24,6.0,5,2,3, ,1,0.0,0.0,0.0,1,2, ,450.152923583984,3,19323-34-11-1,24.0,1,3.0,,2.0,1.0,0,0,0,1,1,0,0,1.0,0
19323,46,11,1,1,1,50,5.0,3,2,3, ,1,0.0,8.0,0.0,1,2, ,450.152923583984,3,19323-46-11-1,50.0,1,3.0,,2.0,1.0,0,1,0,1,1,0,0,1.0,0
19323,87,11,1,1,1,35,5.0,2,2,3, ,1,0.0,0.0,0.0,1,2, ,450.152923583984,3,19323-87-11-1,35.0,1,3.0,,2.0,1.0,0,0,1,1,1,0,1,1.0,1
19323,99,11,1,1,1,47,5.0,3,2,3, ,1,0.0,0.0,0.0,1,2, ,450.152923583984,5,19323-99-11-1,47.0,1,3.0,,2.0,1.0,0,0,0,1,1,0,0,1.0,0
19339,13,11,1,1,1,62,6.0,5,3, ,5,5,0.0,8.0,0.0,1,3,1,88.5900573730469,1,19339-13-11-1,62.0,1,,5.0,3.0,0.0,0,1,0,1,1,0,0,0.0,0
19339,26,11,1,1,1,72,4.0,5, , , , ,0.0,8.0,0.0,1,3,1,88.5900573730469,1,19339-26-11-1,72.0,1,,,,0.0,0,1,0,1,1,0,0,0.0,0
19339,98,11,1,1,1,43,5.0,2,4, ,1,5,0.0,8.0,0.0,1,3,2,88.5900573730469,6,19339-98-11-1,43.0,1,,1.0,4.0,0.0,0,1,1,1,1,0,1,0.0,1
19339,112,11,1,1,1,77,8.0,4, , , , ,0.0,0.0,0.0,1,3,1,88.5900573730469,3,19339-112-11-1,77.0,1,,,,0.0,0,0,1,1,1,0,1,0.0,1
19339,124,11,1,1,1,62,8.0,3,3, ,1,5,0.0,0.0,0.0,1,3,1,88.5900573730469,4,19339-124-11-1,62.0,1,,1.0,3.0,0.0,0,0,1,1,1,0,1,0.0,1
19340,52,11,1,1,1,84,8.0,3, , , , ,0.0,0.0,0.0,1,5,1,438.287170410156,3,19340-52-11-1,84.0,1,,,,0.0,0,0,0,1,1,0,0,0.0,0
19340,65,11,1,1,1,52,6.0,5,3,1,1,4,0.0,8.0,0.0,1,5,1,438.287170410156,5,19340-65-11-1,52.0,1,1.0,1.0,3.0,0.0,0,1,0,1,1,0,0,0.0,0
19341,49,11,1,1,1,31,6.0,5,2,3, ,1,0.0,8.0,0.0,1,5,1,181.83984375,4,19341-49-11-1,31.0,1,3.0,,2.0,1.0,0,1,0,1,1,0,0,1.0,0
19341,83,11,1,1,2,68,6.0,5,2,3, ,1,0.0,0.0,0.0,1,5,1,181.83984375,4,19341-83-11-1,68.0,1,3.0,,2.0,1.0,0,0,0,1,1,0,0,1.0,0
19341,102,11,1,1,1,67,8.0,3, , , , ,0.0,0.0,0.0,1,5,2,181.83984375,1,19341-102-11-1,67.0,1,,,,0.0,0,0,0,1,1,0,0,0.0,0
19341,118,11,1,1,1,89,3.0,2, , , , ,0.0,8.0,0.0,1,5,1,181.83984375,1,19341-118-11-1,89.0,1,,,,0.0,0,1,0,1,1,0,0,0.0,0
19342,19,11,1,1,1,61,5.0,3,2,3, ,1,0.0,0.0,0.0,1,2,2,179.814758300781,2,19342-19-11-1,61.0,1,3.0,,2.0,1.0,0,0,0,1,1,0,0,1.0,0
19342,69,12,1,1,1,51,5.0,3,5,3,7,1,0.0,0.0,0.0,1,2,1,179.814758300781,5,19342-69-12-1,51.0,1,3.0,7.0,5.0,1.0,0,0,0,1,1,0,0,1.0,0
19342,69,22,1,1,2,42,6.0,5, , , , ,0.0,0.0,0.0,1,2,1,179.814758300781,4,19342-69-22-1,42.0,1,,,,0.0,0,0,0,1,1,0,0,0.0,0
19342,86,11,1,1,1,59,6.0,5,4,1,2,4,0.0,0.0,0.0,1,2,1,179.814758300781,5,19342-86-11-1,59.0,1,1.0,2.0,4.0,0.0,0,0,0,1,1,0,0,0.0,0
19342,103,11,1,1,1,54,6.0,5,2,3, ,1,0.0,0.0,0.0,1,2,1,179.814758300781,6,19342-103-11-1,54.0,1,3.0,,2.0,1.0,0,0,0,1,1,0,0,1.0,0
19344,2,11,1,1,1,57,4.0,0,2,3, ,1,0.0,0.0,0.0,1,4,1,420.560729980469,4,19344-2-11-1,57.0,1,3.0,,2.0,1.0,0,0,0,1,1,0,0,1.0,0
19344,21,11,1,1,1,48,6.0,5,2,3, ,1,0.0,0.0,0.0,1,4,1,420.560729980469,3,19344-21-11-1,48.0,1,3.0,,2.0,1.0,0,0,0,1,1,0,0,1.0,0
19344,87,11,1,1,1,47,6.0,5,4,1,1,4,0.0,8.0,0.0,1,4,1,420.560729980469,4,19344-87-11-1,47.0,1,1.0,1.0,4.0,0.0,0,1,0,1,1,0,0,0.0,0
19344,109,11,1,1,2,44,3.0,0,2,3, ,1,0.0,0.0,0.0,1,4,1,420.560729980469,5,19344-109-11-1,44.0,1,3.0,,2.0,1.0,0,0,0,1,1,0,0,1.0,0
19344,130,11,1,1,1,39,6.0,5,4,3,7,1,0.0,8.0,0.0,1,4,1,420.560729980469,4,19344-130-11-1,39.0,1,3.0,7.0,4.0,1.0,0,1,0,1,1,0,0,1.0,0
19345,22,11,1,1,2,46,6.0,5,4,3,7,1,0.0,0.0,0.0,1,4,1,443.361114501953,2,19345-22-11-1,46.0,1,3.0,7.0,4.0,1.0,0,0,0,1,1,0,0,1.0,0
19345,48,11,1,1,1,63,5.0,3,2,3, ,1,0.0,8.0,0.0,1,4,1,443.361114501953,3,19345-48-11-1,63.0,1,3.0,,2.0,1.0,0,1,0,1,1,0,0,1.0,0
19345,61,11,1,1,1,57,6.0,5,2,3, ,1,0.0,8.0,0.0,1,4,1,443.361114501953,5,19345-61-11-1,57.0,1,3.0,,2.0,1.0,0,1,0,1,1,0,0,1.0,0
19345,73,11,1,1,1,43,6.0,5,4,3,7,1,0.0,0.0,0.0,1,4,1,443.361114501953,6,19345-73-11-1,43.0,1,3.0,7.0,4.0,1.0,0,0,0,1,1,0,0,1.0,0
19345,86,11,1,1,1,62,5.0,3,4,3,7,1,0.0,0.0,0.0,1,4,1,443.361114501953,2,19345-86-11-1,62.0,1,3.0,7.0,4.0,1.0,0,0,0,1,1,0,0,1.0,0
19346,11,11,1,1,1,41,6.0,5,2,3, ,1,0.0,8.0,0.0,1,4,1,406.763519287109,4,19346-11-11-1,41.0,1,3.0,,2.0,1.0,0,1,0,1,1,0,0,1.0,0
19346,23,11,1,1,1,58,10.0,6,3, ,1,5,0.0,8.0,0.0,1,4,1,406.763519287109,2,19346-23-11-1,58.0,1,,1.0,3.0,0.0,0,1,0,1,1,0,0,0.0,0
19346,33,11,1,1,2,82,4.0,5, , , , ,0.0,0.0,0.0,1,4,1,406.763519287109,2,19346-33-11-1,82.0,1,,,,0.0,0,0,0,1,1,0,0,0.0,0
19346,56,11,1,1,1,74,6.0,5, , , , ,0.0,0.0,0.0,1,4,1,406.763519287109,2,19346-56-11-1,74.0,1,,,,0.0,0,0,0,1,1,0,0,0.0,0
19346,80,11,1,1,2,38,10.0,5,3,1,2,1,0.0,8.0,0.0,1,4,1,406.763519287109,2,19346-80-11-1,38.0,1,1.0,2.0,3.0,0.0,0,1,0,1,1,0,0,0.0,0
19347,30,11,1,1,2,43,5.0,1, , , , ,0.0,0.0,0.0,1,3,1,413.133056640625,5,19347-30-11-1,43.0,1,,,,0.0,0,0,0,1,1,0,0,0.0,0
19347,90,11,1,1,1,86,3.0,1, , , , ,0.0,0.0,0.0,1,3,1,413.133056640625,3,19347-90-11-1,86.0,1,,,,0.0,0,0,0,1,1,0,0,0.0,0
19347,111,11,1,1,1,61,1.0, , , , , ,0.0,0.0,0.0,1,3,1,413.133056640625,1,19347-111-11-1,61.0,1,,,,0.0,0,0,0,1,1,0,0,0.0,0
19347,131,11,1,1,2,51,6.0,5,2,3, ,1,0.0,0.0,0.0,1,3,1,413.133056640625,2,19347-131-11-1,51.0,1,3.0,,2.0,1.0,0,0,0,1,1,0,0,1.0,0
19348,18,11,1,1,1,34,6.0,5,2,3, ,1,0.0,8.0,0.0,1,3,1,461.202239990234,5,19348-18-11-1,34.0,1,3.0,,2.0,1.0,0,1,0,1,1,0,0,1.0,0
19348,46,11,1,1,1,46,5.0,2,4,1,2,4,0.0,0.0,0.0,1,3,1,461.202239990234,4,19348-46-11-1,46.0,1,1.0,2.0,4.0,0.0,0,0,0,1,1,0,0,0.0,0
19348,74,11,1,1,1,40,6.0,5,4,1,2,3,0.0,0.0,0.0,1,3,1,461.202239990234,5,19348-74-11-1,40.0,1,1.0,2.0,4.0,0.0,0,0,0,1,1,0,0,0.0,0
19350,67,11,1,1,2,78,1.0, ,2,3, ,1,0.0,0.0,0.0,1,4,1,448.992218017578,1,19350-67-11-1,78.0,1,3.0,,2.0,1.0,0,0,0,1,1,0,0,1.0,0
19350,105,11,1,1,2,68,4.0,5,2,3, ,1,0.0,0.0,0.0,1,4,1,448.992218017578,4,19350-105-11-1,68.0,1,3.0,,2.0,1.0,0,0,0,1,1,0,0,1.0,0
19350,124,11,1,1,1,44,3.0,0,2,3, ,1,0.0,0.0,0.0,1,4,1,448.992218017578,6,19350-124-11-1,44.0,1,3.0,,2.0,1.0,0,0,0,1,1,0,0,1.0,0
19351,10,11,1,1,1,36,5.0,1,2,3, ,1,0.0,0.0,0.0,1,4,1,450.152923583984,5,19351-10-11-1,36.0,1,3.0,,2.0,1.0,0,0,0,1,1,0,0,1.0,0
19351,77,11,1,1,2,39,4.0,0,3,2,7,1,0.0,0.0,0.0,1,4,1,450.152923583984,2,19351-77-11-1,39.0,1,2.0,7.0,3.0,1.0,0,0,0,1,1,0,0,1.0,0
19351,92,11,1,1,1,48,5.0,1,4,3,7,1,0.0,0.0,0.0,1,4,1,450.152923583984,5,19351-92-11-1,48.0,1,3.0,7.0,4.0,1.0,0,0,0,1,1,0,0,1.0,0
19351,109,11,1,1,2,66,3.0,1,2,3, ,1,0.0,0.0,0.0,1,4,1,450.152923583984,3,19351-109-11-1,66.0,1,3.0,,2.0,1.0,0,0,0,1,1,0,0,1.0,0
19352,11,11,1,1,2,43,6.0,5,2,3, ,1,0.0,8.0,0.0,1,2,1,181.83984375,6,19352-11-11-1,43.0,1,3.0,,2.0,1.0,0,1,0,1,1,0,0,1.0,0
19352,91,11,1,1,1,67,4.0,5,2,3, ,1,0.0,0.0,0.0,1,2,1,181.83984375,5,19352-91-11-1,67.0,1,3.0,,2.0,1.0,0,0,0,1,1,0,0,1.0,0
19352,111,11,1,1,1,69,9.0,3,2,3, ,1,0.0,0.0,0.0,1,2,1,181.83984375,3,19352-111-11-1,69.0,1,3.0,,2.0,1.0,0,0,0,1,1,0,0,1.0,0
19353,10,11,1,1,1,69,5.0,3,2,3, ,1,0.0,0.0,0.0,1,5,1,413.133056640625,4,19353-10-11-1,69.0,1,3.0,,2.0,1.0,0,0,0,1,1,0,0,1.0,0
19353,74,11,1,1,1,65,3.0,3, , , , ,0.0,0.0,0.0,1,5,1,413.133056640625,4,19353-74-11-1,65.0,1,,,,0.0,0,0,0,1,1,0,0,0.0,0
19353,117,11,1,1,2,65,8.0,5,2,3, ,1,0.0,0.0,0.0,1,5,1,413.133056640625,1,19353-117-11-1,65.0,1,3.0,,2.0,1.0,0,0,0,1,1,0,0,1.0,0
19353,138,11,1,1,1,41,5.0,1,2,3, ,1,0.0,8.0,0.0,1,5,1,413.133056640625,4,19353-138-11-1,41.0,1,3.0,,2.0,1.0,0,1,0,1,1,0,0,1.0,0
19353,179,11,1,1,2,47,6.0,5,4,3,7,1,0.0,8.0,0.0,1,5,1,413.133056640625,5,19353-179-11-1,47.0,1,3.0,7.0,4.0,1.0,0,1,1,1,1,0,1,1.0,1
19356,20,11,1,1,1,29,3.0,0,4,3,7,1,0.0,0.0,0.0,1,4,1,450.152923583984,5,19356-20-11-1,29.0,1,3.0,7.0,4.0,1.0,0,0,0,1,1,0,0,1.0,0
19356,43,11,1,1,1,50,6.0,5,2,3, ,1,0.0,0.0,0.0,1,4,1,450.152923583984,4,19356-43-11-1,50.0,1,3.0,,2.0,1.0,0,0,0,1,1,0,0,1.0,0
19356,63,11,1,1,1,39,6.0,5,2,3, ,1,0.0,8.0,0.0,1,4,1,450.152923583984,4,19356-63-11-1,39.0,1,3.0,,2.0,1.0,0,1,1,1,1,0,1,1.0,1
19356,86,11,1,1,1,62,4.0,5,2,3, ,1,0.0,0.0,0.0,1,4,1,450.152923583984,2,19356-86-11-1,62.0,1,3.0,,2.0,1.0,0,0,0,1,1,0,0,1.0,0
19356,130,11,1,1,2,34,8.0,3,2,3, ,1,0.0,8.0,0.0,1,4,1,450.152923583984,1,19356-130-11-1,34.0,1,3.0,,2.0,1.0,0,1,1,1,1,0,1,1.0,1
19356,152,11,1,1,1,58,6.0,5,2,3, ,1,0.0,0.0,0.0,1,4,1,450.152923583984,2,19356-152-11-1,58.0,1,3.0,,2.0,1.0,0,0,0,1,1,0,0,1.0,0
19357,26,11,1,1,1,35,6.0,5,4,3,7,1,0.0,0.0,0.0,1,3,1,443.361114501953,5,19357-26-11-1,35.0,1,3.0,7.0,4.0,1.0,0,0,0,1,1,0,0,1.0,0
19357,89,11,1,1,1,39,8.0,3,4,1,7,1,0.0,0.0,0.0,1,3,1,443.361114501953,4,19357-89-11-1,39.0,1,1.0,7.0,4.0,1.0,0,0,0,1,1,0,0,1.0,0
19357,109,11,1,1,2,23,7.0,1,3,1,2,5,0.0,8.0,0.0,1,3,1,443.361114501953,1,19357-109-11-1,23.0,1,1.0,2.0,3.0,0.0,0,1,0,1,1,0,0,0.0,0
19358,41,11,1,1,2,85,1.0, , , , , ,0.0,0.0,0.0,1,3,1,461.202239990234,1,19358-41-11-1,85.0,1,,,,0.0,0,0,0,1,1,0,0,0.0,0
19358,94,11,1,1,1,65,3.0,1, , , , ,0.0,0.0,0.0,1,3,1,461.202239990234,2,19358-94-11-1,65.0,1,,,,0.0,0,0,0,1,1,0,0,0.0,0
19358,122,11,1,1,1,40,6.0,5,4,1,2,5,0.0,0.0,0.0,1,3,1,461.202239990234,4,19358-122-11-1,40.0,1,1.0,2.0,4.0,0.0,0,0,0,1,1,0,0,0.0,0
19358,147,12,1,1,1,67,3.0,1,2,3, ,1,0.0,0.0,0.0,1,3,1,461.202239990234,5,19358-147-12-1,67.0,1,3.0,,2.0,1.0,0,0,0,1,1,0,0,1.0,0
19358,147,22,1,1,1,39,3.0,0,4,1,2,5,0.0,0.0,0.0,1,3,1,461.202239990234,4,19358-147-22-1,39.0,1,1.0,2.0,4.0,0.0,0,0,0,1,1,0,0,0.0,0
19359,11,11,1,1,2,39,4.0,0, , , , ,0.0,0.0,0.0,1,5,1,413.133056640625,9,19359-11-11-1,39.0,1,,,,0.0,0,0,0,1,1,0,0,0.0,0
19359,25,11,1,1,2,52,6.0,5, , , , ,0.0,0.0,0.0,1,5,1,413.133056640625,4,19359-25-11-1,52.0,1,,,,0.0,0,0,0,1,1,0,0,0.0,0
19359,54,11,1,1,1,61,6.0,5,2,3, ,1,0.0,0.0,0.0,1,5,1,413.133056640625,4,19359-54-11-1,61.0,1,3.0,,2.0,1.0,0,0,0,1,1,0,0,1.0,0
19361,2,11,1,1,1,72,4.0,5, , , , ,0.0,0.0,0.0,1,5,1,448.992218017578,2,19361-2-11-1,72.0,1,,,,0.0,0,0,0,1,1,0,0,0.0,0
19361,14,11,1,1,1,56,4.0,0,2,3, ,1,0.0,0.0,0.0,1,5,1,448.992218017578,3,19361-14-11-1,56.0,1,3.0,,2.0,1.0,0,0,0,1,1,0,0,1.0,0
19361,38,11,1,1,2,30,6.0,5,2,3, ,1,0.0,8.0,0.0,1,5,1,448.992218017578,2,19361-38-11-1,30.0,1,3.0,,2.0,1.0,0,1,1,1,1,0,1,1.0,1
19361,62,11,1,1,1,61,3.0,1,4,1,1,5,0.0,0.0,0.0,1,5,1,448.992218017578,3,19361-62-11-1,61.0,1,1.0,1.0,4.0,0.0,0,0,0,1,1,0,0,0.0,0
19361,74,11,1,1,2,49,4.0,0,2,3, ,1,0.0,0.0,0.0,1,5,1,448.992218017578,4,19361-74-11-1,49.0,1,3.0,,2.0,1.0,0,0,0,1,1,0,0,1.0,0
19362,10,11,1,1,1,69,3.0,1,2,3, ,1,0.0,0.0,0.0,1,4,1,461.202239990234,3,19362-10-11-1,69.0,1,3.0,,2.0,1.0,0,0,0,1,1,0,0,1.0,0
19362,24,11,1,1,2,53,3.0,0,2,3, ,1,0.0,0.0,0.0,1,4,1,461.202239990234,1,19362-24-11-1,53.0,1,3.0,,2.0,1.0,0,0,0,1,1,0,0,1.0,0
19362,38,11,1,1,1,71,3.0,3,2,3, ,1,0.0,0.0,0.0,1,4,1,461.202239990234,3,19362-38-11-1,71.0,1,3.0,,2.0,1.0,0,0,0,1,1,0,0,1.0,0
19362,79,11,1,1,1,30,5.0,4,4,1,2,5,0.0,0.0,0.0,1,4,1,461.202239990234,3,19362-79-11-1,30.0,1,1.0,2.0,4.0,0.0,0,0,1,1,1,0,1,0.0,1
19362,93,11,1,1,1,55,3.0,0,4,2,2,1,0.0,0.0,0.0,1,4,1,461.202239990234,3,19362-93-11-1,55.0,1,2.0,2.0,4.0,0.0,0,0,0,1,1,0,0,0.0,0
19363,10,11,1,1,1,64,5.0,2,2,3, ,1,0.0,0.0,0.0,1,5,1,443.361114501953,8,19363-10-11-1,64.0,1,3.0,,2.0,1.0,0,0,0,1,1,0,0,1.0,0
19363,26,11,1,1,1,44,3.0,0,4,3,7,1,0.0,0.0,0.0,1,5,1,443.361114501953,4,19363-26-11-1,44.0,1,3.0,7.0,4.0,1.0,0,0,0,1,1,0,0,1.0,0
19363,59,11,1,1,1,64,8.0,3,3, ,1,5,0.0,0.0,0.0,1,5,1,443.361114501953,4,19363-59-11-1,64.0,1,,1.0,3.0,0.0,0,0,0,1,1,0,0,0.0,0
19364,9,11,1,1,1,53,6.0,5,2,3, ,1,0.0,8.0,0.0,1,3,1,438.287170410156,5,19364-9-11-1,53.0,1,3.0,,2.0,1.0,0,1,1,1,1,0,1,1.0,1
19364,127,11,1,1,1,71,5.0,3,3,1,2,4,0.0,8.0,0.0,1,3,1,438.287170410156,3,19364-127-11-1,71.0,1,1.0,2.0,3.0,0.0,0,1,0,1,1,0,0,0.0,0
19365,29,11,1,1,1,79,4.0,5, , , , ,0.0,0.0,0.0,1,2,1,179.814758300781,6,19365-29-11-1,79.0,1,,,,0.0,0,0,0,1,1,0,0,0.0,0
19365,66,11,1,1,1,58,8.0,5,3, ,1,5,0.0,8.0,0.0,1,2,1,179.814758300781,5,19365-66-11-1,58.0,1,,1.0,3.0,0.0,0,1,1,1,1,0,1,0.0,1
19365,84,11,1,1,1,63,5.0,3,2,2, ,1,0.0,0.0,0.0,1,2,1,179.814758300781,2,19365-84-11-1,63.0,1,2.0,,2.0,0.0,0,0,0,1,1,0,0,0.0,0
19366,15,11,1,1,1,71,6.0,5, , , , ,0.0,0.0,0.0,1,3,1,406.763519287109,3,19366-15-11-1,71.0,1,,,,0.0,0,0,0,1,1,0,0,0.0,0
19366,80,11,1,1,2,77,3.0,2, , , , ,0.0,0.0,0.0,1,3,1,406.763519287109,1,19366-80-11-1,77.0,1,,,,0.0,0,0,0,1,1,0,0,0.0,0
19366,145,11,1,1,1,71,6.0,5,2,3, ,1,0.0,0.0,0.0,1,3,1,406.763519287109,2,19366-145-11-1,71.0,1,3.0,,2.0,1.0,0,0,0,1,1,0,0,1.0,0
19367,1,11,1,1,1,62,3.0,3,4,3,7,1,0.0,0.0,0.0,1,4,1,461.202239990234,5,19367-1-11-1,62.0,1,3.0,7.0,4.0,1.0,0,0,0,1,1,0,0,1.0,0
19367,22,11,1,1,1,58,3.0,3,2,3, ,1,0.0,0.0,0.0,1,4,1,461.202239990234,2,19367-22-11-1,58.0,1,3.0,,2.0,1.0,0,0,0,1,1,0,0,1.0,0
19367,63,11,1,1,1,58,6.0,5,4,3,7,1,0.0,0.0,0.0,1,4,1,461.202239990234,3,19367-63-11-1,58.0,1,3.0,7.0,4.0,1.0,0,0,0,1,1,0,0,1.0,0
19367,105,11,1,1,2,68,4.0,5, , , , ,0.0,0.0,0.0,1,4,1,461.202239990234,1,19367-105-11-1,68.0,1,,,,0.0,0,0,0,1,1,0,0,0.0,0
19368,6,11,1,1,2,37,6.0,5,4,2,7,1,0.0,0.0,0.0,1,2,1,443.361114501953,2,19368-6-11-1,37.0,1,2.0,7.0,4.0,1.0,0,0,0,1,1,0,0,1.0,0
19368,56,11,1,1,2,77,3.0,3,2,3, ,1,0.0,0.0,0.0,1,2,1,443.361114501953,6,19368-56-11-1,77.0,1,3.0,,2.0,1.0,0,0,0,1,1,0,0,1.0,0
19368,73,11,1,1,2,49,4.0,0, , , , ,0.0,0.0,0.0,1,2,1,443.361114501953,5,19368-73-11-1,49.0,1,,,,0.0,0,0,0,1,1,0,0,0.0,0
19368,90,11,1,1,1,25,9.0,3,4,2,7,1,0.0,8.0,0.0,1,2,1,443.361114501953,1,19368-90-11-1,25.0,1,2.0,7.0,4.0,1.0,0,1,1,1,1,0,1,1.0,1
19368,107,11,1,1,2,81,3.0,3,2,3, ,1,0.0,0.0,0.0,1,2,1,443.361114501953,1,19368-107-11-1,81.0,1,3.0,,2.0,1.0,0,0,0,1,1,0,0,1.0,0
19369,5,11,1,1,2,59,4.0,5, , , , ,0.0,0.0,0.0,1,5,1,450.152923583984,3,19369-5-11-1,59.0,1,,,,0.0,0,0,0,1,1,0,0,0.0,0
19369,137,11,1,1,1,49,6.0,5,4,1,7,2,0.0,0.0,0.0,1,5,1,450.152923583984,3,19369-137-11-1,49.0,1,1.0,7.0,4.0,1.0,0,0,0,1,1,0,0,1.0,0
19370,18,11,1,1,1,39,4.0,0,4,1,1,5,0.0,0.0,0.0,1,5,1,448.992218017578,6,19370-18-11-1,39.0,1,1.0,1.0,4.0,0.0,0,0,1,1,1,0,1,0.0,1
19370,40,11,1,1,2,48,1.0, ,2,3, ,1,0.0,0.0,0.0,1,5,1,448.992218017578,5,19370-40-11-1,48.0,1,3.0,,2.0,1.0,0,0,0,1,1,0,0,1.0,0
19370,83,11,1,1,1,56,3.0,0,4,3,7,3,0.0,0.0,0.0,1,5,1,448.992218017578,1,19370-83-11-1,56.0,1,3.0,7.0,4.0,1.0,0,0,0,1,1,0,0,1.0,0
19370,105,11,1,1,1,50,4.0,0,4,1,2,5,0.0,8.0,0.0,1,5,1,448.992218017578,1,19370-105-11-1,50.0,1,1.0,2.0,4.0,0.0,0,1,0,1,1,0,0,0.0,0
19370,127,11,1,1,2,57,3.0,0,5,3,7,1,0.0,0.0,0.0,1,5,1,448.992218017578,5,19370-127-11-1,57.0,1,3.0,7.0,5.0,1.0,0,0,0,1,1,0,0,1.0,0
19370,149,11,1,1,1,57,5.0,3,4,3,2,1,0.0,0.0,0.0,1,5,1,448.992218017578,4,19370-149-11-1,57.0,1,3.0,2.0,4.0,1.0,0,0,0,1,1,0,0,1.0,0
19371,4,11,1,1,2,47,5.0,2,2,3, ,1,0.0,8.0,0.0,1,3,1,450.152923583984,7,19371-4-11-1,47.0,1,3.0,,2.0,1.0,0,1,0,1,1,0,0,1.0,0
19371,21,11,1,1,2,47,4.0,0,3,3,7,1,0.0,8.0,0.0,1,3,1,450.152923583984,3,19371-21-11-1,47.0,1,3.0,7.0,3.0,1.0,0,1,1,1,1,0,1,1.0,1
19371,39,11,1,1,1,43,6.0,5,2,3, ,1,0.0,8.0,0.0,1,3,1,450.152923583984,1,19371-39-11-1,43.0,1,3.0,,2.0,1.0,0,1,0,1,1,0,0,1.0,0
19371,54,11,1,1,1,41,6.0,5,4,1,2,4,0.0,8.0,0.0,1,3,1,450.152923583984,5,19371-54-11-1,41.0,1,1.0,2.0,4.0,0.0,0,1,0,1,1,0,0,0.0,0
19371,90,11,1,1,1,48,4.0,0,2,3, ,1,0.0,8.0,0.0,1,3,1,450.152923583984,3,19371-90-11-1,48.0,1,3.0,,2.0,1.0,0,1,1,1,1,0,1,1.0,1
19371,108,11,1,1,2,43,5.0,2,4,2,7,1,0.0,0.0,0.0,1,3,1,450.152923583984,5,19371-108-11-1,43.0,1,2.0,7.0,4.0,1.0,0,0,0,1,1,0,0,1.0,0
19373,45,11,1,1,1,63,4.0,5,2,3, ,1,0.0,0.0,0.0,1,4,1,443.361114501953,7,19373-45-11-1,63.0,1,3.0,,2.0,1.0,0,0,0,1,1,0,0,1.0,0
19373,56,11,1,1,1,46,7.0,1,2,3, ,1,0.0,0.0,0.0,1,4,1,443.361114501953,7,19373-56-11-1,46.0,1,3.0,,2.0,1.0,0,0,0,1,1,0,0,1.0,0
19373,70,11,1,1,2,65,1.0, ,2,3, ,1,0.0,0.0,0.0,1,4,1,443.361114501953,4,19373-70-11-1,65.0,1,3.0,,2.0,1.0,0,0,0,1,1,0,0,1.0,0
19373,83,11,1,1,1,77,3.0,3, , , , ,0.0,0.0,0.0,1,4,1,443.361114501953,2,19373-83-11-1,77.0,1,,,,0.0,0,0,0,1,1,0,0,0.0,0
19374,1,12,1,1,1,52,3.0,0,2,3, ,1,0.0,0.0,0.0,1,5,1,461.202239990234,3,19374-1-12-1,52.0,1,3.0,,2.0,1.0,0,0,0,1,1,0,0,1.0,0
19374,1,22,1,1,1,31,3.0,0,2,3, ,1,0.0,0.0,0.0,1,5,1,461.202239990234,4,19374-1-22-1,31.0,1,3.0,,2.0,1.0,0,0,0,1,1,0,0,1.0,0
19374,22,11,1,1,1,78,3.0,3,2,3, ,1,0.0,0.0,0.0,1,5,1,461.202239990234,2,19374-22-11-1,78.0,1,3.0,,2.0,1.0,0,0,0,1,1,0,0,1.0,0
19374,64,11,1,1,2,59,4.0,5,3,3,7,1,0.0,0.0,0.0,1,5,1,461.202239990234,4,19374-64-11-1,59.0,1,3.0,7.0,3.0,1.0,0,0,0,1,1,0,0,1.0,0
19374,85,11,1,1,1,44,3.0,0,4,3,7,1,0.0,0.0,0.0,1,5,1,461.202239990234,4,19374-85-11-1,44.0,1,3.0,7.0,4.0,1.0,0,0,0,1,1,0,0,1.0,0
19374,107,11,1,1,1,44,3.0,0,2,3, ,1,0.0,0.0,0.0,1,5,1,461.202239990234,4,19374-107-11-1,44.0,1,3.0,,2.0,1.0,0,0,0,1,1,0,0,1.0,0
19375,15,11,1,1,1,58,3.0,0,4,3,7,1,0.0,0.0,0.0,1,3, ,413.133056640625,3,19375-15-11-1,58.0,1,3.0,7.0,4.0,1.0,0,0,0,1,1,0,0,1.0,0
19375,50,11,1,1,2,61,3.0,3, , , , ,0.0,0.0,0.0,1,3, ,413.133056640625,5,19375-50-11-1,61.0,1,,,,0.0,0,0,0,1,1,0,0,0.0,0
19375,69,11,1,1,2,76,3.0,4, , , , ,0.0,0.0,0.0,1,3, ,413.133056640625,6,19375-69-11-1,76.0,1,,,,0.0,0,0,0,1,1,0,0,0.0,0
19375,86,11,1,1,1,72,5.0,1, , , , ,0.0,0.0,0.0,1,3, ,413.133056640625,5,19375-86-11-1,72.0,1,,,,0.0,0,0,0,1,1,0,0,0.0,0
19375,105,11,1,1,2,40,5.0,4,3,3,7,1,0.0,8.0,0.0,1,3, ,413.133056640625,5,19375-105-11-1,40.0,1,3.0,7.0,3.0,1.0,0,1,0,1,1,0,0,1.0,0
19376,11,11,1,1,1,58,6.0,5,2,3, ,1,0.0,0.0,0.0,1,4, ,420.560729980469,2,19376-11-11-1,58.0,1,3.0,,2.0,1.0,0,0,1,1,1,0,1,1.0,1
19376,46,11,1,1,1,75,3.0,0,2,3, ,1,0.0,0.0,0.0,1,4, ,420.560729980469,2,19376-46-11-1,75.0,1,3.0,,2.0,1.0,0,0,0,1,1,0,0,1.0,0
19376,63,11,1,1,1,46,6.0,5,2,3, ,1,0.0,8.0,0.0,1,4, ,420.560729980469,4,19376-63-11-1,46.0,1,3.0,,2.0,1.0,0,1,0,1,1,0,0,1.0,0
19376,116,11,1,1,2,75,6.0,5, , , , ,0.0,8.0,0.0,1,4, ,420.560729980469,2,19376-116-11-1,75.0,1,,,,0.0,0,1,0,1,1,0,0,0.0,0
19377,18,11,1,1,1,66,10.0,5, , , , ,0.0,0.0,0.0,1,3, ,406.763519287109,4,19377-18-11-1,66.0,1,,,,0.0,0,0,0,1,1,0,0,0.0,0
19377,56,11,1,1,1,65,6.0,5,2,3, ,1,0.0,0.0,0.0,1,3, ,406.763519287109,7,19377-56-11-1,65.0,1,3.0,,2.0,1.0,0,0,0,1,1,0,0,1.0,0
19377,92,11,1,1,1,67,8.0,3,2,3, ,1,0.0,0.0,0.0,1,3, ,406.763519287109,2,19377-92-11-1,67.0,1,3.0,,2.0,1.0,0,0,0,1,1,0,0,1.0,0
19377,129,13,1,1,1,49,8.0,3,4,3,7,1,0.0,0.0,0.0,1,3, ,406.763519287109,4,19377-129-13-1,49.0,1,3.0,7.0,4.0,1.0,0,0,0,1,1,0,0,1.0,0
19377,129,33,1,1,1,36,5.0,4,3,1,1,1,0.0,8.0,0.0,1,3, ,406.763519287109,4,19377-129-33-1,36.0,1,1.0,1.0,3.0,0.0,0,1,0,1,1,0,0,0.0,0
19378,36,11,1,1,1,48,5.0,2,4,3,7,1,0.0,8.0,0.0,1,3, ,450.152923583984,5,19378-36-11-1,48.0,1,3.0,7.0,4.0,1.0,0,1,0,1,1,0,0,1.0,0
19378,74,11,1,1,1,48,5.0,2,2,3, ,1,0.0,0.0,0.0,1,3, ,450.152923583984,4,19378-74-11-1,48.0,1,3.0,,2.0,1.0,0,0,0,1,1,0,0,1.0,0
19378,93,11,1,1,1,40,6.0,5,4,2,7,1,0.0,0.0,0.0,1,3, ,450.152923583984,5,19378-93-11-1,40.0,1,2.0,7.0,4.0,1.0,0,0,0,1,1,0,0,1.0,0
19378,113,11,1,1,2,38,3.0,0,2,3, ,1,0.0,8.0,0.0,1,3, ,450.152923583984,5,19378-113-11-1,38.0,1,3.0,,2.0,1.0,0,1,1,1,1,0,1,1.0,1
19380,7,11,1,1,1,71,4.0,5, , , , ,0.0,0.0,0.0,1,5, ,461.202239990234,3,19380-7-11-1,71.0,1,,,,0.0,0,0,0,1,1,0,0,0.0,0
19380,29,11,1,1,1,49,6.0,5,2,3, ,1,0.0,0.0,0.0,1,5, ,461.202239990234,2,19380-29-11-1,49.0,1,3.0,,2.0,1.0,0,0,1,1,1,0,1,1.0,1
19380,65,11,1,1,1,40,5.0,2,2,3, ,1,0.0,0.0,0.0,1,5, ,461.202239990234,4,19380-65-11-1,40.0,1,3.0,,2.0,1.0,0,0,0,1,1,0,0,1.0,0
19380,76,11,1,1,1,77,1.0, , , , , ,0.0,0.0,0.0,1,5, ,461.202239990234,4,19380-76-11-1,77.0,1,,,,0.0,0,0,0,1,1,0,0,0.0,0
19381,14,11,1,1,1,47,3.0,0,2,3, ,1,0.0,0.0,0.0,1,5, ,443.361114501953,8,19381-14-11-1,47.0,1,3.0,,2.0,1.0,0,0,0,1,1,0,0,1.0,0
19381,35,11,1,1,1,47,7.0,1,2,3, ,1,0.0,0.0,0.0,1,5, ,443.361114501953,5,19381-35-11-1,47.0,1,3.0,,2.0,1.0,0,0,0,1,1,0,0,1.0,0
19381,54,11,1,1,2,50,6.0,5,2,3, ,1,0.0,0.0,0.0,1,5, ,443.361114501953,1,19381-54-11-1,50.0,1,3.0,,2.0,1.0,0,0,0,1,1,0,0,1.0,0
19381,96,11,1,1,1,57,10.0,6,3, ,1,5,0.0,0.0,0.0,1,5, ,443.361114501953,4,19381-96-11-1,57.0,1,,1.0,3.0,0.0,0,0,0,1,1,0,0,0.0,0
19381,116,11,1,1,1,62,4.0,5,2,3, ,1,0.0,0.0,0.0,1,5, ,443.361114501953,8,19381-116-11-1,62.0,1,3.0,,2.0,1.0,0,0,0,1,1,0,0,1.0,0
19382,27,11,1,1,1,38,6.0,5,2,3, ,1,0.0,8.0,0.0,1,4, ,448.992218017578,4,19382-27-11-1,38.0,1,3.0,,2.0,1.0,0,1,1,1,1,0,1,1.0,1
19382,65,11,1,1,1,57,6.0,5,4,3,7,1,0.0,0.0,0.0,1,4, ,448.992218017578,1,19382-65-11-1,57.0,1,3.0,7.0,4.0,1.0,0,0,0,1,1,0,0,1.0,0
19383,3,11,1,1,1,50,5.0,3,2,3, ,1,0.0,8.0,0.0,1,5, ,461.202239990234,3,19383-3-11-1,50.0,1,3.0,,2.0,1.0,0,1,0,1,1,0,0,1.0,0
19383,16,11,1,1,2,82,1.0, ,2,3, ,1,0.0,0.0,0.0,1,5, ,461.202239990234,1,19383-16-11-1,82.0,1,3.0,,2.0,1.0,0,0,0,1,1,0,0,1.0,0
19383,39,11,1,1,1,45,3.0,0,4,2,7,1,0.0,0.0,0.0,1,5, ,461.202239990234,8,19383-39-11-1,45.0,1,2.0,7.0,4.0,1.0,0,0,0,1,1,0,0,1.0,0
19383,50,11,1,1,1,38,4.0,0,2,3, ,1,0.0,0.0,0.0,1,5, ,461.202239990234,7,19383-50-11-1,38.0,1,3.0,,2.0,1.0,0,0,0,1,1,0,0,1.0,0
19383,61,11,1,1,1,50,3.0,0,4,2,7,1,0.0,0.0,0.0,1,5, ,461.202239990234,7,19383-61-11-1,50.0,1,2.0,7.0,4.0,1.0,0,0,0,1,1,0,0,1.0,0
19383,72,11,1,1,1,39,4.0,0,2,3, ,1,0.0,8.0,0.0,1,5, ,461.202239990234,6,19383-72-11-1,39.0,1,3.0,,2.0,1.0,0,1,0,1,1,0,0,1.0,0
19384,48,11,1,1,1,36,5.0,3,4,3,7,1,0.0,0.0,0.0,1,5, ,443.361114501953,4,19384-48-11-1,36.0,1,3.0,7.0,4.0,1.0,0,0,0,1,1,0,0,1.0,0
19384,125,11,1,1,2,73,1.0, , , , , ,0.0,0.0,0.0,1,5, ,443.361114501953,2,19384-125-11-1,73.0,1,,,,0.0,0,0,0,1,1,0,0,0.0,0
19404,73,11,1,1,1,81,3.0,2,4,3,7,1,0.0,0.0,0.0,1,7, ,269.857238769531,3,19404-73-11-1,81.0,1,3.0,7.0,4.0,1.0,0,0,0,1,1,0,0,1.0,0
19404,74,11,1,1,1,53,3.0,0,4,3,7,1,0.0,8.0,0.0,1,7, ,269.857238769531,4,19404-74-11-1,53.0,1,3.0,7.0,4.0,1.0,0,1,0,1,1,0,0,1.0,0
19404,75,11,1,1,1,54,3.0,0,2,3, ,1,0.0,0.0,0.0,1,7, ,269.857238769531,4,19404-75-11-1,54.0,1,3.0,,2.0,1.0,0,0,0,1,1,0,0,1.0,0
19404,76,11,1,1,2,75,4.0,5,2,3, ,1,0.0,0.0,0.0,1,7, ,269.857238769531,1,19404-76-11-1,75.0,1,3.0,,2.0,1.0,0,0,0,1,1,0,0,1.0,0
19404,165,11,1,1,1,32,6.0,5,2,3, ,1,0.0,0.0,0.0,1,7, ,269.857238769531,3,19404-165-11-1,32.0,1,3.0,,2.0,1.0,0,0,1,1,1,0,1,1.0,1
19404,166,11,1,1,1,47,6.0,5,2,3, ,1,0.0,8.0,0.0,1,7, ,269.857238769531,4,19404-166-11-1,47.0,1,3.0,,2.0,1.0,0,1,1,1,1,0,1,1.0,1
19404,167,11,1,1,2,58,3.0,3,4,3,7,1,0.0,0.0,0.0,1,7, ,269.857238769531,1,19404-167-11-1,58.0,1,3.0,7.0,4.0,1.0,0,0,0,1,1,0,0,1.0,0
19404,168,11,1,1,2,31,6.0,5, , , , ,0.0,8.0,0.0,1,7, ,269.857238769531,4,19404-168-11-1,31.0,1,,,,0.0,0,1,1,1,1,0,1,0.0,1
19410,149,11,1,1,1,89,1.0, , , , , ,0.0,0.0,0.0,1,7,1,269.857238769531,2,19410-149-11-1,89.0,1,,,,0.0,0,0,0,1,1,0,0,0.0,0
19410,150,11,1,1,1,55,6.0,5,4,3,7,1,0.0,0.0,0.0,1,7,1,269.857238769531,6,19410-150-11-1,55.0,1,3.0,7.0,4.0,1.0,0,0,0,1,1,0,0,1.0,0
19410,152,11,1,1,1,56,5.0,2,4,3,7,1,0.0,0.0,0.0,1,7,1,269.857238769531,3,19410-152-11-1,56.0,1,3.0,7.0,4.0,1.0,0,0,0,1,1,0,0,1.0,0
19410,473,11,1,1,1,27,8.0,3,4,3,2,4,0.0,8.0,0.0,1,7,1,269.857238769531,3,19410-473-11-1,27.0,1,3.0,2.0,4.0,1.0,0,1,0,1,1,0,0,1.0,0
19410,474,11,1,1,1,42,6.0,5,3,1,2,3,0.0,0.0,0.0,1,7,1,269.857238769531,6,19410-474-11-1,42.0,1,1.0,2.0,3.0,0.0,0,0,0,1,1,0,0,0.0,0
19410,475,11,1,1,1,64,6.0,5,1,3, ,1,0.0,0.0,0.0,1,7,1,269.857238769531,2,19410-475-11-1,64.0,1,3.0,,1.0,1.0,0,0,0,1,1,0,0,1.0,0
19410,476,11,1,1,1,32,6.0,5,4,3,7,1,0.0,8.0,0.0,1,7,1,269.857238769531,4,19410-476-11-1,32.0,1,3.0,7.0,4.0,1.0,0,1,0,1,1,0,0,1.0,0
19411,69,11,1,1,1,39,4.0,0,2,3, ,1,0.0,0.0,0.0,1,7,1,239.833038330078,6,19411-69-11-1,39.0,1,3.0,,2.0,1.0,0,0,0,1,1,0,0,1.0,0
19411,70,11,1,1,1,75,3.0,3,2,3, ,1,0.0,0.0,0.0,1,7,1,239.833038330078,2,19411-70-11-1,75.0,1,3.0,,2.0,1.0,0,0,0,1,1,0,0,1.0,0
19411,71,11,1,1,1,84,3.0,1,2,3, ,1,0.0,0.0,0.0,1,7,1,239.833038330078,1,19411-71-11-1,84.0,1,3.0,,2.0,1.0,0,0,0,1,1,0,0,1.0,0
19411,72,11,1,1,1,93,1.0, ,2,3, ,1,0.0,0.0,0.0,1,7,1,239.833038330078,1,19411-72-11-1,93.0,1,3.0,,2.0,1.0,0,0,0,1,1,0,0,1.0,0
19411,280,11,1,1,1,74,3.0,3,2,3, ,1,0.0,0.0,0.0,1,7,1,239.833038330078,2,19411-280-11-1,74.0,1,3.0,,2.0,1.0,0,0,0,1,1,0,0,1.0,0
19411,282,11,1,1,2,59,3.0,2,2,3, ,1,0.0,0.0,0.0,1,7,1,239.833038330078,1,19411-282-11-1,59.0,1,3.0,,2.0,1.0,0,0,0,1,1,0,0,1.0,0
19411,283,11,1,1,1,53,3.0,0,2,3, ,1,0.0,0.0,0.0,1,7,1,239.833038330078,8,19411-283-11-1,53.0,1,3.0,,2.0,1.0,0,0,0,1,1,0,0,1.0,0
19412,1,11,1,1,1,59,3.0,3,2,3, ,1,0.0,0.0,0.0,1,6,1,239.833038330078,3,19412-1-11-1,59.0,1,3.0,,2.0,1.0,0,0,0,1,1,0,0,1.0,0
19412,16,11,1,1,1,54,4.0,0,2,3, ,1,0.0,0.0,0.0,1,6,1,239.833038330078,3,19412-16-11-1,54.0,1,3.0,,2.0,1.0,0,0,0,1,1,0,0,1.0,0
19412,31,11,1,1,1,48,6.0,5,2,3, ,1,0.0,0.0,0.0,1,6,1,239.833038330078,1,19412-31-11-1,48.0,1,3.0,,2.0,1.0,0,0,0,1,1,0,0,1.0,0
19412,47,11,1,1,2,55,1.0, ,2,3, ,1,0.0,0.0,0.0,1,6,1,239.833038330078,2,19412-47-11-1,55.0,1,3.0,,2.0,1.0,0,0,0,1,1,0,0,1.0,0
19412,62,11,1,1,1,45,6.0,5, , , , ,0.0,0.0,0.0,1,6,1,239.833038330078,5,19412-62-11-1,45.0,1,,,,0.0,0,0,0,1,1,0,0,0.0,0
19412,77,11,1,1,1,77,3.0,3,2,3, ,1,0.0,0.0,0.0,1,6,1,239.833038330078,1,19412-77-11-1,77.0,1,3.0,,2.0,1.0,0,0,0,1,1,0,0,1.0,0
19412,92,11,1,1,1,28,6.0,5,2,3, ,1,0.0,0.0,0.0,1,6,1,239.833038330078,4,19412-92-11-1,28.0,1,3.0,,2.0,1.0,0,0,0,1,1,0,0,1.0,0
19412,138,11,1,1,1,84,3.0,2,2,3, ,1,0.0,0.0,0.0,1,6,1,239.833038330078,1,19412-138-11-1,84.0,1,3.0,,2.0,1.0,0,0,0,1,1,0,0,1.0,0
19413,245,11,1,1,1,27,5.0,1,4,3,7,3,0.0,0.0,0.0,1,7,1,279.848693847656,3,19413-245-11-1,27.0,1,3.0,7.0,4.0,1.0,0,0,0,1,1,0,0,1.0,0
19413,248,11,1,1,1,56,3.0,0,2,3, ,1,0.0,0.0,0.0,1,7,1,279.848693847656,1,19413-248-11-1,56.0,1,3.0,,2.0,1.0,0,0,0,1,1,0,0,1.0,0
19413,538,11,1,1,1,37,4.0,0,2,3, ,1,0.0,0.0,0.0,1,7,1,279.848693847656,4,19413-538-11-1,37.0,1,3.0,,2.0,1.0,0,0,0,1,1,0,0,1.0,0
19413,540,11,1,1,1,79,2.0,1, , , , ,0.0,0.0,0.0,1,7,1,279.848693847656,2,19413-540-11-1,79.0,1,,,,0.0,0,0,0,1,1,0,0,0.0,0
19414,91,11,1,1,2,50,3.0,0, , , , ,0.0,8.0,0.0,1,7,1,279.848693847656,6,19414-91-11-1,50.0,1,,,,0.0,0,1,0,1,1,0,0,0.0,0
19414,92,11,1,1,1,44,3.0,0,2,3, ,1,0.0,8.0,0.0,1,7,1,279.848693847656,6,19414-92-11-1,44.0,1,3.0,,2.0,1.0,0,1,0,1,1,0,0,1.0,0
19414,179,11,1,1,2,45,8.0,3,4,1,2,5,0.0,0.0,0.0,1,7,1,279.848693847656,6,19414-179-11-1,45.0,1,1.0,2.0,4.0,0.0,0,0,0,1,1,0,0,0.0,0
19414,180,11,1,1,1,46,3.0,0,2,3, ,1,0.0,0.0,0.0,1,7,1,279.848693847656,8,19414-180-11-1,46.0,1,3.0,,2.0,1.0,0,0,0,1,1,0,0,1.0,0
19414,181,11,1,1,1,58,3.0,3,2,3, ,1,0.0,0.0,0.0,1,7,1,279.848693847656,2,19414-181-11-1,58.0,1,3.0,,2.0,1.0,0,0,0,1,1,0,0,1.0,0
19414,183,11,1,1,1,53,5.0,1,4,3,7,1,0.0,0.0,0.0,1,7,1,279.848693847656,3,19414-183-11-1,53.0,1,3.0,7.0,4.0,1.0,0,0,0,1,1,0,0,1.0,0
19414,184,11,1,1,1,79,3.0,3,2,3, ,1,0.0,8.0,0.0,1,7,1,279.848693847656,5,19414-184-11-1,79.0,1,3.0,,2.0,1.0,0,1,0,1,1,0,0,1.0,0
19415,81,11,1,1,1,39,6.0,5,4,3,7,1,0.0,0.0,0.0,1,7,1,269.857238769531,6,19415-81-11-1,39.0,1,3.0,7.0,4.0,1.0,0,0,0,1,1,0,0,1.0,0
19415,83,11,1,1,1,38,5.0,4,2,3, ,1,0.0,8.0,0.0,1,7,1,269.857238769531,4,19415-83-11-1,38.0,1,3.0,,2.0,1.0,0,1,0,1,1,0,0,1.0,0
19415,84,11,1,1,1,40,5.0,2,4,3,7,1,0.0,0.0,0.0,1,7,1,269.857238769531,6,19415-84-11-1,40.0,1,3.0,7.0,4.0,1.0,0,0,0,1,1,0,0,1.0,0
19415,172,11,1,1,2,38,4.0,0,4,1,2,5,0.0,0.0,0.0,1,7,1,269.857238769531,3,19415-172-11-1,38.0,1,1.0,2.0,4.0,0.0,0,0,0,1,1,0,0,0.0,0
19415,173,11,1,1,1,39,3.0,0,4,3,7,1,0.0,0.0,0.0,1,7,1,269.857238769531,4,19415-173-11-1,39.0,1,3.0,7.0,4.0,1.0,0,0,0,1,1,0,0,1.0,0
19415,174,11,1,1,2,42,3.0,0,2,3, ,1,0.0,0.0,0.0,1,7,1,269.857238769531,5,19415-174-11-1,42.0,1,3.0,,2.0,1.0,0,0,0,1,1,0,0,1.0,0
19415,175,11,1,1,2,34,4.0,0,2,3, ,1,0.0,0.0,0.0,1,7,1,269.857238769531,6,19415-175-11-1,34.0,1,3.0,,2.0,1.0,0,0,0,1,1,0,0,1.0,0
19416,22,11,1,1,2,81,3.0,2, , , , ,0.0,0.0,0.0,1,8,1,247.069030761719,8,19416-22-11-1,81.0,1,,,,0.0,0,0,0,1,1,0,0,0.0,0
19416,23,11,1,1,2,67,3.0,2,2,3, ,1,0.0,0.0,0.0,1,8,1,247.069030761719,1,19416-23-11-1,67.0,1,3.0,,2.0,1.0,0,0,0,1,1,0,0,1.0,0
19416,24,11,1,1,1,81,4.0,5, , , , ,0.0,0.0,0.0,1,8,1,247.069030761719,2,19416-24-11-1,81.0,1,,,,0.0,0,0,0,1,1,0,0,0.0,0
19416,67,11,1,1,1,49,4.0,0,2,3, ,1,0.0,0.0,0.0,1,8,1,247.069030761719,8,19416-67-11-1,49.0,1,3.0,,2.0,1.0,0,0,1,1,1,0,1,1.0,1
19416,68,11,1,1,1,46,4.0,0,2,3, ,1,0.0,8.0,0.0,1,8,1,247.069030761719,6,19416-68-11-1,46.0,1,3.0,,2.0,1.0,0,1,0,1,1,0,0,1.0,0
19416,69,11,1,1,1,76,3.0,2,2,3, ,1,0.0,0.0,0.0,1,8,1,247.069030761719,2,19416-69-11-1,76.0,1,3.0,,2.0,1.0,0,0,0,1,1,0,0,1.0,0
19416,70,11,1,1,1,48,3.0,0,2,3, ,1,0.0,0.0,0.0,1,8,1,247.069030761719,5,19416-70-11-1,48.0,1,3.0,,2.0,1.0,0,0,0,1,1,0,0,1.0,0
19417,38,11,1,1,2,43,5.0,2,2,3, ,1,0.0,8.0,0.0,1,7, ,279.848693847656,4,19417-38-11-1,43.0,1,3.0,,2.0,1.0,0,1,1,1,1,0,1,1.0,1
19417,39,11,1,1,1,70,5.0,2,2,3, ,1,0.0,0.0,0.0,1,7, ,279.848693847656,2,19417-39-11-1,70.0,1,3.0,,2.0,1.0,0,0,0,1,1,0,0,1.0,0
19417,113,11,1,1,1,47,4.0,0,4,1,1,5,0.0,8.0,0.0,1,7, ,279.848693847656,6,19417-113-11-1,47.0,1,1.0,1.0,4.0,0.0,0,1,0,1,1,0,0,0.0,0
19417,114,11,1,1,1,54,3.0,0,4,3,7,1,0.0,0.0,0.0,1,7, ,279.848693847656,6,19417-114-11-1,54.0,1,3.0,7.0,4.0,1.0,0,0,0,1,1,0,0,1.0,0
19417,115,11,1,1,1,73,3.0,3, , , , ,0.0,0.0,0.0,1,7, ,279.848693847656,3,19417-115-11-1,73.0,1,,,,0.0,0,0,0,1,1,0,0,0.0,0
19417,116,11,1,1,2,47,7.0,1,2,3, ,1,0.0,0.0,0.0,1,7, ,279.848693847656,3,19417-116-11-1,47.0,1,3.0,,2.0,1.0,0,0,0,1,1,0,0,1.0,0
19425,105,11,1,1,1,56,4.0,0,2,3, ,1,0.0,0.0,0.0,4,7,1,265.810089111328,3,19425-105-11-1,56.0,1,3.0,,2.0,1.0,0,0,0,1,1,0,0,1.0,0
19425,106,11,1,1,1,25,6.0,5,2,3, ,1,0.0,0.0,0.0,4,7,1,265.810089111328,4,19425-106-11-1,25.0,1,3.0,,2.0,1.0,0,0,0,1,1,0,0,1.0,0
19425,107,11,1,1,1,46,1.0, ,2,3, ,1,0.0,0.0,0.0,4,7,1,265.810089111328,4,19425-107-11-1,46.0,1,3.0,,2.0,1.0,0,0,0,1,1,0,0,1.0,0
19425,108,11,1,1,1,68,3.0,3,2,3, ,1,0.0,0.0,0.0,4,7,1,265.810089111328,4,19425-108-11-1,68.0,1,3.0,,2.0,1.0,0,0,0,1,1,0,0,1.0,0
19425,258,11,1,1,1,40,1.0, ,2,3, ,1,0.0,0.0,0.0,4,7,1,265.810089111328,13,19425-258-11-1,40.0,1,3.0,,2.0,1.0,0,0,0,1,1,0,0,1.0,0
19425,259,11,1,1,1,72,3.0,1,2,3, ,1,0.0,0.0,0.0,4,7,1,265.810089111328,1,19425-259-11-1,72.0,1,3.0,,2.0,1.0,0,0,0,1,1,0,0,1.0,0
19425,260,11,1,1,1,28,3.0,0,2,3, ,1,0.0,0.0,0.0,4,7,1,265.810089111328,5,19425-260-11-1,28.0,1,3.0,,2.0,1.0,0,0,0,1,1,0,0,1.0,0
19425,261,11,1,1,2,67,1.0, ,2,3, ,1,0.0,0.0,0.0,4,7,1,265.810089111328,1,19425-261-11-1,67.0,1,3.0,,2.0,1.0,0,0,0,1,1,0,0,1.0,0
19428,13,11,1,1,1,82,3.0,2, , , , ,0.0,0.0,0.0,4,7, ,315.063629150391,2,19428-13-11-1,82.0,1,,,,0.0,0,0,0,1,1,0,0,0.0,0
19428,14,11,1,1,1,58,4.0,5,2,3, ,1,0.0,0.0,0.0,4,7, ,315.063629150391,3,19428-14-11-1,58.0,1,3.0,,2.0,1.0,0,0,0,1,1,0,0,1.0,0
19428,15,11,1,1,1,63,4.0,5,2,3, ,1,0.0,0.0,0.0,4,7, ,315.063629150391,2,19428-15-11-1,63.0,1,3.0,,2.0,1.0,0,0,0,1,1,0,0,1.0,0
19428,16,11,1,1,1,60,4.0,5,2,3, ,1,0.0,8.0,0.0,4,7, ,315.063629150391,3,19428-16-11-1,60.0,1,3.0,,2.0,1.0,0,1,0,1,1,0,0,1.0,0
19428,134,11,1,1,2,50,6.0,5,1,3, ,1,0.0,0.0,0.0,4,7, ,315.063629150391,2,19428-134-11-1,50.0,1,3.0,,1.0,1.0,0,0,0,1,1,0,0,1.0,0
19428,135,11,1,1,2,77,3.0,3,5,3,7,1,0.0,0.0,0.0,4,7, ,315.063629150391,6,19428-135-11-1,77.0,1,3.0,7.0,5.0,1.0,0,0,0,1,1,0,0,1.0,0
19428,136,11,1,1,2,54,6.0,5,2,3, ,1,0.0,0.0,0.0,4,7, ,315.063629150391,1,19428-136-11-1,54.0,1,3.0,,2.0,1.0,0,0,0,1,1,0,0,1.0,0
19431,98,11,1,1,1,80,3.0,3,2,3, ,1,0.0,0.0,0.0,4,7,1,273.35302734375,5,19431-98-11-1,80.0,1,3.0,,2.0,1.0,0,0,0,1,1,0,0,1.0,0
19431,99,11,1,1,1,49,1.0, ,2,3, ,1,0.0,0.0,0.0,4,7,1,273.35302734375,3,19431-99-11-1,49.0,1,3.0,,2.0,1.0,0,0,0,1,1,0,0,1.0,0
19431,210,11,1,1,1,39,4.0,0,1,3, ,1,0.0,0.0,0.0,4,7,1,273.35302734375,4,19431-210-11-1,39.0,1,3.0,,1.0,1.0,0,0,0,1,1,0,0,1.0,0
19431,213,11,1,1,1,44,3.0,0,2,3, ,1,0.0,0.0,0.0,4,7,1,273.35302734375,4,19431-213-11-1,44.0,1,3.0,,2.0,1.0,0,0,0,1,1,0,0,1.0,0
19431,216,11,1,1,1,73,3.0,3,2,3, ,1,0.0,0.0,0.0,4,7,1,273.35302734375,4,19431-216-11-1,73.0,1,3.0,,2.0,1.0,0,0,0,1,1,0,0,1.0,0
19431,217,11,1,1,2,32,6.0,5,2,3, ,1,0.0,0.0,0.0,4,7,1,273.35302734375,2,19431-217-11-1,32.0,1,3.0,,2.0,1.0,0,0,0,1,1,0,0,1.0,0
19432,7,11,1,1,1,83,5.0,4,2,3, ,1,0.0,0.0,0.0,4,8,1,315.063629150391,1,19432-7-11-1,83.0,1,3.0,,2.0,1.0,0,0,0,1,1,0,0,1.0,0
19432,8,11,1,1,2,83,3.0,2,2,3, ,1,0.0,0.0,0.0,4,8,1,315.063629150391,1,19432-8-11-1,83.0,1,3.0,,2.0,1.0,0,0,0,1,1,0,0,1.0,0
19432,40,11,1,1,1,63,4.0,5,1,3, ,1,0.0,0.0,0.0,4,8,1,315.063629150391,4,19432-40-11-1,63.0,1,3.0,,1.0,1.0,0,0,0,1,1,0,0,1.0,0
19432,41,11,1,1,1,79,3.0,4,2,3, ,1,0.0,0.0,0.0,4,8,1,315.063629150391,3,19432-41-11-1,79.0,1,3.0,,2.0,1.0,0,0,0,1,1,0,0,1.0,0
19432,42,11,1,1,1,49,5.0,1,1,3, ,1,0.0,0.0,0.0,4,8,1,315.063629150391,1,19432-42-11-1,49.0,1,3.0,,1.0,1.0,0,0,0,1,1,0,0,1.0,0
19432,43,11,1,1,2,65,4.0,5,2,3, ,1,0.0,0.0,0.0,4,8,1,315.063629150391,2,19432-43-11-1,65.0,1,3.0,,2.0,1.0,0,0,0,1,1,0,0,1.0,0
19432,44,11,1,1,1,53,5.0,1,1,3, ,1,0.0,0.0,0.0,4,8,1,315.063629150391,3,19432-44-11-1,53.0,1,3.0,,1.0,1.0,0,0,0,1,1,0,0,1.0,0
19433,41,11,1,1,1,82,3.0,1,2,3, ,1,0.0,0.0,0.0,4,7,1,292.938568115234,3,19433-41-11-1,82.0,1,3.0,,2.0,1.0,0,0,0,1,1,0,0,1.0,0
19433,42,11,1,1,1,51,3.0,0,2,3, ,1,0.0,0.0,0.0,4,7,1,292.938568115234,7,19433-42-11-1,51.0,1,3.0,,2.0,1.0,0,0,0,1,1,0,0,1.0,0
19433,43,11,1,1,1,68,4.0,5,2,3, ,1,0.0,0.0,0.0,4,7,1,292.938568115234,3,19433-43-11-1,68.0,1,3.0,,2.0,1.0,0,0,0,1,1,0,0,1.0,0
19433,202,11,1,1,1,42,4.0,0,2,3, ,1,0.0,0.0,0.0,4,7,1,292.938568115234,3,19433-202-11-1,42.0,1,3.0,,2.0,1.0,0,0,0,1,1,0,0,1.0,0
19433,206,11,1,1,1,53,7.0,2,1,3, ,1,0.0,0.0,0.0,4,7,1,292.938568115234,4,19433-206-11-1,53.0,1,3.0,,1.0,1.0,0,0,0,1,1,0,0,1.0,0
19433,207,11,1,1,1,63,4.0,5,4,3,7,1,0.0,0.0,0.0,4,7,1,292.938568115234,2,19433-207-11-1,63.0,1,3.0,7.0,4.0,1.0,0,0,0,1,1,0,0,1.0,0
19434,13,11,1,1,1,28,5.0,3,2,3, ,1,0.0,0.0,0.0,4,8,1,315.063629150391,3,19434-13-11-1,28.0,1,3.0,,2.0,1.0,0,0,0,1,1,0,0,1.0,0
19434,83,11,1,1,2,59,1.0, ,2,3, ,1,0.0,0.0,0.0,4,8,1,315.063629150391,2,19434-83-11-1,59.0,1,3.0,,2.0,1.0,0,0,0,1,1,0,0,1.0,0
19434,84,11,1,1,2,59,1.0, , , , , ,0.0,0.0,0.0,4,8,1,315.063629150391,1,19434-84-11-1,59.0,1,,,,0.0,0,0,0,1,1,0,0,0.0,0
19434,87,11,1,1,2,46,3.0,0,2,3, ,1,0.0,0.0,0.0,4,8,1,315.063629150391,4,19434-87-11-1,46.0,1,3.0,,2.0,1.0,0,0,0,1,1,0,0,1.0,0
19434,88,11,1,1,1,29,4.0,0,4,3,7,1,0.0,0.0,0.0,4,8,1,315.063629150391,4,19434-88-11-1,29.0,1,3.0,7.0,4.0,1.0,0,0,0,1,1,0,0,1.0,0
19435,97,11,1,1,1,52,3.0,0,2,3, ,1,0.0,0.0,0.0,4,7,1,292.938568115234,2,19435-97-11-1,52.0,1,3.0,,2.0,1.0,0,0,0,1,1,0,0,1.0,0
19435,98,11,1,1,1,47,6.0,5,2,3, ,1,0.0,0.0,0.0,4,7,1,292.938568115234,2,19435-98-11-1,47.0,1,3.0,,2.0,1.0,0,0,0,1,1,0,0,1.0,0
19435,99,11,1,1,2,15,5.0,3, , , , ,0.0,0.0,0.0,4,7,1,292.938568115234,2,19435-99-11-1,15.0,1,,,,0.0,0,0,0,1,1,0,0,0.0,0
19435,100,11,1,1,1,43,4.0,0,2,3, ,1,0.0,0.0,0.0,4,7,1,292.938568115234,3,19435-100-11-1,43.0,1,3.0,,2.0,1.0,0,0,0,1,1,0,0,1.0,0
19435,248,11,1,1,2,47,3.0,0,2,3, ,1,0.0,0.0,0.0,4,7,1,292.938568115234,3,19435-248-11-1,47.0,1,3.0,,2.0,1.0,0,0,0,1,1,0,0,1.0,0
19435,249,11,1,1,1,49,3.0,0,2,3, ,1,0.0,0.0,0.0,4,7,1,292.938568115234,4,19435-249-11-1,49.0,1,3.0,,2.0,1.0,0,0,0,1,1,0,0,1.0,0
19435,250,11,1,1,1,60,4.0,5,2,3, ,1,0.0,0.0,0.0,4,7,1,292.938568115234,2,19435-250-11-1,60.0,1,3.0,,2.0,1.0,0,0,0,1,1,0,0,1.0,0
19435,251,11,1,1,1,44,1.0, ,2,3, ,1,0.0,0.0,0.0,4,7,1,292.938568115234,1,19435-251-11-1,44.0,1,3.0,,2.0,1.0,0,0,0,1,1,0,0,1.0,0
19436,174,11,1,1,1,74,3.0,2,2,3, ,1,0.0,0.0,0.0,4,7, ,292.938568115234,2,19436-174-11-1,74.0,1,3.0,,2.0,1.0,0,0,0,1,1,0,0,1.0,0
19436,176,11,1,1,2,49,3.0,0,5,3,7,1,0.0,0.0,0.0,4,7, ,292.938568115234,7,19436-176-11-1,49.0,1,3.0,7.0,5.0,1.0,0,0,0,1,1,0,0,1.0,0
19436,355,11,1,1,2,69,3.0,3,2,3, ,1,0.0,0.0,0.0,4,7, ,292.938568115234,3,19436-355-11-1,69.0,1,3.0,,2.0,1.0,0,0,0,1,1,0,0,1.0,0
19436,356,11,1,1,2,69,3.0,2,4,3,7,1,0.0,0.0,0.0,4,7, ,292.938568115234,1,19436-356-11-1,69.0,1,3.0,7.0,4.0,1.0,0,0,0,1,1,0,0,1.0,0
19436,357,11,1,1,1,44,4.0,0,2,3, ,1,0.0,0.0,0.0,4,7, ,292.938568115234,4,19436-357-11-1,44.0,1,3.0,,2.0,1.0,0,0,0,1,1,0,0,1.0,0
19436,358,11,1,1,1,63,3.0,2,4,3,7,1,0.0,0.0,0.0,4,7, ,292.938568115234,8,19436-358-11-1,63.0,1,3.0,7.0,4.0,1.0,0,0,0,1,1,0,0,1.0,0
19436,359,11,1,1,1,41,6.0,5,4,3,7,1,0.0,0.0,0.0,4,7, ,292.938568115234,3,19436-359-11-1,41.0,1,3.0,7.0,4.0,1.0,0,0,0,1,1,0,0,1.0,0
19436,360,11,1,1,1,69,3.0,1,2,3, ,1,0.0,0.0,0.0,4,7, ,292.938568115234,3,19436-360-11-1,69.0,1,3.0,,2.0,1.0,0,0,0,1,1,0,0,1.0,0
19437,4,11,1,1,2,70,4.0,6,2,3, ,1,0.0,0.0,0.0,4,8, ,265.810089111328,2,19437-4-11-1,70.0,1,3.0,,2.0,1.0,0,0,0,1,1,0,0,1.0,0
19437,33,11,1,1,1,56,6.0,5,2,3, ,1,0.0,0.0,0.0,4,8, ,265.810089111328,4,19437-33-11-1,56.0,1,3.0,,2.0,1.0,0,0,0,1,1,0,0,1.0,0
19437,34,11,1,1,1,62,3.0,4,2,3, ,1,0.0,0.0,0.0,4,8, ,265.810089111328,5,19437-34-11-1,62.0,1,3.0,,2.0,1.0,0,0,0,1,1,0,0,1.0,0
19437,35,11,1,1,1,30,4.0,0,2,3, ,1,0.0,8.0,0.0,4,8, ,265.810089111328,4,19437-35-11-1,30.0,1,3.0,,2.0,1.0,0,1,0,1,1,0,0,1.0,0
19437,36,11,1,1,1,59,3.0,3,2,3, ,1,0.0,0.0,0.0,4,8, ,265.810089111328,5,19437-36-11-1,59.0,1,3.0,,2.0,1.0,0,0,0,1,1,0,0,1.0,0
19437,38,11,1,1,1,64,5.0,3,2,3, ,1,0.0,0.0,0.0,4,8, ,265.810089111328,4,19437-38-11-1,64.0,1,3.0,,2.0,1.0,0,0,0,1,1,0,0,1.0,0
19437,39,11,1,1,2,57,3.0,0,2,3, ,1,0.0,0.0,0.0,4,8, ,265.810089111328,2,19437-39-11-1,57.0,1,3.0,,2.0,1.0,0,0,0,1,1,0,0,1.0,0
19437,40,11,1,1,2,26,5.0,1,2,3, ,1,0.0,8.0,0.0,4,8, ,265.810089111328,5,19437-40-11-1,26.0,1,3.0,,2.0,1.0,0,1,0,1,1,0,0,1.0,0
19443,16,11,1,1,1,84,5.0,2, , , , ,0.0,0.0,0.0,6,2, ,343.039428710938,2,19443-16-11-1,84.0,1,,,,0.0,0,0,0,1,1,0,0,0.0,0
19443,47,11,1,1,2,48,7.0,1,2,2, ,1,0.0,0.0,0.0,6,2, ,343.039428710938,3,19443-47-11-1,48.0,1,2.0,,2.0,0.0,0,0,1,1,1,0,1,0.0,1
19455,2,11,1,1,2,68,10.0,5,3,1,2,1,0.0,0.0,0.0,6,2,1,3.43246388435364,3,19455-2-11-1,68.0,1,1.0,2.0,3.0,0.0,0,0,0,1,1,0,0,0.0,0
19455,15,11,1,1,2,47,6.0,5,3,3,7,1,0.0,0.0,0.0,6,2,1,3.43246388435364,5,19455-15-11-1,47.0,1,3.0,7.0,3.0,1.0,0,0,0,1,1,0,0,1.0,0
19455,28,11,1,1,2,41,4.0,0,2,3, ,1,0.0,8.0,0.0,6,2,1,3.43246388435364,3,19455-28-11-1,41.0,1,3.0,,2.0,1.0,0,1,0,1,1,0,0,1.0,0
19455,41,11,1,1,1,41,7.0,1,3,1,7,1,0.0,8.0,0.0,6,2,2,3.43246388435364,5,19455-41-11-1,41.0,1,1.0,7.0,3.0,1.0,0,1,0,1,1,0,0,1.0,0
19455,54,11,1,1,2,89,1.0, , , , , ,0.0,0.0,0.0,6,2,1,3.43246388435364,2,19455-54-11-1,89.0,1,,,,0.0,0,0,0,1,1,0,0,0.0,0
19455,67,11,1,1,1,29,8.0,3,4,2,7,1,0.0,0.0,0.0,6,2,1,3.43246388435364,1,19455-67-11-1,29.0,1,2.0,7.0,4.0,1.0,0,0,0,1,1,0,0,1.0,0
19455,80,11,1,1,2,25,7.0,1,7,3,7,1,0.0,8.0,0.0,6,2,1,3.43246388435364,2,19455-80-11-1,25.0,1,3.0,7.0,7.0,1.0,0,1,0,1,1,0,0,1.0,0
19457,23,11,1,1,2,34,6.0,5, , , , ,0.0,0.0,0.0,6,2,1,743.897094726563,3,19457-23-11-1,34.0,1,,,,0.0,0,0,0,1,1,0,0,0.0,0
19457,57,11,1,1,2,67,4.0,5,2,3, ,1,0.0,0.0,0.0,6,2,1,743.897094726563,1,19457-57-11-1,67.0,1,3.0,,2.0,1.0,0,0,0,1,1,0,0,1.0,0
19457,144,11,1,1,2,47,6.0,5,2,3, ,1,0.0,0.0,0.0,6,2,1,743.897094726563,5,19457-144-11-1,47.0,1,3.0,,2.0,1.0,0,0,0,1,1,0,0,1.0,0
19458,41,11,1,1,2,66,6.0,5,2,3, ,1,0.0,0.0,0.0,6,2,1,337.222442626953,2,19458-41-11-1,66.0,1,3.0,,2.0,1.0,0,0,0,1,1,0,0,1.0,0
19458,120,11,1,1,1,69,10.0,5,2,2, ,1,0.0,8.0,0.0,6,2,1,337.222442626953,3,19458-120-11-1,69.0,1,2.0,,2.0,0.0,0,1,0,1,1,0,0,0.0,0
19458,131,11,1,1,2,58,9.0,3,2,3, ,1,0.0,8.0,0.0,6,2,1,337.222442626953,3,19458-131-11-1,58.0,1,3.0,,2.0,1.0,0,1,0,1,1,0,0,1.0,0
19458,148,11,1,1,2,67,10.0,5,3, ,1,5,0.0,0.0,0.0,6,2,1,337.222442626953,4,19458-148-11-1,67.0,1,,1.0,3.0,0.0,0,0,0,1,1,0,0,0.0,0
19459,33,11,1,1,2,74,1.0, , , , , ,0.0,0.0,0.0,6,2,1,730.606994628906,1,19459-33-11-1,74.0,1,,,,0.0,0,0,0,1,1,0,0,0.0,0
19459,61,11,1,1,2,69,6.0,5,2,3, ,1,0.0,8.0,0.0,6,2,1,730.606994628906,5,19459-61-11-1,69.0,1,3.0,,2.0,1.0,0,1,0,1,1,0,0,1.0,0
19459,76,11,1,1,1,57,9.0,4,2,3, ,1,0.0,8.0,0.0,6,2,1,730.606994628906,3,19459-76-11-1,57.0,1,3.0,,2.0,1.0,0,1,1,1,1,0,1,1.0,1
19460,48,11,1,1,1,58,11.0,2,2,2, ,1,0.0,0.0,0.0,6,2, ,335.19775390625,3,19460-48-11-1,58.0,1,2.0,,2.0,0.0,0,0,0,1,1,0,0,0.0,0
19460,62,11,1,1,2,59,10.0,6,3, ,1,5,0.0,0.0,0.0,6,2, ,335.19775390625,4,19460-62-11-1,59.0,1,,1.0,3.0,0.0,0,0,0,1,1,0,0,0.0,0
19460,146,11,1,1,2,60,8.0,3,2,3, ,1,0.0,8.0,0.0,6,2, ,335.19775390625,1,19460-146-11-1,60.0,1,3.0,,2.0,1.0,0,1,0,1,1,0,0,1.0,0
19460,173,11,1,1,1,37,6.0,5,4, ,7,5,0.0,0.0,0.0,6,2, ,335.19775390625,5,19460-173-11-1,37.0,1,,7.0,4.0,1.0,0,0,0,1,1,0,0,1.0,0
19461,99,11,1,1,1,50,4.0,0,4,3,7,1,0.0,0.0,0.0,6,2,1,1135.78857421875,2,19461-99-11-1,50.0,1,3.0,7.0,4.0,1.0,0,0,0,1,1,0,0,1.0,0
19461,116,11,1,1,2,77,1.0, , , , , ,0.0,0.0,0.0,6,2,1,1135.78857421875,2,19461-116-11-1,77.0,1,,,,0.0,0,0,0,1,1,0,0,0.0,0
19470,15,11,1,1,1,38,6.0,5, , , , ,0.0,0.0,0.0,6,5, ,991.86279296875,5,19470-15-11-1,38.0,1,,,,0.0,0,0,0,1,1,0,0,0.0,0
19470,71,11,1,1,2,53,5.0,2,2,3, ,1,0.0,0.0,0.0,6,5, ,991.86279296875,5,19470-71-11-1,53.0,1,3.0,,2.0,1.0,0,0,1,1,1,0,1,1.0,1
19470,90,11,1,1,2,53,3.0,0, , , , ,0.0,0.0,0.0,6,5, ,991.86279296875,3,19470-90-11-1,53.0,1,,,,0.0,0,0,0,1,1,0,0,0.0,0
19470,128,11,1,1,1,64,11.0,3,3, ,1,5,0.0,0.0,0.0,6,5, ,991.86279296875,2,19470-128-11-1,64.0,1,,1.0,3.0,0.0,0,0,0,1,1,0,0,0.0,0
19509,119,11,1,1,1,60,6.0,5,4,2,7,1,0.0,0.0,0.0,6,5,1,1072.21057128906,3,19509-119-11-1,60.0,1,2.0,7.0,4.0,1.0,0,0,0,1,1,0,0,1.0,0
19509,141,11,1,1,2,59,1.0, ,4,3,7,1,0.0,0.0,0.0,6,5,1,1072.21057128906,2,19509-141-11-1,59.0,1,3.0,7.0,4.0,1.0,0,0,0,1,1,0,0,1.0,0
19512,9,11,1,1,2,55,6.0,5,2,3, ,1,0.0,8.0,0.0,6,2,1,167.970611572266,2,19512-9-11-1,55.0,1,3.0,,2.0,1.0,0,1,0,1,1,0,0,1.0,0
19512,22,11,1,1,1,61,3.0,2, , , , ,0.0,0.0,0.0,6,2,1,167.970611572266,2,19512-22-11-1,61.0,1,,,,0.0,0,0,0,1,1,0,0,0.0,0
19514,23,11,1,1,1,52,6.0,5,2,3, ,1,0.0,0.0,0.0,6,5,1,1072.21057128906,4,19514-23-11-1,52.0,1,3.0,,2.0,1.0,0,0,0,1,1,0,0,1.0,0
19514,39,11,1,1,1,63,5.0,2,2,3, ,1,0.0,8.0,0.0,6,5,1,1072.21057128906,6,19514-39-11-1,63.0,1,3.0,,2.0,1.0,0,1,0,1,1,0,0,1.0,0
19514,73,11,1,1,1,57,8.0,3,2,3, ,1,0.0,0.0,0.0,6,5,1,1072.21057128906,2,19514-73-11-1,57.0,1,3.0,,2.0,1.0,0,0,0,1,1,0,0,1.0,0
19514,106,11,1,1,1,69,6.0,5,3, ,1,5,0.0,0.0,0.0,6,5,1,1072.21057128906,3,19514-106-11-1,69.0,1,,1.0,3.0,0.0,0,0,1,1,1,0,1,0.0,1
19516,8,11,1,1,2,44,4.0,0,2,3, ,1,0.0,0.0,0.0,6,2,1,449.629943847656,4,19516-8-11-1,44.0,1,3.0,,2.0,1.0,0,0,0,1,1,0,0,1.0,0
19516,108,11,1,1,1,44,4.0,0,2,3, ,1,0.0,0.0,0.0,6,2,1,449.629943847656,4,19516-108-11-1,44.0,1,3.0,,2.0,1.0,0,0,0,1,1,0,0,1.0,0
19517,7,11,1,1,2,29,6.0,5,2,3, ,1,0.0,0.0,0.0,6,5,1,446.930328369141,2,19517-7-11-1,29.0,1,3.0,,2.0,1.0,0,0,0,1,1,0,0,1.0,0
19517,31,11,1,1,2,40,5.0,3,2,3, ,1,0.0,0.0,0.0,6,5,2,446.930328369141,4,19517-31-11-1,40.0,1,3.0,,2.0,1.0,0,0,0,1,1,0,0,1.0,0
19517,60,11,1,1,2,61,4.0,5,2,3, ,1,0.0,0.0,0.0,6,5,1,446.930328369141,2,19517-60-11-1,61.0,1,3.0,,2.0,1.0,0,0,0,1,1,0,0,1.0,0
19517,84,11,1,1,1,78,8.0,5, , , , ,0.0,0.0,0.0,6,5,1,446.930328369141,2,19517-84-11-1,78.0,1,,,,0.0,0,0,0,1,1,0,0,0.0,0
19517,100,11,1,1,1,53,8.0,5,2,3, ,1,0.0,0.0,0.0,6,5,1,446.930328369141,4,19517-100-11-1,53.0,1,3.0,,2.0,1.0,0,0,0,1,1,0,0,1.0,0
19518,3,11,1,1,1,32,9.0,4,4,2,7,2,0.0,8.0,0.0,6,2,1,14.1710605621338,2,19518-3-11-1,32.0,1,2.0,7.0,4.0,1.0,0,1,0,1,1,0,0,1.0,0
19518,62,11,1,1,2,68,6.0,5,2,3, ,1,0.0,0.0,0.0,6,2,1,14.1710605621338,3,19518-62-11-1,68.0,1,3.0,,2.0,1.0,0,0,0,1,1,0,0,1.0,0
19519,66,11,1,1,1,41,6.0,5,4,1,7,1,0.0,8.0,0.0,6,5,1,156.012939453125,5,19519-66-11-1,41.0,1,1.0,7.0,4.0,1.0,0,1,0,1,1,0,0,1.0,0
19519,83,11,1,1,1,81,8.0,5, , , , ,0.0,0.0,0.0,6,5,1,156.012939453125,2,19519-83-11-1,81.0,1,,,,0.0,0,0,0,1,1,0,0,0.0,0
19520,13,11,1,1,1,26,8.0,3,3,2,2,5,0.0,8.0,0.0,6,5,1,974.142639160156,2,19520-13-11-1,26.0,1,2.0,2.0,3.0,0.0,0,1,0,1,1,0,0,0.0,0
19520,33,11,1,1,1,23,8.0,3,4,3,7,1,0.0,8.0,0.0,6,5,1,974.142639160156,3,19520-33-11-1,23.0,1,3.0,7.0,4.0,1.0,0,1,0,1,1,0,0,1.0,0
19520,77,11,1,1,1,34,5.0,4,4,3,7,1,0.0,0.0,0.0,6,5,1,974.142639160156,4,19520-77-11-1,34.0,1,3.0,7.0,4.0,1.0,0,0,0,1,1,0,0,1.0,0
19520,126,11,1,1,1,50,4.0,0,3, ,1,5,0.0,0.0,0.0,6,5,1,974.142639160156,1,19520-126-11-1,50.0,1,,1.0,3.0,0.0,0,0,0,1,1,0,0,0.0,0
19521,9,11,1,1,2,26,6.0,5,2,3, ,1,0.0,8.0,0.0,6,5,1,1072.21057128906,3,19521-9-11-1,26.0,1,3.0,,2.0,1.0,0,1,0,1,1,0,0,1.0,0
19521,59,11,1,1,2,61,4.0,5,2,3, ,1,0.0,0.0,0.0,6,5,1,1072.21057128906,3,19521-59-11-1,61.0,1,3.0,,2.0,1.0,0,0,0,1,1,0,0,1.0,0
19521,93,11,1,1,2,54,6.0,5,2,3, ,1,0.0,0.0,0.0,6,5,1,1072.21057128906,2,19521-93-11-1,54.0,1,3.0,,2.0,1.0,0,0,0,1,1,0,0,1.0,0
19522,26,11,1,1,2,48,10.0,5, , , , ,0.0,8.0,0.0,6,5,1,1135.78857421875,3,19522-26-11-1,48.0,1,,,,0.0,0,1,0,1,1,0,0,0.0,0
19522,71,11,1,1,1,38,6.0,5, , , , ,0.0,0.0,0.0,6,5,1,1135.78857421875,1,19522-71-11-1,38.0,1,,,,0.0,0,0,0,1,1,0,0,0.0,0
19523,9,11,1,1,1,34,6.0,5,2,3, ,1,0.0,0.0,0.0,6,5,1,974.142639160156,4,19523-9-11-1,34.0,1,3.0,,2.0,1.0,0,0,0,1,1,0,0,1.0,0
19523,26,11,1,1,1,34,5.0,3,3, ,2,5,0.0,8.0,0.0,6,5,1,974.142639160156,4,19523-26-11-1,34.0,1,,2.0,3.0,0.0,0,1,0,1,1,0,0,0.0,0
19523,60,11,1,1,1,64,4.0,5,2,3, ,1,0.0,0.0,0.0,6,5,1,974.142639160156,2,19523-60-11-1,64.0,1,3.0,,2.0,1.0,0,0,0,1,1,0,0,1.0,0
19523,77,11,1,1,1,68,3.0,4,2,3, ,1,0.0,0.0,0.0,6,5,1,974.142639160156,2,19523-77-11-1,68.0,1,3.0,,2.0,1.0,0,0,0,1,1,0,0,1.0,0
19523,93,11,1,1,1,63,4.0,5,2,3, ,1,0.0,0.0,0.0,6,5,1,974.142639160156,4,19523-93-11-1,63.0,1,3.0,,2.0,1.0,0,0,0,1,1,0,0,1.0,0
19523,110,11,1,1,2,49,3.0,0,2,3, ,1,0.0,0.0,0.0,6,5,1,974.142639160156,2,19523-110-11-1,49.0,1,3.0,,2.0,1.0,0,0,0,1,1,0,0,1.0,0
19524,10,11,1,1,1,55,4.0,0,2,3, ,1,0.0,0.0,0.0,6,2,1,446.930328369141,6,19524-10-11-1,55.0,1,3.0,,2.0,1.0,0,0,0,1,1,0,0,1.0,0
19524,35,11,1,1,2,58,7.0,1,2,3, ,1,0.0,8.0,0.0,6,2,1,446.930328369141,2,19524-35-11-1,58.0,1,3.0,,2.0,1.0,0,1,1,1,1,0,1,1.0,1
19524,51,11,1,1,2,36,9.0,3,2,3, ,1,0.0,0.0,0.0,6,2,1,446.930328369141,3,19524-51-11-1,36.0,1,3.0,,2.0,1.0,0,0,1,1,1,0,1,1.0,1
19524,114,11,1,1,1,63,9.0,2,3,1,1,5,0.0,0.0,0.0,6,2,1,446.930328369141,3,19524-114-11-1,63.0,1,1.0,1.0,3.0,0.0,0,0,0,1,1,0,0,0.0,0
19525,1,11,1,1,2,55,7.0,1,2,3, ,1,0.0,0.0,0.0,6,2,1,1135.78857421875,4,19525-1-11-1,55.0,1,3.0,,2.0,1.0,0,0,0,1,1,0,0,1.0,0
19525,14,11,1,1,1,48,3.0,0, , , , ,0.0,0.0,0.0,6,2,1,1135.78857421875,3,19525-14-11-1,48.0,1,,,,0.0,0,0,1,1,1,0,1,0.0,1
19525,41,11,1,1,1,57,4.0,0,2,3, ,1,0.0,0.0,0.0,6,2,1,1135.78857421875,5,19525-41-11-1,57.0,1,3.0,,2.0,1.0,0,0,0,1,1,0,0,1.0,0
19526,33,11,1,1,1,42,6.0,5,2,3, ,1,0.0,0.0,0.0,6,5,1,457.385894775391,5,19526-33-11-1,42.0,1,3.0,,2.0,1.0,0,0,0,1,1,0,0,1.0,0
19527,33,11,1,1,2,52,6.0,5, , , , ,0.0,0.0,0.0,6,5,1,991.86279296875,4,19527-33-11-1,52.0,1,,,,0.0,0,0,0,1,1,0,0,0.0,0
19527,71,11,1,1,1,72,5.0,2, , , , ,0.0,0.0,0.0,6,5,1,991.86279296875,2,19527-71-11-1,72.0,1,,,,0.0,0,0,0,1,1,0,0,0.0,0
19527,90,11,1,1,1,74,10.0,5,1,3, ,1,0.0,0.0,0.0,6,5,1,991.86279296875,5,19527-90-11-1,74.0,1,3.0,,1.0,1.0,0,0,0,1,1,0,0,1.0,0
19527,110,11,1,1,1,60,8.0,4,3, ,1,5,0.0,8.0,0.0,6,5,1,991.86279296875,1,19527-110-11-1,60.0,1,,1.0,3.0,0.0,0,1,0,1,1,0,0,0.0,0
19528,121,11,1,1,2,49,4.0,0,2,3, ,1,0.0,0.0,0.0,6,5,1,991.86279296875,2,19528-121-11-1,49.0,1,3.0,,2.0,1.0,0,0,0,1,1,0,0,1.0,0
19529,29,11,1,1,2,44,6.0,5,2,2, ,1,0.0,8.0,0.0,6,5,1,1072.21057128906,5,19529-29-11-1,44.0,1,2.0,,2.0,0.0,0,1,0,1,1,0,0,0.0,0
19529,61,11,1,1,1,71,3.0,0, , , , ,0.0,0.0,0.0,6,5,1,1072.21057128906,1,19529-61-11-1,71.0,1,,,,0.0,0,0,0,1,1,0,0,0.0,0
19530,43,11,1,1,2,73,3.0,4,2,3, ,1,0.0,0.0,0.0,6,2, ,449.629943847656,5,19530-43-11-1,73.0,1,3.0,,2.0,1.0,0,0,0,1,1,0,0,1.0,0
19531,47,11,1,1,2,47,5.0,3,2,3, ,1,0.0,8.0,0.0,6,2, ,168.651077270508,4,19531-47-11-1,47.0,1,3.0,,2.0,1.0,0,1,0,1,1,0,0,1.0,0
19532,2,11,1,1,2,59,1.0, ,2,3, ,1,0.0,0.0,0.0,6,5, ,1072.21057128906,1,19532-2-11-1,59.0,1,3.0,,2.0,1.0,0,0,0,1,1,0,0,1.0,0
19532,22,11,1,1,2,84,1.0, , , , , ,0.0,0.0,0.0,6,5, ,1072.21057128906,1,19532-22-11-1,84.0,1,,,,0.0,0,0,0,1,1,0,0,0.0,0
19532,39,11,1,1,1,38,6.0,5,4,3,7,1,0.0,8.0,0.0,6,5, ,1072.21057128906,6,19532-39-11-1,38.0,1,3.0,7.0,4.0,1.0,0,1,0,1,1,0,0,1.0,0
19534,18,11,1,1,2,42,1.0, ,4,3,7,1,0.0,0.0,0.0,6,2,1,974.142639160156,4,19534-18-11-1,42.0,1,3.0,7.0,4.0,1.0,0,0,1,1,1,0,1,1.0,1
19534,29,11,1,1,1,52,6.0,5,4,3,7,1,0.0,0.0,0.0,6,2,1,974.142639160156,4,19534-29-11-1,52.0,1,3.0,7.0,4.0,1.0,0,0,0,1,1,0,0,1.0,0
19534,92,11,1,1,2,55,3.0,0,2,3, ,1,0.0,0.0,0.0,6,2,1,974.142639160156,2,19534-92-11-1,55.0,1,3.0,,2.0,1.0,0,0,0,1,1,0,0,1.0,0
19535,60,11,1,1,2,68,3.0,0,2,3, ,1,0.0,0.0,0.0,6,2, ,1135.78857421875,3,19535-60-11-1,68.0,1,3.0,,2.0,1.0,0,0,0,1,1,0,0,1.0,0
19535,72,11,1,1,1,52,4.0,0,4,3,7,1,0.0,0.0,0.0,6,2, ,1135.78857421875,10,19535-72-11-1,52.0,1,3.0,7.0,4.0,1.0,0,0,0,1,1,0,0,1.0,0
19535,110,11,1,1,2,45,3.0,0,2,3, ,1,0.0,0.0,0.0,6,2, ,1135.78857421875,4,19535-110-11-1,45.0,1,3.0,,2.0,1.0,0,0,0,1,1,0,0,1.0,0
19536,17,11,1,1,1,52,6.0,5,4, ,7,5,0.0,0.0,0.0,6,5, ,974.142639160156,4,19536-17-11-1,52.0,1,,7.0,4.0,1.0,0,0,0,1,1,0,0,1.0,0
19536,36,11,1,1,1,30,6.0,5,4,3,7,1,0.0,0.0,0.0,6,5, ,974.142639160156,6,19536-36-11-1,30.0,1,3.0,7.0,4.0,1.0,0,0,0,1,1,0,0,1.0,0
19536,79,11,1,1,2,44,3.0,0,2,3, ,1,0.0,0.0,0.0,6,5, ,974.142639160156,5,19536-79-11-1,44.0,1,3.0,,2.0,1.0,0,0,0,1,1,0,0,1.0,0
19536,134,11,1,1,1,79,3.0,0, , , , ,0.0,0.0,0.0,6,5, ,974.142639160156,9,19536-134-11-1,79.0,1,,,,0.0,0,0,0,1,1,0,0,0.0,0
19536,154,11,1,1,2,39,3.0,0,2,3, ,1,0.0,0.0,0.0,6,5, ,974.142639160156,4,19536-154-11-1,39.0,1,3.0,,2.0,1.0,0,0,0,1,1,0,0,1.0,0
19538,79,11,1,1,2,67,10.0,5,2,3, ,1,0.0,0.0,0.0,6,7, ,329.765197753906,1,19538-79-11-1,67.0,1,3.0,,2.0,1.0,0,0,1,1,1,0,1,1.0,1
19538,161,11,1,1,2,46,4.0,0,2,3, ,1,0.0,0.0,0.0,6,7, ,329.765197753906,3,19538-161-11-1,46.0,1,3.0,,2.0,1.0,0,0,0,1,1,0,0,1.0,0
19538,163,11,1,1,1,75,4.0,5,2,3, ,1,0.0,0.0,0.0,6,7, ,329.765197753906,1,19538-163-11-1,75.0,1,3.0,,2.0,1.0,0,0,0,1,1,0,0,1.0,0
19538,165,11,1,1,1,40,11.0,2,2,2, ,1,0.0,8.0,0.0,6,7, ,329.765197753906,1,19538-165-11-1,40.0,1,2.0,,2.0,0.0,0,1,0,1,1,0,0,0.0,0
19538,174,11,1,1,1,76,3.0,1,2,3, ,1,0.0,0.0,0.0,6,7, ,329.765197753906,1,19538-174-11-1,76.0,1,3.0,,2.0,1.0,0,0,0,1,1,0,0,1.0,0
19538,176,11,1,1,1,81,3.0,1,2,3, ,1,0.0,0.0,0.0,6,7, ,329.765197753906,2,19538-176-11-1,81.0,1,3.0,,2.0,1.0,0,0,0,1,1,0,0,1.0,0
19538,177,11,1,1,2,83,1.0, , , , , ,0.0,0.0,0.0,6,7, ,329.765197753906,1,19538-177-11-1,83.0,1,,,,0.0,0,0,0,1,1,0,0,0.0,0
19585,13,11,1,1,1,67,5.0,2,5,3,7,1,0.0,0.0,0.0,6,8,1,319.367858886719,3,19585-13-11-1,67.0,1,3.0,7.0,5.0,1.0,0,0,0,1,1,0,0,1.0,0
19585,16,11,1,1,2,46,5.0,1,1,3, ,1,0.0,0.0,0.0,6,8,1,319.367858886719,4,19585-16-11-1,46.0,1,3.0,,1.0,1.0,0,0,1,1,1,0,1,1.0,1
19585,68,11,1,1,1,64,6.0,5,2,3, ,1,0.0,0.0,0.0,6,8,1,319.367858886719,3,19585-68-11-1,64.0,1,3.0,,2.0,1.0,0,0,0,1,1,0,0,1.0,0
19585,69,11,1,1,1,52,5.0,1,2,3, ,1,0.0,0.0,0.0,6,8,1,319.367858886719,5,19585-69-11-1,52.0,1,3.0,,2.0,1.0,0,0,0,1,1,0,0,1.0,0
19585,70,11,1,1,1,79,3.0,3,5,3,7,1,0.0,0.0,0.0,6,8,1,319.367858886719,3,19585-70-11-1,79.0,1,3.0,7.0,5.0,1.0,0,0,0,1,1,0,0,1.0,0
19585,71,11,1,1,1,62,4.0,5,2,3, ,1,0.0,0.0,0.0,6,8,1,319.367858886719,2,19585-71-11-1,62.0,1,3.0,,2.0,1.0,0,0,0,1,1,0,0,1.0,0
19585,72,11,1,1,2,47,3.0,0,2,3, ,1,0.0,0.0,0.0,6,8,1,319.367858886719,4,19585-72-11-1,47.0,1,3.0,,2.0,1.0,0,0,0,1,1,0,0,1.0,0
19589,76,11,1,1,1,81,1.0, ,5,3,7,1,0.0,0.0,0.0,6,7,1,339.290557861328,2,19589-76-11-1,81.0,1,3.0,7.0,5.0,1.0,0,0,0,1,1,0,0,1.0,0
19589,191,11,1,1,2,62,5.0,2,2,3, ,1,0.0,0.0,0.0,6,7,1,339.290557861328,1,19589-191-11-1,62.0,1,3.0,,2.0,1.0,0,0,0,1,1,0,0,1.0,0
19589,192,11,1,1,2,37,6.0,5,2,3, ,1,0.0,0.0,0.0,6,7,1,339.290557861328,3,19589-192-11-1,37.0,1,3.0,,2.0,1.0,0,0,0,1,1,0,0,1.0,0
19589,193,11,1,1,2,78,2.0,0,2,3, ,1,0.0,0.0,0.0,6,7,1,339.290557861328,1,19589-193-11-1,78.0,1,3.0,,2.0,1.0,0,0,0,1,1,0,0,1.0,0
19589,194,11,1,1,1,39,6.0,5,2,3, ,1,0.0,0.0,0.0,6,7,1,339.290557861328,6,19589-194-11-1,39.0,1,3.0,,2.0,1.0,0,0,0,1,1,0,0,1.0,0
19589,195,11,1,1,1,48,4.0,0,5,3,7,1,0.0,0.0,0.0,6,7,1,339.290557861328,4,19589-195-11-1,48.0,1,3.0,7.0,5.0,1.0,0,0,0,1,1,0,0,1.0,0
19589,196,11,1,1,2,75,1.0, ,2,3, ,1,0.0,0.0,0.0,6,7,1,339.290557861328,1,19589-196-11-1,75.0,1,3.0,,2.0,1.0,0,0,0,1,1,0,0,1.0,0
19593,428,11,1,1,2,48,3.0,0,2,3, ,1,0.0,0.0,0.0,6,7,1,351.317138671875,2,19593-428-11-1,48.0,1,3.0,,2.0,1.0,0,0,0,1,1,0,0,1.0,0
19593,429,11,1,1,1,46,8.0,5,4, ,5,5,0.0,0.0,0.0,6,7,1,351.317138671875,5,19593-429-11-1,46.0,1,,5.0,4.0,0.0,0,0,0,1,1,0,0,0.0,0
19593,430,11,1,1,1,41,5.0,4,2,3, ,1,0.0,0.0,0.0,6,7,1,351.317138671875,5,19593-430-11-1,41.0,1,3.0,,2.0,1.0,0,0,0,1,1,0,0,1.0,0
19593,432,11,1,1,2,78,1.0, ,1,3, ,1,0.0,0.0,0.0,6,7,1,351.317138671875,1,19593-432-11-1,78.0,1,3.0,,1.0,1.0,0,0,0,1,1,0,0,1.0,0
19593,436,11,1,1,1,50,4.0,0,4,3,7,1,0.0,0.0,0.0,6,7,1,351.317138671875,6,19593-436-11-1,50.0,1,3.0,7.0,4.0,1.0,0,0,0,1,1,0,0,1.0,0
19593,439,11,1,1,1,87,3.0,0, , , , ,0.0,0.0,0.0,6,7,2,351.317138671875,2,19593-439-11-1,87.0,1,,,,0.0,0,0,0,1,1,0,0,0.0,0
19593,441,11,1,1,2,34,7.0,1,3, ,5,5,0.0,0.0,0.0,6,7,1,351.317138671875,4,19593-441-11-1,34.0,1,,5.0,3.0,0.0,0,0,0,1,1,0,0,0.0,0
19594,69,11,1,1,2,56,3.0,0,2,3, ,1,0.0,0.0,0.0,6,7,1,319.367858886719,5,19594-69-11-1,56.0,1,3.0,,2.0,1.0,0,0,0,1,1,0,0,1.0,0
19594,70,11,1,1,2,47,3.0,0,4,3,7,1,0.0,0.0,0.0,6,7,1,319.367858886719,5,19594-70-11-1,47.0,1,3.0,7.0,4.0,1.0,0,0,0,1,1,0,0,1.0,0
19594,71,11,1,1,1,65,4.0,5,2,3, ,1,0.0,0.0,0.0,6,7,1,319.367858886719,2,19594-71-11-1,65.0,1,3.0,,2.0,1.0,0,0,0,1,1,0,0,1.0,0
19594,72,11,1,1,2,68,3.0,4,1,3, ,1,0.0,0.0,0.0,6,7,1,319.367858886719,3,19594-72-11-1,68.0,1,3.0,,1.0,1.0,0,0,0,1,1,0,0,1.0,0
19594,198,11,1,1,1,61,5.0,2,4,3,7,1,0.0,0.0,0.0,6,7,1,319.367858886719,5,19594-198-11-1,61.0,1,3.0,7.0,4.0,1.0,0,0,0,1,1,0,0,1.0,0
19594,200,11,1,1,2,63,4.0,5,2,3, ,1,0.0,0.0,0.0,6,7,1,319.367858886719,1,19594-200-11-1,63.0,1,3.0,,2.0,1.0,0,0,0,1,1,0,0,1.0,0
19594,201,11,1,1,1,54,4.0,0,2,3, ,1,0.0,0.0,0.0,6,7,1,319.367858886719,1,19594-201-11-1,54.0,1,3.0,,2.0,1.0,0,0,0,1,1,0,0,1.0,0
19594,204,11,1,1,2,30,6.0,5,2,3, ,1,0.0,0.0,0.0,6,7,1,319.367858886719,3,19594-204-11-1,30.0,1,3.0,,2.0,1.0,0,0,0,1,1,0,0,1.0,0
19595,5,11,1,1,2,45,6.0,5,2,3, ,1,0.0,0.0,0.0,6,7,1,339.290557861328,3,19595-5-11-1,45.0,1,3.0,,2.0,1.0,0,0,1,1,1,0,1,1.0,1
19595,6,11,1,1,2,71,1.0, ,2,3, ,1,0.0,0.0,0.0,6,7,1,339.290557861328,1,19595-6-11-1,71.0,1,3.0,,2.0,1.0,0,0,0,1,1,0,0,1.0,0
19595,189,11,1,1,2,73,1.0, ,4,3,7,1,0.0,0.0,0.0,6,7,1,339.290557861328,1,19595-189-11-1,73.0,1,3.0,7.0,4.0,1.0,0,0,0,1,1,0,0,1.0,0
19595,196,11,1,1,2,46,4.0,0,2,3, ,1,0.0,0.0,0.0,6,7,1,339.290557861328,1,19595-196-11-1,46.0,1,3.0,,2.0,1.0,0,0,0,1,1,0,0,1.0,0
19596,208,11,1,1,1,53,5.0,3,2,3, ,1,0.0,0.0,0.0,6,7,1,329.765197753906,2,19596-208-11-1,53.0,1,3.0,,2.0,1.0,0,0,0,1,1,0,0,1.0,0
19596,444,11,1,1,1,65,4.0,6,5,3,7,1,0.0,0.0,0.0,6,7,1,329.765197753906,2,19596-444-11-1,65.0,1,3.0,7.0,5.0,1.0,0,0,0,1,1,0,0,1.0,0
19596,447,11,1,1,1,74,4.0,6,5,3,7,1,0.0,0.0,0.0,6,7,1,329.765197753906,2,19596-447-11-1,74.0,1,3.0,7.0,5.0,1.0,0,0,0,1,1,0,0,1.0,0
19596,449,11,1,1,2,72,3.0,0,2,3, ,1,0.0,0.0,0.0,6,7,1,329.765197753906,1,19596-449-11-1,72.0,1,3.0,,2.0,1.0,0,0,0,1,1,0,0,1.0,0
19596,452,11,1,1,1,67,4.0,6,2,3, ,1,0.0,0.0,0.0,6,7,1,329.765197753906,2,19596-452-11-1,67.0,1,3.0,,2.0,1.0,0,0,0,1,1,0,0,1.0,0
19597,29,11,1,1,1,70,3.0,2,2,3, ,1,0.0,0.0,0.0,6,7,1,319.367858886719,2,19597-29-11-1,70.0,1,3.0,,2.0,1.0,0,0,0,1,1,0,0,1.0,0
19597,147,11,1,1,2,49,6.0,5,2,3, ,1,0.0,0.0,0.0,6,7,1,319.367858886719,4,19597-147-11-1,49.0,1,3.0,,2.0,1.0,0,0,0,1,1,0,0,1.0,0
19597,148,11,1,1,2,42,1.0, , , , , ,0.0,0.0,0.0,6,7,1,319.367858886719,2,19597-148-11-1,42.0,1,,,,0.0,0,0,0,1,1,0,0,0.0,0
19597,151,11,1,1,1,76,3.0,1,2,3, ,1,0.0,0.0,0.0,6,7,1,319.367858886719,2,19597-151-11-1,76.0,1,3.0,,2.0,1.0,0,0,0,1,1,0,0,1.0,0
19597,153,11,1,1,1,80,4.0,5,2,3, ,1,0.0,0.0,0.0,6,7,1,319.367858886719,2,19597-153-11-1,80.0,1,3.0,,2.0,1.0,0,0,0,1,1,0,0,1.0,0
19597,155,11,1,1,1,89,1.0, , , , , ,0.0,0.0,0.0,6,7,1,319.367858886719,2,19597-155-11-1,89.0,1,,,,0.0,0,0,0,1,1,0,0,0.0,0
19598,50,11,1,1,2,54,3.0,0,2,3, ,1,0.0,0.0,0.0,6,8,2,329.765197753906,3,19598-50-11-1,54.0,1,3.0,,2.0,1.0,0,0,0,1,1,0,0,1.0,0
19598,52,11,1,1,2,58,3.0,0,4,3,7,1,0.0,0.0,0.0,6,8,1,329.765197753906,2,19598-52-11-1,58.0,1,3.0,7.0,4.0,1.0,0,0,0,1,1,0,0,1.0,0
19598,53,11,1,1,1,70,1.0, ,4,3,7,1,0.0,0.0,0.0,6,8,1,329.765197753906,1,19598-53-11-1,70.0,1,3.0,7.0,4.0,1.0,0,0,0,1,1,0,0,1.0,0
19598,55,11,1,1,2,61,3.0,3,2,3, ,1,0.0,0.0,0.0,6,8,1,329.765197753906,2,19598-55-11-1,61.0,1,3.0,,2.0,1.0,0,0,0,1,1,0,0,1.0,0
19599,8,11,1,1,2,69,4.0,5,2,3, ,1,0.0,0.0,0.0,6,8,1,351.317138671875,1,19599-8-11-1,69.0,1,3.0,,2.0,1.0,0,0,0,1,1,0,0,1.0,0
19599,10,11,1,1,1,85,3.0,3,2,3, ,1,0.0,0.0,0.0,6,8,1,351.317138671875,2,19599-10-11-1,85.0,1,3.0,,2.0,1.0,0,0,0,1,1,0,0,1.0,0
19599,47,11,1,1,1,74,3.0,3,2,3, ,1,0.0,0.0,0.0,6,8,1,351.317138671875,1,19599-47-11-1,74.0,1,3.0,,2.0,1.0,0,0,0,1,1,0,0,1.0,0
19599,50,11,1,1,1,59,5.0,3,2,3, ,1,0.0,0.0,0.0,6,8,1,351.317138671875,2,19599-50-11-1,59.0,1,3.0,,2.0,1.0,0,0,0,1,1,0,0,1.0,0
19599,53,11,1,1,1,73,4.0,5,2,3, ,1,0.0,0.0,0.0,6,8,1,351.317138671875,1,19599-53-11-1,73.0,1,3.0,,2.0,1.0,0,0,0,1,1,0,0,1.0,0
19600,10,11,1,1,1,71,3.0,2,5,3,7,1,0.0,0.0,0.0,6,6,1,339.290557861328,3,19600-10-11-1,71.0,1,3.0,7.0,5.0,1.0,0,0,0,1,1,0,0,1.0,0
19600,27,11,1,1,1,29,8.0,3,2,2, ,1,0.0,0.0,0.0,6,6,1,339.290557861328,2,19600-27-11-1,29.0,1,2.0,,2.0,0.0,0,0,0,1,1,0,0,0.0,0
19600,62,11,1,1,1,51,8.0,3,4,3,7,2,0.0,0.0,0.0,6,6,1,339.290557861328,5,19600-62-11-1,51.0,1,3.0,7.0,4.0,1.0,0,0,1,1,1,0,1,1.0,1
19600,108,11,1,1,2,60,4.0,5,2,3, ,1,0.0,0.0,0.0,6,6,1,339.290557861328,1,19600-108-11-1,60.0,1,3.0,,2.0,1.0,0,0,1,1,1,0,1,1.0,1
19600,190,11,1,1,2,61,5.0,3,2,3, ,1,0.0,0.0,0.0,6,6,1,339.290557861328,1,19600-190-11-1,61.0,1,3.0,,2.0,1.0,0,0,0,1,1,0,0,1.0,0
19601,18,11,1,1,1,57,4.0,0,2,3, ,1,0.0,0.0,0.0,6,7,1,329.765197753906,1,19601-18-11-1,57.0,1,3.0,,2.0,1.0,0,0,0,1,1,0,0,1.0,0
19601,65,11,1,1,1,66,6.0,5,2,3, ,1,0.0,0.0,0.0,6,7,1,329.765197753906,3,19601-65-11-1,66.0,1,3.0,,2.0,1.0,0,0,0,1,1,0,0,1.0,0
19601,77,11,1,1,1,52,3.0,0,4,1,7,2,0.0,0.0,0.0,6,7,1,329.765197753906,4,19601-77-11-1,52.0,1,1.0,7.0,4.0,1.0,0,0,0,1,1,0,0,1.0,0
19601,78,11,1,1,1,61,4.0,5,5,3,7,1,0.0,0.0,0.0,6,7,1,329.765197753906,2,19601-78-11-1,61.0,1,3.0,7.0,5.0,1.0,0,0,0,1,1,0,0,1.0,0
19601,79,11,1,1,2,71,1.0, ,2,3, ,1,0.0,0.0,0.0,6,7,1,329.765197753906,1,19601-79-11-1,71.0,1,3.0,,2.0,1.0,0,0,0,1,1,0,0,1.0,0
19602,31,11,1,1,1,82,3.0,1,2,3, ,1,0.0,0.0,0.0,6,7,1,351.317138671875,2,19602-31-11-1,82.0,1,3.0,,2.0,1.0,0,0,0,1,1,0,0,1.0,0
19602,161,11,1,1,1,32,8.0,3,5,3,7,1,0.0,0.0,0.0,6,7,1,351.317138671875,4,19602-161-11-1,32.0,1,3.0,7.0,5.0,1.0,0,0,0,1,1,0,0,1.0,0
19602,162,11,1,1,1,58,9.0,2,2,3, ,1,0.0,0.0,0.0,6,7,1,351.317138671875,2,19602-162-11-1,58.0,1,3.0,,2.0,1.0,0,0,0,1,1,0,0,1.0,0
19602,163,11,1,1,1,66,6.0,5,2,3, ,1,0.0,0.0,0.0,6,7,1,351.317138671875,2,19602-163-11-1,66.0,1,3.0,,2.0,1.0,0,0,0,1,1,0,0,1.0,0
19602,164,11,1,1,1,40,8.0,3,2,3, ,1,0.0,8.0,0.0,6,7,1,351.317138671875,4,19602-164-11-1,40.0,1,3.0,,2.0,1.0,0,1,0,1,1,0,0,1.0,0
19602,167,11,1,1,1,56,6.0,5,5,3,7,1,0.0,0.0,0.0,6,7,1,351.317138671875,5,19602-167-11-1,56.0,1,3.0,7.0,5.0,1.0,0,0,0,1,1,0,0,1.0,0
19602,168,11,1,1,2,56,3.0,0,2,3, ,1,0.0,0.0,0.0,6,7,1,351.317138671875,2,19602-168-11-1,56.0,1,3.0,,2.0,1.0,0,0,0,1,1,0,0,1.0,0
19603,65,11,1,1,2,81,1.0, ,2,3, ,1,0.0,0.0,0.0,6,7,1,351.317138671875,1,19603-65-11-1,81.0,1,3.0,,2.0,1.0,0,0,0,1,1,0,0,1.0,0
19603,66,11,1,1,2,80,1.0, ,2,3, ,1,0.0,0.0,0.0,6,7,1,351.317138671875,1,19603-66-11-1,80.0,1,3.0,,2.0,1.0,0,0,0,1,1,0,0,1.0,0
19603,68,11,1,1,2,61,3.0,1,2,3, ,1,0.0,0.0,0.0,6,7,1,351.317138671875,1,19603-68-11-1,61.0,1,3.0,,2.0,1.0,0,0,0,1,1,0,0,1.0,0
19603,136,11,1,1,1,70,3.0,0,2,3, ,1,0.0,0.0,0.0,6,7,1,351.317138671875,2,19603-136-11-1,70.0,1,3.0,,2.0,1.0,0,0,0,1,1,0,0,1.0,0
19603,137,11,1,1,2,72,1.0, ,2,3, ,1,0.0,0.0,0.0,6,7,1,351.317138671875,1,19603-137-11-1,72.0,1,3.0,,2.0,1.0,0,0,0,1,1,0,0,1.0,0
19603,144,11,1,1,2,77,1.0, ,2,3, ,1,0.0,0.0,0.0,6,7,1,351.317138671875,2,19603-144-11-1,77.0,1,3.0,,2.0,1.0,0,0,0,1,1,0,0,1.0,0
19603,145,11,1,1,1,80,3.0,3,2,3, ,1,0.0,0.0,0.0,6,7,1,351.317138671875,4,19603-145-11-1,80.0,1,3.0,,2.0,1.0,0,0,0,1,1,0,0,1.0,0
19604,300,11,1,1,1,72,3.0,1,2,3, ,1,0.0,0.0,0.0,6,7,1,319.367858886719,2,19604-300-11-1,72.0,1,3.0,,2.0,1.0,0,0,0,1,1,0,0,1.0,0
19605,245,11,1,1,2,30,6.0,5,2,3, ,1,0.0,0.0,0.0,6,7,1,329.765197753906,4,19605-245-11-1,30.0,1,3.0,,2.0,1.0,0,0,0,1,1,0,0,1.0,0
19605,248,11,1,1,1,71,4.0,5,2,3, ,1,0.0,0.0,0.0,6,7,1,329.765197753906,2,19605-248-11-1,71.0,1,3.0,,2.0,1.0,0,0,0,1,1,0,0,1.0,0
19605,486,11,1,1,1,68,4.0,5,2,3, ,1,0.0,0.0,0.0,6,7,1,329.765197753906,2,19605-486-11-1,68.0,1,3.0,,2.0,1.0,0,0,0,1,1,0,0,1.0,0
19605,494,11,1,1,1,66,5.0,3,2,3, ,1,0.0,0.0,0.0,6,7,1,329.765197753906,2,19605-494-11-1,66.0,1,3.0,,2.0,1.0,0,0,0,1,1,0,0,1.0,0
19605,505,11,1,1,1,41,6.0,5,2,3, ,1,0.0,0.0,0.0,6,7,1,329.765197753906,3,19605-505-11-1,41.0,1,3.0,,2.0,1.0,0,0,0,1,1,0,0,1.0,0
19607,31,11,1,1,2,42,6.0,5,2,3, ,1,0.0,0.0,0.0,6,7,1,329.765197753906,3,19607-31-11-1,42.0,1,3.0,,2.0,1.0,0,0,0,1,1,0,0,1.0,0
19607,142,11,1,1,1,74,3.0,4,5,3,7,1,0.0,0.0,0.0,6,7,1,329.765197753906,2,19607-142-11-1,74.0,1,3.0,7.0,5.0,1.0,0,0,0,1,1,0,0,1.0,0
19607,145,11,1,1,1,69,3.0,4,2,3, ,1,0.0,0.0,0.0,6,7,1,329.765197753906,1,19607-145-11-1,69.0,1,3.0,,2.0,1.0,0,0,0,1,1,0,0,1.0,0
19607,146,11,1,1,1,43,5.0,3,4, ,7,5,0.0,0.0,0.0,6,7,1,329.765197753906,2,19607-146-11-1,43.0,1,,7.0,4.0,1.0,0,0,0,1,1,0,0,1.0,0
19607,148,11,1,1,2,62,4.0,5,4, ,7,5,0.0,0.0,0.0,6,7,1,329.765197753906,2,19607-148-11-1,62.0,1,,7.0,4.0,1.0,0,0,0,1,1,0,0,1.0,0
19608,149,11,1,1,2,68,2.0,0,4,3,7,1,0.0,0.0,0.0,6,7,1,319.367858886719,1,19608-149-11-1,68.0,1,3.0,7.0,4.0,1.0,0,0,0,1,1,0,0,1.0,0
19608,150,11,1,1,2,75,1.0, ,2,3, ,1,0.0,0.0,0.0,6,7,1,319.367858886719,1,19608-150-11-1,75.0,1,3.0,,2.0,1.0,0,0,0,1,1,0,0,1.0,0
19608,151,11,1,1,1,76,4.0,5,2,3, ,1,0.0,0.0,0.0,6,7,1,319.367858886719,2,19608-151-11-1,76.0,1,3.0,,2.0,1.0,0,0,0,1,1,0,0,1.0,0
19608,153,11,1,1,1,57,5.0,4,2,3, ,1,0.0,0.0,0.0,6,7,1,319.367858886719,5,19608-153-11-1,57.0,1,3.0,,2.0,1.0,0,0,0,1,1,0,0,1.0,0
19608,156,11,1,1,2,73,1.0, ,2,3, ,1,0.0,0.0,0.0,6,7,1,319.367858886719,1,19608-156-11-1,73.0,1,3.0,,2.0,1.0,0,0,0,1,1,0,0,1.0,0
19608,157,11,1,1,2,72,1.0, ,2,3, ,1,0.0,0.0,0.0,6,7,1,319.367858886719,1,19608-157-11-1,72.0,1,3.0,,2.0,1.0,0,0,0,1,1,0,0,1.0,0
19609,41,11,1,1,1,36,6.0,5,2,3, ,1,0.0,0.0,0.0,6,7,1,339.290557861328,7,19609-41-11-1,36.0,1,3.0,,2.0,1.0,0,0,0,1,1,0,0,1.0,0
19609,42,11,1,1,1,56,4.0,0,2,3, ,1,0.0,0.0,0.0,6,7,1,339.290557861328,3,19609-42-11-1,56.0,1,3.0,,2.0,1.0,0,0,0,1,1,0,0,1.0,0
19609,43,11,1,1,1,29,6.0,5,2,3, ,1,0.0,8.0,0.0,6,7,1,339.290557861328,5,19609-43-11-1,29.0,1,3.0,,2.0,1.0,0,1,0,1,1,0,0,1.0,0
19609,239,11,1,1,2,52,4.0,0,2,3, ,1,0.0,0.0,0.0,6,7,1,339.290557861328,2,19609-239-11-1,52.0,1,3.0,,2.0,1.0,0,0,0,1,1,0,0,1.0,0
19609,240,11,1,1,1,31,4.0,0,2,3, ,1,0.0,0.0,0.0,6,7,1,339.290557861328,4,19609-240-11-1,31.0,1,3.0,,2.0,1.0,0,0,0,1,1,0,0,1.0,0
19609,241,11,1,1,1,34,6.0,5,2,3, ,1,0.0,0.0,0.0,6,7,1,339.290557861328,4,19609-241-11-1,34.0,1,3.0,,2.0,1.0,0,0,0,1,1,0,0,1.0,0
19609,246,11,1,1,1,59,3.0,2,2,3, ,1,0.0,0.0,0.0,6,7,1,339.290557861328,1,19609-246-11-1,59.0,1,3.0,,2.0,1.0,0,0,0,1,1,0,0,1.0,0
19610,89,11,1,1,2,55,4.0,0,2,3, ,1,0.0,0.0,0.0,6,7,1,339.290557861328,3,19610-89-11-1,55.0,1,3.0,,2.0,1.0,0,0,0,1,1,0,0,1.0,0
19610,90,11,1,1,1,78,4.0,5,2,3, ,1,0.0,0.0,0.0,6,7,1,339.290557861328,2,19610-90-11-1,78.0,1,3.0,,2.0,1.0,0,0,0,1,1,0,0,1.0,0
19610,91,11,1,1,1,64,4.0,5,2,3, ,1,0.0,0.0,0.0,6,7,1,339.290557861328,3,19610-91-11-1,64.0,1,3.0,,2.0,1.0,0,0,0,1,1,0,0,1.0,0
19610,223,11,1,1,1,75,4.0,5,2,3, ,1,0.0,0.0,0.0,6,7,1,339.290557861328,2,19610-223-11-1,75.0,1,3.0,,2.0,1.0,0,0,0,1,1,0,0,1.0,0
19610,227,11,1,1,1,69,3.0,2,5,3,7,1,0.0,0.0,0.0,6,7,1,339.290557861328,2,19610-227-11-1,69.0,1,3.0,7.0,5.0,1.0,0,0,0,1,1,0,0,1.0,0
19610,233,11,1,1,1,79,3.0,0,2,3, ,1,0.0,0.0,0.0,6,7,1,339.290557861328,1,19610-233-11-1,79.0,1,3.0,,2.0,1.0,0,0,0,1,1,0,0,1.0,0
19611,25,11,1,1,1,66,4.0,6,2,3, ,1,0.0,0.0,0.0,6,7,1,351.317138671875,2,19611-25-11-1,66.0,1,3.0,,2.0,1.0,0,0,0,1,1,0,0,1.0,0
19611,26,11,1,1,1,51,6.0,5,4,2,2,2,0.0,8.0,0.0,6,7,1,351.317138671875,4,19611-26-11-1,51.0,1,2.0,2.0,4.0,0.0,0,1,0,1,1,0,0,0.0,0
19611,27,11,1,1,2,80,1.0, , , , , ,0.0,0.0,0.0,6,7,1,351.317138671875,3,19611-27-11-1,80.0,1,,,,0.0,0,0,0,1,1,0,0,0.0,0
19611,134,11,1,1,2,38,5.0,4,2,3, ,1,0.0,0.0,0.0,6,7,1,351.317138671875,5,19611-134-11-1,38.0,1,3.0,,2.0,1.0,0,0,0,1,1,0,0,1.0,0
19611,135,11,1,1,2,53,3.0,0,2,3, ,1,0.0,0.0,0.0,6,7,1,351.317138671875,3,19611-135-11-1,53.0,1,3.0,,2.0,1.0,0,0,0,1,1,0,0,1.0,0
19611,137,11,1,1,1,43,6.0,5,4,2,7,1,0.0,0.0,0.0,6,7,1,351.317138671875,7,19611-137-11-1,43.0,1,2.0,7.0,4.0,1.0,0,0,0,1,1,0,0,1.0,0
19611,138,11,1,1,1,82,3.0,2,2,3, ,1,0.0,0.0,0.0,6,7,1,351.317138671875,2,19611-138-11-1,82.0,1,3.0,,2.0,1.0,0,0,0,1,1,0,0,1.0,0
19611,140,11,1,1,1,68,2.0,0,2,3, ,1,0.0,0.0,0.0,6,7,1,351.317138671875,2,19611-140-11-1,68.0,1,3.0,,2.0,1.0,0,0,0,1,1,0,0,1.0,0
19612,65,11,1,1,1,39,6.0,5,4,3,7,1,0.0,0.0,0.0,6,8,1,339.290557861328,3,19612-65-11-1,39.0,1,3.0,7.0,4.0,1.0,0,0,0,1,1,0,0,1.0,0
19612,67,11,1,1,1,52,6.0,5,4,3,7,1,0.0,0.0,0.0,6,8,1,339.290557861328,4,19612-67-11-1,52.0,1,3.0,7.0,4.0,1.0,0,0,0,1,1,0,0,1.0,0
19612,68,11,1,1,1,68,4.0,5,2,3, ,1,0.0,0.0,0.0,6,8,1,339.290557861328,2,19612-68-11-1,68.0,1,3.0,,2.0,1.0,0,0,0,1,1,0,0,1.0,0
19612,70,11,1,1,1,60,3.0,4,5,3,7,1,0.0,0.0,0.0,6,8,1,339.290557861328,2,19612-70-11-1,60.0,1,3.0,7.0,5.0,1.0,0,0,0,1,1,0,0,1.0,0
19612,71,11,1,1,1,64,5.0,2,2,3, ,1,0.0,0.0,0.0,6,8,1,339.290557861328,1,19612-71-11-1,64.0,1,3.0,,2.0,1.0,0,0,0,1,1,0,0,1.0,0
19613,72,11,1,1,1,25,6.0,5,4,3,7,1,0.0,0.0,0.0,6,6, ,351.317138671875,3,19613-72-11-1,25.0,1,3.0,7.0,4.0,1.0,0,0,0,1,1,0,0,1.0,0
19613,87,11,1,1,2,37,4.0,0,2,3, ,1,0.0,8.0,0.0,6,6, ,351.317138671875,4,19613-87-11-1,37.0,1,3.0,,2.0,1.0,0,1,0,1,1,0,0,1.0,0
19613,115,11,1,1,2,67,4.0,5, , , , ,0.0,0.0,0.0,6,6, ,351.317138671875,1,19613-115-11-1,67.0,1,,,,0.0,0,0,0,1,1,0,0,0.0,0
19613,141,11,1,1,2,55,6.0,5,2,3, ,1,0.0,0.0,0.0,6,6, ,351.317138671875,2,19613-141-11-1,55.0,1,3.0,,2.0,1.0,0,0,0,1,1,0,0,1.0,0
19615,7,11,1,1,2,43,4.0,0,2,3, ,1,0.0,0.0,0.0,6,7, ,339.290557861328,2,19615-7-11-1,43.0,1,3.0,,2.0,1.0,0,0,0,1,1,0,0,1.0,0
19615,8,11,1,1,1,57,4.0,0,2,3, ,1,0.0,0.0,0.0,6,7, ,339.290557861328,2,19615-8-11-1,57.0,1,3.0,,2.0,1.0,0,0,0,1,1,0,0,1.0,0
19615,100,11,1,1,1,63,4.0,5,5,3,7,1,0.0,0.0,0.0,6,7, ,339.290557861328,2,19615-100-11-1,63.0,1,3.0,7.0,5.0,1.0,0,0,0,1,1,0,0,1.0,0
19615,101,11,1,1,1,58,6.0,5,2,3, ,1,0.0,0.0,0.0,6,7, ,339.290557861328,4,19615-101-11-1,58.0,1,3.0,,2.0,1.0,0,0,0,1,1,0,0,1.0,0
19615,102,11,1,1,1,59,4.0,5,2,3, ,1,0.0,0.0,0.0,6,7, ,339.290557861328,2,19615-102-11-1,59.0,1,3.0,,2.0,1.0,0,0,0,1,1,0,0,1.0,0
19615,103,11,1,1,1,64,4.0,5,2,3, ,1,0.0,0.0,0.0,6,7, ,339.290557861328,4,19615-103-11-1,64.0,1,3.0,,2.0,1.0,0,0,0,1,1,0,0,1.0,0
19616,2,11,1,1,1,55,5.0,4,2,3, ,1,0.0,0.0,0.0,6,7, ,319.367858886719,2,19616-2-11-1,55.0,1,3.0,,2.0,1.0,0,0,0,1,1,0,0,1.0,0
19616,4,11,1,1,2,71,3.0,4,2,3, ,1,0.0,0.0,0.0,6,7, ,319.367858886719,1,19616-4-11-1,71.0,1,3.0,,2.0,1.0,0,0,0,1,1,0,0,1.0,0
19616,186,11,1,1,2,70,3.0,3,2,3, ,1,0.0,0.0,0.0,6,7, ,319.367858886719,2,19616-186-11-1,70.0,1,3.0,,2.0,1.0,0,0,0,1,1,0,0,1.0,0
19616,187,11,1,1,1,38,6.0,5,4,3,7,1,0.0,0.0,0.0,6,7, ,319.367858886719,3,19616-187-11-1,38.0,1,3.0,7.0,4.0,1.0,0,0,0,1,1,0,0,1.0,0
19616,188,11,1,1,2,67,3.0,3,2,3, ,1,0.0,0.0,0.0,6,7, ,319.367858886719,2,19616-188-11-1,67.0,1,3.0,,2.0,1.0,0,0,0,1,1,0,0,1.0,0
19618,132,11,1,1,2,80,3.0,3,5,3,7,1,0.0,0.0,0.0,6,7, ,351.317138671875,2,19618-132-11-1,80.0,1,3.0,7.0,5.0,1.0,0,0,0,1,1,0,0,1.0,0
19618,133,11,1,1,2,59,3.0,3,2,3, ,1,0.0,0.0,0.0,6,7, ,351.317138671875,1,19618-133-11-1,59.0,1,3.0,,2.0,1.0,0,0,0,1,1,0,0,1.0,0
19618,135,11,1,1,2,77,1.0, , , , , ,0.0,0.0,0.0,6,7, ,351.317138671875,1,19618-135-11-1,77.0,1,,,,0.0,0,0,0,1,1,0,0,0.0,0
19618,136,11,1,1,2,31,9.0,4,3,1,7,3,0.0,8.0,0.0,6,7, ,351.317138671875,1,19618-136-11-1,31.0,1,1.0,7.0,3.0,1.0,0,1,0,1,1,0,0,1.0,0
19618,137,11,1,1,2,38,8.0,3,3, ,6,5,0.0,8.0,0.0,6,7, ,351.317138671875,2,19618-137-11-1,38.0,1,,6.0,3.0,0.0,0,1,0,1,1,0,0,0.0,0
19618,138,11,1,1,2,71,4.0,5,2,3, ,1,0.0,0.0,0.0,6,7, ,351.317138671875,1,19618-138-11-1,71.0,1,3.0,,2.0,1.0,0,0,0,1,1,0,0,1.0,0
19619,11,11,1,1,1,32,6.0,5,2,3, ,1,0.0,8.0,0.0,6,8, ,329.765197753906,4,19619-11-11-1,32.0,1,3.0,,2.0,1.0,0,1,1,1,1,0,1,1.0,1
19619,25,11,1,1,1,66,4.0,5,2,3, ,1,0.0,0.0,0.0,6,8, ,329.765197753906,2,19619-25-11-1,66.0,1,3.0,,2.0,1.0,0,0,0,1,1,0,0,1.0,0
19619,28,11,1,1,2,40,5.0,2,2,3, ,1,0.0,0.0,0.0,6,8, ,329.765197753906,4,19619-28-11-1,40.0,1,3.0,,2.0,1.0,0,0,0,1,1,0,0,1.0,0
19619,29,11,1,1,2,73,1.0, ,2,3, ,1,0.0,0.0,0.0,6,8, ,329.765197753906,1,19619-29-11-1,73.0,1,3.0,,2.0,1.0,0,0,0,1,1,0,0,1.0,0
19619,30,11,1,1,2,81,1.0, , , , , ,0.0,0.0,0.0,6,8, ,329.765197753906,1,19619-30-11-1,81.0,1,,,,0.0,0,0,0,1,1,0,0,0.0,0
19619,49,11,1,1,2,72,1.0, ,2,3, ,1,0.0,0.0,0.0,6,8, ,329.765197753906,1,19619-49-11-1,72.0,1,3.0,,2.0,1.0,0,0,0,1,1,0,0,1.0,0
19619,53,11,1,1,2,44,4.0,0,2,3, ,1,0.0,0.0,0.0,6,8, ,329.765197753906,6,19619-53-11-1,44.0,1,3.0,,2.0,1.0,0,0,0,1,1,0,0,1.0,0
19622,61,11,1,1,1,86,10.0,5,5,3,7,1,0.0,0.0,0.0,7,7,1,452.752777099609,4,19622-61-11-1,86.0,1,3.0,7.0,5.0,1.0,0,0,0,1,1,0,0,1.0,0
19622,149,11,1,1,2,62,4.0,5,2,3, ,1,0.0,0.0,0.0,7,7,1,452.752777099609,1,19622-149-11-1,62.0,1,3.0,,2.0,1.0,0,0,0,1,1,0,0,1.0,0
19622,150,11,1,1,2,51,4.0,0,5,3,7,1,0.0,0.0,0.0,7,7,1,452.752777099609,3,19622-150-11-1,51.0,1,3.0,7.0,5.0,1.0,0,0,0,1,1,0,0,1.0,0
19622,152,11,1,1,2,45,4.0,0,2,3, ,1,0.0,0.0,0.0,7,7,1,452.752777099609,2,19622-152-11-1,45.0,1,3.0,,2.0,1.0,0,0,0,1,1,0,0,1.0,0
19622,154,11,1,1,2,46,5.0,2,2,3, ,1,0.0,0.0,0.0,7,7,1,452.752777099609,2,19622-154-11-1,46.0,1,3.0,,2.0,1.0,0,0,0,1,1,0,0,1.0,0
19622,155,11,1,1,1,45,4.0,0,2,3, ,1,0.0,0.0,0.0,7,7,1,452.752777099609,4,19622-155-11-1,45.0,1,3.0,,2.0,1.0,0,0,0,1,1,0,0,1.0,0
19623,43,11,1,1,1,51,3.0,0,2,3, ,1,0.0,0.0,0.0,7,3,1,288.857360839844,6,19623-43-11-1,51.0,1,3.0,,2.0,1.0,0,0,0,1,1,0,0,1.0,0
19623,55,11,1,1,1,41,6.0,5,2,2, ,1,0.0,8.0,0.0,7,3,2,288.857360839844,4,19623-55-11-1,41.0,1,2.0,,2.0,0.0,0,1,1,1,1,0,1,0.0,1
19623,66,11,1,1,1,32,6.0,5,2,3, ,1,0.0,8.0,0.0,7,3,1,288.857360839844,5,19623-66-11-1,32.0,1,3.0,,2.0,1.0,0,1,0,1,1,0,0,1.0,0
19639,38,11,1,1,2,36,4.0,0,1,3, ,1,0.0,8.0,0.0,7,3,1,90.1862564086914,2,19639-38-11-1,36.0,1,3.0,,1.0,1.0,0,1,0,1,1,0,0,1.0,0
19639,98,11,1,1,2,73,1.0, , , , , ,0.0,0.0,0.0,7,3,1,90.1862564086914,1,19639-98-11-1,73.0,1,,,,0.0,0,0,0,1,1,0,0,0.0,0
19639,117,11,1,1,2,70,3.0,4,1,2, ,1,0.0,0.0,0.0,7,3,1,90.1862564086914,1,19639-117-11-1,70.0,1,2.0,,1.0,0.0,0,0,0,1,1,0,0,0.0,0
19640,37,11,1,1,1,32,6.0,5,4,3,7,1,0.0,8.0,0.0,7,3,1,114.153594970703,3,19640-37-11-1,32.0,1,3.0,7.0,4.0,1.0,0,1,0,1,1,0,0,1.0,0
19640,75,11,1,1,1,50,4.0,0,2,3, ,1,0.0,0.0,0.0,7,3,1,114.153594970703,5,19640-75-11-1,50.0,1,3.0,,2.0,1.0,0,0,0,1,1,0,0,1.0,0
19641,16,11,1,1,1,69,7.0,1, , , , ,0.0,0.0,0.0,7,3,1,96.3287353515625,3,19641-16-11-1,69.0,1,,,,0.0,0,0,0,1,1,0,0,0.0,0
19642,35,11,1,1,1,27,5.0,1,1,3, ,1,0.0,8.0,0.0,7,3,1,370.189361572266,4,19642-35-11-1,27.0,1,3.0,,1.0,1.0,0,1,0,1,1,0,0,1.0,0
19642,72,11,1,1,1,53,3.0,0,2,3, ,1,0.0,0.0,0.0,7,3,1,370.189361572266,5,19642-72-11-1,53.0,1,3.0,,2.0,1.0,0,0,0,1,1,0,0,1.0,0
19642,108,11,1,1,1,44,3.0,0,2,3, ,1,0.0,0.0,0.0,7,3,1,370.189361572266,5,19642-108-11-1,44.0,1,3.0,,2.0,1.0,0,0,1,1,1,0,1,1.0,1
19644,5,11,1,1,1,63,5.0,3,4,2,7,2,0.0,0.0,0.0,7,3,1,90.1862564086914,1,19644-5-11-1,63.0,1,2.0,7.0,4.0,1.0,0,0,0,1,1,0,0,1.0,0
19644,22,11,1,1,2,51,5.0,2,2,3, ,1,0.0,0.0,0.0,7,3,1,90.1862564086914,3,19644-22-11-1,51.0,1,3.0,,2.0,1.0,0,0,0,1,1,0,0,1.0,0
19644,39,11,1,1,1,93,3.0,3,2,3, ,1,0.0,0.0,0.0,7,3,1,90.1862564086914,7,19644-39-11-1,93.0,1,3.0,,2.0,1.0,0,0,0,1,1,0,0,1.0,0
19644,74,12,1,1,2,73,8.0,5, , , , ,0.0,0.0,0.0,7,3,1,90.1862564086914,2,19644-74-12-1,73.0,1,,,,0.0,0,0,0,1,1,0,0,0.0,0
19644,131,11,1,1,1,82,5.0,1, , , , ,0.0,0.0,0.0,7,3,1,90.1862564086914,4,19644-131-11-1,82.0,1,,,,0.0,0,0,0,1,1,0,0,0.0,0
19645,9,11,1,1,1,47,6.0,5,1,3, ,1,0.0,8.0,0.0,7,3, ,85.6151962280273,7,19645-9-11-1,47.0,1,3.0,,1.0,1.0,0,1,1,1,1,0,1,1.0,1
19645,22,11,1,1,1,46,8.0,3,1,2, ,1,0.0,8.0,0.0,7,3, ,85.6151962280273,4,19645-22-11-1,46.0,1,2.0,,1.0,0.0,0,1,1,1,1,0,1,0.0,1
19645,35,11,1,1,1,49,5.0,3,3,3,7,1,0.0,0.0,0.0,7,3, ,85.6151962280273,5,19645-35-11-1,49.0,1,3.0,7.0,3.0,1.0,0,0,0,1,1,0,0,1.0,0
19645,75,11,1,1,2,76,4.0,5, , , , ,0.0,0.0,0.0,7,3, ,85.6151962280273,1,19645-75-11-1,76.0,1,,,,0.0,0,0,0,1,1,0,0,0.0,0
19646,20,11,1,1,2,29,6.0,5, , , , ,0.0,8.0,0.0,7,3, ,408.255523681641,4,19646-20-11-1,29.0,1,,,,0.0,0,1,0,1,1,0,0,0.0,0
19646,34,11,1,1,1,62,4.0,5,2,3, ,1,0.0,0.0,0.0,7,3, ,408.255523681641,3,19646-34-11-1,62.0,1,3.0,,2.0,1.0,0,0,0,1,1,0,0,1.0,0
19646,62,11,1,1,1,46,6.0,5,1,3, ,1,0.0,0.0,0.0,7,3, ,408.255523681641,4,19646-62-11-1,46.0,1,3.0,,1.0,1.0,0,0,0,1,1,0,0,1.0,0
19646,77,11,1,1,1,77,4.0,5,5,3,7,1,0.0,0.0,0.0,7,3, ,408.255523681641,3,19646-77-11-1,77.0,1,3.0,7.0,5.0,1.0,0,0,0,1,1,0,0,1.0,0
19652,16,11,1,1,2,55,3.0,0,2,3, ,1,0.0,8.0,0.0,7,5,1,370.189361572266,2,19652-16-11-1,55.0,1,3.0,,2.0,1.0,0,1,0,1,1,0,0,1.0,0
19652,38,11,1,1,2,77,3.0,2,2,3, ,1,0.0,0.0,0.0,7,5,1,370.189361572266,2,19652-38-11-1,77.0,1,3.0,,2.0,1.0,0,0,0,1,1,0,0,1.0,0
19652,81,11,1,1,2,27,4.0,0,6, ,7,1,0.0,0.0,0.0,7,5,2,370.189361572266,3,19652-81-11-1,27.0,1,,7.0,6.0,1.0,0,0,0,1,1,0,0,1.0,0
19652,102,11,1,1,2,54,6.0,5,2,2, ,1,0.0,0.0,0.0,7,5,1,370.189361572266,2,19652-102-11-1,54.0,1,2.0,,2.0,0.0,0,0,0,1,1,0,0,0.0,0
19652,123,11,1,1,1,52,3.0,0,2,3, ,1,0.0,0.0,0.0,7,5,1,370.189361572266,4,19652-123-11-1,52.0,1,3.0,,2.0,1.0,0,0,0,1,1,0,0,1.0,0
19652,145,11,1,1,1,67,4.0,5,2,3, ,1,0.0,0.0,0.0,7,5,1,370.189361572266,2,19652-145-11-1,67.0,1,3.0,,2.0,1.0,0,0,0,1,1,0,0,1.0,0
19676,32,11,1,1,2,66,8.0,3,3, ,1,5,0.0,0.0,0.0,7,4,1,117.02108001709,1,19676-32-11-1,66.0,1,,1.0,3.0,0.0,0,0,1,1,1,0,1,0.0,1
19676,51,11,1,1,1,82,3.0,2, , , , ,0.0,8.0,0.0,7,4,1,117.02108001709,3,19676-51-11-1,82.0,1,,,,0.0,0,1,0,1,1,0,0,0.0,0
19676,70,11,1,1,2,72,8.0,5,2,3, ,1,0.0,0.0,0.0,7,4,1,117.02108001709,2,19676-70-11-1,72.0,1,3.0,,2.0,1.0,0,0,0,1,1,0,0,1.0,0
19676,108,11,1,1,1,28,6.0,5,4,2,7,1,0.0,0.0,0.0,7,4,2,117.02108001709,5,19676-108-11-1,28.0,1,2.0,7.0,4.0,1.0,0,0,0,1,1,0,0,1.0,0
19677,33,11,1,1,1,41,10.0,5,2,3, ,1,0.0,8.0,0.0,7,4,2,408.255523681641,3,19677-33-11-1,41.0,1,3.0,,2.0,1.0,0,1,0,1,1,0,0,1.0,0
19677,85,11,1,1,2,46,5.0,1,1,3, ,1,0.0,0.0,0.0,7,4,2,408.255523681641,2,19677-85-11-1,46.0,1,3.0,,1.0,1.0,0,0,0,1,1,0,0,1.0,0
19677,103,11,1,1,1,44,4.0,0,2,3, ,1,0.0,0.0,0.0,7,4,1,408.255523681641,4,19677-103-11-1,44.0,1,3.0,,2.0,1.0,0,0,0,1,1,0,0,1.0,0
19678,13,11,1,1,2,34,3.0,0,2,3, ,1,0.0,0.0,0.0,7,5,1,424.970977783203,4,19678-13-11-1,34.0,1,3.0,,2.0,1.0,0,0,0,1,1,0,0,1.0,0
19678,48,12,1,1,1,46,4.0,0,2,3, ,1,0.0,0.0,0.0,7,5,1,424.970977783203,3,19678-48-12-1,46.0,1,3.0,,2.0,1.0,0,0,0,1,1,0,0,1.0,0
19678,48,22,1,1,1,27,4.0,0,4,3,7,2,0.0,0.0,0.0,7,5,1,424.970977783203,3,19678-48-22-1,27.0,1,3.0,7.0,4.0,1.0,0,0,0,1,1,0,0,1.0,0
19678,79,11,1,1,1,44,4.0,0, , , , ,0.0,0.0,0.0,7,5,1,424.970977783203,2,19678-79-11-1,44.0,1,,,,0.0,0,0,0,1,1,0,0,0.0,0
19679,41,11,1,1,1,34,8.0,3,3, ,5,5,0.0,8.0,0.0,7,5,1,120.248344421387,3,19679-41-11-1,34.0,1,,5.0,3.0,0.0,0,1,0,1,1,0,0,0.0,0
19679,123,11,1,1,1,69,6.0,5,5,3,7,1,0.0,8.0,0.0,7,5,1,120.248344421387,3,19679-123-11-1,69.0,1,3.0,7.0,5.0,1.0,0,1,0,1,1,0,0,1.0,0
19679,144,11,1,1,2,56,4.0,0,2,3, ,1,0.0,0.0,0.0,7,5,1,120.248344421387,2,19679-144-11-1,56.0,1,3.0,,2.0,1.0,0,0,0,1,1,0,0,1.0,0
19679,184,11,1,1,2,42,3.0,0,2,3, ,1,0.0,8.0,0.0,7,5,1,120.248344421387,2,19679-184-11-1,42.0,1,3.0,,2.0,1.0,0,1,0,1,1,0,0,1.0,0
19680,13,11,1,1,1,47,3.0,0,2,3, ,1,0.0,0.0,0.0,7,5,1,408.255523681641,4,19680-13-11-1,47.0,1,3.0,,2.0,1.0,0,0,0,1,1,0,0,1.0,0
19680,43,11,1,1,2,46,3.0,0,5,3,7,1,0.0,8.0,0.0,7,5,2,408.255523681641,7,19680-43-11-1,46.0,1,3.0,7.0,5.0,1.0,0,1,0,1,1,0,0,1.0,0
19680,72,11,1,1,1,51,4.0,0,1,3, ,1,0.0,0.0,0.0,7,5,1,408.255523681641,4,19680-72-11-1,51.0,1,3.0,,1.0,1.0,0,0,0,1,1,0,0,1.0,0
19680,100,11,1,1,1,46,6.0,5,2,3, ,1,0.0,0.0,0.0,7,5,1,408.255523681641,4,19680-100-11-1,46.0,1,3.0,,2.0,1.0,0,0,0,1,1,0,0,1.0,0
19680,129,11,1,1,1,40,3.0,0,4,3,7,1,0.0,0.0,0.0,7,5,1,408.255523681641,4,19680-129-11-1,40.0,1,3.0,7.0,4.0,1.0,0,0,0,1,1,0,0,1.0,0
19681,5,11,1,1,1,49,5.0,2,4,1,7,2,0.0,8.0,0.0,7,5,1,424.970977783203,4,19681-5-11-1,49.0,1,1.0,7.0,4.0,1.0,0,1,1,1,1,0,1,1.0,1
19681,18,11,1,1,1,50,4.0,0,4,3,7,1,0.0,0.0,0.0,7,5,2,424.970977783203,5,19681-18-11-1,50.0,1,3.0,7.0,4.0,1.0,0,0,0,1,1,0,0,1.0,0
19681,58,11,1,1,1,49,4.0,0,2,3, ,1,0.0,0.0,0.0,7,5,1,424.970977783203,7,19681-58-11-1,49.0,1,3.0,,2.0,1.0,0,0,0,1,1,0,0,1.0,0
19681,71,11,1,1,1,53,4.0,0, , , , ,0.0,0.0,0.0,7,5,1,424.970977783203,3,19681-71-11-1,53.0,1,,,,0.0,0,0,0,1,1,0,0,0.0,0
19681,85,11,1,1,1,47,4.0,0,4,3,7,1,0.0,0.0,0.0,7,5,1,424.970977783203,6,19681-85-11-1,47.0,1,3.0,7.0,4.0,1.0,0,0,0,1,1,0,0,1.0,0
19682,6,11,1,1,1,70,5.0,1, , , , ,0.0,0.0,0.0,7,5,1,370.189361572266,2,19682-6-11-1,70.0,1,,,,0.0,0,0,0,1,1,0,0,0.0,0
19682,50,11,1,1,1,77,3.0,3,2,3, ,1,0.0,0.0,0.0,7,5,1,370.189361572266,5,19682-50-11-1,77.0,1,3.0,,2.0,1.0,0,0,0,1,1,0,0,1.0,0
19682,133,11,1,1,1,59,4.0,6,2,3, ,1,0.0,0.0,0.0,7,5,1,370.189361572266,8,19682-133-11-1,59.0,1,3.0,,2.0,1.0,0,0,0,1,1,0,0,1.0,0
19683,19,11,1,1,1,92,7.0,3, , , , ,0.0,0.0,0.0,7,5,1,120.248344421387,2,19683-19-11-1,92.0,1,,,,0.0,0,0,0,1,1,0,0,0.0,0
19683,45,11,1,1,2,70,5.0,2,2,3, ,1,0.0,0.0,0.0,7,5,1,120.248344421387,2,19683-45-11-1,70.0,1,3.0,,2.0,1.0,0,0,0,1,1,0,0,1.0,0
19683,85,11,1,1,1,59,5.0,3,2,3, ,1,0.0,0.0,0.0,7,5,1,120.248344421387,2,19683-85-11-1,59.0,1,3.0,,2.0,1.0,0,0,1,1,1,0,1,1.0,1
19684,29,11,1,1,1,55,3.0,0,4,3,7,1,0.0,8.0,0.0,7,4,1,385.143157958984,3,19684-29-11-1,55.0,1,3.0,7.0,4.0,1.0,0,1,0,1,1,0,0,1.0,0
19684,85,11,1,1,1,46,1.0, ,4,3,7,1,0.0,8.0,0.0,7,4,1,385.143157958984,6,19684-85-11-1,46.0,1,3.0,7.0,4.0,1.0,0,1,0,1,1,0,0,1.0,0
19686,6,11,1,1,2,64,3.0,2, , , , ,0.0,0.0,0.0,7,4, ,370.189361572266,4,19686-6-11-1,64.0,1,,,,0.0,0,0,0,1,1,0,0,0.0,0
19686,28,11,1,1,1,39,6.0,5,4,3,7,4,0.0,0.0,0.0,7,4, ,370.189361572266,4,19686-28-11-1,39.0,1,3.0,7.0,4.0,1.0,0,0,0,1,1,0,0,1.0,0
19686,62,11,1,1,2,50,3.0,0, , , , ,0.0,0.0,0.0,7,4, ,370.189361572266,4,19686-62-11-1,50.0,1,,,,0.0,0,0,0,1,1,0,0,0.0,0
19686,80,11,1,1,1,30,6.0,5,2,3, ,1,0.0,0.0,0.0,7,4, ,370.189361572266,3,19686-80-11-1,30.0,1,3.0,,2.0,1.0,0,0,0,1,1,0,0,1.0,0
19686,133,11,1,1,1,62,4.0,5,2,3, ,1,0.0,0.0,0.0,7,4, ,370.189361572266,3,19686-133-11-1,62.0,1,3.0,,2.0,1.0,0,0,0,1,1,0,0,1.0,0
19687,10,11,1,1,2,41,3.0,0,2,3, ,1,0.0,0.0,0.0,7,5, ,385.143157958984,3,19687-10-11-1,41.0,1,3.0,,2.0,1.0,0,0,0,1,1,0,0,1.0,0
19687,29,11,1,1,1,70,4.0,5,2,3, ,1,0.0,0.0,0.0,7,5, ,385.143157958984,3,19687-29-11-1,70.0,1,3.0,,2.0,1.0,0,0,0,1,1,0,0,1.0,0
19687,46,11,1,1,1,51,3.0,0,2,3, ,1,0.0,0.0,0.0,7,5, ,385.143157958984,6,19687-46-11-1,51.0,1,3.0,,2.0,1.0,0,0,0,1,1,0,0,1.0,0
19687,100,11,1,1,1,62,4.0,5,2,3, ,1,0.0,8.0,0.0,7,5, ,385.143157958984,2,19687-100-11-1,62.0,1,3.0,,2.0,1.0,0,1,0,1,1,0,0,1.0,0
19688,83,11,1,1,1,36,9.0,4,3,1,7,1,0.0,0.0,0.0,7,5, ,408.255523681641,4,19688-83-11-1,36.0,1,1.0,7.0,3.0,1.0,0,0,0,1,1,0,0,1.0,0
19688,95,11,1,1,1,73,4.0,5,5,3,7,1,0.0,0.0,0.0,7,5, ,408.255523681641,2,19688-95-11-1,73.0,1,3.0,7.0,5.0,1.0,0,0,0,1,1,0,0,1.0,0
19688,111,11,1,1,2,38,4.0,0,4,3,7,1,0.0,8.0,0.0,7,5, ,408.255523681641,5,19688-111-11-1,38.0,1,3.0,7.0,4.0,1.0,0,1,1,1,1,0,1,1.0,1
19710,9,11,1,1,2,88,3.0,2, , , , ,0.0,0.0,0.0,7,6,1,142.552352905273,1,19710-9-11-1,88.0,1,,,,0.0,0,0,0,1,1,0,0,0.0,0
19710,27,11,1,1,1,53,4.0,0,2,3, ,1,0.0,0.0,0.0,7,6,1,142.552352905273,7,19710-27-11-1,53.0,1,3.0,,2.0,1.0,0,0,0,1,1,0,0,1.0,0
19710,37,11,1,1,1,70,6.0,5,2,3, ,1,0.0,0.0,0.0,7,6,1,142.552352905273,4,19710-37-11-1,70.0,1,3.0,,2.0,1.0,0,0,0,1,1,0,0,1.0,0
19710,55,11,1,1,1,78,4.0,5, , , , ,0.0,0.0,0.0,7,6,1,142.552352905273,2,19710-55-11-1,78.0,1,,,,0.0,0,0,0,1,1,0,0,0.0,0
19710,65,11,1,1,1,37,9.0,1,1,3, ,1,0.0,0.0,0.0,7,6,1,142.552352905273,4,19710-65-11-1,37.0,1,3.0,,1.0,1.0,0,0,0,1,1,0,0,1.0,0
19710,92,11,1,1,1,66,8.0,5,1,3, ,1,0.0,0.0,0.0,7,6,1,142.552352905273,4,19710-92-11-1,66.0,1,3.0,,1.0,1.0,0,0,0,1,1,0,0,1.0,0
19711,117,11,1,1,1,44,6.0,5,2,3, ,1,0.0,0.0,0.0,7,7,1,150.03825378418,5,19711-117-11-1,44.0,1,3.0,,2.0,1.0,0,0,1,1,1,0,1,1.0,1
19711,118,11,1,1,1,39,3.0,0,2,3, ,1,0.0,0.0,0.0,7,7,1,150.03825378418,5,19711-118-11-1,39.0,1,3.0,,2.0,1.0,0,0,0,1,1,0,0,1.0,0
19711,119,11,1,1,1,47,4.0,0,2,3, ,1,0.0,0.0,0.0,7,7,1,150.03825378418,4,19711-119-11-1,47.0,1,3.0,,2.0,1.0,0,0,0,1,1,0,0,1.0,0
19711,283,11,1,1,1,59,3.0,3,2,3, ,1,0.0,0.0,0.0,7,7,1,150.03825378418,3,19711-283-11-1,59.0,1,3.0,,2.0,1.0,0,0,0,1,1,0,0,1.0,0
19711,284,11,1,1,1,43,4.0,0,2,3, ,1,0.0,0.0,0.0,7,7,2,150.03825378418,4,19711-284-11-1,43.0,1,3.0,,2.0,1.0,0,0,0,1,1,0,0,1.0,0
19711,288,11,1,1,1,69,6.0,5,2,3, ,1,0.0,0.0,0.0,7,7,1,150.03825378418,1,19711-288-11-1,69.0,1,3.0,,2.0,1.0,0,0,0,1,1,0,0,1.0,0
19712,110,11,1,1,1,45,6.0,5,2,3, ,1,0.0,0.0,0.0,7,7,1,179.83235168457,1,19712-110-11-1,45.0,1,3.0,,2.0,1.0,0,0,0,1,1,0,0,1.0,0
19712,113,11,1,1,1,59,3.0,0,2,3, ,1,0.0,0.0,0.0,7,7,1,179.83235168457,4,19712-113-11-1,59.0,1,3.0,,2.0,1.0,0,0,0,1,1,0,0,1.0,0
19712,229,11,1,1,1,39,3.0,0,2,3, ,1,0.0,0.0,0.0,7,7,1,179.83235168457,4,19712-229-11-1,39.0,1,3.0,,2.0,1.0,0,0,0,1,1,0,0,1.0,0
19712,230,11,1,1,1,56,4.0,0,2,3, ,1,0.0,0.0,0.0,7,7,1,179.83235168457,3,19712-230-11-1,56.0,1,3.0,,2.0,1.0,0,0,0,1,1,0,0,1.0,0
19712,233,11,1,1,1,32,4.0,0,2,3, ,1,0.0,0.0,0.0,7,7,1,179.83235168457,5,19712-233-11-1,32.0,1,3.0,,2.0,1.0,0,0,1,1,1,0,1,1.0,1
19712,234,11,1,1,1,33,6.0,5,1,3, ,1,0.0,0.0,0.0,7,7,1,179.83235168457,4,19712-234-11-1,33.0,1,3.0,,1.0,1.0,0,0,0,1,1,0,0,1.0,0
19713,116,11,1,1,1,61,4.0,5,2,3, ,1,0.0,0.0,0.0,7,7,1,162.846343994141,4,19713-116-11-1,61.0,1,3.0,,2.0,1.0,0,0,0,1,1,0,0,1.0,0
19713,302,11,1,1,1,48,4.0,0,1,3, ,1,0.0,0.0,0.0,7,7,1,162.846343994141,3,19713-302-11-1,48.0,1,3.0,,1.0,1.0,0,0,0,1,1,0,0,1.0,0
19713,303,11,1,1,1,24,4.0,0,1,3, ,1,0.0,8.0,0.0,7,7,1,162.846343994141,3,19713-303-11-1,24.0,1,3.0,,1.0,1.0,0,1,0,1,1,0,0,1.0,0
19713,305,11,1,1,1,42,4.0,0,2,3, ,1,0.0,0.0,0.0,7,7,1,162.846343994141,6,19713-305-11-1,42.0,1,3.0,,2.0,1.0,0,0,0,1,1,0,0,1.0,0
19713,306,11,1,1,1,33,4.0,0,1,3, ,1,0.0,0.0,0.0,7,7,1,162.846343994141,4,19713-306-11-1,33.0,1,3.0,,1.0,1.0,0,0,0,1,1,0,0,1.0,0
19713,307,11,1,1,2,26,3.0,0,2,3, ,1,0.0,8.0,0.0,7,7,1,162.846343994141,2,19713-307-11-1,26.0,1,3.0,,2.0,1.0,0,1,0,1,1,0,0,1.0,0
19713,308,11,1,1,1,23,4.0,0,2,3, ,1,0.0,0.0,0.0,7,7,1,162.846343994141,3,19713-308-11-1,23.0,1,3.0,,2.0,1.0,0,0,0,1,1,0,0,1.0,0
19714,53,11,1,1,1,41,3.0,0,2,3, ,1,0.0,0.0,0.0,7,8,1,179.83235168457,5,19714-53-11-1,41.0,1,3.0,,2.0,1.0,0,0,0,1,1,0,0,1.0,0
19714,112,11,1,1,1,31,3.0,0,2,3, ,1,0.0,0.0,0.0,7,8,1,179.83235168457,4,19714-112-11-1,31.0,1,3.0,,2.0,1.0,0,0,0,1,1,0,0,1.0,0
19714,115,11,1,1,1,61,1.0, ,2,3, ,1,0.0,8.0,0.0,7,8,1,179.83235168457,1,19714-115-11-1,61.0,1,3.0,,2.0,1.0,0,1,0,1,1,0,0,1.0,0
19714,122,11,1,1,1,64,4.0,5,2,3, ,1,0.0,0.0,0.0,7,8,2,179.83235168457,1,19714-122-11-1,64.0,1,3.0,,2.0,1.0,0,0,0,1,1,0,0,1.0,0
19715,33,11,1,1,1,79,4.0,5, , , , ,0.0,0.0,0.0,7,7,1,150.03825378418,3,19715-33-11-1,79.0,1,,,,0.0,0,0,0,1,1,0,0,0.0,0
19715,36,11,1,1,1,71,3.0,4,2,3, ,1,0.0,0.0,0.0,7,7,1,150.03825378418,1,19715-36-11-1,71.0,1,3.0,,2.0,1.0,0,0,0,1,1,0,0,1.0,0
19715,115,11,1,1,2,57,4.0,5,2,2, ,1,0.0,0.0,0.0,7,7,1,150.03825378418,5,19715-115-11-1,57.0,1,2.0,,2.0,0.0,0,0,0,1,1,0,0,0.0,0
19715,116,11,1,1,1,81,3.0,2,2,3, ,1,0.0,0.0,0.0,7,7,1,150.03825378418,2,19715-116-11-1,81.0,1,3.0,,2.0,1.0,0,0,0,1,1,0,0,1.0,0
19715,117,11,1,1,1,39,3.0,0,2,3, ,1,0.0,0.0,0.0,7,7,1,150.03825378418,4,19715-117-11-1,39.0,1,3.0,,2.0,1.0,0,0,0,1,1,0,0,1.0,0
19715,118,11,1,1,2,60,3.0,2,2,3, ,1,0.0,0.0,0.0,7,7,1,150.03825378418,2,19715-118-11-1,60.0,1,3.0,,2.0,1.0,0,0,0,1,1,0,0,1.0,0
19715,119,11,1,1,1,83,3.0,3,2,3, ,1,0.0,0.0,0.0,7,7,1,150.03825378418,2,19715-119-11-1,83.0,1,3.0,,2.0,1.0,0,0,0,1,1,0,0,1.0,0
19715,120,11,1,1,1,85,4.0,5,2,3, ,1,0.0,0.0,0.0,7,7,1,150.03825378418,2,19715-120-11-1,85.0,1,3.0,,2.0,1.0,0,0,0,1,1,0,0,1.0,0
19716,86,11,1,1,2,75,1.0, ,2,3, ,1,0.0,0.0,0.0,7,7,1,162.846343994141,1,19716-86-11-1,75.0,1,3.0,,2.0,1.0,0,0,0,1,1,0,0,1.0,0
19716,87,11,1,1,2,50,3.0,0,2,3, ,1,0.0,8.0,0.0,7,7,1,162.846343994141,1,19716-87-11-1,50.0,1,3.0,,2.0,1.0,0,1,0,1,1,0,0,1.0,0
19716,88,11,1,1,1,23,3.0,0,2,3, ,1,0.0,0.0,0.0,7,7,1,162.846343994141,4,19716-88-11-1,23.0,1,3.0,,2.0,1.0,0,0,0,1,1,0,0,1.0,0
19716,193,11,1,1,1,71,1.0, ,2,3, ,1,0.0,0.0,0.0,7,7,1,162.846343994141,2,19716-193-11-1,71.0,1,3.0,,2.0,1.0,0,0,0,1,1,0,0,1.0,0
19716,195,11,1,1,1,53,3.0,0,2,3, ,1,0.0,0.0,0.0,7,7,1,162.846343994141,4,19716-195-11-1,53.0,1,3.0,,2.0,1.0,0,0,0,1,1,0,0,1.0,0
19716,196,11,1,1,1,42,6.0,5,2,3, ,1,0.0,0.0,0.0,7,7,1,162.846343994141,2,19716-196-11-1,42.0,1,3.0,,2.0,1.0,0,0,0,1,1,0,0,1.0,0
19717,45,11,1,1,1,64,3.0,4,2,3, ,1,0.0,0.0,0.0,7,8,1,179.83235168457,2,19717-45-11-1,64.0,1,3.0,,2.0,1.0,0,0,0,1,1,0,0,1.0,0
19717,46,11,1,1,2,52,6.0,5,1,3, ,1,0.0,0.0,0.0,7,8,1,179.83235168457,3,19717-46-11-1,52.0,1,3.0,,1.0,1.0,0,0,0,1,1,0,0,1.0,0
19717,48,11,1,1,1,48,6.0,5,2,3, ,1,0.0,0.0,0.0,7,8,1,179.83235168457,5,19717-48-11-1,48.0,1,3.0,,2.0,1.0,0,0,0,1,1,0,0,1.0,0
19717,127,11,1,1,2,58,1.0, ,2,3, ,1,0.0,0.0,0.0,7,8,1,179.83235168457,5,19717-127-11-1,58.0,1,3.0,,2.0,1.0,0,0,0,1,1,0,0,1.0,0
19717,136,11,1,1,1,39,6.0,5,2,3, ,1,0.0,0.0,0.0,7,8,1,179.83235168457,6,19717-136-11-1,39.0,1,3.0,,2.0,1.0,0,0,0,1,1,0,0,1.0,0
19718,46,11,1,1,1,25,5.0,1,2,3, ,1,0.0,8.0,0.0,7,6, ,162.846343994141,4,19718-46-11-1,25.0,1,3.0,,2.0,1.0,0,1,0,1,1,0,0,1.0,0
19718,77,11,1,1,2,36,4.0,0,2,3, ,1,0.0,0.0,0.0,7,6, ,162.846343994141,4,19718-77-11-1,36.0,1,3.0,,2.0,1.0,0,0,0,1,1,0,0,1.0,0
19718,87,11,1,1,2,33,4.0,0,2,3, ,1,0.0,0.0,0.0,7,6, ,162.846343994141,3,19718-87-11-1,33.0,1,3.0,,2.0,1.0,0,0,0,1,1,0,0,1.0,0
19718,97,11,1,1,1,31,9.0,3,3,2,2,1,0.0,8.0,0.0,7,6, ,162.846343994141,3,19718-97-11-1,31.0,1,2.0,2.0,3.0,0.0,0,1,0,1,1,0,0,0.0,0
19719,5,11,1,1,1,45,4.0,0,2,3, ,1,0.0,0.0,0.0,7,7, ,162.846343994141,5,19719-5-11-1,45.0,1,3.0,,2.0,1.0,0,0,0,1,1,0,0,1.0,0
19719,8,11,1,1,1,79,3.0,2,2,3, ,1,0.0,0.0,0.0,7,7, ,162.846343994141,3,19719-8-11-1,79.0,1,3.0,,2.0,1.0,0,0,0,1,1,0,0,1.0,0
19719,102,11,1,1,2,54,1.0, ,2,3, ,1,0.0,0.0,0.0,7,7, ,162.846343994141,1,19719-102-11-1,54.0,1,3.0,,2.0,1.0,0,0,0,1,1,0,0,1.0,0
19719,104,11,1,1,1,53,4.0,0,2,3, ,1,0.0,0.0,0.0,7,7, ,162.846343994141,3,19719-104-11-1,53.0,1,3.0,,2.0,1.0,0,0,0,1,1,0,0,1.0,0
19719,106,11,1,1,1,39,4.0,0,1,3, ,1,0.0,0.0,0.0,7,7, ,162.846343994141,4,19719-106-11-1,39.0,1,3.0,,1.0,1.0,0,0,0,1,1,0,0,1.0,0
19719,107,11,1,1,1,45,5.0,3,2,3, ,1,0.0,0.0,0.0,7,7, ,162.846343994141,4,19719-107-11-1,45.0,1,3.0,,2.0,1.0,0,0,0,1,1,0,0,1.0,0
19719,108,11,1,1,1,25,3.0,0,1,3, ,1,0.0,8.0,0.0,7,7, ,162.846343994141,3,19719-108-11-1,25.0,1,3.0,,1.0,1.0,0,1,0,1,1,0,0,1.0,0
19720,37,11,1,1,1,68,3.0,3,2,3, ,1,0.0,0.0,0.0,7,7, ,179.83235168457,3,19720-37-11-1,68.0,1,3.0,,2.0,1.0,0,0,0,1,1,0,0,1.0,0
19720,38,11,1,1,1,40,4.0,0,2,3, ,1,0.0,8.0,0.0,7,7, ,179.83235168457,4,19720-38-11-1,40.0,1,3.0,,2.0,1.0,0,1,0,1,1,0,0,1.0,0
19720,40,11,1,1,1,51,1.0, ,2,3, ,1,0.0,0.0,0.0,7,7, ,179.83235168457,7,19720-40-11-1,51.0,1,3.0,,2.0,1.0,0,0,0,1,1,0,0,1.0,0
19720,118,11,1,1,1,67,3.0,1,2,3, ,1,0.0,8.0,0.0,7,7, ,179.83235168457,6,19720-118-11-1,67.0,1,3.0,,2.0,1.0,0,1,0,1,1,0,0,1.0,0
19720,119,11,1,1,1,53,5.0,2,2,3, ,1,0.0,0.0,0.0,7,7, ,179.83235168457,3,19720-119-11-1,53.0,1,3.0,,2.0,1.0,0,0,0,1,1,0,0,1.0,0
19720,120,11,1,1,1,82,3.0,2,1,3, ,1,0.0,0.0,0.0,7,7, ,179.83235168457,1,19720-120-11-1,82.0,1,3.0,,1.0,1.0,0,0,0,1,1,0,0,1.0,0
19750,20,11,1,1,1,44,3.0,0,2,3, ,1,0.0,0.0,0.0,7,2,1,87.7658081054688,3,19750-20-11-1,44.0,1,3.0,,2.0,1.0,0,0,0,1,1,0,0,1.0,0
19750,48,11,1,1,1,33,6.0,5,2,3, ,1,0.0,8.0,0.0,7,2,1,87.7658081054688,5,19750-48-11-1,33.0,1,3.0,,2.0,1.0,0,1,0,1,1,0,0,1.0,0
19750,62,11,1,1,2,60,6.0,5,2,3, ,1,0.0,0.0,0.0,7,2,1,87.7658081054688,4,19750-62-11-1,60.0,1,3.0,,2.0,1.0,0,0,0,1,1,0,0,1.0,0
19750,88,11,1,1,1,70,4.0,6, , , , ,0.0,0.0,0.0,7,2,1,87.7658081054688,5,19750-88-11-1,70.0,1,,,,0.0,0,0,0,1,1,0,0,0.0,0
19751,37,11,1,1,1,29,9.0,4,2,2, ,1,0.0,8.0,0.0,7,2,2,90.1862564086914,2,19751-37-11-1,29.0,1,2.0,,2.0,0.0,0,1,1,1,1,0,1,0.0,1
19751,51,11,1,1,2,62,6.0,5,2,3, ,1,0.0,8.0,0.0,7,2,1,90.1862564086914,2,19751-51-11-1,62.0,1,3.0,,2.0,1.0,0,1,0,1,1,0,0,1.0,0
19751,84,11,1,1,1,25,6.0,5,2,3, ,1,0.0,0.0,0.0,7,2,1,90.1862564086914,4,19751-84-11-1,25.0,1,3.0,,2.0,1.0,0,0,0,1,1,0,0,1.0,0
19751,102,12,1,1,1,55,5.0,2,2,3, ,1,0.0,0.0,0.0,7,2,1,90.1862564086914,5,19751-102-12-1,55.0,1,3.0,,2.0,1.0,0,0,0,1,1,0,0,1.0,0
19751,102,22,1,1,2,32,7.0,1,3,2,7,1,0.0,8.0,0.0,7,2,1,90.1862564086914,4,19751-102-22-1,32.0,1,2.0,7.0,3.0,1.0,0,1,0,1,1,0,0,1.0,0
19752,84,11,1,1,1,27,8.0,3,3, , , ,0.0,8.0,0.0,7,2,2,96.3287353515625,3,19752-84-11-1,27.0,1,,,3.0,0.0,0,1,1,1,1,0,1,0.0,1
19753,12,11,1,1,2,39,5.0,1,3,2,7,1,0.0,0.0,0.0,7,2,1,114.153594970703,3,19753-12-11-1,39.0,1,2.0,7.0,3.0,1.0,0,0,0,1,1,0,0,1.0,0
19753,26,11,1,1,1,32,8.0,3,3, ,6,5,0.0,0.0,0.0,7,2,1,114.153594970703,2,19753-26-11-1,32.0,1,,6.0,3.0,0.0,0,0,0,1,1,0,0,0.0,0
19753,40,11,1,1,2,54,3.0,0, , , , ,0.0,0.0,0.0,7,2,1,114.153594970703,4,19753-40-11-1,54.0,1,,,,0.0,0,0,0,1,1,0,0,0.0,0
19754,36,11,1,1,2,59,6.0,5,2,3, ,1,0.0,8.0,0.0,7,2,1,87.7658081054688,7,19754-36-11-1,59.0,1,3.0,,2.0,1.0,0,1,0,1,1,0,0,1.0,0
19754,102,11,1,1,1,49,8.0,3,2,3, ,1,0.0,0.0,0.0,7,2,1,87.7658081054688,4,19754-102-11-1,49.0,1,3.0,,2.0,1.0,0,0,0,1,1,0,0,1.0,0
19755,17,11,1,1,1,38,3.0,0, , , , ,0.0,0.0,0.0,7,2,1,96.3287353515625,2,19755-17-11-1,38.0,1,,,,0.0,0,0,0,1,1,0,0,0.0,0
19755,73,11,1,1,2,72,4.0,5,2,3, ,1,0.0,0.0,0.0,7,2,1,96.3287353515625,2,19755-73-11-1,72.0,1,3.0,,2.0,1.0,0,0,0,1,1,0,0,1.0,0
19756,19,11,1,1,2,70,1.0, ,2,3, ,1,0.0,0.0,0.0,7,2,1,120.248344421387,1,19756-19-11-1,70.0,1,3.0,,2.0,1.0,0,0,0,1,1,0,0,1.0,0
19756,66,11,1,1,1,62,6.0,5,2,3, ,1,0.0,8.0,0.0,7,2,1,120.248344421387,3,19756-66-11-1,62.0,1,3.0,,2.0,1.0,0,1,0,1,1,0,0,1.0,0
19756,81,11,1,1,2,57,8.0,5,3, ,1,5,0.0,8.0,0.0,7,2,1,120.248344421387,4,19756-81-11-1,57.0,1,,1.0,3.0,0.0,0,1,0,1,1,0,0,0.0,0
19756,96,11,1,1,1,38,6.0,5,2,2, ,1,0.0,8.0,0.0,7,2,1,120.248344421387,5,19756-96-11-1,38.0,1,2.0,,2.0,0.0,0,1,0,1,1,0,0,0.0,0
19759,21,11,1,1,2,19,9.0,1, , , , ,0.0,8.0,0.0,7,2,1,306.191650390625,2,19759-21-11-1,19.0,1,,,,0.0,0,1,0,1,1,0,0,0.0,0
19759,39,11,1,1,1,47,6.0,5,4,1,2,3,0.0,8.0,0.0,7,2,1,306.191650390625,5,19759-39-11-1,47.0,1,1.0,2.0,4.0,0.0,0,1,0,1,1,0,0,0.0,0
19759,90,12,1,1,2,52,4.0,0, , , , ,0.0,0.0,0.0,7,2,1,306.191650390625,4,19759-90-12-1,52.0,1,,,,0.0,0,0,0,1,1,0,0,0.0,0
19760,51,11,1,1,1,63,6.0,5,4,1,7,5,0.0,0.0,0.0,7,2,1,370.189361572266,3,19760-51-11-1,63.0,1,1.0,7.0,4.0,1.0,0,0,0,1,1,0,0,1.0,0
19760,77,11,1,1,2,56,3.0,0,2,3, ,1,0.0,0.0,0.0,7,2,1,370.189361572266,2,19760-77-11-1,56.0,1,3.0,,2.0,1.0,0,0,0,1,1,0,0,1.0,0
19760,102,11,1,1,1,26,8.0,3,3,1,1,1,0.0,8.0,0.0,7,2,1,370.189361572266,4,19760-102-11-1,26.0,1,1.0,1.0,3.0,0.0,0,1,1,1,1,0,1,0.0,1
19760,113,12,1,1,2,47,3.0,0, , , , ,0.0,0.0,0.0,7,2,1,370.189361572266,2,19760-113-12-1,47.0,1,,,,0.0,0,0,0,1,1,0,0,0.0,0
19760,113,22,1,1,1,26,5.0,1,2,3, ,1,0.0,0.0,0.0,7,2,2,370.189361572266,4,19760-113-22-1,26.0,1,3.0,,2.0,1.0,0,0,1,1,1,0,1,1.0,1
19761,17,11,1,1,2,56,6.0,5,2,3, ,1,0.0,8.0,0.0,7,2, ,90.1862564086914,2,19761-17-11-1,56.0,1,3.0,,2.0,1.0,0,1,1,1,1,0,1,1.0,1
19761,101,11,1,1,1,68,6.0,5,2,3, ,1,0.0,0.0,0.0,7,2, ,90.1862564086914,2,19761-101-11-1,68.0,1,3.0,,2.0,1.0,0,0,0,1,1,0,0,1.0,0
19761,168,11,1,1,1,57,3.0,0,4,2,7,1,0.0,0.0,0.0,7,2, ,90.1862564086914,2,19761-168-11-1,57.0,1,2.0,7.0,4.0,1.0,0,0,0,1,1,0,0,1.0,0
19763,7,11,1,1,1,37,5.0,4,2,3, ,1,0.0,8.0,0.0,7,2, ,96.3287353515625,3,19763-7-11-1,37.0,1,3.0,,2.0,1.0,0,1,1,1,1,0,1,1.0,1
19763,23,11,1,1,2,22,10.0,5,3,1,2,1,0.0,8.0,0.0,7,2, ,96.3287353515625,2,19763-23-11-1,22.0,1,1.0,2.0,3.0,0.0,0,1,0,1,1,0,0,0.0,0
19763,71,11,1,1,1,43,8.0,3,3,1,2,1,0.0,8.0,0.0,7,2, ,96.3287353515625,2,19763-71-11-1,43.0,1,1.0,2.0,3.0,0.0,0,1,0,1,1,0,0,0.0,0
19763,137,11,1,1,2,42,8.0,3,3,1,7,5,0.0,8.0,0.0,7,2, ,96.3287353515625,2,19763-137-11-1,42.0,1,1.0,7.0,3.0,1.0,0,1,1,1,1,0,1,1.0,1
19764,22,11,1,1,2,21,9.0,4,5,2,7,1,0.0,8.0,0.0,7,2, ,288.857360839844,1,19764-22-11-1,21.0,1,2.0,7.0,5.0,1.0,0,1,0,1,1,0,0,1.0,0
19764,76,11,1,1,1,42,5.0,1, , , , ,0.0,8.0,0.0,7,2, ,288.857360839844,3,19764-76-11-1,42.0,1,,,,0.0,0,1,0,1,1,0,0,0.0,0
19764,92,11,1,1,2,53,7.0,1,2,2, ,1,0.0,0.0,0.0,7,2, ,288.857360839844,4,19764-92-11-1,53.0,1,2.0,,2.0,0.0,0,0,0,1,1,0,0,0.0,0
19764,119,11,1,1,1,72,1.0, ,4,3,7,1,0.0,0.0,0.0,7,2, ,288.857360839844,4,19764-119-11-1,72.0,1,3.0,7.0,4.0,1.0,0,0,0,1,1,0,0,1.0,0
19783,76,11,1,1,1,77,4.0,6,2,3, ,1,0.0,0.0,0.0,7,5,1,120.248344421387,4,19783-76-11-1,77.0,1,3.0,,2.0,1.0,0,0,0,1,1,0,0,1.0,0
19783,88,11,1,1,2,59,6.0,5,2,3, ,1,0.0,8.0,0.0,7,5,1,120.248344421387,4,19783-88-11-1,59.0,1,3.0,,2.0,1.0,0,1,0,1,1,0,0,1.0,0
19783,100,11,1,1,2,35,7.0,2,2,3, ,1,0.0,8.0,0.0,7,5,1,120.248344421387,2,19783-100-11-1,35.0,1,3.0,,2.0,1.0,0,1,1,1,1,0,1,1.0,1
19783,111,11,1,1,2,33,3.0,0,2,3, ,1,0.0,0.0,0.0,7,5,1,120.248344421387,2,19783-111-11-1,33.0,1,3.0,,2.0,1.0,0,0,0,1,1,0,0,1.0,0
19786,6,11,1,1,2,58,10.0,5,2,3, ,1,0.0,8.0,0.0,7,5,1,117.02108001709,1,19786-6-11-1,58.0,1,3.0,,2.0,1.0,0,1,0,1,1,0,0,1.0,0
19786,35,11,1,1,1,80,6.0,5,2,2, ,1,0.0,8.0,0.0,7,5,1,117.02108001709,2,19786-35-11-1,80.0,1,2.0,,2.0,0.0,0,1,0,1,1,0,0,0.0,0
19786,93,11,1,1,1,61,8.0,3, , , , ,0.0,0.0,0.0,7,5,1,117.02108001709,4,19786-93-11-1,61.0,1,,,,0.0,0,0,0,1,1,0,0,0.0,0
19787,3,11,1,1,1,65,3.0,3,2,3, ,1,0.0,0.0,0.0,7,5,1,120.248344421387,2,19787-3-11-1,65.0,1,3.0,,2.0,1.0,0,0,1,1,1,0,1,1.0,1
19787,10,11,1,1,1,62,3.0,4,2,3, ,1,0.0,0.0,0.0,7,5,1,120.248344421387,3,19787-10-11-1,62.0,1,3.0,,2.0,1.0,0,0,0,1,1,0,0,1.0,0
19787,39,11,1,1,2,45,8.0,5,3, ,1,5,0.0,8.0,0.0,7,5,2,120.248344421387,2,19787-39-11-1,45.0,1,,1.0,3.0,0.0,0,1,0,1,1,0,0,0.0,0
19788,7,11,1,1,2,66,1.0, , , , , ,0.0,0.0,0.0,7,5,1,424.970977783203,2,19788-7-11-1,66.0,1,,,,0.0,0,0,0,1,1,0,0,0.0,0
19788,22,11,1,1,2,56,5.0,2,4,3,7,1,0.0,0.0,0.0,7,5,1,424.970977783203,2,19788-22-11-1,56.0,1,3.0,7.0,4.0,1.0,0,0,0,1,1,0,0,1.0,0
19788,73,11,1,1,1,35,4.0,0,2,3, ,1,0.0,8.0,0.0,7,5,1,424.970977783203,3,19788-73-11-1,35.0,1,3.0,,2.0,1.0,0,1,0,1,1,0,0,1.0,0
19788,105,11,1,1,1,43,6.0,5,1,3, ,1,0.0,0.0,0.0,7,5,1,424.970977783203,1,19788-105-11-1,43.0,1,3.0,,1.0,1.0,0,0,0,1,1,0,0,1.0,0
19788,122,11,1,1,1,54,4.0,0,1,3, ,1,0.0,0.0,0.0,7,5,1,424.970977783203,2,19788-122-11-1,54.0,1,3.0,,1.0,1.0,0,0,0,1,1,0,0,1.0,0
19789,7,11,1,1,1,76,3.0,3,2,3, ,1,0.0,0.0,0.0,7,5,1,370.189361572266,2,19789-7-11-1,76.0,1,3.0,,2.0,1.0,0,0,0,1,1,0,0,1.0,0
19789,31,11,1,1,2,34,10.0,5,3, ,1,5,0.0,8.0,0.0,7,5,1,370.189361572266,3,19789-31-11-1,34.0,1,,1.0,3.0,0.0,0,1,1,1,1,0,1,0.0,1
19789,42,11,1,1,1,71,10.0,5,2,3, ,1,0.0,0.0,0.0,7,5,1,370.189361572266,2,19789-42-11-1,71.0,1,3.0,,2.0,1.0,0,0,0,1,1,0,0,1.0,0
19789,66,11,1,1,2,31,6.0,5, , , , ,0.0,8.0,0.0,7,5,1,370.189361572266,4,19789-66-11-1,31.0,1,,,,0.0,0,1,0,1,1,0,0,0.0,0
19789,78,11,1,1,1,60,4.0,5,4,3,7,1,0.0,0.0,0.0,7,5,1,370.189361572266,1,19789-78-11-1,60.0,1,3.0,7.0,4.0,1.0,0,0,0,1,1,0,0,1.0,0
19790,19,11,1,1,1,38,8.0,3,4,3,7,1,0.0,8.0,0.0,7,5,1,408.255523681641,4,19790-19-11-1,38.0,1,3.0,7.0,4.0,1.0,0,1,0,1,1,0,0,1.0,0
19790,35,11,1,1,1,63,5.0,2,2,3, ,1,0.0,8.0,0.0,7,5,1,408.255523681641,2,19790-35-11-1,63.0,1,3.0,,2.0,1.0,0,1,0,1,1,0,0,1.0,0
19790,50,11,1,1,1,62,4.0,5,5,3,7,1,0.0,8.0,0.0,7,5,1,408.255523681641,3,19790-50-11-1,62.0,1,3.0,7.0,5.0,1.0,0,1,1,1,1,0,1,1.0,1
19790,83,11,1,1,1,40,6.0,5,2,3, ,1,0.0,0.0,0.0,7,5,1,408.255523681641,3,19790-83-11-1,40.0,1,3.0,,2.0,1.0,0,0,0,1,1,0,0,1.0,0
19790,99,11,1,1,2,79,3.0,2,2,3, ,1,0.0,0.0,0.0,7,5,1,408.255523681641,1,19790-99-11-1,79.0,1,3.0,,2.0,1.0,0,0,0,1,1,0,0,1.0,0
19791,7,11,1,1,1,27,6.0,5,4,2,7,1,0.0,0.0,0.0,7,4,1,370.189361572266,3,19791-7-11-1,27.0,1,2.0,7.0,4.0,1.0,0,0,0,1,1,0,0,1.0,0
19791,19,11,1,1,1,51,6.0,5,4,2,7,1,0.0,0.0,0.0,7,4,1,370.189361572266,3,19791-19-11-1,51.0,1,2.0,7.0,4.0,1.0,0,0,1,1,1,0,1,1.0,1
19791,42,11,1,1,1,65,4.0,5,5,3,7,1,0.0,0.0,0.0,7,4,1,370.189361572266,2,19791-42-11-1,65.0,1,3.0,7.0,5.0,1.0,0,0,0,1,1,0,0,1.0,0
19791,54,11,1,1,1,61,3.0,3,2,3, ,1,0.0,0.0,0.0,7,4,1,370.189361572266,5,19791-54-11-1,61.0,1,3.0,,2.0,1.0,0,0,0,1,1,0,0,1.0,0
19791,78,11,1,1,2,59,4.0,5,2,3, ,1,0.0,0.0,0.0,7,4,1,370.189361572266,1,19791-78-11-1,59.0,1,3.0,,2.0,1.0,0,0,1,1,1,0,1,1.0,1
19792,2,11,1,1,1,68,8.0,3,2,3, ,1,0.0,0.0,0.0,7,5,1,385.143157958984,2,19792-2-11-1,68.0,1,3.0,,2.0,1.0,0,0,0,1,1,0,0,1.0,0
19792,22,11,1,1,2,60,1.0, , , , , ,0.0,0.0,0.0,7,5,1,385.143157958984,8,19792-22-11-1,60.0,1,,,,0.0,0,0,0,1,1,0,0,0.0,0
19792,42,11,1,1,1,49,3.0,0,1,3, ,1,0.0,0.0,0.0,7,5,1,385.143157958984,1,19792-42-11-1,49.0,1,3.0,,1.0,1.0,0,0,0,1,1,0,0,1.0,0
19792,60,11,1,1,2,49,8.0,5,1,3, ,1,0.0,0.0,0.0,7,5,1,385.143157958984,3,19792-60-11-1,49.0,1,3.0,,1.0,1.0,0,0,1,1,1,0,1,1.0,1
19793,21,11,1,1,1,69,4.0,5,2,3, ,1,0.0,0.0,0.0,7,5,1,424.970977783203,2,19793-21-11-1,69.0,1,3.0,,2.0,1.0,0,0,0,1,1,0,0,1.0,0
19793,30,12,1,1,1,48,4.0,0,2,3, ,1,0.0,0.0,0.0,7,5,1,424.970977783203,3,19793-30-12-1,48.0,1,3.0,,2.0,1.0,0,0,0,1,1,0,0,1.0,0
19793,30,22,1,1,1,24,6.0,5,4,3,7,1,0.0,8.0,0.0,7,5,1,424.970977783203,4,19793-30-22-1,24.0,1,3.0,7.0,4.0,1.0,0,1,0,1,1,0,0,1.0,0
19793,41,11,1,1,1,75,4.0,5,2,2, ,1,0.0,0.0,0.0,7,5,1,424.970977783203,2,19793-41-11-1,75.0,1,2.0,,2.0,0.0,0,0,0,1,1,0,0,0.0,0
19793,76,11,1,1,1,22,8.0,3,3,1,1,4,0.0,8.0,0.0,7,5,1,424.970977783203,1,19793-76-11-1,22.0,1,1.0,1.0,3.0,0.0,0,1,0,1,1,0,0,0.0,0
19794,20,11,1,1,2,49,4.0,0,1,3, ,1,0.0,8.0,0.0,7,5, ,424.970977783203,4,19794-20-11-1,49.0,1,3.0,,1.0,1.0,0,1,1,1,1,0,1,1.0,1
19794,107,11,1,1,1,39,6.0,5,4,3,7,1,0.0,8.0,0.0,7,5, ,424.970977783203,1,19794-107-11-1,39.0,1,3.0,7.0,4.0,1.0,0,1,0,1,1,0,0,1.0,0
19794,151,11,1,1,2,34,6.0,5, , , , ,0.0,8.0,0.0,7,5, ,424.970977783203,3,19794-151-11-1,34.0,1,,,,0.0,0,1,1,1,1,0,1,0.0,1
19795,7,11,1,1,2,40,4.0,0,4,3,7,2,0.0,0.0,0.0,7,5, ,408.255523681641,6,19795-7-11-1,40.0,1,3.0,7.0,4.0,1.0,0,0,0,1,1,0,0,1.0,0
19795,70,11,1,1,1,42,3.0,0,2,3, ,1,0.0,0.0,0.0,7,5, ,408.255523681641,5,19795-70-11-1,42.0,1,3.0,,2.0,1.0,0,0,0,1,1,0,0,1.0,0
19795,92,11,1,1,1,67,8.0,5,2,3, ,1,0.0,0.0,0.0,7,5, ,408.255523681641,3,19795-92-11-1,67.0,1,3.0,,2.0,1.0,0,0,0,1,1,0,0,1.0,0
19795,113,11,1,1,2,35,6.0,5,4,3,7,1,0.0,8.0,0.0,7,5, ,408.255523681641,4,19795-113-11-1,35.0,1,3.0,7.0,4.0,1.0,0,1,0,1,1,0,0,1.0,0
19796,9,12,1,1,1,27,4.0,0,4,3,7,1,0.0,0.0,0.0,7,5, ,385.143157958984,5,19796-9-12-1,27.0,1,3.0,7.0,4.0,1.0,0,0,0,1,1,0,0,1.0,0
19796,9,22,1,1,1,19,5.0,4,4,3,7,1,0.0,0.0,0.0,7,5, ,385.143157958984,3,19796-9-22-1,19.0,1,3.0,7.0,4.0,1.0,0,0,0,1,1,0,0,1.0,0
19796,64,11,1,1,1,62,5.0,1,2,3, ,1,0.0,0.0,0.0,7,5, ,385.143157958984,5,19796-64-11-1,62.0,1,3.0,,2.0,1.0,0,0,0,1,1,0,0,1.0,0
19796,83,11,1,1,1,38,7.0,1,2,2, ,1,0.0,0.0,0.0,7,5, ,385.143157958984,3,19796-83-11-1,38.0,1,2.0,,2.0,0.0,0,0,0,1,1,0,0,0.0,0
19796,103,11,1,1,1,65,5.0,4,4,3,7,1,0.0,0.0,0.0,7,5, ,385.143157958984,4,19796-103-11-1,65.0,1,3.0,7.0,4.0,1.0,0,0,0,1,1,0,0,1.0,0
19796,122,11,1,1,1,44,4.0,0,4,3,7,1,0.0,0.0,0.0,7,5, ,385.143157958984,8,19796-122-11-1,44.0,1,3.0,7.0,4.0,1.0,0,0,0,1,1,0,0,1.0,0
19799,147,11,1,1,1,54,5.0,3,2,3, ,1,0.0,0.0,0.0,7,7,2,150.03825378418,5,19799-147-11-1,54.0,1,3.0,,2.0,1.0,0,0,0,1,1,0,0,1.0,0
19799,148,11,1,1,2,36,4.0,0,2,3, ,1,0.0,0.0,0.0,7,7,1,150.03825378418,5,19799-148-11-1,36.0,1,3.0,,2.0,1.0,0,0,0,1,1,0,0,1.0,0
19799,311,11,1,1,2,35,5.0,1,5,3,7,1,0.0,0.0,0.0,7,7,1,150.03825378418,4,19799-311-11-1,35.0,1,3.0,7.0,5.0,1.0,0,0,0,1,1,0,0,1.0,0
19799,312,11,1,1,1,33,3.0,0,2,3, ,1,0.0,0.0,0.0,7,7,1,150.03825378418,4,19799-312-11-1,33.0,1,3.0,,2.0,1.0,0,0,0,1,1,0,0,1.0,0
19799,313,11,1,1,1,56,6.0,5,2,3, ,1,0.0,0.0,0.0,7,7,1,150.03825378418,3,19799-313-11-1,56.0,1,3.0,,2.0,1.0,0,0,0,1,1,0,0,1.0,0
19799,314,11,1,1,2,42,4.0,0, , , , ,0.0,0.0,0.0,7,7,1,150.03825378418,8,19799-314-11-1,42.0,1,,,,0.0,0,0,0,1,1,0,0,0.0,0
19816,211,11,1,1,1,56,5.0,2,1,3, ,1,0.0,0.0,0.0,7,7,1,142.552352905273,6,19816-211-11-1,56.0,1,3.0,,1.0,1.0,0,0,0,1,1,0,0,1.0,0
19816,212,11,1,1,1,43,4.0,0,2,3, ,1,0.0,0.0,0.0,7,7,1,142.552352905273,3,19816-212-11-1,43.0,1,3.0,,2.0,1.0,0,0,0,1,1,0,0,1.0,0
19816,696,11,1,1,1,44,3.0,0,2,3, ,1,0.0,0.0,0.0,7,7,1,142.552352905273,5,19816-696-11-1,44.0,1,3.0,,2.0,1.0,0,0,0,1,1,0,0,1.0,0
19816,697,11,1,1,1,25,3.0,0,2,3, ,1,0.0,0.0,0.0,7,7,1,142.552352905273,6,19816-697-11-1,25.0,1,3.0,,2.0,1.0,0,0,0,1,1,0,0,1.0,0
19816,698,11,1,1,1,50,3.0,0,2,3, ,1,0.0,0.0,0.0,7,7,1,142.552352905273,3,19816-698-11-1,50.0,1,3.0,,2.0,1.0,0,0,0,1,1,0,0,1.0,0
19817,14,11,1,1,2,75,3.0,4,4,3,7,1,0.0,0.0,0.0,7,7,1,179.83235168457,3,19817-14-11-1,75.0,1,3.0,7.0,4.0,1.0,0,0,0,1,1,0,0,1.0,0
19817,15,11,1,1,1,52,3.0,0,2,3, ,1,0.0,0.0,0.0,7,7,1,179.83235168457,3,19817-15-11-1,52.0,1,3.0,,2.0,1.0,0,0,0,1,1,0,0,1.0,0
19817,109,11,1,1,2,28,6.0,5,2,3, ,1,0.0,0.0,0.0,7,7,1,179.83235168457,3,19817-109-11-1,28.0,1,3.0,,2.0,1.0,0,0,0,1,1,0,0,1.0,0
19817,110,11,1,1,1,41,4.0,0,2,3, ,1,0.0,0.0,0.0,7,7,1,179.83235168457,3,19817-110-11-1,41.0,1,3.0,,2.0,1.0,0,0,0,1,1,0,0,1.0,0
19817,112,11,1,1,1,32,6.0,5,1,3, ,2,0.0,0.0,0.0,7,7,1,179.83235168457,5,19817-112-11-1,32.0,1,3.0,,1.0,1.0,0,0,0,1,1,0,0,1.0,0
19818,11,11,1,1,1,23,6.0,5,4,2,7,1,0.0,8.0,0.0,7,6,1,179.83235168457,4,19818-11-11-1,23.0,1,2.0,7.0,4.0,1.0,0,1,1,1,1,0,1,1.0,1
19818,20,11,1,1,1,64,4.0,5,2,3, ,1,0.0,0.0,0.0,7,6,1,179.83235168457,2,19818-20-11-1,64.0,1,3.0,,2.0,1.0,0,0,0,1,1,0,0,1.0,0
19818,45,11,1,1,2,82,4.0,5,2,3, ,1,0.0,0.0,0.0,7,6,1,179.83235168457,1,19818-45-11-1,82.0,1,3.0,,2.0,1.0,0,0,0,1,1,0,0,1.0,0
19818,70,11,1,1,1,66,4.0,5,2,3, ,1,0.0,0.0,0.0,7,6,1,179.83235168457,3,19818-70-11-1,66.0,1,3.0,,2.0,1.0,0,0,1,1,1,0,1,1.0,1
19818,79,11,1,1,2,55,4.0,0,2,3, ,1,0.0,0.0,0.0,7,6,1,179.83235168457,3,19818-79-11-1,55.0,1,3.0,,2.0,1.0,0,0,0,1,1,0,0,1.0,0
19819,115,11,1,1,1,45,4.0,0,2,3, ,1,0.0,0.0,0.0,7,7,1,179.83235168457,6,19819-115-11-1,45.0,1,3.0,,2.0,1.0,0,0,0,1,1,0,0,1.0,0
19819,246,11,1,1,2,42,6.0,5,2,3, ,1,0.0,0.0,0.0,7,7,1,179.83235168457,2,19819-246-11-1,42.0,1,3.0,,2.0,1.0,0,0,0,1,1,0,0,1.0,0
19819,247,11,1,1,1,32,3.0,0,2,3, ,1,0.0,0.0,0.0,7,7,1,179.83235168457,4,19819-247-11-1,32.0,1,3.0,,2.0,1.0,0,0,0,1,1,0,0,1.0,0
19819,251,11,1,1,1,49,5.0,2,2,3, ,1,0.0,0.0,0.0,7,7,1,179.83235168457,7,19819-251-11-1,49.0,1,3.0,,2.0,1.0,0,0,0,1,1,0,0,1.0,0
19820,5,11,1,1,1,36,5.0,2,2,3, ,2,0.0,0.0,0.0,7,8,1,150.03825378418,5,19820-5-11-1,36.0,1,3.0,,2.0,1.0,0,0,0,1,1,0,0,1.0,0
19820,6,11,1,1,1,55,4.0,0,2,3, ,1,0.0,0.0,0.0,7,8,1,150.03825378418,3,19820-6-11-1,55.0,1,3.0,,2.0,1.0,0,0,0,1,1,0,0,1.0,0
19820,7,11,1,1,1,80,3.0,4,2,3, ,1,0.0,0.0,0.0,7,8,1,150.03825378418,1,19820-7-11-1,80.0,1,3.0,,2.0,1.0,0,0,0,1,1,0,0,1.0,0
19820,8,11,1,1,1,38,6.0,5,4,3,7,2,0.0,0.0,0.0,7,8,1,150.03825378418,4,19820-8-11-1,38.0,1,3.0,7.0,4.0,1.0,0,0,0,1,1,0,0,1.0,0
19820,31,11,1,1,1,78,3.0,3,2,3, ,1,0.0,0.0,0.0,7,8,1,150.03825378418,2,19820-31-11-1,78.0,1,3.0,,2.0,1.0,0,0,0,1,1,0,0,1.0,0
19820,32,11,1,1,1,26,3.0,0,2,3, ,1,0.0,0.0,0.0,7,8,1,150.03825378418,3,19820-32-11-1,26.0,1,3.0,,2.0,1.0,0,0,0,1,1,0,0,1.0,0
19820,33,11,1,1,1,63,7.0,2,2,3, ,1,0.0,0.0,0.0,7,8,1,150.03825378418,7,19820-33-11-1,63.0,1,3.0,,2.0,1.0,0,0,0,1,1,0,0,1.0,0
19820,34,11,1,1,1,39,6.0,5,4, ,5,5,0.0,0.0,0.0,7,8,1,150.03825378418,3,19820-34-11-1,39.0,1,,5.0,4.0,0.0,0,0,1,1,1,0,1,0.0,1
19821,5,11,1,1,1,48,3.0,0,2,3, ,1,0.0,0.0,0.0,7,7,1,142.552352905273,5,19821-5-11-1,48.0,1,3.0,,2.0,1.0,0,0,0,1,1,0,0,1.0,0
19821,7,11,1,1,1,76,3.0,4,2,3, ,1,0.0,0.0,0.0,7,7,1,142.552352905273,4,19821-7-11-1,76.0,1,3.0,,2.0,1.0,0,0,0,1,1,0,0,1.0,0
19821,8,11,1,1,1,56,4.0,0,2,3, ,1,0.0,0.0,0.0,7,7,1,142.552352905273,2,19821-8-11-1,56.0,1,3.0,,2.0,1.0,0,0,0,1,1,0,0,1.0,0
19821,92,11,1,1,2,43,6.0,5,4,3,7,1,0.0,0.0,0.0,7,7,1,142.552352905273,5,19821-92-11-1,43.0,1,3.0,7.0,4.0,1.0,0,0,0,1,1,0,0,1.0,0
19821,93,11,1,1,1,41,3.0,0,1,3, ,2,0.0,0.0,0.0,7,7,2,142.552352905273,3,19821-93-11-1,41.0,1,3.0,,1.0,1.0,0,0,1,1,1,0,1,1.0,1
19821,96,11,1,1,1,62,3.0,3,2,3, ,1,0.0,0.0,0.0,7,7,1,142.552352905273,2,19821-96-11-1,62.0,1,3.0,,2.0,1.0,0,0,0,1,1,0,0,1.0,0
19822,25,11,1,1,1,72,3.0,2,2,3, ,1,0.0,0.0,0.0,7,8,1,162.846343994141,6,19822-25-11-1,72.0,1,3.0,,2.0,1.0,0,0,0,1,1,0,0,1.0,0
19822,26,11,1,1,1,67,4.0,5,2,3, ,1,0.0,0.0,0.0,7,8,1,162.846343994141,2,19822-26-11-1,67.0,1,3.0,,2.0,1.0,0,0,0,1,1,0,0,1.0,0
19822,27,11,1,1,1,44,4.0,0,2,3, ,1,0.0,0.0,0.0,7,8,1,162.846343994141,3,19822-27-11-1,44.0,1,3.0,,2.0,1.0,0,0,0,1,1,0,0,1.0,0
19822,28,11,1,1,1,55,1.0, ,1,3, ,1,0.0,0.0,0.0,7,8,1,162.846343994141,3,19822-28-11-1,55.0,1,3.0,,1.0,1.0,0,0,0,1,1,0,0,1.0,0
19822,98,11,1,1,1,67,4.0,6,1,3, ,1,0.0,0.0,0.0,7,8,1,162.846343994141,7,19822-98-11-1,67.0,1,3.0,,1.0,1.0,0,0,0,1,1,0,0,1.0,0
19822,103,11,1,1,1,74,3.0,1, , , , ,0.0,0.0,0.0,7,8,1,162.846343994141,2,19822-103-11-1,74.0,1,,,,0.0,0,0,0,1,1,0,0,0.0,0
19823,1,11,1,1,1,49,6.0,5,2,3, ,1,0.0,0.0,0.0,7,7, ,162.846343994141,5,19823-1-11-1,49.0,1,3.0,,2.0,1.0,0,0,0,1,1,0,0,1.0,0
19823,73,11,1,1,1,49,6.0,5,2,3, ,1,0.0,0.0,0.0,7,7, ,162.846343994141,7,19823-73-11-1,49.0,1,3.0,,2.0,1.0,0,0,1,1,1,0,1,1.0,1
19823,74,11,1,1,1,48,4.0,0,2,3, ,1,0.0,0.0,0.0,7,7, ,162.846343994141,6,19823-74-11-1,48.0,1,3.0,,2.0,1.0,0,0,0,1,1,0,0,1.0,0
19823,77,11,1,1,1,35,4.0,0,2,3, ,1,0.0,0.0,0.0,7,7, ,162.846343994141,1,19823-77-11-1,35.0,1,3.0,,2.0,1.0,0,0,0,1,1,0,0,1.0,0
19823,80,11,1,1,2,60,3.0,1,2,3, ,1,0.0,0.0,0.0,7,7, ,162.846343994141,1,19823-80-11-1,60.0,1,3.0,,2.0,1.0,0,0,1,1,1,0,1,1.0,1
19823,89,11,1,1,1,65,3.0,2,2,3, ,1,0.0,0.0,0.0,7,7, ,162.846343994141,4,19823-89-11-1,65.0,1,3.0,,2.0,1.0,0,0,0,1,1,0,0,1.0,0
19823,92,11,1,1,1,37,1.0, ,2,3, ,1,0.0,8.0,0.0,7,7, ,162.846343994141,2,19823-92-11-1,37.0,1,3.0,,2.0,1.0,0,1,0,1,1,0,0,1.0,0
19824,41,11,1,1,1,64,4.0,5,4,3,7,1,0.0,0.0,0.0,7,7, ,142.552352905273,2,19824-41-11-1,64.0,1,3.0,7.0,4.0,1.0,0,0,0,1,1,0,0,1.0,0
19824,145,11,1,1,1,51,3.0,0,4,3,7,1,0.0,0.0,0.0,7,7, ,142.552352905273,4,19824-145-11-1,51.0,1,3.0,7.0,4.0,1.0,0,0,0,1,1,0,0,1.0,0
19824,148,11,1,1,1,59,3.0,2,2,3, ,1,0.0,0.0,0.0,7,7, ,142.552352905273,2,19824-148-11-1,59.0,1,3.0,,2.0,1.0,0,0,0,1,1,0,0,1.0,0
19824,149,11,1,1,1,50,6.0,5,4,3,7,1,0.0,0.0,0.0,7,7, ,142.552352905273,3,19824-149-11-1,50.0,1,3.0,7.0,4.0,1.0,0,0,0,1,1,0,0,1.0,0
19824,150,11,1,1,1,38,6.0,5,1,3, ,1,0.0,0.0,0.0,7,7, ,142.552352905273,5,19824-150-11-1,38.0,1,3.0,,1.0,1.0,0,0,1,1,1,0,1,1.0,1
19824,152,11,1,1,2,66,1.0, ,2,3, ,1,0.0,0.0,0.0,7,7, ,142.552352905273,3,19824-152-11-1,66.0,1,3.0,,2.0,1.0,0,0,1,1,1,0,1,1.0,1
19846,95,11,1,1,1,52,6.0,5,2,3, ,1,0.0,8.0,0.0,3,2,1,37.6664161682129,1,19846-95-11-1,52.0,1,3.0,,2.0,1.0,0,1,0,1,1,0,0,1.0,0
19898,18,11,1,1,2,39,4.0,0,6, ,7,1,0.0,8.0,0.0,3,2,1,39.1590385437012,3,19898-18-11-1,39.0,1,,7.0,6.0,1.0,0,1,0,1,1,0,0,1.0,0
19908,116,11,1,1,2,39,6.0,5,2,3, ,1,0.0,0.0,0.0,3,2,1,403.299835205078,3,19908-116-11-1,39.0,1,3.0,,2.0,1.0,0,0,1,1,1,0,1,1.0,1
19908,139,11,1,1,1,69,4.0,5,2,3, ,1,0.0,0.0,0.0,3,2,1,403.299835205078,4,19908-139-11-1,69.0,1,3.0,,2.0,1.0,0,0,0,1,1,0,0,1.0,0
19912,4,11,1,1,1,43,6.0,5,2,3, ,1,0.0,0.0,0.0,3,2, ,37.8614120483398,1,19912-4-11-1,43.0,1,3.0,,2.0,1.0,0,0,1,1,1,0,1,1.0,1
19912,22,11,1,1,2,68,1.0, , , , , ,0.0,0.0,0.0,3,2, ,37.8614120483398,2,19912-22-11-1,68.0,1,,,,0.0,0,0,0,1,1,0,0,0.0,0
19912,38,11,1,1,2,68,3.0,0,2,3, ,1,0.0,0.0,0.0,3,2, ,37.8614120483398,3,19912-38-11-1,68.0,1,3.0,,2.0,1.0,0,0,0,1,1,0,0,1.0,0
19912,51,11,1,1,2,41,5.0,2,2,3, ,1,0.0,0.0,0.0,3,2, ,37.8614120483398,4,19912-51-11-1,41.0,1,3.0,,2.0,1.0,0,0,0,1,1,0,0,1.0,0
19912,68,11,1,1,1,47,5.0,2,2,3, ,1,0.0,0.0,0.0,3,2, ,37.8614120483398,4,19912-68-11-1,47.0,1,3.0,,2.0,1.0,0,0,0,1,1,0,0,1.0,0
19931,48,11,1,1,2,43,10.0,6,2,2, ,1,0.0,8.0,0.0,3,2,2,6.80903673171997,3,19931-48-11-1,43.0,1,2.0,,2.0,0.0,0,1,0,1,1,0,0,0.0,0
19931,69,11,1,1,1,50,8.0,3,1,1, ,1,0.0,8.0,0.0,3,2,1,6.80903673171997,2,19931-69-11-1,50.0,1,1.0,,1.0,0.0,0,1,1,1,1,0,1,0.0,1
19932,7,11,1,1,1,59,10.0,5, , , , ,0.0,0.0,0.0,3,2,1,7.10971641540527,5,19932-7-11-1,59.0,1,,,,0.0,0,0,0,1,1,0,0,0.0,0
19932,15,11,1,1,1,79,6.0,5, , , , ,0.0,0.0,0.0,3,2,1,7.10971641540527,2,19932-15-11-1,79.0,1,,,,0.0,0,0,0,1,1,0,0,0.0,0
19932,38,11,1,1,1,69,9.0,3,2,3, ,1,0.0,8.0,0.0,3,2,1,7.10971641540527,3,19932-38-11-1,69.0,1,3.0,,2.0,1.0,0,1,0,1,1,0,0,1.0,0
19932,47,11,1,1,1,83,3.0,3, , , , ,0.0,0.0,0.0,3,2,1,7.10971641540527,3,19932-47-11-1,83.0,1,,,,0.0,0,0,0,1,1,0,0,0.0,0
19932,68,11,1,1,1,73,6.0,5, , , , ,0.0,0.0,0.0,3,2,2,7.10971641540527,1,19932-68-11-1,73.0,1,,,,0.0,0,0,0,1,1,0,0,0.0,0
19933,43,11,1,1,2,46,6.0,5,6, ,7,1,0.0,0.0,0.0,3,2,1,7.39355611801147,4,19933-43-11-1,46.0,1,,7.0,6.0,1.0,0,0,0,1,1,0,0,1.0,0
19935,53,11,1,1,1,37,10.0,5, , , , ,0.0,8.0,0.0,3,2,1,374.294494628906,1,19935-53-11-1,37.0,1,,,,0.0,0,1,0,1,1,0,0,0.0,0
19935,84,11,1,1,1,24,6.0,5,4,3,7,1,0.0,8.0,0.0,3,2,1,374.294494628906,1,19935-84-11-1,24.0,1,3.0,7.0,4.0,1.0,0,1,0,1,1,0,0,1.0,0
19935,100,11,1,1,2,75,3.0,2,2,3, ,1,0.0,0.0,0.0,3,2,1,374.294494628906,1,19935-100-11-1,75.0,1,3.0,,2.0,1.0,0,0,0,1,1,0,0,1.0,0
19936,31,11,1,1,1,41,5.0,4,2,3, ,1,0.0,0.0,0.0,3,2,1,39.1590385437012,5,19936-31-11-1,41.0,1,3.0,,2.0,1.0,0,0,0,1,1,0,0,1.0,0
19936,74,11,1,1,1,54,6.0,5,2,3, ,1,0.0,0.0,0.0,3,2,1,39.1590385437012,4,19936-74-11-1,54.0,1,3.0,,2.0,1.0,0,0,0,1,1,0,0,1.0,0
19936,104,11,1,1,2,27,10.0,5,3, ,5,5,0.0,8.0,0.0,3,2,1,39.1590385437012,2,19936-104-11-1,27.0,1,,5.0,3.0,0.0,0,1,1,1,1,0,1,0.0,1
19936,116,11,1,1,2,46,5.0,1, , , , ,0.0,0.0,0.0,3,2,1,39.1590385437012,3,19936-116-11-1,46.0,1,,,,0.0,0,0,0,1,1,0,0,0.0,0
19937,15,11,1,1,1,62,11.0,2,3, ,2,5,0.0,8.0,0.0,3,2,1,37.8614120483398,4,19937-15-11-1,62.0,1,,2.0,3.0,0.0,0,1,0,1,1,0,0,0.0,0
19937,27,11,1,1,2,48,3.0,0,2,3, ,1,0.0,0.0,0.0,3,2,1,37.8614120483398,3,19937-27-11-1,48.0,1,3.0,,2.0,1.0,0,0,0,1,1,0,0,1.0,0
19937,60,12,1,1,2,45,8.0,3,3, ,6,5,0.0,8.0,0.0,3,2,1,37.8614120483398,2,19937-60-12-1,45.0,1,,6.0,3.0,0.0,0,1,0,1,1,0,0,0.0,0
19937,74,22,1,1,1,31,8.0,3,4,2,7,1,0.0,8.0,0.0,3,2,1,37.8614120483398,1,19937-74-22-1,31.0,1,2.0,7.0,4.0,1.0,0,1,0,1,1,0,0,1.0,0
19938,54,11,1,1,2,62,3.0,1, , , , ,0.0,0.0,0.0,3,2,1,396.512878417969,5,19938-54-11-1,62.0,1,,,,0.0,0,0,0,1,1,0,0,0.0,0
19938,74,11,1,1,1,61,4.0,5,4,3,7,1,0.0,0.0,0.0,3,2,1,396.512878417969,3,19938-74-11-1,61.0,1,3.0,7.0,4.0,1.0,0,0,0,1,1,0,0,1.0,0
19938,113,11,1,1,2,50,6.0,5, , , , ,0.0,8.0,0.0,3,2,1,396.512878417969,6,19938-113-11-1,50.0,1,,,,0.0,0,1,0,1,1,0,0,0.0,0
19938,135,11,1,1,2,50,7.0,1,3,3,7,1,0.0,0.0,0.0,3,2,1,396.512878417969,1,19938-135-11-1,50.0,1,3.0,7.0,3.0,1.0,0,0,0,1,1,0,0,1.0,0
19939,3,11,1,1,2,37,4.0,0,2,3, ,1,0.0,8.0,0.0,3,2,1,37.8614120483398,4,19939-3-11-1,37.0,1,3.0,,2.0,1.0,0,1,0,1,1,0,0,1.0,0
19939,73,11,1,1,2,59,5.0,3,4,3,7,1,0.0,0.0,0.0,3,2,1,37.8614120483398,2,19939-73-11-1,59.0,1,3.0,7.0,4.0,1.0,0,0,0,1,1,0,0,1.0,0
19939,85,11,1,1,1,33,6.0,5,4,3,7,1,0.0,8.0,0.0,3,2,1,37.8614120483398,3,19939-85-11-1,33.0,1,3.0,7.0,4.0,1.0,0,1,0,1,1,0,0,1.0,0
19940,4,11,1,1,1,42,7.0,1,1,3, ,1,0.0,8.0,0.0,3,2,1,402.642974853516,4,19940-4-11-1,42.0,1,3.0,,1.0,1.0,0,1,0,1,1,0,0,1.0,0
19940,16,11,1,1,1,39,99.0,99,4,3,7,1,0.0,0.0,0.0,3,2,1,402.642974853516,4,19940-16-11-1,39.0,1,3.0,7.0,4.0,1.0,0,0,0,1,1,0,0,1.0,0
19940,27,11,1,1,2,51,6.0,5,2,3, ,1,0.0,8.0,0.0,3,2,2,402.642974853516,2,19940-27-11-1,51.0,1,3.0,,2.0,1.0,0,1,0,1,1,0,0,1.0,0
19940,84,11,1,1,1,66,4.0,5,2,3, ,1,0.0,8.0,0.0,3,2,1,402.642974853516,4,19940-84-11-1,66.0,1,3.0,,2.0,1.0,0,1,0,1,1,0,0,1.0,0
19940,97,11,1,1,2,43,3.0,0,2,3, ,1,0.0,8.0,0.0,3,2,1,402.642974853516,5,19940-97-11-1,43.0,1,3.0,,2.0,1.0,0,1,0,1,1,0,0,1.0,0
19941,28,11,1,1,2,57,3.0,0,4,3,7,2,0.0,0.0,0.0,3,2,1,37.6664161682129,4,19941-28-11-1,57.0,1,3.0,7.0,4.0,1.0,0,0,0,1,1,0,0,1.0,0
19942,30,11,1,1,1,29,10.0,5,3,1,2,5,0.0,8.0,0.0,3,2,2,37.2270202636719,3,19942-30-11-1,29.0,1,1.0,2.0,3.0,0.0,0,1,1,1,1,0,1,0.0,1
19942,59,11,1,1,1,35,6.0,5,2,2, ,1,0.0,8.0,0.0,3,2,1,37.2270202636719,4,19942-59-11-1,35.0,1,2.0,,2.0,0.0,0,1,0,1,1,0,0,0.0,0
19942,90,11,1,1,2,29,5.0,4,4,3,7,1,0.0,0.0,0.0,3,2,1,37.2270202636719,4,19942-90-11-1,29.0,1,3.0,7.0,4.0,1.0,0,0,0,1,1,0,0,1.0,0
19945,25,11,1,1,1,41,6.0,5,1,2, ,1,0.0,0.0,0.0,3,2, ,91.4872741699219,4,19945-25-11-1,41.0,1,2.0,,1.0,0.0,0,0,0,1,1,0,0,0.0,0
19945,73,11,1,1,1,48,7.0,2,2,3, ,1,0.0,8.0,0.0,3,2,1,91.4872741699219,1,19945-73-11-1,48.0,1,3.0,,2.0,1.0,0,1,0,1,1,0,0,1.0,0
19946,25,11,1,1,1,69,4.0,5,4,1,2,1,0.0,0.0,0.0,3,2,2,81.9341430664063,2,19946-25-11-1,69.0,1,1.0,2.0,4.0,0.0,0,0,0,1,1,0,0,0.0,0
19946,43,11,1,1,2,72,1.0, , , , , ,0.0,0.0,0.0,3,2,1,81.9341430664063,5,19946-43-11-1,72.0,1,,,,0.0,0,0,0,1,1,0,0,0.0,0
19946,62,11,1,1,1,54,9.0,3,3,2,7,2,0.0,0.0,0.0,3,2,1,81.9341430664063,3,19946-62-11-1,54.0,1,2.0,7.0,3.0,1.0,0,0,1,1,1,0,1,1.0,1
19947,55,11,1,1,1,52,6.0,5,3,3,7,1,0.0,0.0,0.0,3,2,1,76.5313110351563,2,19947-55-11-1,52.0,1,3.0,7.0,3.0,1.0,0,0,0,1,1,0,0,1.0,0
19947,73,11,1,1,1,51,6.0,5,4,3,7,1,0.0,0.0,0.0,3,2,1,76.5313110351563,5,19947-73-11-1,51.0,1,3.0,7.0,4.0,1.0,0,0,0,1,1,0,0,1.0,0
19948,24,11,1,1,2,46,6.0,5,2,3, ,1,0.0,8.0,0.0,3,2,1,374.294494628906,2,19948-24-11-1,46.0,1,3.0,,2.0,1.0,0,1,0,1,1,0,0,1.0,0
19948,71,11,1,1,1,48,10.0,5,4,2,7,1,0.0,8.0,0.0,3,2,2,374.294494628906,2,19948-71-11-1,48.0,1,2.0,7.0,4.0,1.0,0,1,0,1,1,0,0,1.0,0
19949,4,11,1,1,2,36,5.0,3,2,3, ,1,0.0,0.0,0.0,3,2,1,403.299835205078,4,19949-4-11-1,36.0,1,3.0,,2.0,1.0,0,0,0,1,1,0,0,1.0,0
19949,19,11,1,1,2,50,4.0,0,2,3, ,1,0.0,8.0,0.0,3,2,1,403.299835205078,3,19949-19-11-1,50.0,1,3.0,,2.0,1.0,0,1,0,1,1,0,0,1.0,0
19949,64,11,1,1,1,58,6.0,5, , , , ,0.0,8.0,0.0,3,2,1,403.299835205078,2,19949-64-11-1,58.0,1,,,,0.0,0,1,0,1,1,0,0,0.0,0
19950,13,11,1,1,1,43,6.0,5,2,3, ,1,0.0,0.0,0.0,3,2,1,396.512878417969,4,19950-13-11-1,43.0,1,3.0,,2.0,1.0,0,0,0,1,1,0,0,1.0,0
19950,32,11,1,1,1,52,6.0,5,4,3,7,1,0.0,0.0,0.0,3,2,1,396.512878417969,1,19950-32-11-1,52.0,1,3.0,7.0,4.0,1.0,0,0,0,1,1,0,0,1.0,0
19950,109,11,1,1,2,62,4.0,5, , , , ,0.0,0.0,0.0,3,2,1,396.512878417969,3,19950-109-11-1,62.0,1,,,,0.0,0,0,0,1,1,0,0,0.0,0
19950,128,11,1,1,1,55,6.0,5,2,3, ,1,0.0,8.0,0.0,3,2,1,396.512878417969,2,19950-128-11-1,55.0,1,3.0,,2.0,1.0,0,1,0,1,1,0,0,1.0,0
19952,15,11,1,1,1,55,4.0,0,2,3, ,1,0.0,0.0,0.0,3,2,1,402.642974853516,2,19952-15-11-1,55.0,1,3.0,,2.0,1.0,0,0,0,1,1,0,0,1.0,0
19952,37,11,1,1,1,51,6.0,5,3,2,7,1,0.0,0.0,0.0,3,2,1,402.642974853516,2,19952-37-11-1,51.0,1,2.0,7.0,3.0,1.0,0,0,0,1,1,0,0,1.0,0
19952,78,11,1,1,1,53,7.0,2,2,3, ,1,0.0,0.0,0.0,3,2,1,402.642974853516,6,19952-78-11-1,53.0,1,3.0,,2.0,1.0,0,0,1,1,1,0,1,1.0,1
19952,99,11,1,1,1,59,6.0,5, , , , ,0.0,0.0,0.0,3,2,1,402.642974853516,2,19952-99-11-1,59.0,1,,,,0.0,0,0,0,1,1,0,0,0.0,0
19952,140,11,1,1,1,43,6.0,5,2,3, ,1,0.0,0.0,0.0,3,2,1,402.642974853516,5,19952-140-11-1,43.0,1,3.0,,2.0,1.0,0,0,0,1,1,0,0,1.0,0
19954,34,11,1,1,2,61,4.0,5,2,3, ,1,0.0,0.0,0.0,3,2,1,37.2270202636719,1,19954-34-11-1,61.0,1,3.0,,2.0,1.0,0,0,0,1,1,0,0,1.0,0
19954,59,11,1,1,2,71,3.0,0, , , , ,0.0,0.0,0.0,3,2,1,37.2270202636719,1,19954-59-11-1,71.0,1,,,,0.0,0,0,0,1,1,0,0,0.0,0
19954,65,11,1,1,2,42,5.0,1,2,3, ,1,0.0,0.0,0.0,3,2,1,37.2270202636719,4,19954-65-11-1,42.0,1,3.0,,2.0,1.0,0,0,0,1,1,0,0,1.0,0
19955,15,11,1,1,1,45,6.0,5,2,2, ,1,0.0,8.0,0.0,3,2,1,37.8614120483398,5,19955-15-11-1,45.0,1,2.0,,2.0,0.0,0,1,1,1,1,0,1,0.0,1
19955,23,11,1,1,1,39,6.0,5,4,1,7,1,0.0,8.0,0.0,3,2,1,37.8614120483398,3,19955-23-11-1,39.0,1,1.0,7.0,4.0,1.0,0,1,0,1,1,0,0,1.0,0
19955,29,11,1,1,2,31,6.0,5, , , , ,0.0,8.0,0.0,3,2,1,37.8614120483398,5,19955-29-11-1,31.0,1,,,,0.0,0,1,0,1,1,0,0,0.0,0
19955,43,11,1,1,1,50,10.0,5,3, ,2,5,0.0,8.0,0.0,3,2,1,37.8614120483398,3,19955-43-11-1,50.0,1,,2.0,3.0,0.0,0,1,0,1,1,0,0,0.0,0
19956,39,11,1,1,1,43,6.0,5,2,3, ,1,0.0,0.0,0.0,3,2,1,39.1590385437012,2,19956-39-11-1,43.0,1,3.0,,2.0,1.0,0,0,1,1,1,0,1,1.0,1
19956,62,11,1,1,2,53,3.0,0,2,3, ,1,0.0,0.0,0.0,3,2,1,39.1590385437012,2,19956-62-11-1,53.0,1,3.0,,2.0,1.0,0,0,0,1,1,0,0,1.0,0
19956,93,11,1,1,1,59,8.0,3,2,3, ,1,0.0,8.0,0.0,3,2,1,39.1590385437012,2,19956-93-11-1,59.0,1,3.0,,2.0,1.0,0,1,0,1,1,0,0,1.0,0
19957,10,11,1,1,1,72,4.0,5, , , , ,0.0,0.0,0.0,3,2,1,7.10971641540527,2,19957-10-11-1,72.0,1,,,,0.0,0,0,0,1,1,0,0,0.0,0
19957,76,11,1,1,1,65,8.0,5, , , , ,0.0,8.0,0.0,3,2,1,7.10971641540527,2,19957-76-11-1,65.0,1,,,,0.0,0,1,0,1,1,0,0,0.0,0
19958,9,11,1,1,2,58,6.0,5,2,3, ,1,0.0,0.0,0.0,3,2,1,67.7467269897461,1,19958-9-11-1,58.0,1,3.0,,2.0,1.0,0,0,0,1,1,0,0,1.0,0
19958,82,22,1,1,2,28,7.0,3, , , , ,0.0,8.0,0.0,3,2,1,67.7467269897461,4,19958-82-22-1,28.0,1,,,,0.0,0,1,0,1,1,0,0,0.0,0
19958,109,11,1,1,1,47,7.0,2,2,3, ,1,0.0,8.0,0.0,3,2,2,67.7467269897461,1,19958-109-11-1,47.0,1,3.0,,2.0,1.0,0,1,0,1,1,0,0,1.0,0
19958,123,11,1,1,1,84,3.0,4, , , , ,0.0,0.0,0.0,3,2,1,67.7467269897461,2,19958-123-11-1,84.0,1,,,,0.0,0,0,0,1,1,0,0,0.0,0
19960,37,11,1,1,1,51,6.0,5,4, ,5,5,0.0,0.0,0.0,3,2,1,13.0441837310791,4,19960-37-11-1,51.0,1,,5.0,4.0,0.0,0,0,0,1,1,0,0,0.0,0
19960,53,11,1,1,1,45,10.0,5,3,1,5,1,0.0,8.0,0.0,3,2,1,13.0441837310791,3,19960-53-11-1,45.0,1,1.0,5.0,3.0,0.0,0,1,1,1,1,0,1,0.0,1
19960,134,11,1,1,1,64,10.0,5, , , , ,0.0,8.0,0.0,3,2,1,13.0441837310791,3,19960-134-11-1,64.0,1,,,,0.0,0,1,0,1,1,0,0,0.0,0
19961,25,11,1,1,2,57,3.0,1,2,3, ,1,0.0,0.0,0.0,3,2,1,403.299835205078,2,19961-25-11-1,57.0,1,3.0,,2.0,1.0,0,0,0,1,1,0,0,1.0,0
19961,76,11,1,1,2,64,3.0,2, , , , ,0.0,0.0,0.0,3,2,1,403.299835205078,4,19961-76-11-1,64.0,1,,,,0.0,0,0,0,1,1,0,0,0.0,0
19961,111,11,1,1,2,57,3.0,0,2,3, ,1,0.0,0.0,0.0,3,2,1,403.299835205078,5,19961-111-11-1,57.0,1,3.0,,2.0,1.0,0,0,0,1,1,0,0,1.0,0
19961,143,12,1,1,1,69,4.0,5,1,3, ,1,0.0,0.0,0.0,3,2,1,403.299835205078,3,19961-143-12-1,69.0,1,3.0,,1.0,1.0,0,0,0,1,1,0,0,1.0,0
19962,16,11,1,1,2,42,6.0,5, , , , ,0.0,8.0,0.0,3,2,1,102.041748046875,3,19962-16-11-1,42.0,1,,,,0.0,0,1,0,1,1,0,0,0.0,0
19962,35,11,1,1,2,34,6.0,5,3,3,7,1,0.0,0.0,0.0,3,2,1,102.041748046875,3,19962-35-11-1,34.0,1,3.0,7.0,3.0,1.0,0,0,0,1,1,0,0,1.0,0
19962,150,11,1,1,1,56,5.0,2,2,3, ,1,0.0,0.0,0.0,3,2,1,102.041748046875,2,19962-150-11-1,56.0,1,3.0,,2.0,1.0,0,0,0,1,1,0,0,1.0,0
19962,168,11,1,1,2,69,6.0,5, , , , ,0.0,0.0,0.0,3,2,1,102.041748046875,1,19962-168-11-1,69.0,1,,,,0.0,0,0,0,1,1,0,0,0.0,0
19963,29,11,1,1,1,53,7.0,1,2,3, ,1,0.0,0.0,0.0,3,2,1,37.8614120483398,2,19963-29-11-1,53.0,1,3.0,,2.0,1.0,0,0,1,1,1,0,1,1.0,1
19963,72,11,1,1,1,46,7.0,1,4,2,7,1,0.0,8.0,0.0,3,2,1,37.8614120483398,3,19963-72-11-1,46.0,1,2.0,7.0,4.0,1.0,0,1,0,1,1,0,0,1.0,0
19963,94,11,1,1,2,46,4.0,0,2,3, ,1,0.0,0.0,0.0,3,2,1,37.8614120483398,3,19963-94-11-1,46.0,1,3.0,,2.0,1.0,0,0,0,1,1,0,0,1.0,0
19963,138,11,1,1,2,41,5.0,2,6, ,7,1,0.0,0.0,0.0,3,2,1,37.8614120483398,3,19963-138-11-1,41.0,1,,7.0,6.0,1.0,0,0,0,1,1,0,0,1.0,0
19965,75,11,1,1,2,44,5.0,1,2,3, ,1,0.0,0.0,0.0,3,2,1,39.1590385437012,2,19965-75-11-1,44.0,1,3.0,,2.0,1.0,0,0,0,1,1,0,0,1.0,0
19965,85,11,1,1,1,43,10.0,5,3, , , ,0.0,8.0,0.0,3,2,1,39.1590385437012,1,19965-85-11-1,43.0,1,,,3.0,0.0,0,1,1,1,1,0,1,0.0,1
19966,16,11,1,1,1,31,6.0,5,4,1,7,1,0.0,8.0,0.0,3,2,1,37.6664161682129,5,19966-16-11-1,31.0,1,1.0,7.0,4.0,1.0,0,1,0,1,1,0,0,1.0,0
19966,39,11,1,1,1,54,6.0,5,4,1,2,4,0.0,0.0,0.0,3,2,1,37.6664161682129,4,19966-39-11-1,54.0,1,1.0,2.0,4.0,0.0,0,0,0,1,1,0,0,0.0,0
19967,14,11,1,1,1,57,6.0,5,2,3, ,1,0.0,0.0,0.0,3,2,1,39.1590385437012,1,19967-14-11-1,57.0,1,3.0,,2.0,1.0,0,0,0,1,1,0,0,1.0,0
19967,112,11,1,1,2,29,4.0,0, , , , ,0.0,8.0,0.0,3,2,1,39.1590385437012,6,19967-112-11-1,29.0,1,,,,0.0,0,1,0,1,1,0,0,0.0,0
19970,17,11,1,1,1,79,3.0,1, , , , ,0.0,0.0,0.0,3,2, ,91.4872741699219,4,19970-17-11-1,79.0,1,,,,0.0,0,0,0,1,1,0,0,0.0,0
19970,46,11,1,1,2,71,4.0,5, , , , ,0.0,0.0,0.0,3,2, ,91.4872741699219,4,19970-46-11-1,71.0,1,,,,0.0,0,0,0,1,1,0,0,0.0,0
19970,65,11,1,1,2,49,10.0,5,2,2, ,1,0.0,8.0,0.0,3,2, ,91.4872741699219,4,19970-65-11-1,49.0,1,2.0,,2.0,0.0,0,1,1,1,1,0,1,0.0,1
19971,21,11,1,1,1,60,9.0,1,4,1,2,2,0.0,0.0,0.0,3,2, ,67.7467269897461,4,19971-21-11-1,60.0,1,1.0,2.0,4.0,0.0,0,0,0,1,1,0,0,0.0,0
19971,39,11,1,1,2,79,3.0,1, , , , ,0.0,0.0,0.0,3,2, ,67.7467269897461,3,19971-39-11-1,79.0,1,,,,0.0,0,0,0,1,1,0,0,0.0,0
19971,59,11,1,1,2,70,6.0,5, , , , ,0.0,0.0,0.0,3,2, ,67.7467269897461,2,19971-59-11-1,70.0,1,,,,0.0,0,0,0,1,1,0,0,0.0,0
19971,130,11,1,1,2,48,10.0,5,3, ,2,5,0.0,0.0,0.0,3,2, ,67.7467269897461,3,19971-130-11-1,48.0,1,,2.0,3.0,0.0,0,0,0,1,1,0,0,0.0,0
19971,195,11,1,1,2,76,4.0,5, , , , ,0.0,0.0,0.0,3,2, ,67.7467269897461,2,19971-195-11-1,76.0,1,,,,0.0,0,0,0,1,1,0,0,0.0,0
19972,36,11,1,1,1,77,5.0,1,2,3, ,1,0.0,0.0,0.0,3,2, ,6.39731502532959,3,19972-36-11-1,77.0,1,3.0,,2.0,1.0,0,0,0,1,1,0,0,1.0,0
19972,46,11,1,1,2,44,9.0,2, , , , ,0.0,8.0,0.0,3,2, ,6.39731502532959,5,19972-46-11-1,44.0,1,,,,0.0,0,1,0,1,1,0,0,0.0,0
19972,62,11,1,1,2,45,6.0,5,2,3, ,1,0.0,0.0,0.0,3,2, ,6.39731502532959,3,19972-62-11-1,45.0,1,3.0,,2.0,1.0,0,0,0,1,1,0,0,1.0,0
19972,119,11,1,1,2,49,10.0,5,2,2, ,1,0.0,8.0,0.0,3,2, ,6.39731502532959,2,19972-119-11-1,49.0,1,2.0,,2.0,0.0,0,1,0,1,1,0,0,0.0,0
19973,26,11,1,1,1,60,6.0,5,4,1,1,4,0.0,8.0,0.0,3,2, ,7.39355611801147,3,19973-26-11-1,60.0,1,1.0,1.0,4.0,0.0,0,1,1,1,1,0,1,0.0,1
19973,80,11,1,1,1,43,8.0,3, , , , ,0.0,8.0,0.0,3,2, ,7.39355611801147,5,19973-80-11-1,43.0,1,,,,0.0,0,1,0,1,1,0,0,0.0,0
19973,97,11,1,1,2,61,11.0,2,3, ,1,5,0.0,0.0,0.0,3,2, ,7.39355611801147,2,19973-97-11-1,61.0,1,,1.0,3.0,0.0,0,0,0,1,1,0,0,0.0,0
19973,110,11,1,1,1,59,10.0,5,3, ,2,5,0.0,0.0,0.0,3,2, ,7.39355611801147,3,19973-110-11-1,59.0,1,,2.0,3.0,0.0,0,0,0,1,1,0,0,0.0,0
19973,131,11,1,1,2,42,8.0,3,2,2, ,1,0.0,8.0,0.0,3,2, ,7.39355611801147,4,19973-131-11-1,42.0,1,2.0,,2.0,0.0,0,1,1,1,1,0,1,0.0,1
19973,148,11,1,1,1,76,11.0,2, , , , ,0.0,0.0,0.0,3,2, ,7.39355611801147,3,19973-148-11-1,76.0,1,,,,0.0,0,0,0,1,1,0,0,0.0,0
19973,181,11,1,1,1,35,7.0,1,4,3,7,1,0.0,8.0,0.0,3,2, ,7.39355611801147,5,19973-181-11-1,35.0,1,3.0,7.0,4.0,1.0,0,1,0,1,1,0,0,1.0,0
19975,29,11,1,1,2,75,1.0, , , , , ,0.0,0.0,0.0,3,2, ,109.24552154541,1,19975-29-11-1,75.0,1,,,,0.0,0,0,0,1,1,0,0,0.0,0
19975,41,11,1,1,1,69,3.0,2, , , , ,0.0,0.0,0.0,3,2, ,109.24552154541,2,19975-41-11-1,69.0,1,,,,0.0,0,0,0,1,1,0,0,0.0,0
19975,70,12,1,1,2,23,8.0,3, , , , ,0.0,8.0,0.0,3,2, ,109.24552154541,2,19975-70-12-1,23.0,1,,,,0.0,0,1,0,1,1,0,0,0.0,0
19975,88,11,1,1,1,43,8.0,3,1,3, ,1,0.0,8.0,0.0,3,2, ,109.24552154541,1,19975-88-11-1,43.0,1,3.0,,1.0,1.0,0,1,0,1,1,0,0,1.0,0
19975,101,11,1,1,1,78,3.0,3, , , , ,0.0,0.0,0.0,3,2, ,109.24552154541,5,19975-101-11-1,78.0,1,,,,0.0,0,0,0,1,1,0,0,0.0,0
19976,5,11,1,1,2,44,6.0,5,4,2,7,1,0.0,8.0,0.0,3,2, ,402.642974853516,3,19976-5-11-1,44.0,1,2.0,7.0,4.0,1.0,0,1,0,1,1,0,0,1.0,0
19976,96,11,1,1,1,74,3.0,3, , , , ,0.0,0.0,0.0,3,2, ,402.642974853516,2,19976-96-11-1,74.0,1,,,,0.0,0,0,0,1,1,0,0,0.0,0
19976,133,11,1,1,2,34,6.0,5, , , , ,0.0,8.0,0.0,3,2, ,402.642974853516,5,19976-133-11-1,34.0,1,,,,0.0,0,1,0,1,1,0,0,0.0,0
19977,28,11,1,1,2,66,4.0,5, , , , ,0.0,0.0,0.0,3,2, ,102.041748046875,8,19977-28-11-1,66.0,1,,,,0.0,0,0,0,1,1,0,0,0.0,0
19977,42,11,1,1,1,71,4.0,5,4,3,7,1,0.0,0.0,0.0,3,2, ,102.041748046875,4,19977-42-11-1,71.0,1,3.0,7.0,4.0,1.0,0,0,0,1,1,0,0,1.0,0
19977,93,11,1,1,2,55,3.0,0,3,3,7,1,0.0,0.0,0.0,3,2, ,102.041748046875,2,19977-93-11-1,55.0,1,3.0,7.0,3.0,1.0,0,0,0,1,1,0,0,1.0,0
19977,109,11,1,1,2,64,4.0,5,1,3, ,1,0.0,8.0,0.0,3,2, ,102.041748046875,2,19977-109-11-1,64.0,1,3.0,,1.0,1.0,0,1,0,1,1,0,0,1.0,0
19978,24,11,1,1,2,72,1.0, , , , , ,0.0,0.0,0.0,3,2, ,39.1590385437012,3,19978-24-11-1,72.0,1,,,,0.0,0,0,0,1,1,0,0,0.0,0
19978,42,11,1,1,1,60,6.0,5, , , , ,0.0,0.0,0.0,3,2, ,39.1590385437012,3,19978-42-11-1,60.0,1,,,,0.0,0,0,0,1,1,0,0,0.0,0
19978,63,11,1,1,1,43,6.0,5,2,3, ,1,0.0,8.0,0.0,3,2, ,39.1590385437012,5,19978-63-11-1,43.0,1,3.0,,2.0,1.0,0,1,0,1,1,0,0,1.0,0
19978,119,11,1,1,2,51,3.0,0, , , , ,0.0,0.0,0.0,3,2, ,39.1590385437012,3,19978-119-11-1,51.0,1,,,,0.0,0,0,0,1,1,0,0,0.0,0
19980,14,11,1,1,2,31,6.0,5,2,3, ,1,0.0,8.0,0.0,3,2, ,37.8614120483398,3,19980-14-11-1,31.0,1,3.0,,2.0,1.0,0,1,1,1,1,0,1,1.0,1
19980,26,11,1,1,2,44,3.0,0, , , , ,0.0,0.0,0.0,3,2, ,37.8614120483398,6,19980-26-11-1,44.0,1,,,,0.0,0,0,0,1,1,0,0,0.0,0
19980,86,11,1,1,1,37,5.0,4,2,3, ,1,0.0,0.0,0.0,3,2, ,37.8614120483398,2,19980-86-11-1,37.0,1,3.0,,2.0,1.0,0,0,1,1,1,0,1,1.0,1
19980,101,11,1,1,2,83,1.0, ,2,3, ,1,0.0,0.0,0.0,3,2, ,37.8614120483398,1,19980-101-11-1,83.0,1,3.0,,2.0,1.0,0,0,0,1,1,0,0,1.0,0
19981,9,11,1,1,2,53,6.0,5,3,3,7,1,0.0,8.0,0.0,3,2, ,37.2270202636719,3,19981-9-11-1,53.0,1,3.0,7.0,3.0,1.0,0,1,0,1,1,0,0,1.0,0
19981,16,11,1,1,2,43,6.0,5,4,3,7,1,0.0,8.0,0.0,3,2, ,37.2270202636719,3,19981-16-11-1,43.0,1,3.0,7.0,4.0,1.0,0,1,0,1,1,0,0,1.0,0
19981,27,11,1,1,1,49,8.0,3, , , , ,0.0,0.0,0.0,3,2, ,37.2270202636719,2,19981-27-11-1,49.0,1,,,,0.0,0,0,0,1,1,0,0,0.0,0
19981,37,11,1,1,1,23,8.0,3,3,3,7,1,0.0,8.0,0.0,3,2, ,37.2270202636719,1,19981-37-11-1,23.0,1,3.0,7.0,3.0,1.0,0,1,0,1,1,0,0,1.0,0
19981,44,11,1,1,1,36,6.0,5,2,3, ,1,0.0,0.0,0.0,3,2, ,37.2270202636719,3,19981-44-11-1,36.0,1,3.0,,2.0,1.0,0,0,0,1,1,0,0,1.0,0
19982,19,11,1,1,1,43,6.0,5,2,3, ,1,0.0,0.0,0.0,3,2, ,37.6664161682129,5,19982-19-11-1,43.0,1,3.0,,2.0,1.0,0,0,0,1,1,0,0,1.0,0
19982,34,11,1,1,2,51,6.0,5, , , , ,0.0,0.0,0.0,3,2, ,37.6664161682129,2,19982-34-11-1,51.0,1,,,,0.0,0,0,0,1,1,0,0,0.0,0
19982,43,11,1,1,2,37,6.0,5,2,3, ,1,0.0,8.0,0.0,3,2, ,37.6664161682129,3,19982-43-11-1,37.0,1,3.0,,2.0,1.0,0,1,0,1,1,0,0,1.0,0
19986,10,11,1,1,2,35,7.0,1,3, ,5,5,0.0,0.0,0.0,3,5,1,37.6664161682129,4,19986-10-11-1,35.0,1,,5.0,3.0,0.0,0,0,0,1,1,0,0,0.0,0
19986,90,11,1,1,1,35,10.0,5,3, ,2,5,0.0,0.0,0.0,3,5,1,37.6664161682129,1,19986-90-11-1,35.0,1,,2.0,3.0,0.0,0,0,0,1,1,0,0,0.0,0
19986,127,11,1,1,2,54,9.0,3,3,3,7,1,0.0,8.0,0.0,3,5,1,37.6664161682129,4,19986-127-11-1,54.0,1,3.0,7.0,3.0,1.0,0,1,0,1,1,0,0,1.0,0
19987,7,11,1,1,2,58,4.0,5,1,3, ,1,0.0,0.0,0.0,3,5, ,39.1590385437012,2,19987-7-11-1,58.0,1,3.0,,1.0,1.0,0,0,0,1,1,0,0,1.0,0
19987,26,11,1,1,2,46,5.0,2,2,3, ,1,0.0,0.0,0.0,3,5, ,39.1590385437012,3,19987-26-11-1,46.0,1,3.0,,2.0,1.0,0,0,0,1,1,0,0,1.0,0
19987,36,11,1,1,2,38,6.0,5,1,3, ,1,0.0,8.0,0.0,3,5, ,39.1590385437012,3,19987-36-11-1,38.0,1,3.0,,1.0,1.0,0,1,1,1,1,0,1,1.0,1
19987,44,11,1,1,2,53,8.0,3,3, ,1,5,0.0,8.0,0.0,3,5, ,39.1590385437012,3,19987-44-11-1,53.0,1,,1.0,3.0,0.0,0,1,0,1,1,0,0,0.0,0
19987,65,11,1,1,2,71,4.0,5,2,3, ,1,0.0,0.0,0.0,3,5, ,39.1590385437012,3,19987-65-11-1,71.0,1,3.0,,2.0,1.0,0,0,0,1,1,0,0,1.0,0
19987,76,11,1,1,1,67,9.0,4,2,3, ,1,0.0,8.0,0.0,3,5, ,39.1590385437012,1,19987-76-11-1,67.0,1,3.0,,2.0,1.0,0,1,0,1,1,0,0,1.0,0
19992,12,11,1,1,2,77,3.0,2, , , , ,0.0,0.0,0.0,3,5,1,37.2270202636719,1,19992-12-11-1,77.0,1,,,,0.0,0,0,0,1,1,0,0,0.0,0
19992,30,11,1,1,2,68,3.0,0,2,3, ,1,0.0,0.0,0.0,3,5,1,37.2270202636719,1,19992-30-11-1,68.0,1,3.0,,2.0,1.0,0,0,0,1,1,0,0,1.0,0
19992,50,11,1,1,2,68,5.0,2, , , , ,0.0,0.0,0.0,3,5,1,37.2270202636719,1,19992-50-11-1,68.0,1,,,,0.0,0,0,0,1,1,0,0,0.0,0
19992,59,11,1,1,2,35,7.0,2,2,2, ,1,0.0,0.0,0.0,3,5,1,37.2270202636719,3,19992-59-11-1,35.0,1,2.0,,2.0,0.0,0,0,0,1,1,0,0,0.0,0
19997,23,11,1,1,1,45,4.0,0,2,3, ,1,0.0,0.0,0.0,3,5,1,37.8614120483398,5,19997-23-11-1,45.0,1,3.0,,2.0,1.0,0,0,0,1,1,0,0,1.0,0
19997,74,11,1,1,2,68,5.0,1, , , , ,0.0,0.0,0.0,3,5,1,37.8614120483398,1,19997-74-11-1,68.0,1,,,,0.0,0,0,0,1,1,0,0,0.0,0
19997,84,11,1,1,1,54,6.0,5,4,3,7,1,0.0,0.0,0.0,3,5,1,37.8614120483398,1,19997-84-11-1,54.0,1,3.0,7.0,4.0,1.0,0,0,1,1,1,0,1,1.0,1
19997,91,11,1,1,2,72,1.0, , , , , ,0.0,0.0,0.0,3,5,1,37.8614120483398,1,19997-91-11-1,72.0,1,,,,0.0,0,0,0,1,1,0,0,0.0,0
20005,10,11,1,1,2,38,8.0,3,4,3,7,1,0.0,0.0,0.0,6,5,1,96.5937805175781,3,20005-10-11-1,38.0,1,3.0,7.0,4.0,1.0,0,0,0,1,1,0,0,1.0,0
20005,78,11,1,1,1,46,3.0,0,4,3,7,1,0.0,0.0,0.0,6,5,1,96.5937805175781,1,20005-78-11-1,46.0,1,3.0,7.0,4.0,1.0,0,0,0,1,1,0,0,1.0,0
20005,130,11,1,1,1,58,3.0,4,4,3,7,1,0.0,0.0,0.0,6,5,1,96.5937805175781,1,20005-130-11-1,58.0,1,3.0,7.0,4.0,1.0,0,0,0,1,1,0,0,1.0,0
20006,10,11,1,1,2,57,4.0,0, , , , ,0.0,0.0,0.0,6,5, ,96.5937805175781,5,20006-10-11-1,57.0,1,,,,0.0,0,0,0,1,1,0,0,0.0,0
20006,37,11,1,1,2,37,6.0,5, , , , ,0.0,8.0,0.0,6,5, ,96.5937805175781,3,20006-37-11-1,37.0,1,,,,0.0,0,1,0,1,1,0,0,0.0,0
20006,48,11,1,1,2,68,4.0,5,5,3,7,1,0.0,0.0,0.0,6,5, ,96.5937805175781,2,20006-48-11-1,68.0,1,3.0,7.0,5.0,1.0,0,0,0,1,1,0,0,1.0,0
20006,75,11,1,1,2,55,3.0,0,2,3, ,1,0.0,0.0,0.0,6,5, ,96.5937805175781,4,20006-75-11-1,55.0,1,3.0,,2.0,1.0,0,0,0,1,1,0,0,1.0,0
20006,106,11,1,1,1,48,5.0,3,2,3, ,1,0.0,0.0,0.0,6,5, ,96.5937805175781,2,20006-106-11-1,48.0,1,3.0,,2.0,1.0,0,0,0,1,1,0,0,1.0,0
20008,23,11,1,1,1,34,6.0,5, , , , ,0.0,0.0,0.0,3,7,1,59.435863494873,4,20008-23-11-1,34.0,1,,,,0.0,0,0,1,1,1,0,1,0.0,1
20008,67,11,1,1,2,26,10.0,5,3,1,2,5,0.0,8.0,0.0,3,7,1,59.435863494873,2,20008-67-11-1,26.0,1,1.0,2.0,3.0,0.0,0,1,1,1,1,0,1,0.0,1
20008,68,11,1,1,1,85,6.0,5,2,3, ,1,0.0,0.0,0.0,3,7,1,59.435863494873,2,20008-68-11-1,85.0,1,3.0,,2.0,1.0,0,0,0,1,1,0,0,1.0,0
20012,42,11,1,1,1,53,5.0,1,2,3, ,1,0.0,0.0,0.0,3,7, ,96.753044128418,3,20012-42-11-1,53.0,1,3.0,,2.0,1.0,0,0,0,1,1,0,0,1.0,0
20012,43,11,1,1,2,86,3.0,2, , , , ,0.0,0.0,0.0,3,7, ,96.753044128418,1,20012-43-11-1,86.0,1,,,,0.0,0,0,0,1,1,0,0,0.0,0
20012,205,11,1,1,1,40,6.0,5,2,3, ,1,0.0,0.0,0.0,3,7, ,96.753044128418,3,20012-205-11-1,40.0,1,3.0,,2.0,1.0,0,0,0,1,1,0,0,1.0,0
20012,207,11,1,1,1,45,6.0,5,4, ,5,5,0.0,0.0,0.0,3,7, ,96.753044128418,1,20012-207-11-1,45.0,1,,5.0,4.0,0.0,0,0,0,1,1,0,0,0.0,0
20012,208,11,1,1,1,53,6.0,5,2,3, ,1,0.0,0.0,0.0,3,7, ,96.753044128418,5,20012-208-11-1,53.0,1,3.0,,2.0,1.0,0,0,0,1,1,0,0,1.0,0
20021,85,11,1,1,1,51,3.0,0, , , , ,0.0,0.0,0.0,3,7, ,71.1603775024414,3,20021-85-11-1,51.0,1,,,,0.0,0,0,1,1,1,0,1,0.0,1
20021,86,11,1,1,1,44,8.0,3,4,3,7,1,0.0,0.0,0.0,3,7, ,71.1603775024414,1,20021-86-11-1,44.0,1,3.0,7.0,4.0,1.0,0,0,0,1,1,0,0,1.0,0
20021,88,11,1,1,1,61,4.0,6,4,3,7,1,0.0,0.0,0.0,3,7, ,71.1603775024414,1,20021-88-11-1,61.0,1,3.0,7.0,4.0,1.0,0,0,0,1,1,0,0,1.0,0
20021,216,11,1,1,1,32,5.0,3,2,3, ,1,0.0,0.0,0.0,3,7, ,71.1603775024414,4,20021-216-11-1,32.0,1,3.0,,2.0,1.0,0,0,0,1,1,0,0,1.0,0
20021,217,11,1,1,1,34,6.0,5,2,3, ,1,0.0,8.0,0.0,3,7, ,71.1603775024414,6,20021-217-11-1,34.0,1,3.0,,2.0,1.0,0,1,0,1,1,0,0,1.0,0
20021,218,11,1,1,1,39,6.0,5,2,3, ,1,0.0,0.0,0.0,3,7, ,71.1603775024414,4,20021-218-11-1,39.0,1,3.0,,2.0,1.0,0,0,0,1,1,0,0,1.0,0
20021,219,11,1,1,2,37,3.0,0,4,3,7,2,0.0,8.0,0.0,3,7, ,71.1603775024414,4,20021-219-11-1,37.0,1,3.0,7.0,4.0,1.0,0,1,0,1,1,0,0,1.0,0
20021,220,11,1,1,1,45,7.0,2,4,3,7,1,0.0,8.0,0.0,3,7, ,71.1603775024414,3,20021-220-11-1,45.0,1,3.0,7.0,4.0,1.0,0,1,0,1,1,0,0,1.0,0
20024,10,11,1,1,1,44,6.0,5,2,3, ,1,0.0,0.0,0.0,3,6,1,38.9397811889648,5,20024-10-11-1,44.0,1,3.0,,2.0,1.0,0,0,0,1,1,0,0,1.0,0
20024,40,11,1,1,2,50,5.0,3,1,2, ,1,0.0,8.0,0.0,3,6,1,38.9397811889648,6,20024-40-11-1,50.0,1,2.0,,1.0,0.0,0,1,0,1,1,0,0,0.0,0
20024,80,11,1,1,1,39,5.0,4,4,3,7,1,0.0,0.0,0.0,3,6,1,38.9397811889648,5,20024-80-11-1,39.0,1,3.0,7.0,4.0,1.0,0,0,0,1,1,0,0,1.0,0
20024,90,11,1,1,1,28,8.0,3,4,1,2,5,0.0,8.0,0.0,3,6,1,38.9397811889648,3,20024-90-11-1,28.0,1,1.0,2.0,4.0,0.0,0,1,0,1,1,0,0,0.0,0
20025,9,11,1,1,1,68,3.0,1, , , , ,0.0,0.0,0.0,3,7,1,38.9397811889648,1,20025-9-11-1,68.0,1,,,,0.0,0,0,0,1,1,0,0,0.0,0
20025,10,11,1,1,1,46,6.0,5,3, ,5,5,0.0,0.0,0.0,3,7,1,38.9397811889648,1,20025-10-11-1,46.0,1,,5.0,3.0,0.0,0,0,0,1,1,0,0,0.0,0
20029,29,11,1,1,1,23,6.0,5,4,3,7,1,0.0,8.0,0.0,3,7,1,33.7579002380371,1,20029-29-11-1,23.0,1,3.0,7.0,4.0,1.0,0,1,0,1,1,0,0,1.0,0
20029,31,11,1,1,1,38,6.0,5,2,3, ,1,0.0,0.0,0.0,3,7,2,33.7579002380371,2,20029-31-11-1,38.0,1,3.0,,2.0,1.0,0,0,0,1,1,0,0,1.0,0
20029,32,11,1,1,1,71,3.0,0,4,3,7,1,0.0,0.0,0.0,3,7,1,33.7579002380371,1,20029-32-11-1,71.0,1,3.0,7.0,4.0,1.0,0,0,0,1,1,0,0,1.0,0
20029,359,11,1,1,2,59,6.0,5,2,3, ,1,0.0,0.0,0.0,3,7,1,33.7579002380371,2,20029-359-11-1,59.0,1,3.0,,2.0,1.0,0,0,0,1,1,0,0,1.0,0
20030,46,11,1,1,1,80,4.0,5,2,3, ,1,0.0,0.0,0.0,3,7,1,35.9491271972656,2,20030-46-11-1,80.0,1,3.0,,2.0,1.0,0,0,0,1,1,0,0,1.0,0
20030,47,11,1,1,2,54,5.0,2,2,3, ,1,0.0,8.0,0.0,3,7,1,35.9491271972656,2,20030-47-11-1,54.0,1,3.0,,2.0,1.0,0,1,0,1,1,0,0,1.0,0
20030,128,11,1,1,2,42,5.0,2,2,3, ,1,0.0,0.0,0.0,3,7,1,35.9491271972656,3,20030-128-11-1,42.0,1,3.0,,2.0,1.0,0,0,1,1,1,0,1,1.0,1
20030,131,11,1,1,1,60,4.0,5,2,3, ,1,0.0,0.0,0.0,3,7,1,35.9491271972656,2,20030-131-11-1,60.0,1,3.0,,2.0,1.0,0,0,1,1,1,0,1,1.0,1
20030,137,11,1,1,2,34,6.0,5,4,3,7,1,0.0,8.0,0.0,3,7,1,35.9491271972656,2,20030-137-11-1,34.0,1,3.0,7.0,4.0,1.0,0,1,0,1,1,0,0,1.0,0
20030,138,11,1,1,1,42,6.0,5,4,3,7,1,0.0,8.0,0.0,3,7,1,35.9491271972656,1,20030-138-11-1,42.0,1,3.0,7.0,4.0,1.0,0,1,0,1,1,0,0,1.0,0
20030,139,11,1,1,1,83,3.0,1,4,3,7,1,0.0,0.0,0.0,3,7,1,35.9491271972656,1,20030-139-11-1,83.0,1,3.0,7.0,4.0,1.0,0,0,0,1,1,0,0,1.0,0
20031,24,11,1,1,1,74,3.0,3,4,3,7,1,0.0,8.0,0.0,3,6, ,33.7579002380371,1,20031-24-11-1,74.0,1,3.0,7.0,4.0,1.0,0,1,0,1,1,0,0,1.0,0
20031,124,11,1,1,1,35,6.0,5,4,3,7,1,0.0,8.0,0.0,3,6, ,33.7579002380371,2,20031-124-11-1,35.0,1,3.0,7.0,4.0,1.0,0,1,0,1,1,0,0,1.0,0
20031,157,11,1,1,1,58,3.0,4,4,3,7,1,0.0,0.0,0.0,3,6, ,33.7579002380371,4,20031-157-11-1,58.0,1,3.0,7.0,4.0,1.0,0,0,0,1,1,0,0,1.0,0
20031,175,11,1,1,2,44,3.0,0,4,3,7,1,0.0,0.0,0.0,3,6, ,33.7579002380371,4,20031-175-11-1,44.0,1,3.0,7.0,4.0,1.0,0,0,0,1,1,0,0,1.0,0
20031,212,11,1,1,2,31,6.0,5,4, ,7,5,0.0,0.0,0.0,3,6, ,33.7579002380371,2,20031-212-11-1,31.0,1,,7.0,4.0,1.0,0,0,0,1,1,0,0,1.0,0
20034,7,11,1,1,1,70,3.0,2,2,3, ,1,0.0,0.0,0.0,6,6, ,114.69913482666,2,20034-7-11-1,70.0,1,3.0,,2.0,1.0,0,0,0,1,1,0,0,1.0,0
20034,30,11,1,1,1,70,3.0,4,2,3, ,1,0.0,0.0,0.0,6,6, ,114.69913482666,2,20034-30-11-1,70.0,1,3.0,,2.0,1.0,0,0,0,1,1,0,0,1.0,0
20034,43,11,1,1,1,67,4.0,5, , , , ,0.0,0.0,0.0,6,6, ,114.69913482666,2,20034-43-11-1,67.0,1,,,,0.0,0,0,0,1,1,0,0,0.0,0
20034,56,11,1,1,1,50,3.0,0,4,3,7,1,0.0,0.0,0.0,6,6, ,114.69913482666,3,20034-56-11-1,50.0,1,3.0,7.0,4.0,1.0,0,0,0,1,1,0,0,1.0,0
20034,82,11,1,1,1,40,6.0,5,3, ,5,5,0.0,8.0,0.0,6,6, ,114.69913482666,2,20034-82-11-1,40.0,1,,5.0,3.0,0.0,0,1,0,1,1,0,0,0.0,0
20034,107,11,1,1,1,62,5.0,2,2,3, ,1,0.0,0.0,0.0,6,6, ,114.69913482666,5,20034-107-11-1,62.0,1,3.0,,2.0,1.0,0,0,0,1,1,0,0,1.0,0
20040,7,11,1,1,2,54,4.0,0,4,3,7,1,0.0,0.0,0.0,6,6,1,140.455703735352,4,20040-7-11-1,54.0,1,3.0,7.0,4.0,1.0,0,0,0,1,1,0,0,1.0,0
20040,21,11,1,1,1,60,6.0,5,5,3,7,1,0.0,0.0,0.0,6,6,1,140.455703735352,2,20040-21-11-1,60.0,1,3.0,7.0,5.0,1.0,0,0,0,1,1,0,0,1.0,0
20040,62,11,1,1,2,35,6.0,5,4, ,2,5,0.0,8.0,0.0,6,6,1,140.455703735352,3,20040-62-11-1,35.0,1,,2.0,4.0,0.0,0,1,0,1,1,0,0,0.0,0
20040,143,11,1,1,1,51,4.0,0,4,3,7,1,0.0,0.0,0.0,6,6,1,140.455703735352,1,20040-143-11-1,51.0,1,3.0,7.0,4.0,1.0,0,0,0,1,1,0,0,1.0,0
20040,157,11,1,1,1,41,6.0,5, , , , ,0.0,0.0,0.0,6,6,1,140.455703735352,4,20040-157-11-1,41.0,1,,,,0.0,0,0,0,1,1,0,0,0.0,0
20041,11,11,1,1,2,90,3.0,3,2,3, ,1,0.0,0.0,0.0,6,6,1,123.075790405273,1,20041-11-11-1,90.0,1,3.0,,2.0,1.0,0,0,0,1,1,0,0,1.0,0
20041,43,11,1,1,2,45,3.0,0,2,3, ,1,0.0,0.0,0.0,6,6,1,123.075790405273,5,20041-43-11-1,45.0,1,3.0,,2.0,1.0,0,0,0,1,1,0,0,1.0,0
20041,65,11,1,1,2,85,1.0, ,2,3, ,1,0.0,0.0,0.0,6,6,1,123.075790405273,2,20041-65-11-1,85.0,1,3.0,,2.0,1.0,0,0,0,1,1,0,0,1.0,0
20041,87,11,1,1,2,74,3.0,3,1,3, ,1,0.0,0.0,0.0,6,6,1,123.075790405273,2,20041-87-11-1,74.0,1,3.0,,1.0,1.0,0,0,0,1,1,0,0,1.0,0
20041,99,11,1,1,1,75,6.0,5,2,3, ,1,0.0,0.0,0.0,6,6,1,123.075790405273,1,20041-99-11-1,75.0,1,3.0,,2.0,1.0,0,0,0,1,1,0,0,1.0,0
20041,121,11,1,1,1,80,6.0,5, , , , ,0.0,0.0,0.0,6,6,1,123.075790405273,2,20041-121-11-1,80.0,1,,,,0.0,0,0,0,1,1,0,0,0.0,0
20055,22,11,1,1,1,44,8.0,3,3,2,2,1,0.0,8.0,0.0,1,3,1,156.323059082031,4,20055-22-11-1,44.0,1,2.0,2.0,3.0,0.0,0,1,0,1,1,0,0,0.0,0
20055,43,11,1,1,1,39,7.0,1,2,3, ,1,0.0,0.0,0.0,1,3,1,156.323059082031,6,20055-43-11-1,39.0,1,3.0,,2.0,1.0,0,0,0,1,1,0,0,1.0,0
20055,63,11,1,1,2,71,4.0,5, , , , ,0.0,0.0,0.0,1,3,1,156.323059082031,7,20055-63-11-1,71.0,1,,,,0.0,0,0,0,1,1,0,0,0.0,0
20055,106,11,1,1,1,50,5.0,3,4,3,7,1,0.0,0.0,0.0,1,3,1,156.323059082031,4,20055-106-11-1,50.0,1,3.0,7.0,4.0,1.0,0,0,0,1,1,0,0,1.0,0
20082,2,11,1,1,1,56,5.0,2,2,2, ,1,0.0,0.0,0.0,1,3,1,12.350079536438,4,20082-2-11-1,56.0,1,2.0,,2.0,0.0,0,0,0,1,1,0,0,0.0,0
20082,24,11,1,1,1,48,8.0,3, , , , ,0.0,8.0,0.0,1,3,1,12.350079536438,2,20082-24-11-1,48.0,1,,,,0.0,0,1,0,1,1,0,0,0.0,0
20082,56,11,1,1,2,69,6.0,5,1,2, ,1,0.0,0.0,0.0,1,3,1,12.350079536438,3,20082-56-11-1,69.0,1,2.0,,1.0,0.0,0,0,0,1,1,0,0,0.0,0
20082,99,11,1,1,1,32,6.0,5,2,3, ,1,0.0,8.0,0.0,1,3,1,12.350079536438,5,20082-99-11-1,32.0,1,3.0,,2.0,1.0,0,1,0,1,1,0,0,1.0,0
20083,26,11,1,1,1,41,8.0,3,4, ,6,5,0.0,8.0,0.0,1,3,1,12.0586652755737,3,20083-26-11-1,41.0,1,,6.0,4.0,0.0,0,1,0,1,1,0,0,0.0,0
20083,52,11,1,1,2,48,10.0,6,3, ,1,5,0.0,8.0,0.0,1,3,1,12.0586652755737,4,20083-52-11-1,48.0,1,,1.0,3.0,0.0,0,1,0,1,1,0,0,0.0,0
20083,73,11,1,1,2,71,6.0,5, , , , ,0.0,0.0,0.0,1,3,1,12.0586652755737,3,20083-73-11-1,71.0,1,,,,0.0,0,0,0,1,1,0,0,0.0,0
20083,84,11,1,1,1,67,10.0,5,3,3,7,1,0.0,0.0,0.0,1,3,1,12.0586652755737,2,20083-84-11-1,67.0,1,3.0,7.0,3.0,1.0,0,0,0,1,1,0,0,1.0,0
20083,106,11,1,1,1,82,5.0,3, , , , ,0.0,0.0,0.0,1,3,1,12.0586652755737,3,20083-106-11-1,82.0,1,,,,0.0,0,0,0,1,1,0,0,0.0,0
20084,36,11,1,1,2,61,6.0,5, , , , ,0.0,0.0,0.0,1,3,1,16.0782203674316,7,20084-36-11-1,61.0,1,,,,0.0,0,0,0,1,1,0,0,0.0,0
20084,58,12,1,1,2,73,3.0,3,2,3, ,1,0.0,0.0,0.0,1,3,1,16.0782203674316,1,20084-58-12-1,73.0,1,3.0,,2.0,1.0,0,0,0,1,1,0,0,1.0,0
20084,81,11,1,1,1,84,3.0,3, , , , ,0.0,0.0,0.0,1,3,1,16.0782203674316,10,20084-81-11-1,84.0,1,,,,0.0,0,0,0,1,1,0,0,0.0,0
20084,102,11,1,1,1,81,5.0,2, , , , ,0.0,0.0,0.0,1,3,1,16.0782203674316,2,20084-102-11-1,81.0,1,,,,0.0,0,0,0,1,1,0,0,0.0,0
20085,90,11,1,1,1,63,3.0,4,2,3, ,1,0.0,0.0,0.0,1,3,1,77.8799209594727,12,20085-90-11-1,63.0,1,3.0,,2.0,1.0,0,0,0,1,1,0,0,1.0,0
20085,111,11,1,1,1,57,10.0,5,3, ,1,5,0.0,0.0,0.0,1,3,1,77.8799209594727,3,20085-111-11-1,57.0,1,,1.0,3.0,0.0,0,0,1,1,1,0,1,0.0,1
20085,133,11,1,1,1,59,5.0,4,2,3, ,1,0.0,0.0,0.0,1,3,1,77.8799209594727,4,20085-133-11-1,59.0,1,3.0,,2.0,1.0,0,0,0,1,1,0,0,1.0,0
20086,15,11,1,1,1,67,6.0,5,2,3, ,1,0.0,0.0,0.0,1,3,1,153.613662719727,6,20086-15-11-1,67.0,1,3.0,,2.0,1.0,0,0,0,1,1,0,0,1.0,0
20086,33,11,1,1,1,58,5.0,4,2,3, ,1,0.0,0.0,0.0,1,3,1,153.613662719727,2,20086-33-11-1,58.0,1,3.0,,2.0,1.0,0,0,0,1,1,0,0,1.0,0
20086,67,11,1,1,2,44,7.0,3,2,3, ,1,0.0,0.0,0.0,1,3,1,153.613662719727,4,20086-67-11-1,44.0,1,3.0,,2.0,1.0,0,0,0,1,1,0,0,1.0,0
20086,102,11,1,1,1,52,3.0,0,4,3,7,1,0.0,0.0,0.0,1,3,1,153.613662719727,5,20086-102-11-1,52.0,1,3.0,7.0,4.0,1.0,0,0,0,1,1,0,0,1.0,0
20086,120,11,1,1,1,39,4.0,0,4,3,7,1,0.0,0.0,0.0,1,3,2,153.613662719727,2,20086-120-11-1,39.0,1,3.0,7.0,4.0,1.0,0,0,0,1,1,0,0,1.0,0
20087,77,11,1,1,2,78,6.0,5, , , , ,0.0,0.0,0.0,1,3,1,11.5712652206421,3,20087-77-11-1,78.0,1,,,,0.0,0,0,0,1,1,0,0,0.0,0
20087,120,11,1,1,1,40,7.0,1,1,2, ,1,0.0,8.0,0.0,1,3,1,11.5712652206421,2,20087-120-11-1,40.0,1,2.0,,1.0,0.0,0,1,0,1,1,0,0,0.0,0
20087,134,11,1,1,2,73,8.0,5, , , , ,0.0,0.0,0.0,1,3,1,11.5712652206421,4,20087-134-11-1,73.0,1,,,,0.0,0,0,0,1,1,0,0,0.0,0
20088,11,11,1,1,1,50,8.0,5,4,3,7,1,0.0,0.0,0.0,1,3,1,63.4822082519531,5,20088-11-11-1,50.0,1,3.0,7.0,4.0,1.0,0,0,0,1,1,0,0,1.0,0
20088,15,11,1,1,1,54,7.0,1,2,2, ,1,0.0,0.0,0.0,1,3,1,63.4822082519531,2,20088-15-11-1,54.0,1,2.0,,2.0,0.0,0,0,0,1,1,0,0,0.0,0
20088,67,11,1,1,2,32,8.0,3,2,2, ,1,0.0,8.0,0.0,1,3,1,63.4822082519531,4,20088-67-11-1,32.0,1,2.0,,2.0,0.0,0,1,0,1,1,0,0,0.0,0
20088,81,11,1,1,2,79,4.0,5, , , , ,0.0,0.0,0.0,1,3,1,63.4822082519531,6,20088-81-11-1,79.0,1,,,,0.0,0,0,0,1,1,0,0,0.0,0
20088,95,11,1,1,1,65,3.0,4,2,3, ,1,0.0,0.0,0.0,1,3,1,63.4822082519531,4,20088-95-11-1,65.0,1,3.0,,2.0,1.0,0,0,0,1,1,0,0,1.0,0
20088,122,11,1,1,1,43,6.0,5,2,2, ,1,0.0,0.0,0.0,1,3,1,63.4822082519531,4,20088-122-11-1,43.0,1,2.0,,2.0,0.0,0,0,0,1,1,0,0,0.0,0
20088,150,11,1,1,1,72,10.0,5,3, ,6,5,0.0,0.0,0.0,1,3,1,63.4822082519531,8,20088-150-11-1,72.0,1,,6.0,3.0,0.0,0,0,0,1,1,0,0,0.0,0
20089,30,11,1,1,1,59,8.0,3,4,3,7,1,0.0,0.0,0.0,1,3, ,153.613662719727,4,20089-30-11-1,59.0,1,3.0,7.0,4.0,1.0,0,0,0,1,1,0,0,1.0,0
20089,80,11,1,1,1,62,4.0,5,4,2,7,2,0.0,0.0,0.0,1,3, ,153.613662719727,1,20089-80-11-1,62.0,1,2.0,7.0,4.0,1.0,0,0,0,1,1,0,0,1.0,0
20089,117,11,1,1,1,39,6.0,5,2,2, ,1,0.0,8.0,0.0,1,3, ,153.613662719727,1,20089-117-11-1,39.0,1,2.0,,2.0,0.0,0,1,0,1,1,0,0,0.0,0
20090,11,11,1,1,1,36,6.0,5,4,2,2,1,0.0,8.0,0.0,1,3,1,159.17366027832,5,20090-11-11-1,36.0,1,2.0,2.0,4.0,0.0,0,1,0,1,1,0,0,0.0,0
20090,27,11,1,1,1,41,4.0,0,4,1,7,2,0.0,8.0,0.0,1,3,1,159.17366027832,7,20090-27-11-1,41.0,1,1.0,7.0,4.0,1.0,0,1,0,1,1,0,0,1.0,0
20090,54,11,1,1,1,69,6.0,5,3, ,1,5,0.0,0.0,0.0,1,3,1,159.17366027832,2,20090-54-11-1,69.0,1,,1.0,3.0,0.0,0,0,0,1,1,0,0,0.0,0
20090,108,11,1,1,2,42,10.0,5,3, ,6,5,0.0,8.0,0.0,1,3,1,159.17366027832,3,20090-108-11-1,42.0,1,,6.0,3.0,0.0,0,1,0,1,1,0,0,0.0,0
20091,1,11,1,1,2,48,7.0,2,3,3,7,1,0.0,8.0,0.0,1,3,1,152.566970825195,2,20091-1-11-1,48.0,1,3.0,7.0,3.0,1.0,0,1,0,1,1,0,0,1.0,0
20091,15,11,1,1,1,53,8.0,3,3, ,1,5,0.0,0.0,0.0,1,3,1,152.566970825195,2,20091-15-11-1,53.0,1,,1.0,3.0,0.0,0,0,0,1,1,0,0,0.0,0
20091,43,11,1,1,2,55,6.0,5, , , , ,0.0,8.0,0.0,1,3,1,152.566970825195,2,20091-43-11-1,55.0,1,,,,0.0,0,1,0,1,1,0,0,0.0,0
20091,72,11,1,1,2,28,8.0,3,2,3, ,1,0.0,8.0,0.0,1,3,1,152.566970825195,3,20091-72-11-1,28.0,1,3.0,,2.0,1.0,0,1,0,1,1,0,0,1.0,0
20091,87,11,1,1,1,46,6.0,5,2,3, ,1,0.0,0.0,0.0,1,3,1,152.566970825195,3,20091-87-11-1,46.0,1,3.0,,2.0,1.0,0,0,0,1,1,0,0,1.0,0
20093,68,11,1,1,2,66,3.0,3, , , , ,0.0,0.0,0.0,1,3,1,12.0586652755737,6,20093-68-11-1,66.0,1,,,,0.0,0,0,0,1,1,0,0,0.0,0
20093,82,11,1,1,1,49,10.0,7,3, ,1,5,0.0,8.0,0.0,1,3,1,12.0586652755737,4,20093-82-11-1,49.0,1,,1.0,3.0,0.0,0,1,0,1,1,0,0,0.0,0
20093,104,11,1,1,2,29,8.0,3,3,2,7,1,0.0,8.0,0.0,1,3,1,12.0586652755737,3,20093-104-11-1,29.0,1,2.0,7.0,3.0,1.0,0,1,0,1,1,0,0,1.0,0
20095,24,11,1,1,1,69,4.0,5,2,3, ,1,0.0,0.0,0.0,1,3,1,153.613662719727,7,20095-24-11-1,69.0,1,3.0,,2.0,1.0,0,0,0,1,1,0,0,1.0,0
20095,48,11,1,1,2,67,3.0,3,2,3, ,1,0.0,0.0,0.0,1,3,1,153.613662719727,2,20095-48-11-1,67.0,1,3.0,,2.0,1.0,0,0,1,1,1,0,1,1.0,1
20095,73,11,1,1,2,54,3.0,0,2,3, ,1,0.0,0.0,0.0,1,3,1,153.613662719727,3,20095-73-11-1,54.0,1,3.0,,2.0,1.0,0,0,0,1,1,0,0,1.0,0
20095,86,11,1,1,1,39,7.0,1,2,3, ,1,0.0,8.0,0.0,1,3,1,153.613662719727,3,20095-86-11-1,39.0,1,3.0,,2.0,1.0,0,1,1,1,1,0,1,1.0,1
20096,8,11,1,1,1,36,6.0,5,4,2,5,1,0.0,0.0,0.0,1,3,1,159.17366027832,6,20096-8-11-1,36.0,1,2.0,5.0,4.0,0.0,0,0,0,1,1,0,0,0.0,0
20096,46,11,1,1,1,39,9.0,3,2,2, ,1,0.0,8.0,0.0,1,3,1,159.17366027832,3,20096-46-11-1,39.0,1,2.0,,2.0,0.0,0,1,0,1,1,0,0,0.0,0
20096,65,11,1,1,1,35,8.0,3,4,3,7,1,0.0,8.0,0.0,1,3,1,159.17366027832,1,20096-65-11-1,35.0,1,3.0,7.0,4.0,1.0,0,1,0,1,1,0,0,1.0,0
20097,28,11,1,1,2,63,4.0,5,2,2, ,1,0.0,0.0,0.0,1,3, ,11.5712652206421,1,20097-28-11-1,63.0,1,2.0,,2.0,0.0,0,0,0,1,1,0,0,0.0,0
20097,46,11,1,1,1,50,10.0,5,2,3, ,1,0.0,0.0,0.0,1,3, ,11.5712652206421,6,20097-46-11-1,50.0,1,3.0,,2.0,1.0,0,0,0,1,1,0,0,1.0,0
20097,82,11,1,1,1,31,6.0,5,2,2, ,1,0.0,8.0,0.0,1,3, ,11.5712652206421,2,20097-82-11-1,31.0,1,2.0,,2.0,0.0,0,1,1,1,1,0,1,0.0,1
20098,14,11,1,1,1,78,4.0,5,5,2,7,1,0.0,0.0,0.0,1,3, ,77.8799209594727,3,20098-14-11-1,78.0,1,2.0,7.0,5.0,1.0,0,0,0,1,1,0,0,1.0,0
20098,29,11,1,1,2,55,5.0,3,2,3, ,1,0.0,8.0,0.0,1,3, ,77.8799209594727,4,20098-29-11-1,55.0,1,3.0,,2.0,1.0,0,1,0,1,1,0,0,1.0,0
20098,104,11,1,1,1,87,3.0,2,2,3, ,1,0.0,0.0,0.0,1,3, ,77.8799209594727,2,20098-104-11-1,87.0,1,3.0,,2.0,1.0,0,0,0,1,1,0,0,1.0,0
20098,116,11,1,1,2,63,9.0,4,3, ,1,5,0.0,0.0,0.0,1,3, ,77.8799209594727,1,20098-116-11-1,63.0,1,,1.0,3.0,0.0,0,0,0,1,1,0,0,0.0,0
20099,2,11,1,1,1,59,5.0,2,2,3, ,1,0.0,0.0,0.0,1,3, ,156.323059082031,1,20099-2-11-1,59.0,1,3.0,,2.0,1.0,0,0,0,1,1,0,0,1.0,0
20099,25,11,1,1,1,53,6.0,5,2,3, ,1,0.0,0.0,0.0,1,3, ,156.323059082031,3,20099-25-11-1,53.0,1,3.0,,2.0,1.0,0,0,0,1,1,0,0,1.0,0
20099,90,11,1,1,1,64,6.0,5, , , , ,0.0,8.0,0.0,1,3, ,156.323059082031,3,20099-90-11-1,64.0,1,,,,0.0,0,1,0,1,1,0,0,0.0,0
20099,112,11,1,1,1,54,3.0,0,2,3, ,1,0.0,0.0,0.0,1,3, ,156.323059082031,4,20099-112-11-1,54.0,1,3.0,,2.0,1.0,0,0,0,1,1,0,0,1.0,0
20099,134,11,1,1,1,48,3.0,0,2,3, ,1,0.0,0.0,0.0,1,3, ,156.323059082031,5,20099-134-11-1,48.0,1,3.0,,2.0,1.0,0,0,1,1,1,0,1,1.0,1
20100,17,11,1,1,1,42,7.0,1,2,3, ,1,0.0,0.0,0.0,1,3, ,159.17366027832,4,20100-17-11-1,42.0,1,3.0,,2.0,1.0,0,0,0,1,1,0,0,1.0,0
20100,76,11,1,1,2,58,4.0,6,4,1,1,4,0.0,0.0,0.0,1,3, ,159.17366027832,1,20100-76-11-1,58.0,1,1.0,1.0,4.0,0.0,0,0,0,1,1,0,0,0.0,0
20100,116,11,1,1,1,68,6.0,5,2,3, ,1,0.0,0.0,0.0,1,3, ,159.17366027832,2,20100-116-11-1,68.0,1,3.0,,2.0,1.0,0,0,1,1,1,0,1,1.0,1
20100,136,11,1,1,2,71,4.0,5, , , , ,0.0,0.0,0.0,1,3, ,159.17366027832,2,20100-136-11-1,71.0,1,,,,0.0,0,0,0,1,1,0,0,0.0,0
20101,8,11,1,1,2,44,3.0,0,2,3, ,1,0.0,0.0,0.0,1,3, ,152.566970825195,3,20101-8-11-1,44.0,1,3.0,,2.0,1.0,0,0,0,1,1,0,0,1.0,0
20101,16,11,1,1,2,46,8.0,3,4,2,7,1,0.0,8.0,0.0,1,3, ,152.566970825195,3,20101-16-11-1,46.0,1,2.0,7.0,4.0,1.0,0,1,0,1,1,0,0,1.0,0
20101,25,11,1,1,1,35,5.0,1,2,3, ,1,0.0,0.0,0.0,1,3, ,152.566970825195,2,20101-25-11-1,35.0,1,3.0,,2.0,1.0,0,0,0,1,1,0,0,1.0,0
20101,29,11,1,1,2,27,6.0,5,2,3, ,1,0.0,0.0,0.0,1,3, ,152.566970825195,3,20101-29-11-1,27.0,1,3.0,,2.0,1.0,0,0,0,1,1,0,0,1.0,0
20101,33,11,1,1,1,39,1.0, ,3,3,7,1,0.0,0.0,0.0,1,3, ,152.566970825195,1,20101-33-11-1,39.0,1,3.0,7.0,3.0,1.0,0,0,0,1,1,0,0,1.0,0
20101,35,11,1,1,1,18,5.0,4,4,3,7,1,0.0,0.0,0.0,1,3, ,152.566970825195,3,20101-35-11-1,18.0,1,3.0,7.0,4.0,1.0,0,0,0,1,1,0,0,1.0,0
20131,8,11,1,1,1,37,6.0,5,2,3, ,1,0.0,8.0,0.0,1,5,1,159.17366027832,4,20131-8-11-1,37.0,1,3.0,,2.0,1.0,0,1,0,1,1,0,0,1.0,0
20131,22,11,1,1,2,38,8.0,3,3,3,7,1,0.0,8.0,0.0,1,5,1,159.17366027832,4,20131-22-11-1,38.0,1,3.0,7.0,3.0,1.0,0,1,1,1,1,0,1,1.0,1
20131,35,11,1,1,1,46,6.0,5,2,3, ,1,0.0,0.0,0.0,1,5,1,159.17366027832,5,20131-35-11-1,46.0,1,3.0,,2.0,1.0,0,0,0,1,1,0,0,1.0,0
20131,47,11,1,1,1,68,4.0,5,2,3, ,1,0.0,0.0,0.0,1,5,2,159.17366027832,3,20131-47-11-1,68.0,1,3.0,,2.0,1.0,0,0,0,1,1,0,0,1.0,0
20131,62,11,1,1,1,68,2.0,0,2,3, ,1,0.0,0.0,0.0,1,5,1,159.17366027832,2,20131-62-11-1,68.0,1,3.0,,2.0,1.0,0,0,0,1,1,0,0,1.0,0
20133,1,11,1,1,1,74,4.0,6, , , , ,0.0,0.0,0.0,1,5, ,153.613662719727,2,20133-1-11-1,74.0,1,,,,0.0,0,0,0,1,1,0,0,0.0,0
20133,16,11,1,1,2,49,5.0,2,2,3, ,1,0.0,8.0,0.0,1,5, ,153.613662719727,3,20133-16-11-1,49.0,1,3.0,,2.0,1.0,0,1,0,1,1,0,0,1.0,0
20133,56,11,1,1,2,81,4.0,6, , , , ,0.0,0.0,0.0,1,5, ,153.613662719727,1,20133-56-11-1,81.0,1,,,,0.0,0,0,0,1,1,0,0,0.0,0
20133,75,11,1,1,1,80,4.0,5,2,3, ,1,0.0,0.0,0.0,1,5, ,153.613662719727,2,20133-75-11-1,80.0,1,3.0,,2.0,1.0,0,0,0,1,1,0,0,1.0,0
20133,93,11,1,1,1,43,4.0,0,2,3, ,1,0.0,0.0,0.0,1,5, ,153.613662719727,4,20133-93-11-1,43.0,1,3.0,,2.0,1.0,0,0,0,1,1,0,0,1.0,0
20143,12,11,1,1,2,75,5.0,4, , , , ,0.0,0.0,0.0,1,4,1,16.4667720794678,1,20143-12-11-1,75.0,1,,,,0.0,0,0,0,1,1,0,0,0.0,0
20143,72,11,1,1,1,65,4.0,5, , , , ,0.0,0.0,0.0,1,4,1,16.4667720794678,6,20143-72-11-1,65.0,1,,,,0.0,0,0,0,1,1,0,0,0.0,0
20143,92,11,1,1,2,56,8.0,5,3, ,1,5,0.0,8.0,0.0,1,4,1,16.4667720794678,2,20143-92-11-1,56.0,1,,1.0,3.0,0.0,0,1,1,1,1,0,1,0.0,1
20143,111,11,1,1,1,57,8.0,5,3, ,1,5,0.0,0.0,0.0,1,4,1,16.4667720794678,1,20143-111-11-1,57.0,1,,1.0,3.0,0.0,0,0,0,1,1,0,0,0.0,0
20144,70,11,1,1,1,39,6.0,5,2,3, ,1,0.0,0.0,0.0,1,4,1,152.566970825195,1,20144-70-11-1,39.0,1,3.0,,2.0,1.0,0,0,0,1,1,0,0,1.0,0
20144,88,11,1,1,1,29,8.0,3,4,3,7,1,0.0,0.0,0.0,1,4,1,152.566970825195,6,20144-88-11-1,29.0,1,3.0,7.0,4.0,1.0,0,0,0,1,1,0,0,1.0,0
20144,124,11,1,1,2,32,4.0,0, , , , ,0.0,8.0,0.0,1,4,1,152.566970825195,5,20144-124-11-1,32.0,1,,,,0.0,0,1,1,1,1,0,1,0.0,1
20145,33,11,1,1,2,35,5.0,2,2,3, ,1,0.0,0.0,0.0,1,4,1,156.323059082031,4,20145-33-11-1,35.0,1,3.0,,2.0,1.0,0,0,0,1,1,0,0,1.0,0
20145,51,11,1,1,2,54,6.0,5, , , , ,0.0,0.0,0.0,1,4,1,156.323059082031,1,20145-51-11-1,54.0,1,,,,0.0,0,0,0,1,1,0,0,0.0,0
20145,69,11,1,1,1,56,3.0,0,4,3,7,1,0.0,0.0,0.0,1,4,1,156.323059082031,1,20145-69-11-1,56.0,1,3.0,7.0,4.0,1.0,0,0,0,1,1,0,0,1.0,0
20145,89,11,1,1,1,56,4.0,0,4,3,7,1,0.0,0.0,0.0,1,4,1,156.323059082031,3,20145-89-11-1,56.0,1,3.0,7.0,4.0,1.0,0,0,0,1,1,0,0,1.0,0
20145,125,11,1,1,1,46,6.0,5,4,2,2,2,0.0,0.0,0.0,1,4,1,156.323059082031,3,20145-125-11-1,46.0,1,2.0,2.0,4.0,0.0,0,0,1,1,1,0,1,0.0,1
20146,28,11,1,1,1,38,7.0,1,2,3, ,1,0.0,0.0,0.0,1,5,1,153.613662719727,1,20146-28-11-1,38.0,1,3.0,,2.0,1.0,0,0,0,1,1,0,0,1.0,0
20146,58,11,1,1,1,38,5.0,1,2,3, ,1,0.0,8.0,0.0,1,5,1,153.613662719727,4,20146-58-11-1,38.0,1,3.0,,2.0,1.0,0,1,0,1,1,0,0,1.0,0
20146,89,11,1,1,1,74,6.0,5,4,2,2,4,0.0,0.0,0.0,1,5,1,153.613662719727,2,20146-89-11-1,74.0,1,2.0,2.0,4.0,0.0,0,0,1,1,1,0,1,0.0,1
20147,24,11,1,1,2,46,4.0,0,3,2,7,1,0.0,0.0,0.0,1,5,1,159.17366027832,4,20147-24-11-1,46.0,1,2.0,7.0,3.0,1.0,0,0,0,1,1,0,0,1.0,0
20147,39,11,1,1,1,51,6.0,5,4,1,7,1,0.0,0.0,0.0,1,5,1,159.17366027832,5,20147-39-11-1,51.0,1,1.0,7.0,4.0,1.0,0,0,0,1,1,0,0,1.0,0
20147,68,11,1,1,1,49,5.0,2,2,3, ,1,0.0,0.0,0.0,1,5,1,159.17366027832,4,20147-68-11-1,49.0,1,3.0,,2.0,1.0,0,0,0,1,1,0,0,1.0,0
20147,113,11,1,1,1,83,1.0, , , , , ,0.0,0.0,0.0,1,5,1,159.17366027832,2,20147-113-11-1,83.0,1,,,,0.0,0,0,0,1,1,0,0,0.0,0
20147,129,11,1,1,1,79,3.0,0,4, ,5,5,0.0,0.0,0.0,1,5,1,159.17366027832,1,20147-129-11-1,79.0,1,,5.0,4.0,0.0,0,0,0,1,1,0,0,0.0,0
20149,35,11,1,1,2,73,1.0, ,2,3, ,1,0.0,0.0,0.0,1,5,1,156.323059082031,4,20149-35-11-1,73.0,1,3.0,,2.0,1.0,0,0,0,1,1,0,0,1.0,0
20149,49,11,1,1,2,57,4.0,0,4,3,7,1,0.0,0.0,0.0,1,5,1,156.323059082031,2,20149-49-11-1,57.0,1,3.0,7.0,4.0,1.0,0,0,0,1,1,0,0,1.0,0
20149,73,11,1,1,2,40,6.0,5,4,3,7,1,0.0,0.0,0.0,1,5,1,156.323059082031,3,20149-73-11-1,40.0,1,3.0,7.0,4.0,1.0,0,0,0,1,1,0,0,1.0,0
20149,90,11,1,1,1,54,3.0,0,2,3, ,1,0.0,0.0,0.0,1,5,1,156.323059082031,4,20149-90-11-1,54.0,1,3.0,,2.0,1.0,0,0,1,1,1,0,1,1.0,1
20150,6,11,1,1,1,52,5.0,4,4,3,7,1,0.0,0.0,0.0,1,5,1,152.566970825195,4,20150-6-11-1,52.0,1,3.0,7.0,4.0,1.0,0,0,0,1,1,0,0,1.0,0
20150,16,11,1,1,2,76,4.0,5, , , , ,0.0,0.0,0.0,1,5,1,152.566970825195,2,20150-16-11-1,76.0,1,,,,0.0,0,0,0,1,1,0,0,0.0,0
20150,37,11,1,1,2,63,4.0,6,2,3, ,1,0.0,8.0,0.0,1,5,1,152.566970825195,3,20150-37-11-1,63.0,1,3.0,,2.0,1.0,0,1,0,1,1,0,0,1.0,0
20150,47,11,1,1,1,42,10.0,5,3, ,2,5,0.0,8.0,0.0,1,5,1,152.566970825195,4,20150-47-11-1,42.0,1,,2.0,3.0,0.0,0,1,0,1,1,0,0,0.0,0
20150,57,11,1,1,1,72,3.0,4,4,3,7,1,0.0,0.0,0.0,1,5,1,152.566970825195,1,20150-57-11-1,72.0,1,3.0,7.0,4.0,1.0,0,0,0,1,1,0,0,1.0,0
20152,18,11,1,1,1,43,8.0,3,4, ,6,5,0.0,8.0,0.0,1,4,1,153.613662719727,5,20152-18-11-1,43.0,1,,6.0,4.0,0.0,0,1,1,1,1,0,1,0.0,1
20152,28,11,1,1,1,52,8.0,3,2,3, ,1,0.0,0.0,0.0,1,4,1,153.613662719727,4,20152-28-11-1,52.0,1,3.0,,2.0,1.0,0,0,0,1,1,0,0,1.0,0
20152,49,11,1,1,1,39,6.0,5,2,3, ,1,0.0,8.0,0.0,1,4,1,153.613662719727,3,20152-49-11-1,39.0,1,3.0,,2.0,1.0,0,1,0,1,1,0,0,1.0,0
20152,67,11,1,1,1,64,3.0,3,2,3, ,1,0.0,0.0,0.0,1,4,1,153.613662719727,2,20152-67-11-1,64.0,1,3.0,,2.0,1.0,0,0,0,1,1,0,0,1.0,0
20153,9,11,1,1,1,58,10.0,5,3, ,1,5,0.0,0.0,0.0,1,5,1,153.613662719727,1,20153-9-11-1,58.0,1,,1.0,3.0,0.0,0,0,1,1,1,0,1,0.0,1
20153,32,11,1,1,1,61,6.0,5,2,3, ,1,0.0,0.0,0.0,1,5,1,153.613662719727,2,20153-32-11-1,61.0,1,3.0,,2.0,1.0,0,0,0,1,1,0,0,1.0,0
20153,96,11,1,1,1,80,4.0,5, , , , ,0.0,0.0,0.0,1,5,1,153.613662719727,2,20153-96-11-1,80.0,1,,,,0.0,0,0,0,1,1,0,0,0.0,0
20153,118,11,1,1,2,39,6.0,5,4,3,7,1,0.0,8.0,0.0,1,5,1,153.613662719727,1,20153-118-11-1,39.0,1,3.0,7.0,4.0,1.0,0,1,0,1,1,0,0,1.0,0
20154,26,11,1,1,1,47,5.0,3, , , , ,0.0,0.0,0.0,1,5,1,156.323059082031,4,20154-26-11-1,47.0,1,,,,0.0,0,0,0,1,1,0,0,0.0,0
20154,71,11,1,1,1,32,6.0,5,4,3,7,1,0.0,0.0,0.0,1,5,1,156.323059082031,2,20154-71-11-1,32.0,1,3.0,7.0,4.0,1.0,0,0,1,1,1,0,1,1.0,1
20154,82,11,1,1,1,73,5.0,2,4,3,7,1,0.0,0.0,0.0,1,5,1,156.323059082031,2,20154-82-11-1,73.0,1,3.0,7.0,4.0,1.0,0,0,0,1,1,0,0,1.0,0
20155,37,11,1,1,2,76,3.0,3, , , , ,0.0,0.0,0.0,1,4,1,159.17366027832,1,20155-37-11-1,76.0,1,,,,0.0,0,0,0,1,1,0,0,0.0,0
20155,72,11,1,1,1,73,3.0,0,5,3,7,1,0.0,0.0,0.0,1,4,1,159.17366027832,2,20155-72-11-1,73.0,1,3.0,7.0,5.0,1.0,0,0,0,1,1,0,0,1.0,0
20155,127,11,1,1,1,46,3.0,0,4,3,7,1,0.0,0.0,0.0,1,4,1,159.17366027832,7,20155-127-11-1,46.0,1,3.0,7.0,4.0,1.0,0,0,0,1,1,0,0,1.0,0
20155,144,11,1,1,2,26,6.0,5, , , , ,0.0,0.0,0.0,1,4,1,159.17366027832,1,20155-144-11-1,26.0,1,,,,0.0,0,0,0,1,1,0,0,0.0,0
20156,1,11,1,1,2,61,6.0,5, , , , ,0.0,0.0,0.0,1,4,1,152.566986083984,2,20156-1-11-1,61.0,1,,,,0.0,0,0,0,1,1,0,0,0.0,0
20156,17,11,1,1,1,42,3.0,0,2,3, ,1,0.0,0.0,0.0,1,4,1,152.566986083984,5,20156-17-11-1,42.0,1,3.0,,2.0,1.0,0,0,0,1,1,0,0,1.0,0
20156,26,11,1,1,2,59,6.0,5,4,3,7,1,0.0,0.0,0.0,1,4,1,152.566986083984,1,20156-26-11-1,59.0,1,3.0,7.0,4.0,1.0,0,0,0,1,1,0,0,1.0,0
20156,34,11,1,1,1,49,6.0,5,2,3, ,1,0.0,0.0,0.0,1,4,1,152.566986083984,5,20156-34-11-1,49.0,1,3.0,,2.0,1.0,0,0,1,1,1,0,1,1.0,1
20156,42,11,1,1,2,65,4.0,5, , , , ,0.0,0.0,0.0,1,4,1,152.566986083984,2,20156-42-11-1,65.0,1,,,,0.0,0,0,0,1,1,0,0,0.0,0
20156,50,11,1,1,1,45,4.0,0,2,3, ,1,0.0,0.0,0.0,1,4,1,152.566986083984,5,20156-50-11-1,45.0,1,3.0,,2.0,1.0,0,0,0,1,1,0,0,1.0,0
20157,8,11,1,1,1,61,4.0,5,2,3, ,1,0.0,8.0,0.0,1,4,1,159.17366027832,2,20157-8-11-1,61.0,1,3.0,,2.0,1.0,0,1,0,1,1,0,0,1.0,0
20157,16,11,1,1,2,65,3.0,3, , , , ,0.0,0.0,0.0,1,4,1,159.17366027832,1,20157-16-11-1,65.0,1,,,,0.0,0,0,0,1,1,0,0,0.0,0
20157,48,11,1,1,1,48,6.0,5,2,3, ,1,0.0,0.0,0.0,1,4,1,159.17366027832,7,20157-48-11-1,48.0,1,3.0,,2.0,1.0,0,0,0,1,1,0,0,1.0,0
20157,57,11,1,1,1,57,4.0,0,4,3,7,1,0.0,0.0,0.0,1,4,1,159.17366027832,5,20157-57-11-1,57.0,1,3.0,7.0,4.0,1.0,0,0,0,1,1,0,0,1.0,0
20158,7,11,1,1,2,82,3.0,2, , , , ,0.0,0.0,0.0,1,5, ,74.3811264038086,1,20158-7-11-1,82.0,1,,,,0.0,0,0,0,1,1,0,0,0.0,0
20158,26,11,1,1,1,56,8.0,5,2,3, ,1,0.0,0.0,0.0,1,5, ,74.3811264038086,4,20158-26-11-1,56.0,1,3.0,,2.0,1.0,0,0,0,1,1,0,0,1.0,0
20158,63,11,1,1,1,47,6.0,5,4,3,7,1,0.0,8.0,0.0,1,5, ,74.3811264038086,2,20158-63-11-1,47.0,1,3.0,7.0,4.0,1.0,0,1,1,1,1,0,1,1.0,1
20158,82,11,1,1,1,44,8.0,5,2,3, ,1,0.0,0.0,0.0,1,5, ,74.3811264038086,1,20158-82-11-1,44.0,1,3.0,,2.0,1.0,0,0,1,1,1,0,1,1.0,1
20158,120,11,1,1,1,36,6.0,5,4,1,7,1,0.0,8.0,0.0,1,5, ,74.3811264038086,3,20158-120-11-1,36.0,1,1.0,7.0,4.0,1.0,0,1,0,1,1,0,0,1.0,0
20159,4,11,1,1,2,57,5.0,3, , , , ,0.0,0.0,0.0,1,5, ,159.17366027832,5,20159-4-11-1,57.0,1,,,,0.0,0,0,0,1,1,0,0,0.0,0
20159,33,11,1,1,1,31,6.0,5,4,3,7,1,0.0,0.0,0.0,1,5, ,159.17366027832,2,20159-33-11-1,31.0,1,3.0,7.0,4.0,1.0,0,0,1,1,1,0,1,1.0,1
20159,47,11,1,1,1,56,5.0,2,4,1,2,1,0.0,8.0,0.0,1,5, ,159.17366027832,3,20159-47-11-1,56.0,1,1.0,2.0,4.0,0.0,0,1,0,1,1,0,0,0.0,0
20159,61,11,1,1,1,48,6.0,5,2,3, ,1,0.0,0.0,0.0,1,5, ,159.17366027832,9,20159-61-11-1,48.0,1,3.0,,2.0,1.0,0,0,0,1,1,0,0,1.0,0
20159,76,11,1,1,2,47,8.0,3,4,3,7,1,0.0,8.0,0.0,1,5, ,159.17366027832,2,20159-76-11-1,47.0,1,3.0,7.0,4.0,1.0,0,1,0,1,1,0,0,1.0,0
20161,37,11,1,1,1,74,3.0,3,2,3, ,1,0.0,0.0,0.0,1,5, ,152.566970825195,4,20161-37-11-1,74.0,1,3.0,,2.0,1.0,0,0,0,1,1,0,0,1.0,0
20161,79,11,1,1,1,74,4.0,5,2,3, ,1,0.0,0.0,0.0,1,5, ,152.566970825195,2,20161-79-11-1,74.0,1,3.0,,2.0,1.0,0,0,0,1,1,0,0,1.0,0
20161,99,11,1,1,1,63,6.0,5,2,3, ,1,0.0,0.0,0.0,1,5, ,152.566970825195,5,20161-99-11-1,63.0,1,3.0,,2.0,1.0,0,0,0,1,1,0,0,1.0,0
20161,139,11,1,1,1,52,6.0,5,4,3,7,1,0.0,0.0,0.0,1,5, ,152.566970825195,6,20161-139-11-1,52.0,1,3.0,7.0,4.0,1.0,0,0,0,1,1,0,0,1.0,0
20162,2,11,1,1,1,46,7.0,1,4,1,2,4,0.0,8.0,0.0,1,5, ,156.323059082031,5,20162-2-11-1,46.0,1,1.0,2.0,4.0,0.0,0,1,0,1,1,0,0,0.0,0
20162,37,11,1,1,2,27,6.0,5,2,3, ,1,0.0,0.0,0.0,1,5, ,156.323059082031,6,20162-37-11-1,27.0,1,3.0,,2.0,1.0,0,0,0,1,1,0,0,1.0,0
20162,49,11,1,1,1,42,6.0,5,2,3, ,1,0.0,0.0,0.0,1,5, ,156.323059082031,5,20162-49-11-1,42.0,1,3.0,,2.0,1.0,0,0,0,1,1,0,0,1.0,0
20162,61,11,1,1,2,43,1.0, , , , , ,0.0,0.0,0.0,1,5, ,156.323059082031,3,20162-61-11-1,43.0,1,,,,0.0,0,0,0,1,1,0,0,0.0,0
20162,72,11,1,1,1,22,9.0,3,4,3,7,1,0.0,0.0,0.0,1,5, ,156.323059082031,1,20162-72-11-1,22.0,1,3.0,7.0,4.0,1.0,0,0,0,1,1,0,0,1.0,0
20164,13,11,1,1,1,51,6.0,5,2,3, ,1,0.0,0.0,0.0,1,8,1,8.09498119354248,5,20164-13-11-1,51.0,1,3.0,,2.0,1.0,0,0,0,1,1,0,0,1.0,0
20164,14,11,1,1,1,63,4.0,5,4,3,7,1,0.0,0.0,0.0,1,8,1,8.09498119354248,2,20164-14-11-1,63.0,1,3.0,7.0,4.0,1.0,0,0,0,1,1,0,0,1.0,0
20164,15,11,1,1,2,44,6.0,5,2,3, ,1,0.0,0.0,0.0,1,8,1,8.09498119354248,2,20164-15-11-1,44.0,1,3.0,,2.0,1.0,0,0,0,1,1,0,0,1.0,0
20164,16,11,1,1,1,42,9.0,3,2,3, ,1,0.0,0.0,0.0,1,8,1,8.09498119354248,4,20164-16-11-1,42.0,1,3.0,,2.0,1.0,0,0,0,1,1,0,0,1.0,0
20164,33,11,1,1,2,69,3.0,0,2,3, ,1,0.0,0.0,0.0,1,8,1,8.09498119354248,1,20164-33-11-1,69.0,1,3.0,,2.0,1.0,0,0,0,1,1,0,0,1.0,0
20170,6,11,1,1,1,50,6.0,5,2,3, ,1,0.0,0.0,0.0,1,8,1,10.0506200790405,4,20170-6-11-1,50.0,1,3.0,,2.0,1.0,0,0,0,1,1,0,0,1.0,0
20170,7,11,1,1,2,75,3.0,3,2,3, ,1,0.0,0.0,0.0,1,8,1,10.0506200790405,1,20170-7-11-1,75.0,1,3.0,,2.0,1.0,0,0,0,1,1,0,0,1.0,0
20170,8,11,1,1,2,77,3.0,2,2,3, ,1,0.0,0.0,0.0,1,8,1,10.0506200790405,2,20170-8-11-1,77.0,1,3.0,,2.0,1.0,0,0,0,1,1,0,0,1.0,0
20170,22,11,1,1,1,48,4.0,0,2,3, ,1,0.0,0.0,0.0,1,8,1,10.0506200790405,6,20170-22-11-1,48.0,1,3.0,,2.0,1.0,0,0,0,1,1,0,0,1.0,0
20170,23,11,1,1,2,84,3.0,2,2,2, ,1,0.0,0.0,0.0,1,8,1,10.0506200790405,3,20170-23-11-1,84.0,1,2.0,,2.0,0.0,0,0,0,1,1,0,0,0.0,0
20170,29,11,1,1,2,55,4.0,0,2,3, ,1,0.0,0.0,0.0,1,8,1,10.0506200790405,2,20170-29-11-1,55.0,1,3.0,,2.0,1.0,0,0,0,1,1,0,0,1.0,0
20176,97,11,1,1,1,54,4.0,0,2,3, ,1,0.0,0.0,0.0,1,7,1,12.1126728057861,5,20176-97-11-1,54.0,1,3.0,,2.0,1.0,0,0,0,1,1,0,0,1.0,0
20176,100,11,1,1,1,54,4.0,0,2,3, ,1,0.0,0.0,0.0,1,7,1,12.1126728057861,1,20176-100-11-1,54.0,1,3.0,,2.0,1.0,0,0,0,1,1,0,0,1.0,0
20176,101,11,1,1,1,37,3.0,0,2,3, ,1,0.0,0.0,0.0,1,7,1,12.1126728057861,1,20176-101-11-1,37.0,1,3.0,,2.0,1.0,0,0,0,1,1,0,0,1.0,0
20176,102,11,1,1,1,59,5.0,1,4,3,7,1,0.0,0.0,0.0,1,7,1,12.1126728057861,3,20176-102-11-1,59.0,1,3.0,7.0,4.0,1.0,0,0,0,1,1,0,0,1.0,0
20176,107,11,1,1,1,49,4.0,0,4,1,1,2,0.0,0.0,0.0,1,7,1,12.1126728057861,5,20176-107-11-1,49.0,1,1.0,1.0,4.0,0.0,0,0,0,1,1,0,0,0.0,0
20179,26,11,1,1,1,92,3.0,0,2,3, ,1,0.0,0.0,0.0,1,7,1,15.8074188232422,2,20179-26-11-1,92.0,1,3.0,,2.0,1.0,0,0,0,1,1,0,0,1.0,0
20179,27,11,1,1,1,43,6.0,5,2,2, ,1,0.0,0.0,0.0,1,7,1,15.8074188232422,5,20179-27-11-1,43.0,1,2.0,,2.0,0.0,0,0,0,1,1,0,0,0.0,0
20179,155,11,1,1,2,64,5.0,1,2,3, ,1,0.0,0.0,0.0,1,7,1,15.8074188232422,1,20179-155-11-1,64.0,1,3.0,,2.0,1.0,0,0,0,1,1,0,0,1.0,0
20179,157,11,1,1,1,82,3.0,2,4,3,7,1,0.0,0.0,0.0,1,7,1,15.8074188232422,2,20179-157-11-1,82.0,1,3.0,7.0,4.0,1.0,0,0,0,1,1,0,0,1.0,0
20179,158,11,1,1,1,68,4.0,5,4,3,7,1,0.0,0.0,0.0,1,7,1,15.8074188232422,2,20179-158-11-1,68.0,1,3.0,7.0,4.0,1.0,0,0,0,1,1,0,0,1.0,0
20179,159,11,1,1,1,35,6.0,5,4,3,7,1,0.0,0.0,0.0,1,7,1,15.8074188232422,5,20179-159-11-1,35.0,1,3.0,7.0,4.0,1.0,0,0,0,1,1,0,0,1.0,0
20179,160,11,1,1,1,40,6.0,5,4, ,5,5,0.0,8.0,0.0,1,7,1,15.8074188232422,4,20179-160-11-1,40.0,1,,5.0,4.0,0.0,0,1,0,1,1,0,0,0.0,0
20180,1,11,1,1,1,64,3.0,3,2,3, ,1,0.0,0.0,0.0,1,8,1,8.09498119354248,1,20180-1-11-1,64.0,1,3.0,,2.0,1.0,0,0,0,1,1,0,0,1.0,0
20180,4,11,1,1,1,55,4.0,0,5,2,7,1,0.0,8.0,0.0,1,8,1,8.09498119354248,2,20180-4-11-1,55.0,1,2.0,7.0,5.0,1.0,0,1,0,1,1,0,0,1.0,0
20180,21,11,1,1,1,33,5.0,1,2,3, ,1,0.0,0.0,0.0,1,8,1,8.09498119354248,5,20180-21-11-1,33.0,1,3.0,,2.0,1.0,0,0,0,1,1,0,0,1.0,0
20180,22,11,1,1,1,60,6.0,5,2,3, ,1,0.0,0.0,0.0,1,8,1,8.09498119354248,2,20180-22-11-1,60.0,1,3.0,,2.0,1.0,0,0,0,1,1,0,0,1.0,0
20180,23,11,1,1,1,54,4.0,0,2,3, ,1,0.0,0.0,0.0,1,8,1,8.09498119354248,1,20180-23-11-1,54.0,1,3.0,,2.0,1.0,0,0,0,1,1,0,0,1.0,0
20180,24,11,1,1,1,63,3.0,1,2,3, ,1,0.0,0.0,0.0,1,8,1,8.09498119354248,1,20180-24-11-1,63.0,1,3.0,,2.0,1.0,0,0,0,1,1,0,0,1.0,0
20195,4,11,1,1,2,52,6.0,5,2,3, ,1,0.0,0.0,0.0,7,2, ,220.54541015625,4,20195-4-11-1,52.0,1,3.0,,2.0,1.0,0,0,0,1,1,0,0,1.0,0
20195,25,11,1,1,1,57,5.0,3,4,3,7,1,0.0,8.0,0.0,7,2, ,220.54541015625,4,20195-25-11-1,57.0,1,3.0,7.0,4.0,1.0,0,1,0,1,1,0,0,1.0,0
20195,56,11,1,1,1,55,5.0,3,4,1,2,2,0.0,0.0,0.0,7,2, ,220.54541015625,4,20195-56-11-1,55.0,1,1.0,2.0,4.0,0.0,0,0,0,1,1,0,0,0.0,0
20251,28,11,1,1,2,47,6.0,5,2,2, ,1,0.0,8.0,0.0,7,2,1,163.267272949219,3,20251-28-11-1,47.0,1,2.0,,2.0,0.0,0,1,0,1,1,0,0,0.0,0
20251,78,11,1,1,1,44,11.0,2,1,1, ,1,0.0,8.0,0.0,7,2,1,163.267272949219,4,20251-78-11-1,44.0,1,1.0,,1.0,0.0,0,1,0,1,1,0,0,0.0,0
20251,113,11,1,1,1,62,5.0,4,4,3,7,1,0.0,0.0,0.0,7,2,1,163.267272949219,10,20251-113-11-1,62.0,1,3.0,7.0,4.0,1.0,0,0,0,1,1,0,0,1.0,0
20252,3,11,1,1,2,70,5.0,1, , , , ,0.0,0.0,0.0,7,2,1,26.9456214904785,1,20252-3-11-1,70.0,1,,,,0.0,0,0,0,1,1,0,0,0.0,0
20252,16,11,1,1,1,82,4.0,5, , , , ,0.0,0.0,0.0,7,2,1,26.9456214904785,6,20252-16-11-1,82.0,1,,,,0.0,0,0,0,1,1,0,0,0.0,0
20252,42,11,1,1,1,47,8.0,3, , , , ,0.0,8.0,0.0,7,2,1,26.9456214904785,4,20252-42-11-1,47.0,1,,,,0.0,0,1,0,1,1,0,0,0.0,0
20252,55,11,1,1,1,56,6.0,5,2,3, ,1,0.0,0.0,0.0,7,2,1,26.9456214904785,4,20252-55-11-1,56.0,1,3.0,,2.0,1.0,0,0,0,1,1,0,0,1.0,0
20252,68,11,1,1,2,58,4.0,5, , , , ,0.0,0.0,0.0,7,2,1,26.9456214904785,5,20252-68-11-1,58.0,1,,,,0.0,0,0,0,1,1,0,0,0.0,0
20252,108,11,1,1,2,65,6.0,5,3, ,1,5,0.0,0.0,0.0,7,2,1,26.9456214904785,2,20252-108-11-1,65.0,1,,1.0,3.0,0.0,0,0,0,1,1,0,0,0.0,0
20253,53,11,1,1,1,57,7.0,1,2,3, ,1,0.0,8.0,0.0,7,2,1,150.053176879883,2,20253-53-11-1,57.0,1,3.0,,2.0,1.0,0,1,0,1,1,0,0,1.0,0
20253,92,11,1,1,1,53,6.0,5,4,1,2,4,0.0,8.0,0.0,7,2,1,150.053176879883,4,20253-92-11-1,53.0,1,1.0,2.0,4.0,0.0,0,1,1,1,1,0,1,0.0,1
20254,9,11,1,1,1,53,8.0,3,2,3, ,1,0.0,8.0,0.0,7,2,1,28.5290813446045,4,20254-9-11-1,53.0,1,3.0,,2.0,1.0,0,1,0,1,1,0,0,1.0,0
20254,28,11,1,1,2,33,7.0,1,2,3, ,1,0.0,8.0,0.0,7,2,1,28.5290813446045,4,20254-28-11-1,33.0,1,3.0,,2.0,1.0,0,1,0,1,1,0,0,1.0,0
20254,66,11,1,1,1,32,6.0,5,3,1,2,2,0.0,8.0,0.0,7,2,1,28.5290813446045,1,20254-66-11-1,32.0,1,1.0,2.0,3.0,0.0,0,1,1,1,1,0,1,0.0,1
20254,85,11,1,1,2,60,10.0,6,3, ,1,5,0.0,8.0,0.0,7,2,1,28.5290813446045,3,20254-85-11-1,60.0,1,,1.0,3.0,0.0,0,1,0,1,1,0,0,0.0,0
20254,106,11,1,1,2,48,6.0,5, , , , ,0.0,0.0,0.0,7,2,1,28.5290813446045,3,20254-106-11-1,48.0,1,,,,0.0,0,0,0,1,1,0,0,0.0,0
20254,125,11,1,1,1,49,6.0,5,4,1,2,4,0.0,8.0,0.0,7,2,1,28.5290813446045,5,20254-125-11-1,49.0,1,1.0,2.0,4.0,0.0,0,1,0,1,1,0,0,0.0,0
20255,23,11,1,1,1,44,5.0,3,4,1,2,4,0.0,0.0,0.0,7,2,1,26.9456214904785,4,20255-23-11-1,44.0,1,1.0,2.0,4.0,0.0,0,0,0,1,1,0,0,0.0,0
20255,39,11,1,1,1,43,4.0,0,2,3, ,1,0.0,0.0,0.0,7,2,1,26.9456214904785,3,20255-39-11-1,43.0,1,3.0,,2.0,1.0,0,0,1,1,1,0,1,1.0,1
20255,56,11,1,1,2,24,7.0,1, , , , ,0.0,0.0,0.0,7,2,1,26.9456214904785,5,20255-56-11-1,24.0,1,,,,0.0,0,0,0,1,1,0,0,0.0,0
20255,106,11,1,1,2,45,5.0,2, , , , ,0.0,0.0,0.0,7,2,1,26.9456214904785,5,20255-106-11-1,45.0,1,,,,0.0,0,0,1,1,1,0,1,0.0,1
20256,13,11,1,1,2,35,6.0,5,2,3, ,1,0.0,8.0,0.0,7,2,1,36.4323997497559,3,20256-13-11-1,35.0,1,3.0,,2.0,1.0,0,1,0,1,1,0,0,1.0,0
20256,47,11,1,1,1,42,7.0,1,4,3,7,1,0.0,0.0,0.0,7,2,1,36.4323997497559,6,20256-47-11-1,42.0,1,3.0,7.0,4.0,1.0,0,0,0,1,1,0,0,1.0,0
20256,64,11,1,1,1,69,3.0,4,5,3,7,1,0.0,0.0,0.0,7,2,1,36.4323997497559,2,20256-64-11-1,69.0,1,3.0,7.0,5.0,1.0,0,0,0,1,1,0,0,1.0,0
20256,81,11,1,1,2,49,7.0,1,2,3, ,1,0.0,8.0,0.0,7,2,1,36.4323997497559,1,20256-81-11-1,49.0,1,3.0,,2.0,1.0,0,1,0,1,1,0,0,1.0,0
20256,115,11,1,1,1,38,4.0,0,2,3, ,1,0.0,0.0,0.0,7,2,1,36.4323997497559,5,20256-115-11-1,38.0,1,3.0,,2.0,1.0,0,0,0,1,1,0,0,1.0,0
20257,70,11,1,1,1,40,5.0,3,4,2,7,1,0.0,8.0,0.0,7,2,1,37.3885345458984,5,20257-70-11-1,40.0,1,2.0,7.0,4.0,1.0,0,1,0,1,1,0,0,1.0,0
20257,89,11,1,1,2,31,7.0,2,2,3, ,1,0.0,8.0,0.0,7,2,1,37.3885345458984,6,20257-89-11-1,31.0,1,3.0,,2.0,1.0,0,1,0,1,1,0,0,1.0,0
20257,108,11,1,1,1,30,4.0,0,2,3, ,1,0.0,0.0,0.0,7,2,1,37.3885345458984,5,20257-108-11-1,30.0,1,3.0,,2.0,1.0,0,0,0,1,1,0,0,1.0,0
20258,33,11,1,1,2,34,5.0,3,2,3, ,1,0.0,0.0,0.0,7,2,2,220.54541015625,4,20258-33-11-1,34.0,1,3.0,,2.0,1.0,0,0,0,1,1,0,0,1.0,0
20258,95,11,1,1,1,47,5.0,2,4,3,7,1,0.0,0.0,0.0,7,2,2,220.54541015625,9,20258-95-11-1,47.0,1,3.0,7.0,4.0,1.0,0,0,0,1,1,0,0,1.0,0
20258,115,11,1,1,2,46,6.0,5,6, ,7,1,0.0,8.0,0.0,7,2,2,220.54541015625,3,20258-115-11-1,46.0,1,,7.0,6.0,1.0,0,1,0,1,1,0,0,1.0,0
20258,130,11,1,1,2,33,5.0,4,2,3, ,1,0.0,0.0,0.0,7,2,2,220.54541015625,4,20258-130-11-1,33.0,1,3.0,,2.0,1.0,0,0,0,1,1,0,0,1.0,0
20258,133,11,1,1,2,56,4.0,0,2,3, ,1,0.0,0.0,0.0,7,2,1,220.54541015625,3,20258-133-11-1,56.0,1,3.0,,2.0,1.0,0,0,0,1,1,0,0,1.0,0
20259,15,11,1,1,1,43,8.0,4,2,3, ,1,0.0,8.0,0.0,7,2,1,27.3242988586426,2,20259-15-11-1,43.0,1,3.0,,2.0,1.0,0,1,0,1,1,0,0,1.0,0
20259,64,11,1,1,1,72,4.0,5,5,3,7,1,0.0,0.0,0.0,7,2,1,27.3242988586426,2,20259-64-11-1,72.0,1,3.0,7.0,5.0,1.0,0,0,0,1,1,0,0,1.0,0
20259,96,11,1,1,1,62,8.0,5,2,3, ,1,0.0,0.0,0.0,7,2,1,27.3242988586426,2,20259-96-11-1,62.0,1,3.0,,2.0,1.0,0,0,0,1,1,0,0,1.0,0
20260,71,11,1,1,2,65,3.0,2,6, ,7,1,0.0,8.0,0.0,7,2,1,26.9456214904785,1,20260-71-11-1,65.0,1,,7.0,6.0,1.0,0,1,0,1,1,0,0,1.0,0
20261,28,11,1,1,1,54,5.0,1, , , , ,0.0,0.0,0.0,7,2,1,167.575805664063,11,20261-28-11-1,54.0,1,,,,0.0,0,0,0,1,1,0,0,0.0,0
20261,52,11,1,1,1,39,3.0,0,2,3, ,1,0.0,8.0,0.0,7,2,1,167.575805664063,5,20261-52-11-1,39.0,1,3.0,,2.0,1.0,0,1,0,1,1,0,0,1.0,0
20261,64,11,1,1,1,33,8.0,3,3,2,7,1,0.0,8.0,0.0,7,2,1,167.575805664063,3,20261-64-11-1,33.0,1,2.0,7.0,3.0,1.0,0,1,0,1,1,0,0,1.0,0
20261,76,11,1,1,1,53,10.0,6,3, ,1,5,0.0,0.0,0.0,7,2,1,167.575805664063,4,20261-76-11-1,53.0,1,,1.0,3.0,0.0,0,0,0,1,1,0,0,0.0,0
20262,6,11,1,1,2,39,7.0,2,3,1,1,1,0.0,8.0,0.0,7,2,1,165.409057617188,5,20262-6-11-1,39.0,1,1.0,1.0,3.0,0.0,0,1,0,1,1,0,0,0.0,0
20262,22,11,1,1,1,64,4.0,5,2,3, ,1,0.0,0.0,0.0,7,2,1,165.409057617188,2,20262-22-11-1,64.0,1,3.0,,2.0,1.0,0,0,0,1,1,0,0,1.0,0
20262,39,11,1,1,2,21,7.0,1,3,2,7,1,0.0,8.0,0.0,7,2,1,165.409057617188,1,20262-39-11-1,21.0,1,2.0,7.0,3.0,1.0,0,1,1,1,1,0,1,1.0,1
20262,54,11,1,1,1,57,8.0,3,2,3, ,1,0.0,8.0,0.0,7,2,1,165.409057617188,4,20262-54-11-1,57.0,1,3.0,,2.0,1.0,0,1,1,1,1,0,1,1.0,1
20262,104,11,1,1,2,45,7.0,1,3,1,2,4,0.0,8.0,0.0,7,2,1,165.409057617188,4,20262-104-11-1,45.0,1,1.0,2.0,3.0,0.0,0,1,0,1,1,0,0,0.0,0
20263,14,11,1,1,2,55,5.0,2, , , , ,0.0,0.0,0.0,7,2,1,150.053176879883,3,20263-14-11-1,55.0,1,,,,0.0,0,0,0,1,1,0,0,0.0,0
20263,26,11,1,1,2,52,3.0,0,1,3, ,1,0.0,0.0,0.0,7,2,1,150.053176879883,3,20263-26-11-1,52.0,1,3.0,,1.0,1.0,0,0,0,1,1,0,0,1.0,0
20263,39,11,1,1,1,57,4.0,5,4,1,7,1,0.0,0.0,0.0,7,2,1,150.053176879883,5,20263-39-11-1,57.0,1,1.0,7.0,4.0,1.0,0,0,0,1,1,0,0,1.0,0
20264,16,11,1,1,2,47,6.0,5,6, ,7,1,0.0,8.0,0.0,7,2,1,220.54541015625,6,20264-16-11-1,47.0,1,,7.0,6.0,1.0,0,1,0,1,1,0,0,1.0,0
20264,39,11,1,1,2,46,5.0,1, , , , ,0.0,8.0,0.0,7,2,1,220.54541015625,2,20264-39-11-1,46.0,1,,,,0.0,0,1,0,1,1,0,0,0.0,0
20264,83,11,1,1,1,32,9.0,2,2,3, ,1,0.0,0.0,0.0,7,2,1,220.54541015625,4,20264-83-11-1,32.0,1,3.0,,2.0,1.0,0,0,0,1,1,0,0,1.0,0
20264,105,11,1,1,2,43,6.0,5,2,3, ,1,0.0,8.0,0.0,7,2,2,220.54541015625,4,20264-105-11-1,43.0,1,3.0,,2.0,1.0,0,1,1,1,1,0,1,1.0,1
20264,128,11,1,1,1,50,4.0,0,2,3, ,1,0.0,0.0,0.0,7,2,1,220.54541015625,1,20264-128-11-1,50.0,1,3.0,,2.0,1.0,0,0,0,1,1,0,0,1.0,0
20264,150,11,1,1,2,41,8.0,3,2,2, ,1,0.0,8.0,0.0,7,2,1,220.54541015625,4,20264-150-11-1,41.0,1,2.0,,2.0,0.0,0,1,0,1,1,0,0,0.0,0
20265,41,11,1,1,1,54,8.0,3,2,3, ,1,0.0,8.0,0.0,7,2,1,217.689697265625,3,20265-41-11-1,54.0,1,3.0,,2.0,1.0,0,1,0,1,1,0,0,1.0,0
20265,68,11,1,1,1,42,6.0,5,4,3,7,1,0.0,8.0,0.0,7,2,1,217.689697265625,2,20265-68-11-1,42.0,1,3.0,7.0,4.0,1.0,0,1,0,1,1,0,0,1.0,0
20265,81,11,1,1,1,32,6.0,5,2,3, ,1,0.0,8.0,0.0,7,2,1,217.689697265625,3,20265-81-11-1,32.0,1,3.0,,2.0,1.0,0,1,0,1,1,0,0,1.0,0
20267,4,11,1,1,1,40,6.0,5,5,2,7,1,0.0,0.0,0.0,7,2,1,37.3885345458984,5,20267-4-11-1,40.0,1,2.0,7.0,5.0,1.0,0,0,0,1,1,0,0,1.0,0
20267,40,11,1,1,2,32,6.0,5, , , , ,0.0,8.0,0.0,7,2,1,37.3885345458984,5,20267-40-11-1,32.0,1,,,,0.0,0,1,0,1,1,0,0,0.0,0
20267,49,11,1,1,1,43,6.0,5,4,3,7,1,0.0,0.0,0.0,7,2,1,37.3885345458984,10,20267-49-11-1,43.0,1,3.0,7.0,4.0,1.0,0,0,0,1,1,0,0,1.0,0
20268,10,11,1,1,1,22,9.0,4, , , , ,0.0,8.0,0.0,7,2,1,150.053176879883,1,20268-10-11-1,22.0,1,,,,0.0,0,1,0,1,1,0,0,0.0,0
20268,28,11,1,1,2,57,6.0,5, , , , ,0.0,0.0,0.0,7,2,1,150.053176879883,4,20268-28-11-1,57.0,1,,,,0.0,0,0,0,1,1,0,0,0.0,0
20268,61,11,1,1,2,60,10.0,5, , , , ,0.0,8.0,0.0,7,2,1,150.053176879883,2,20268-61-11-1,60.0,1,,,,0.0,0,1,0,1,1,0,0,0.0,0
20268,77,11,1,1,2,42,6.0,5,2,3, ,1,0.0,8.0,0.0,7,2,1,150.053176879883,4,20268-77-11-1,42.0,1,3.0,,2.0,1.0,0,1,0,1,1,0,0,1.0,0
20268,110,11,1,1,1,49,4.0,0,1,2, ,1,0.0,0.0,0.0,7,2,1,150.053176879883,3,20268-110-11-1,49.0,1,2.0,,1.0,0.0,0,0,0,1,1,0,0,0.0,0
20270,5,11,1,1,1,43,6.0,5,1,3, ,1,0.0,8.0,0.0,7,2,1,167.575805664063,3,20270-5-11-1,43.0,1,3.0,,1.0,1.0,0,1,0,1,1,0,0,1.0,0
20270,24,11,1,1,1,57,6.0,5,4,3,7,1,0.0,8.0,0.0,7,2,1,167.575805664063,8,20270-24-11-1,57.0,1,3.0,7.0,4.0,1.0,0,1,0,1,1,0,0,1.0,0
20270,61,11,1,1,2,57,5.0,1,2,3, ,1,0.0,0.0,0.0,7,2,1,167.575805664063,3,20270-61-11-1,57.0,1,3.0,,2.0,1.0,0,0,0,1,1,0,0,1.0,0
20270,80,11,1,1,1,22,7.0,2, , , , ,0.0,8.0,0.0,7,2,1,167.575805664063,2,20270-80-11-1,22.0,1,,,,0.0,0,1,0,1,1,0,0,0.0,0
20270,99,11,1,1,1,50,8.0,3,4, ,1,5,0.0,8.0,0.0,7,2,1,167.575805664063,3,20270-99-11-1,50.0,1,,1.0,4.0,0.0,0,1,0,1,1,0,0,0.0,0
20270,118,11,1,1,2,45,3.0,0,3,3,7,1,0.0,8.0,0.0,7,2,1,167.575805664063,2,20270-118-11-1,45.0,1,3.0,7.0,3.0,1.0,0,1,0,1,1,0,0,1.0,0
20271,24,11,1,1,1,79,4.0,5, , , , ,0.0,0.0,0.0,7,2,1,165.409057617188,2,20271-24-11-1,79.0,1,,,,0.0,0,0,0,1,1,0,0,0.0,0
20271,55,11,1,1,1,37,6.0,5,4,3,7,1,0.0,8.0,0.0,7,2,1,165.409057617188,4,20271-55-11-1,37.0,1,3.0,7.0,4.0,1.0,0,1,0,1,1,0,0,1.0,0
20271,101,11,1,1,2,50,11.0,2,3, ,1,5,0.0,8.0,0.0,7,2,1,165.409057617188,4,20271-101-11-1,50.0,1,,1.0,3.0,0.0,0,1,0,1,1,0,0,0.0,0
20272,36,11,1,1,2,42,4.0,0, , , , ,0.0,8.0,0.0,7,2,1,217.689697265625,4,20272-36-11-1,42.0,1,,,,0.0,0,1,1,1,1,0,1,0.0,1
20272,52,11,1,1,2,39,5.0,3,2,3, ,1,0.0,0.0,0.0,7,2,1,217.689697265625,5,20272-52-11-1,39.0,1,3.0,,2.0,1.0,0,0,0,1,1,0,0,1.0,0
20272,69,11,1,1,2,43,6.0,5,3,2,7,1,0.0,8.0,0.0,7,2,1,217.689697265625,3,20272-69-11-1,43.0,1,2.0,7.0,3.0,1.0,0,1,0,1,1,0,0,1.0,0
20272,85,11,1,1,2,35,5.0,4,2,3, ,1,0.0,0.0,0.0,7,2,2,217.689697265625,5,20272-85-11-1,35.0,1,3.0,,2.0,1.0,0,0,0,1,1,0,0,1.0,0
20273,59,11,1,1,2,39,4.0,0,2,3, ,1,0.0,0.0,0.0,7,2,1,220.54541015625,5,20273-59-11-1,39.0,1,3.0,,2.0,1.0,0,0,0,1,1,0,0,1.0,0
20273,76,11,1,1,1,42,8.0,3,2,3, ,1,0.0,8.0,0.0,7,2,1,220.54541015625,5,20273-76-11-1,42.0,1,3.0,,2.0,1.0,0,1,0,1,1,0,0,1.0,0
20273,95,11,1,1,2,49,5.0,4,2,3, ,1,0.0,8.0,0.0,7,2,1,220.54541015625,5,20273-95-11-1,49.0,1,3.0,,2.0,1.0,0,1,0,1,1,0,0,1.0,0
20273,144,11,1,1,1,40,4.0,0,4,3,7,1,0.0,0.0,0.0,7,2,1,220.54541015625,8,20273-144-11-1,40.0,1,3.0,7.0,4.0,1.0,0,0,0,1,1,0,0,1.0,0
20274,6,11,1,1,2,50,5.0,4,2,3, ,1,0.0,0.0,0.0,7,2,2,223.434417724609,3,20274-6-11-1,50.0,1,3.0,,2.0,1.0,0,0,0,1,1,0,0,1.0,0
20274,25,11,1,1,2,47,3.0,0,2,3, ,1,0.0,8.0,0.0,7,2,1,223.434417724609,5,20274-25-11-1,47.0,1,3.0,,2.0,1.0,0,1,1,1,1,0,1,1.0,1
20274,60,11,1,1,1,51,6.0,5,4,3,7,1,0.0,0.0,0.0,7,2,1,223.434417724609,5,20274-60-11-1,51.0,1,3.0,7.0,4.0,1.0,0,0,0,1,1,0,0,1.0,0
20274,95,11,1,1,1,22,7.0,2,3,3,7,1,0.0,8.0,0.0,7,2,1,223.434417724609,2,20274-95-11-1,22.0,1,3.0,7.0,3.0,1.0,0,1,0,1,1,0,0,1.0,0
20274,130,11,1,1,1,81,3.0,1, , , , ,0.0,0.0,0.0,7,2,1,223.434417724609,4,20274-130-11-1,81.0,1,,,,0.0,0,0,0,1,1,0,0,0.0,0
20275,86,11,1,1,1,66,5.0,2,3,3,7,1,0.0,0.0,0.0,7,2,1,200.070892333984,3,20275-86-11-1,66.0,1,3.0,7.0,3.0,1.0,0,0,0,1,1,0,0,1.0,0
20275,104,11,1,1,1,65,3.0,4, , , , ,0.0,0.0,0.0,7,2,1,200.070892333984,1,20275-104-11-1,65.0,1,,,,0.0,0,0,0,1,1,0,0,0.0,0
20275,122,11,1,1,2,35,4.0,0,2,3, ,1,0.0,0.0,0.0,7,2,1,200.070892333984,5,20275-122-11-1,35.0,1,3.0,,2.0,1.0,0,0,1,1,1,0,1,1.0,1
20275,139,11,1,1,1,54,5.0,3,2,3, ,1,0.0,0.0,0.0,7,2,1,200.070892333984,5,20275-139-11-1,54.0,1,3.0,,2.0,1.0,0,0,0,1,1,0,0,1.0,0
20276,9,11,1,1,1,61,11.0,2,3, ,1,5,0.0,0.0,0.0,7,2, ,150.053176879883,5,20276-9-11-1,61.0,1,,1.0,3.0,0.0,0,0,1,1,1,0,1,0.0,1
20276,25,11,1,1,2,47,5.0,2,2,3, ,1,0.0,8.0,0.0,7,2, ,150.053176879883,7,20276-25-11-1,47.0,1,3.0,,2.0,1.0,0,1,0,1,1,0,0,1.0,0
20276,55,11,1,1,2,60,5.0,2,2,3, ,1,0.0,0.0,0.0,7,2, ,150.053176879883,2,20276-55-11-1,60.0,1,3.0,,2.0,1.0,0,0,0,1,1,0,0,1.0,0
20276,86,11,1,1,2,56,11.0,2,3, ,1,5,0.0,0.0,0.0,7,2, ,150.053176879883,4,20276-86-11-1,56.0,1,,1.0,3.0,0.0,0,0,1,1,1,0,1,0.0,1
20276,116,11,1,1,1,47,11.0,2,3, ,1,5,0.0,0.0,0.0,7,2, ,150.053176879883,5,20276-116-11-1,47.0,1,,1.0,3.0,0.0,0,0,1,1,1,0,1,0.0,1
20276,147,11,1,1,1,42,8.0,3,2,3, ,1,0.0,8.0,0.0,7,2, ,150.053176879883,5,20276-147-11-1,42.0,1,3.0,,2.0,1.0,0,1,0,1,1,0,0,1.0,0
20278,15,11,1,1,2,57,8.0,5,2,3, ,1,0.0,8.0,0.0,7,2, ,167.575805664063,3,20278-15-11-1,57.0,1,3.0,,2.0,1.0,0,1,0,1,1,0,0,1.0,0
20278,31,11,1,1,2,38,5.0,1,2,3, ,1,0.0,0.0,0.0,7,2, ,167.575805664063,7,20278-31-11-1,38.0,1,3.0,,2.0,1.0,0,0,0,1,1,0,0,1.0,0
20278,62,11,1,1,2,55,8.0,3,3, ,5,5,0.0,8.0,0.0,7,2, ,167.575805664063,3,20278-62-11-1,55.0,1,,5.0,3.0,0.0,0,1,0,1,1,0,0,0.0,0
20278,78,11,1,1,2,51,4.0,0,2,3, ,1,0.0,0.0,0.0,7,2, ,167.575805664063,8,20278-78-11-1,51.0,1,3.0,,2.0,1.0,0,0,0,1,1,0,0,1.0,0
20278,93,11,1,1,1,64,6.0,5,4,3,7,1,0.0,0.0,0.0,7,2, ,167.575805664063,2,20278-93-11-1,64.0,1,3.0,7.0,4.0,1.0,0,0,0,1,1,0,0,1.0,0
20280,18,11,1,1,1,47,10.0,7,2,3, ,1,0.0,8.0,0.0,7,2, ,150.053176879883,1,20280-18-11-1,47.0,1,3.0,,2.0,1.0,0,1,0,1,1,0,0,1.0,0
20280,78,11,1,1,1,55,3.0,0,4,3,7,1,0.0,0.0,0.0,7,2, ,150.053176879883,5,20280-78-11-1,55.0,1,3.0,7.0,4.0,1.0,0,0,0,1,1,0,0,1.0,0
20280,100,11,1,1,1,39,6.0,5,4,3,7,1,0.0,8.0,0.0,7,2, ,150.053176879883,4,20280-100-11-1,39.0,1,3.0,7.0,4.0,1.0,0,1,0,1,1,0,0,1.0,0
20280,120,11,1,1,1,56,5.0,3,4,3,7,2,0.0,0.0,0.0,7,2, ,150.053176879883,3,20280-120-11-1,56.0,1,3.0,7.0,4.0,1.0,0,0,0,1,1,0,0,1.0,0
20280,141,11,1,1,1,66,4.0,5,2,3, ,1,0.0,8.0,0.0,7,2, ,150.053176879883,2,20280-141-11-1,66.0,1,3.0,,2.0,1.0,0,1,0,1,1,0,0,1.0,0
20281,15,11,1,1,2,47,8.0,5,3, ,2,5,0.0,8.0,0.0,7,2, ,217.689697265625,4,20281-15-11-1,47.0,1,,2.0,3.0,0.0,0,1,0,1,1,0,0,0.0,0
20281,34,11,1,1,1,59,4.0,6,2,3, ,1,0.0,8.0,0.0,7,2, ,217.689697265625,3,20281-34-11-1,59.0,1,3.0,,2.0,1.0,0,1,0,1,1,0,0,1.0,0
20281,91,11,1,1,2,65,5.0,3,2,3, ,1,0.0,8.0,0.0,7,2, ,217.689697265625,5,20281-91-11-1,65.0,1,3.0,,2.0,1.0,0,1,0,1,1,0,0,1.0,0
20281,146,11,1,1,1,49,6.0,5,4,2,7,1,0.0,8.0,0.0,7,2, ,217.689697265625,6,20281-146-11-1,49.0,1,2.0,7.0,4.0,1.0,0,1,0,1,1,0,0,1.0,0
20281,165,11,1,1,2,74,3.0,1, , , , ,0.0,0.0,0.0,7,2, ,217.689697265625,3,20281-165-11-1,74.0,1,,,,0.0,0,0,0,1,1,0,0,0.0,0
20281,166,11,1,1,1,65,4.0,5,2,3, ,1,0.0,0.0,0.0,7,2, ,217.689697265625,3,20281-166-11-1,65.0,1,3.0,,2.0,1.0,0,0,0,1,1,0,0,1.0,0
20282,35,11,1,1,2,64,6.0,5, , , , ,0.0,0.0,0.0,7,2, ,220.54541015625,8,20282-35-11-1,64.0,1,,,,0.0,0,0,0,1,1,0,0,0.0,0
20282,53,11,1,1,2,32,4.0,0,2,3, ,1,0.0,0.0,0.0,7,2, ,220.54541015625,4,20282-53-11-1,32.0,1,3.0,,2.0,1.0,0,0,0,1,1,0,0,1.0,0
20282,109,11,1,1,1,77,3.0,3,2,3, ,1,0.0,8.0,0.0,7,2, ,220.54541015625,4,20282-109-11-1,77.0,1,3.0,,2.0,1.0,0,1,0,1,1,0,0,1.0,0
20282,145,12,1,1,1,49,6.0,5,4,3,7,1,0.0,8.0,0.0,7,2, ,220.54541015625,3,20282-145-12-1,49.0,1,3.0,7.0,4.0,1.0,0,1,0,1,1,0,0,1.0,0
20282,145,22,1,1,1,58,7.0,1,2,3, ,1,0.0,8.0,0.0,7,2, ,220.54541015625,3,20282-145-22-1,58.0,1,3.0,,2.0,1.0,0,1,0,1,1,0,0,1.0,0
20283,2,11,1,1,1,31,8.0,3,3, ,6,5,0.0,8.0,0.0,7,2, ,223.434417724609,3,20283-2-11-1,31.0,1,,6.0,3.0,0.0,0,1,1,1,1,0,1,0.0,1
20283,34,11,1,1,1,36,5.0,4,2,3, ,1,0.0,0.0,0.0,7,2, ,223.434417724609,6,20283-34-11-1,36.0,1,3.0,,2.0,1.0,0,0,0,1,1,0,0,1.0,0
20283,81,11,1,1,1,41,5.0,2,2,3, ,1,0.0,0.0,0.0,7,2, ,223.434417724609,4,20283-81-11-1,41.0,1,3.0,,2.0,1.0,0,0,0,1,1,0,0,1.0,0
20283,125,11,1,1,1,62,3.0,4,4,3,7,1,0.0,0.0,0.0,7,2, ,223.434417724609,7,20283-125-11-1,62.0,1,3.0,7.0,4.0,1.0,0,0,0,1,1,0,0,1.0,0
20287,6,11,1,1,2,63,6.0,5,5,3,7,1,0.0,0.0,0.0,7,5, ,220.54541015625,1,20287-6-11-1,63.0,1,3.0,7.0,5.0,1.0,0,0,0,1,1,0,0,1.0,0
20287,28,11,1,1,2,48,3.0,0,5,3,7,1,0.0,0.0,0.0,7,5, ,220.54541015625,6,20287-28-11-1,48.0,1,3.0,7.0,5.0,1.0,0,0,0,1,1,0,0,1.0,0
20287,72,11,1,1,1,55,5.0,1,2,3, ,1,0.0,0.0,0.0,7,5, ,220.54541015625,2,20287-72-11-1,55.0,1,3.0,,2.0,1.0,0,0,0,1,1,0,0,1.0,0
20287,117,11,1,1,1,61,4.0,6,1,3, ,1,0.0,8.0,0.0,7,5, ,220.54541015625,4,20287-117-11-1,61.0,1,3.0,,1.0,1.0,0,1,0,1,1,0,0,1.0,0
20287,140,11,1,1,1,39,6.0,5,4,1,5,2,0.0,8.0,0.0,7,5, ,220.54541015625,4,20287-140-11-1,39.0,1,1.0,5.0,4.0,0.0,0,1,0,1,1,0,0,0.0,0
20293,20,11,1,1,1,46,3.0,0,2,3, ,1,0.0,0.0,0.0,7,4,1,220.54541015625,3,20293-20-11-1,46.0,1,3.0,,2.0,1.0,0,0,1,1,1,0,1,1.0,1
20293,34,11,1,1,2,41,1.0, ,4,2,7,1,0.0,0.0,0.0,7,4,1,220.54541015625,2,20293-34-11-1,41.0,1,2.0,7.0,4.0,1.0,0,0,0,1,1,0,0,1.0,0
20293,46,11,1,1,1,80,4.0,5,1,3, ,1,0.0,0.0,0.0,7,4,1,220.54541015625,2,20293-46-11-1,80.0,1,3.0,,1.0,1.0,0,0,0,1,1,0,0,1.0,0
20293,74,11,1,1,2,24,5.0,2,2,3, ,1,0.0,8.0,0.0,7,4,1,220.54541015625,4,20293-74-11-1,24.0,1,3.0,,2.0,1.0,0,1,0,1,1,0,0,1.0,0
20293,101,11,1,1,1,42,7.0,1,3,1,2,1,0.0,8.0,0.0,7,4,1,220.54541015625,1,20293-101-11-1,42.0,1,1.0,2.0,3.0,0.0,0,1,0,1,1,0,0,0.0,0
20299,5,11,1,1,2,61,4.0,5,5,3,7,1,0.0,0.0,0.0,7,4, ,36.4323997497559,4,20299-5-11-1,61.0,1,3.0,7.0,5.0,1.0,0,0,0,1,1,0,0,1.0,0
20299,21,11,1,1,1,56,3.0,0,4,3,7,1,0.0,0.0,0.0,7,4, ,36.4323997497559,2,20299-21-11-1,56.0,1,3.0,7.0,4.0,1.0,0,0,0,1,1,0,0,1.0,0
20299,37,11,1,1,2,73,3.0,2,1,3, ,1,0.0,0.0,0.0,7,4, ,36.4323997497559,1,20299-37-11-1,73.0,1,3.0,,1.0,1.0,0,0,0,1,1,0,0,1.0,0
20299,83,11,1,1,2,50,4.0,0,2,3, ,1,0.0,0.0,0.0,7,4, ,36.4323997497559,4,20299-83-11-1,50.0,1,3.0,,2.0,1.0,0,0,1,1,1,0,1,1.0,1
20299,99,11,1,1,2,61,3.0,4, , , , ,0.0,0.0,0.0,7,4, ,36.4323997497559,4,20299-99-11-1,61.0,1,,,,0.0,0,0,0,1,1,0,0,0.0,0
20306,27,11,1,1,1,69,5.0,1,2,3, ,1,0.0,0.0,0.0,7,5,1,200.070892333984,1,20306-27-11-1,69.0,1,3.0,,2.0,1.0,0,0,0,1,1,0,0,1.0,0
20306,96,11,1,1,2,38,6.0,5,2,3, ,1,0.0,0.0,0.0,7,5,1,200.070892333984,4,20306-96-11-1,38.0,1,3.0,,2.0,1.0,0,0,0,1,1,0,0,1.0,0
20308,10,11,1,1,2,58,1.0, ,5,3,7,1,0.0,0.0,0.0,7,5,1,217.689697265625,4,20308-10-11-1,58.0,1,3.0,7.0,5.0,1.0,0,0,0,1,1,0,0,1.0,0
20308,31,11,1,1,2,43,3.0,0,2,3, ,1,0.0,0.0,0.0,7,5,1,217.689697265625,4,20308-31-11-1,43.0,1,3.0,,2.0,1.0,0,0,1,1,1,0,1,1.0,1
20308,93,11,1,1,2,62,4.0,5,2,3, ,1,0.0,0.0,0.0,7,5,1,217.689697265625,1,20308-93-11-1,62.0,1,3.0,,2.0,1.0,0,0,1,1,1,0,1,1.0,1
20308,114,12,1,1,2,56,3.0,0, , , , ,0.0,0.0,0.0,7,5,1,217.689697265625,5,20308-114-12-1,56.0,1,,,,0.0,0,0,0,1,1,0,0,0.0,0
20308,114,22,1,1,2,31,6.0,5,5,3,7,1,0.0,8.0,0.0,7,5,1,217.689697265625,4,20308-114-22-1,31.0,1,3.0,7.0,5.0,1.0,0,1,0,1,1,0,0,1.0,0
20308,134,11,1,1,1,28,5.0,1,2,3, ,1,0.0,0.0,0.0,7,5,1,217.689697265625,4,20308-134-11-1,28.0,1,3.0,,2.0,1.0,0,0,0,1,1,0,0,1.0,0
20310,16,11,1,1,1,57,3.0,0,2,3, ,1,0.0,0.0,0.0,7,5,1,223.434417724609,4,20310-16-11-1,57.0,1,3.0,,2.0,1.0,0,0,1,1,1,0,1,1.0,1
20310,37,11,1,1,1,42,4.0,0,2,3, ,1,0.0,0.0,0.0,7,5,1,223.434417724609,9,20310-37-11-1,42.0,1,3.0,,2.0,1.0,0,0,0,1,1,0,0,1.0,0
20310,58,11,1,1,1,44,3.0,0,2,3, ,1,0.0,0.0,0.0,7,5,1,223.434417724609,3,20310-58-11-1,44.0,1,3.0,,2.0,1.0,0,0,0,1,1,0,0,1.0,0
20310,79,11,1,1,1,39,6.0,5,5,3,7,1,0.0,0.0,0.0,7,5,1,223.434417724609,3,20310-79-11-1,39.0,1,3.0,7.0,5.0,1.0,0,0,1,1,1,0,1,1.0,1
20310,99,11,1,1,1,34,6.0,5,4,3,7,1,0.0,0.0,0.0,7,5,2,223.434417724609,4,20310-99-11-1,34.0,1,3.0,7.0,4.0,1.0,0,0,0,1,1,0,0,1.0,0
20310,120,11,1,1,1,47,6.0,5,4,3,7,1,0.0,0.0,0.0,7,5,1,223.434417724609,5,20310-120-11-1,47.0,1,3.0,7.0,4.0,1.0,0,0,0,1,1,0,0,1.0,0
20311,4,11,1,1,1,29,5.0,3,2,3, ,1,0.0,0.0,0.0,7,4,1,217.689697265625,4,20311-4-11-1,29.0,1,3.0,,2.0,1.0,0,0,0,1,1,0,0,1.0,0
20311,90,11,1,1,1,57,4.0,0,2,3, ,1,0.0,0.0,0.0,7,4,1,217.689697265625,7,20311-90-11-1,57.0,1,3.0,,2.0,1.0,0,0,1,1,1,0,1,1.0,1
20311,133,11,1,1,2,40,3.0,0,4,1,7,4,0.0,8.0,0.0,7,4,1,217.689697265625,4,20311-133-11-1,40.0,1,1.0,7.0,4.0,1.0,0,1,1,1,1,0,1,1.0,1
20312,5,11,1,1,1,49,3.0,0,2,3, ,1,0.0,0.0,0.0,7,5,1,200.070892333984,5,20312-5-11-1,49.0,1,3.0,,2.0,1.0,0,0,0,1,1,0,0,1.0,0
20312,19,11,1,1,1,41,4.0,0,2,3, ,1,0.0,0.0,0.0,7,5,2,200.070892333984,3,20312-19-11-1,41.0,1,3.0,,2.0,1.0,0,0,0,1,1,0,0,1.0,0
20312,33,11,1,1,2,47,3.0,0,2,3, ,1,0.0,0.0,0.0,7,5,1,200.070892333984,3,20312-33-11-1,47.0,1,3.0,,2.0,1.0,0,0,0,1,1,0,0,1.0,0
20312,76,11,1,1,2,45,3.0,0,4,2,7,1,0.0,0.0,0.0,7,5,1,200.070892333984,3,20312-76-11-1,45.0,1,2.0,7.0,4.0,1.0,0,0,0,1,1,0,0,1.0,0
20313,1,11,1,1,1,43,6.0,5,2,3, ,1,0.0,8.0,0.0,7,5,1,220.54541015625,4,20313-1-11-1,43.0,1,3.0,,2.0,1.0,0,1,0,1,1,0,0,1.0,0
20313,21,11,1,1,2,55,4.0,0,2,3, ,1,0.0,0.0,0.0,7,5,1,220.54541015625,3,20313-21-11-1,55.0,1,3.0,,2.0,1.0,0,0,0,1,1,0,0,1.0,0
20313,60,11,1,1,1,43,5.0,3,4,3,7,1,0.0,8.0,0.0,7,5,1,220.54541015625,6,20313-60-11-1,43.0,1,3.0,7.0,4.0,1.0,0,1,0,1,1,0,0,1.0,0
20313,80,11,1,1,1,35,4.0,0,4, ,5,5,0.0,8.0,0.0,7,5,1,220.54541015625,3,20313-80-11-1,35.0,1,,5.0,4.0,0.0,0,1,0,1,1,0,0,0.0,0
20313,99,11,1,1,2,31,7.0,2,3, ,7,5,0.0,0.0,0.0,7,5,1,220.54541015625,4,20313-99-11-1,31.0,1,,7.0,3.0,1.0,0,0,0,1,1,0,0,1.0,0
20313,119,11,1,1,2,32,3.0,0, , , , ,0.0,0.0,0.0,7,5,1,220.54541015625,5,20313-119-11-1,32.0,1,,,,0.0,0,0,0,1,1,0,0,0.0,0
20314,10,11,1,1,1,73,3.0,3,2,3, ,1,0.0,0.0,0.0,7,4,1,200.070892333984,2,20314-10-11-1,73.0,1,3.0,,2.0,1.0,0,0,0,1,1,0,0,1.0,0
20314,22,11,1,1,1,31,6.0,5,4,3,7,1,0.0,0.0,0.0,7,4,1,200.070892333984,2,20314-22-11-1,31.0,1,3.0,7.0,4.0,1.0,0,0,0,1,1,0,0,1.0,0
20314,57,11,1,1,2,53,4.0,0,2,3, ,1,0.0,0.0,0.0,7,4,1,200.070892333984,2,20314-57-11-1,53.0,1,3.0,,2.0,1.0,0,0,0,1,1,0,0,1.0,0
20314,80,11,1,1,1,62,3.0,1,2,3, ,1,0.0,0.0,0.0,7,4,1,200.070892333984,4,20314-80-11-1,62.0,1,3.0,,2.0,1.0,0,0,0,1,1,0,0,1.0,0
20315,4,11,1,1,2,47,6.0,5,4,3,7,1,0.0,0.0,0.0,7,4,1,223.434417724609,3,20315-4-11-1,47.0,1,3.0,7.0,4.0,1.0,0,0,0,1,1,0,0,1.0,0
20315,16,11,1,1,1,27,10.0,5,3, ,2,5,0.0,8.0,0.0,7,4,2,223.434417724609,2,20315-16-11-1,27.0,1,,2.0,3.0,0.0,0,1,1,1,1,0,1,0.0,1
20315,24,11,1,1,1,46,3.0,0,4,3,7,1,0.0,0.0,0.0,7,4,1,223.434417724609,6,20315-24-11-1,46.0,1,3.0,7.0,4.0,1.0,0,0,0,1,1,0,0,1.0,0
20315,28,11,1,1,1,57,6.0,5,4,3,7,1,0.0,0.0,0.0,7,4,1,223.434417724609,4,20315-28-11-1,57.0,1,3.0,7.0,4.0,1.0,0,0,0,1,1,0,0,1.0,0
20315,34,11,1,1,2,48,8.0,3,3, ,1,5,0.0,8.0,0.0,7,4,1,223.434417724609,4,20315-34-11-1,48.0,1,,1.0,3.0,0.0,0,1,1,1,1,0,1,0.0,1
20315,41,11,1,1,2,44,6.0,5,2,3, ,1,0.0,0.0,0.0,7,4,1,223.434417724609,4,20315-41-11-1,44.0,1,3.0,,2.0,1.0,0,0,1,1,1,0,1,1.0,1
20316,13,11,1,1,2,36,11.0,2,3, ,2,5,0.0,0.0,0.0,7,5,2,223.434417724609,1,20316-13-11-1,36.0,1,,2.0,3.0,0.0,0,0,0,1,1,0,0,0.0,0
20316,34,11,1,1,2,44,6.0,5,2,3, ,1,0.0,0.0,0.0,7,5,1,223.434417724609,4,20316-34-11-1,44.0,1,3.0,,2.0,1.0,0,0,1,1,1,0,1,1.0,1
20316,77,11,1,1,1,73,9.0,1,2,3, ,1,0.0,0.0,0.0,7,5,1,223.434417724609,1,20316-77-11-1,73.0,1,3.0,,2.0,1.0,0,0,0,1,1,0,0,1.0,0
20316,119,11,1,1,1,41,6.0,5,2,3, ,1,0.0,0.0,0.0,7,5,1,223.434417724609,5,20316-119-11-1,41.0,1,3.0,,2.0,1.0,0,0,0,1,1,0,0,1.0,0
20316,140,11,1,1,2,57,10.0,5,3, ,1,5,0.0,0.0,0.0,7,5,1,223.434417724609,1,20316-140-11-1,57.0,1,,1.0,3.0,0.0,0,0,1,1,1,0,1,0.0,1
20319,10,11,1,1,1,39,4.0,0,2,3, ,1,0.0,0.0,0.0,7,5, ,200.070892333984,8,20319-10-11-1,39.0,1,3.0,,2.0,1.0,0,0,0,1,1,0,0,1.0,0
20319,47,11,1,1,2,64,1.0, , , , , ,0.0,0.0,0.0,7,5, ,200.070892333984,1,20319-47-11-1,64.0,1,,,,0.0,0,0,0,1,1,0,0,0.0,0
20319,70,11,1,1,1,43,6.0,5,1,2, ,1,0.0,8.0,0.0,7,5, ,200.070892333984,2,20319-70-11-1,43.0,1,2.0,,1.0,0.0,0,1,0,1,1,0,0,0.0,0
20319,82,11,1,1,1,56,6.0,5,1,3, ,1,0.0,0.0,0.0,7,5, ,200.070892333984,4,20319-82-11-1,56.0,1,3.0,,1.0,1.0,0,0,0,1,1,0,0,1.0,0
20319,94,11,1,1,1,40,9.0,1,1,3, ,1,0.0,0.0,0.0,7,5, ,200.070892333984,4,20319-94-11-1,40.0,1,3.0,,1.0,1.0,0,0,0,1,1,0,0,1.0,0
20334,101,11,1,1,1,49,5.0,1,2,3, ,1,0.0,0.0,0.0,7,7,1,74.6622085571289,3,20334-101-11-1,49.0,1,3.0,,2.0,1.0,0,0,0,1,1,0,0,1.0,0
20334,103,11,1,1,1,62,4.0,5,4,3,7,1,0.0,0.0,0.0,7,7,1,74.6622085571289,6,20334-103-11-1,62.0,1,3.0,7.0,4.0,1.0,0,0,0,1,1,0,0,1.0,0
20334,247,11,1,1,1,68,4.0,5,2,3, ,1,0.0,0.0,0.0,7,7,1,74.6622085571289,1,20334-247-11-1,68.0,1,3.0,,2.0,1.0,0,0,0,1,1,0,0,1.0,0
20334,249,11,1,1,2,40,5.0,3,5,3,7,1,0.0,0.0,0.0,7,7,1,74.6622085571289,4,20334-249-11-1,40.0,1,3.0,7.0,5.0,1.0,0,0,0,1,1,0,0,1.0,0
20334,250,11,1,1,1,67,3.0,0,4,3,7,1,0.0,0.0,0.0,7,7,1,74.6622085571289,2,20334-250-11-1,67.0,1,3.0,7.0,4.0,1.0,0,0,0,1,1,0,0,1.0,0
20335,16,11,1,1,1,34,3.0,0,2,3, ,1,0.0,0.0,0.0,7,7,1,74.6622085571289,8,20335-16-11-1,34.0,1,3.0,,2.0,1.0,0,0,0,1,1,0,0,1.0,0
20335,128,11,1,1,1,60,6.0,5,2,3, ,1,0.0,0.0,0.0,7,7,1,74.6622085571289,1,20335-128-11-1,60.0,1,3.0,,2.0,1.0,0,0,0,1,1,0,0,1.0,0
20335,129,11,1,1,1,77,1.0, ,2,3, ,1,0.0,0.0,0.0,7,7,1,74.6622085571289,3,20335-129-11-1,77.0,1,3.0,,2.0,1.0,0,0,0,1,1,0,0,1.0,0
20340,13,11,1,1,2,35,3.0,0, , , , ,0.0,0.0,0.0,7,7,1,78.8669052124023,6,20340-13-11-1,35.0,1,,,,0.0,0,0,0,1,1,0,0,0.0,0
20340,14,11,1,1,1,38,3.0,0,2,3, ,1,0.0,0.0,0.0,7,7,1,78.8669052124023,4,20340-14-11-1,38.0,1,3.0,,2.0,1.0,0,0,0,1,1,0,0,1.0,0
20340,15,11,1,1,2,51,3.0,0,2,3, ,1,0.0,0.0,0.0,7,7,1,78.8669052124023,1,20340-15-11-1,51.0,1,3.0,,2.0,1.0,0,0,0,1,1,0,0,1.0,0
20340,16,11,1,1,1,59,4.0,5,2,3, ,1,0.0,0.0,0.0,7,7,1,78.8669052124023,4,20340-16-11-1,59.0,1,3.0,,2.0,1.0,0,0,0,1,1,0,0,1.0,0
20340,90,11,1,1,2,45,3.0,0, , , , ,0.0,0.0,0.0,7,7,1,78.8669052124023,9,20340-90-11-1,45.0,1,,,,0.0,0,0,0,1,1,0,0,0.0,0
20340,91,11,1,1,1,77,4.0,5,2,3, ,1,0.0,0.0,0.0,7,7,1,78.8669052124023,2,20340-91-11-1,77.0,1,3.0,,2.0,1.0,0,0,0,1,1,0,0,1.0,0
20340,92,11,1,1,2,44,6.0,5,6, ,7,1,0.0,8.0,0.0,7,7,1,78.8669052124023,7,20340-92-11-1,44.0,1,,7.0,6.0,1.0,0,1,1,1,1,0,1,1.0,1
20340,93,11,1,1,1,63,3.0,3, , , , ,0.0,8.0,0.0,7,7,1,78.8669052124023,2,20340-93-11-1,63.0,1,,,,0.0,0,1,0,1,1,0,0,0.0,0
20346,9,11,1,1,1,33,4.0,0,2,3, ,1,0.0,0.0,0.0,7,7,1,65.1257705688477,4,20346-9-11-1,33.0,1,3.0,,2.0,1.0,0,0,0,1,1,0,0,1.0,0
20346,12,11,1,1,1,43,5.0,3,3,2,7,1,0.0,0.0,0.0,7,7,1,65.1257705688477,3,20346-12-11-1,43.0,1,2.0,7.0,3.0,1.0,0,0,0,1,1,0,0,1.0,0
20346,123,11,1,1,1,69,5.0,4,4,1,2,1,0.0,0.0,0.0,7,7,1,65.1257705688477,3,20346-123-11-1,69.0,1,1.0,2.0,4.0,0.0,0,0,0,1,1,0,0,0.0,0
20346,124,11,1,1,1,36,1.0, ,2,3, ,1,0.0,0.0,0.0,7,7,1,65.1257705688477,2,20346-124-11-1,36.0,1,3.0,,2.0,1.0,0,0,1,1,1,0,1,1.0,1
20348,29,11,1,1,1,56,5.0,2,2,3, ,1,0.0,0.0,0.0,7,8,1,78.8669052124023,3,20348-29-11-1,56.0,1,3.0,,2.0,1.0,0,0,0,1,1,0,0,1.0,0
20348,30,11,1,1,2,56,3.0,0,6, ,7,1,0.0,0.0,0.0,7,8,1,78.8669052124023,1,20348-30-11-1,56.0,1,,7.0,6.0,1.0,0,0,0,1,1,0,0,1.0,0
20348,31,11,1,1,1,46,6.0,5,4,3,7,1,0.0,0.0,0.0,7,8,1,78.8669052124023,1,20348-31-11-1,46.0,1,3.0,7.0,4.0,1.0,0,0,0,1,1,0,0,1.0,0
20349,1,11,1,1,2,48,1.0, ,4,3,7,1,0.0,0.0,0.0,7,8,1,71.8758087158203,3,20349-1-11-1,48.0,1,3.0,7.0,4.0,1.0,0,0,0,1,1,0,0,1.0,0
20349,5,11,1,1,2,18,3.0,0, , , , ,0.0,0.0,0.0,7,8,2,71.8758087158203,4,20349-5-11-1,18.0,1,,,,0.0,0,0,0,1,1,0,0,0.0,0
20349,7,11,1,1,1,36,3.0,0,4,3,7,1,0.0,0.0,0.0,7,8,1,71.8758087158203,1,20349-7-11-1,36.0,1,3.0,7.0,4.0,1.0,0,0,0,1,1,0,0,1.0,0
20349,8,11,1,1,1,40,6.0,5,4,3,7,1,0.0,0.0,0.0,7,8,1,71.8758087158203,6,20349-8-11-1,40.0,1,3.0,7.0,4.0,1.0,0,0,0,1,1,0,0,1.0,0
20349,38,11,1,1,1,61,10.0,5,2,3, ,1,0.0,0.0,0.0,7,8,1,71.8758087158203,4,20349-38-11-1,61.0,1,3.0,,2.0,1.0,0,0,0,1,1,0,0,1.0,0
20349,41,11,1,1,1,51,6.0,5,2,3, ,1,0.0,0.0,0.0,7,8,1,71.8758087158203,5,20349-41-11-1,51.0,1,3.0,,2.0,1.0,0,0,0,1,1,0,0,1.0,0
20350,10,11,1,1,2,27,4.0,0,2,3, ,1,0.0,0.0,0.0,7,7,1,71.8758087158203,4,20350-10-11-1,27.0,1,3.0,,2.0,1.0,0,0,0,1,1,0,0,1.0,0
20350,111,11,1,1,1,57,3.0,2,2,3, ,1,0.0,0.0,0.0,7,7,1,71.8758087158203,1,20350-111-11-1,57.0,1,3.0,,2.0,1.0,0,0,0,1,1,0,0,1.0,0
20350,112,11,1,1,1,25,8.0,3,4,3,7,1,0.0,0.0,0.0,7,7,1,71.8758087158203,3,20350-112-11-1,25.0,1,3.0,7.0,4.0,1.0,0,0,0,1,1,0,0,1.0,0
20350,113,11,1,1,1,67,5.0,2,2,3, ,1,0.0,0.0,0.0,7,7,1,71.8758087158203,2,20350-113-11-1,67.0,1,3.0,,2.0,1.0,0,0,0,1,1,0,0,1.0,0
20351,29,11,1,1,1,42,3.0,0,2,3, ,1,0.0,0.0,0.0,7,7,1,65.1257705688477,4,20351-29-11-1,42.0,1,3.0,,2.0,1.0,0,0,0,1,1,0,0,1.0,0
20351,32,11,1,1,2,29,3.0,0,5,3,7,1,0.0,0.0,0.0,7,7,1,65.1257705688477,7,20351-32-11-1,29.0,1,3.0,7.0,5.0,1.0,0,0,0,1,1,0,0,1.0,0
20351,142,11,1,1,1,35,1.0, ,2,3, ,1,0.0,0.0,0.0,7,7,1,65.1257705688477,7,20351-142-11-1,35.0,1,3.0,,2.0,1.0,0,0,0,1,1,0,0,1.0,0
20351,144,11,1,1,1,27,3.0,0,2,3, ,1,0.0,0.0,0.0,7,7,1,65.1257705688477,2,20351-144-11-1,27.0,1,3.0,,2.0,1.0,0,0,0,1,1,0,0,1.0,0
20352,1,11,1,1,2,73,1.0, ,2,3, ,1,0.0,0.0,0.0,7,8,1,74.6622085571289,3,20352-1-11-1,73.0,1,3.0,,2.0,1.0,0,0,0,1,1,0,0,1.0,0
20352,3,11,1,1,1,46,6.0,5,2,3, ,1,0.0,0.0,0.0,7,8,1,74.6622085571289,9,20352-3-11-1,46.0,1,3.0,,2.0,1.0,0,0,0,1,1,0,0,1.0,0
20352,4,11,1,1,1,44,6.0,5,4,3,7,1,0.0,0.0,0.0,7,8,1,74.6622085571289,1,20352-4-11-1,44.0,1,3.0,7.0,4.0,1.0,0,0,0,1,1,0,0,1.0,0
20352,64,11,1,1,1,69,5.0,1,2,3, ,1,0.0,0.0,0.0,7,8,1,74.6622085571289,2,20352-64-11-1,69.0,1,3.0,,2.0,1.0,0,0,0,1,1,0,0,1.0,0
20352,65,11,1,1,1,33,6.0,5,2,3, ,1,0.0,0.0,0.0,7,8,2,74.6622085571289,5,20352-65-11-1,33.0,1,3.0,,2.0,1.0,0,0,0,1,1,0,0,1.0,0
20352,66,11,1,1,1,44,6.0,5,4,3,7,1,0.0,0.0,0.0,7,8,1,74.6622085571289,2,20352-66-11-1,44.0,1,3.0,7.0,4.0,1.0,0,0,0,1,1,0,0,1.0,0
20355,1,11,1,1,1,26,3.0,0,2,3, ,1,0.0,0.0,0.0,7,7,1,71.8758087158203,4,20355-1-11-1,26.0,1,3.0,,2.0,1.0,0,0,0,1,1,0,0,1.0,0
20355,2,11,1,1,1,20,3.0,0,4,3,7,1,0.0,0.0,0.0,7,7,1,71.8758087158203,3,20355-2-11-1,20.0,1,3.0,7.0,4.0,1.0,0,0,0,1,1,0,0,1.0,0
20355,4,11,1,1,1,40,3.0,0,2,3, ,1,0.0,0.0,0.0,7,7,1,71.8758087158203,9,20355-4-11-1,40.0,1,3.0,,2.0,1.0,0,0,0,1,1,0,0,1.0,0
20355,122,11,1,1,1,32,1.0, ,2,3, ,1,0.0,0.0,0.0,7,7,1,71.8758087158203,7,20355-122-11-1,32.0,1,3.0,,2.0,1.0,0,0,0,1,1,0,0,1.0,0
20355,123,11,1,1,1,34,1.0, ,2,3, ,1,0.0,0.0,0.0,7,7,1,71.8758087158203,8,20355-123-11-1,34.0,1,3.0,,2.0,1.0,0,0,0,1,1,0,0,1.0,0
20356,13,11,1,1,2,69,3.0,3,2,3, ,1,0.0,0.0,0.0,7,8,1,65.1257705688477,2,20356-13-11-1,69.0,1,3.0,,2.0,1.0,0,0,0,1,1,0,0,1.0,0
20356,14,11,1,1,1,82,3.0,3,2,3, ,1,0.0,0.0,0.0,7,8,1,65.1257705688477,4,20356-14-11-1,82.0,1,3.0,,2.0,1.0,0,0,0,1,1,0,0,1.0,0
20356,15,11,1,1,1,52,4.0,0,2,3, ,1,0.0,0.0,0.0,7,8,1,65.1257705688477,5,20356-15-11-1,52.0,1,3.0,,2.0,1.0,0,0,0,1,1,0,0,1.0,0
20356,16,11,1,1,1,40,5.0,3,2,3, ,1,0.0,0.0,0.0,7,8,1,65.1257705688477,6,20356-16-11-1,40.0,1,3.0,,2.0,1.0,0,0,0,1,1,0,0,1.0,0
20356,98,11,1,1,2,38,3.0,0,2,3, ,1,0.0,0.0,0.0,7,8,1,65.1257705688477,4,20356-98-11-1,38.0,1,3.0,,2.0,1.0,0,0,0,1,1,0,0,1.0,0
20356,102,11,1,1,1,38,7.0,1,2,3, ,1,0.0,0.0,0.0,7,8,1,65.1257705688477,5,20356-102-11-1,38.0,1,3.0,,2.0,1.0,0,0,1,1,1,0,1,1.0,1
20356,103,11,1,1,1,28,6.0,5,4,2,7,1,0.0,0.0,0.0,7,8,1,65.1257705688477,2,20356-103-11-1,28.0,1,2.0,7.0,4.0,1.0,0,0,0,1,1,0,0,1.0,0
20356,104,11,1,1,1,71,3.0,2,2,3, ,1,0.0,0.0,0.0,7,8,1,65.1257705688477,2,20356-104-11-1,71.0,1,3.0,,2.0,1.0,0,0,0,1,1,0,0,1.0,0
20358,30,11,1,1,1,61,3.0,1,2,3, ,1,0.0,0.0,0.0,7,7, ,65.1257705688477,4,20358-30-11-1,61.0,1,3.0,,2.0,1.0,0,0,0,1,1,0,0,1.0,0
20358,105,11,1,1,2,55,5.0,1,2,3, ,1,0.0,0.0,0.0,7,7, ,65.1257705688477,1,20358-105-11-1,55.0,1,3.0,,2.0,1.0,0,0,0,1,1,0,0,1.0,0
20358,107,11,1,1,1,57,5.0,3,2,3, ,1,0.0,0.0,0.0,7,7, ,65.1257705688477,7,20358-107-11-1,57.0,1,3.0,,2.0,1.0,0,0,0,1,1,0,0,1.0,0
20358,108,11,1,1,1,64,5.0,1,2,3, ,1,0.0,0.0,0.0,7,7, ,65.1257705688477,3,20358-108-11-1,64.0,1,3.0,,2.0,1.0,0,0,0,1,1,0,0,1.0,0
20358,110,11,1,1,2,43,3.0,0,2,3, ,1,0.0,0.0,0.0,7,7, ,65.1257705688477,6,20358-110-11-1,43.0,1,3.0,,2.0,1.0,0,0,0,1,1,0,0,1.0,0
20358,111,11,1,1,1,25,5.0,4,2,3, ,1,0.0,0.0,0.0,7,7, ,65.1257705688477,4,20358-111-11-1,25.0,1,3.0,,2.0,1.0,0,0,0,1,1,0,0,1.0,0
20358,112,11,1,1,1,70,4.0,5, , , , ,0.0,0.0,0.0,7,7, ,65.1257705688477,2,20358-112-11-1,70.0,1,,,,0.0,0,0,0,1,1,0,0,0.0,0
20359,17,11,1,1,2,73,3.0,1,2,3, ,1,0.0,0.0,0.0,7,8, ,78.8669052124023,3,20359-17-11-1,73.0,1,3.0,,2.0,1.0,0,0,0,1,1,0,0,1.0,0
20359,18,11,1,1,2,36,6.0,5,2,2, ,1,0.0,8.0,0.0,7,8, ,78.8669052124023,2,20359-18-11-1,36.0,1,2.0,,2.0,0.0,0,1,0,1,1,0,0,0.0,0
20359,19,11,1,1,2,47,6.0,5, , , , ,0.0,0.0,0.0,7,8, ,78.8669052124023,6,20359-19-11-1,47.0,1,,,,0.0,0,0,0,1,1,0,0,0.0,0
20359,20,11,1,1,1,78,4.0,5,4,1,7,1,0.0,0.0,0.0,7,8, ,78.8669052124023,4,20359-20-11-1,78.0,1,1.0,7.0,4.0,1.0,0,0,0,1,1,0,0,1.0,0
20359,58,11,1,1,2,50,3.0,0, , , , ,0.0,0.0,0.0,7,8, ,78.8669052124023,5,20359-58-11-1,50.0,1,,,,0.0,0,0,0,1,1,0,0,0.0,0
20359,59,11,1,1,1,34,8.0,3,2,3, ,1,0.0,8.0,0.0,7,8, ,78.8669052124023,6,20359-59-11-1,34.0,1,3.0,,2.0,1.0,0,1,0,1,1,0,0,1.0,0
20506,7,11,1,1,2,45,4.0,0,2,3, ,1,0.0,8.0,0.0,6,1,1,295.487091064453,3,20506-7-11-1,45.0,1,3.0,,2.0,1.0,0,1,0,1,1,0,0,1.0,0
20506,39,11,1,1,2,53,7.0,4,2,3, ,1,0.0,8.0,0.0,6,1,1,295.487091064453,3,20506-39-11-1,53.0,1,3.0,,2.0,1.0,0,1,0,1,1,0,0,1.0,0
20506,55,11,1,1,1,56,6.0,5,2,3, ,1,0.0,8.0,0.0,6,1,1,295.487091064453,4,20506-55-11-1,56.0,1,3.0,,2.0,1.0,0,1,1,1,1,0,1,1.0,1
20506,71,11,1,1,2,35,6.0,5,3,3,7,1,0.0,8.0,0.0,6,1,1,295.487091064453,5,20506-71-11-1,35.0,1,3.0,7.0,3.0,1.0,0,1,1,1,1,0,1,1.0,1
20508,28,11,1,1,2,64,3.0,2,2,3, ,1,0.0,8.0,0.0,6,5, ,295.487091064453,1,20508-28-11-1,64.0,1,3.0,,2.0,1.0,0,1,0,1,1,0,0,1.0,0
20508,38,11,1,1,1,35,4.0,0,4,2,7,1,0.0,0.0,0.0,6,5, ,295.487091064453,4,20508-38-11-1,35.0,1,2.0,7.0,4.0,1.0,0,0,0,1,1,0,0,1.0,0
20508,57,11,1,1,1,49,7.0,2,1,3, ,1,0.0,8.0,0.0,6,5, ,295.487091064453,1,20508-57-11-1,49.0,1,3.0,,1.0,1.0,0,1,0,1,1,0,0,1.0,0
20508,85,11,1,1,1,53,3.0,0,4,3,7,1,0.0,0.0,0.0,6,5, ,295.487091064453,5,20508-85-11-1,53.0,1,3.0,7.0,4.0,1.0,0,0,0,1,1,0,0,1.0,0
20508,94,11,1,1,1,42,6.0,5,2,3, ,1,0.0,8.0,0.0,6,5, ,295.487091064453,4,20508-94-11-1,42.0,1,3.0,,2.0,1.0,0,1,0,1,1,0,0,1.0,0
20517,9,11,1,1,1,47,10.0,5,3, ,5,5,0.0,0.0,0.0,5,3,1,60.419605255127,4,20517-9-11-1,47.0,1,,5.0,3.0,0.0,0,0,0,1,1,0,0,0.0,0
20517,57,11,1,1,1,52,6.0,5,2,3, ,1,0.0,0.0,0.0,5,3,1,60.419605255127,4,20517-57-11-1,52.0,1,3.0,,2.0,1.0,0,0,0,1,1,0,0,1.0,0
20517,68,11,1,1,1,39,8.0,3,4,1,2,5,0.0,0.0,0.0,5,3,1,60.419605255127,5,20517-68-11-1,39.0,1,1.0,2.0,4.0,0.0,0,0,0,1,1,0,0,0.0,0
20517,80,11,1,1,1,42,6.0,5,4,1,2,4,0.0,8.0,0.0,5,3,1,60.419605255127,6,20517-80-11-1,42.0,1,1.0,2.0,4.0,0.0,0,1,0,1,1,0,0,0.0,0
20525,12,11,1,1,1,49,9.0,2,2,3, ,1,0.0,0.0,0.0,2,2, ,252.901931762695,1,20525-12-11-1,49.0,1,3.0,,2.0,1.0,0,0,0,1,1,0,0,1.0,0
20525,26,11,1,1,1,47,10.0,5,4,1,2,5,0.0,8.0,0.0,2,2, ,252.901931762695,1,20525-26-11-1,47.0,1,1.0,2.0,4.0,0.0,0,1,1,1,1,0,1,0.0,1
20525,32,11,1,1,1,61,4.0,5,4,1,2,5,0.0,0.0,0.0,2,2, ,252.901931762695,1,20525-32-11-1,61.0,1,1.0,2.0,4.0,0.0,0,0,0,1,1,0,0,0.0,0
20525,50,11,1,1,1,45,5.0,3,2,3, ,1,0.0,8.0,0.0,2,2, ,252.901931762695,2,20525-50-11-1,45.0,1,3.0,,2.0,1.0,0,1,0,1,1,0,0,1.0,0
20528,2,11,1,1,1,43,5.0,4,4,3,7,2,0.0,0.0,0.0,3,4,1,171.927291870117,7,20528-2-11-1,43.0,1,3.0,7.0,4.0,1.0,0,0,0,1,1,0,0,1.0,0
20528,15,11,1,1,1,40,6.0,5,4,3,7,1,0.0,0.0,0.0,3,4,1,171.927291870117,3,20528-15-11-1,40.0,1,3.0,7.0,4.0,1.0,0,0,0,1,1,0,0,1.0,0
20528,29,11,1,1,1,37,6.0,5,1,2, ,1,0.0,8.0,0.0,3,4,1,171.927291870117,3,20528-29-11-1,37.0,1,2.0,,1.0,0.0,0,1,0,1,1,0,0,0.0,0
20528,54,11,1,1,2,70,3.0,4,2,3, ,1,0.0,0.0,0.0,3,4,1,171.927291870117,7,20528-54-11-1,70.0,1,3.0,,2.0,1.0,0,0,0,1,1,0,0,1.0,0
20528,79,11,1,1,2,30,6.0,5,4,3,7,1,0.0,8.0,0.0,3,4,1,171.927291870117,4,20528-79-11-1,30.0,1,3.0,7.0,4.0,1.0,0,1,0,1,1,0,0,1.0,0
20531,41,11,1,1,1,52,6.0,5,4,1,5,1,0.0,8.0,0.0,3,6, ,66.6390228271484,7,20531-41-11-1,52.0,1,1.0,5.0,4.0,0.0,0,1,1,1,1,0,1,0.0,1
20531,65,11,1,1,1,49,3.0,0,4,3,7,1,0.0,0.0,0.0,3,6, ,66.6390228271484,4,20531-65-11-1,49.0,1,3.0,7.0,4.0,1.0,0,0,0,1,1,0,0,1.0,0
20531,77,11,1,1,1,44,6.0,5,4,3,7,1,0.0,0.0,0.0,3,6, ,66.6390228271484,4,20531-77-11-1,44.0,1,3.0,7.0,4.0,1.0,0,0,0,1,1,0,0,1.0,0
20531,89,11,1,1,1,68,5.0,2,4,3,7,1,0.0,0.0,0.0,3,6, ,66.6390228271484,5,20531-89-11-1,68.0,1,3.0,7.0,4.0,1.0,0,0,1,1,1,0,1,1.0,1
20533,31,11,1,1,2,37,6.0,5,2,3, ,1,0.0,8.0,0.0,2,2, ,279.083740234375,5,20533-31-11-1,37.0,1,3.0,,2.0,1.0,0,1,0,1,1,0,0,1.0,0
20533,68,11,1,1,2,60,5.0,1, , , , ,0.0,8.0,0.0,2,2, ,279.083740234375,4,20533-68-11-1,60.0,1,,,,0.0,0,1,0,1,1,0,0,0.0,0
20533,107,11,1,1,2,35,5.0,4,4,3,7,2,0.0,0.0,0.0,2,2, ,279.083740234375,5,20533-107-11-1,35.0,1,3.0,7.0,4.0,1.0,0,0,0,1,1,0,0,1.0,0
20533,144,11,1,1,1,27,6.0,5,4,3,7,1,0.0,0.0,0.0,2,2, ,279.083740234375,2,20533-144-11-1,27.0,1,3.0,7.0,4.0,1.0,0,0,0,1,1,0,0,1.0,0
20540,57,11,1,1,1,50,3.0,0,4,3,7,1,0.0,0.0,0.0,2,8,1,96.3474807739258,1,20540-57-11-1,50.0,1,3.0,7.0,4.0,1.0,0,0,0,1,1,0,0,1.0,0
20540,58,11,1,1,2,67,7.0,2,6, ,7,1,0.0,0.0,0.0,2,8,1,96.3474807739258,1,20540-58-11-1,67.0,1,,7.0,6.0,1.0,0,0,0,1,1,0,0,1.0,0
20540,59,11,1,1,1,67,5.0,2,2,3, ,1,0.0,0.0,0.0,2,8,1,96.3474807739258,11,20540-59-11-1,67.0,1,3.0,,2.0,1.0,0,0,0,1,1,0,0,1.0,0
20540,60,11,1,1,2,65,6.0,5, , , , ,0.0,0.0,0.0,2,8,1,96.3474807739258,5,20540-60-11-1,65.0,1,,,,0.0,0,0,0,1,1,0,0,0.0,0
20540,73,11,1,1,1,68,4.0,5,1,3, ,1,0.0,0.0,0.0,2,8,1,96.3474807739258,2,20540-73-11-1,68.0,1,3.0,,1.0,1.0,0,0,0,1,1,0,0,1.0,0
20540,74,11,1,1,2,67,10.0,5, , , , ,0.0,0.0,0.0,2,8,1,96.3474807739258,1,20540-74-11-1,67.0,1,,,,0.0,0,0,1,1,1,0,1,0.0,1
20540,94,11,1,1,1,84,4.0,5, , , , ,0.0,0.0,0.0,2,8,1,96.3474807739258,1,20540-94-11-1,84.0,1,,,,0.0,0,0,0,1,1,0,0,0.0,0
20546,66,11,1,1,1,34,6.0,5,1,3, ,1,0.0,0.0,0.0,1,7, ,174.28466796875,3,20546-66-11-1,34.0,1,3.0,,1.0,1.0,0,0,0,1,1,0,0,1.0,0
20546,67,11,1,1,1,67,4.0,5,2,3, ,1,0.0,0.0,0.0,1,7, ,174.28466796875,1,20546-67-11-1,67.0,1,3.0,,2.0,1.0,0,0,0,1,1,0,0,1.0,0
20546,285,11,1,1,2,84,1.0, ,2,3, ,1,0.0,0.0,0.0,1,7, ,174.28466796875,2,20546-285-11-1,84.0,1,3.0,,2.0,1.0,0,0,0,1,1,0,0,1.0,0
20546,287,11,1,1,1,61,6.0,5,1,3, ,1,0.0,0.0,0.0,1,7, ,174.28466796875,5,20546-287-11-1,61.0,1,3.0,,1.0,1.0,0,0,0,1,1,0,0,1.0,0
20546,288,11,1,1,2,35,8.0,3,2,3, ,1,0.0,8.0,0.0,1,7, ,174.28466796875,2,20546-288-11-1,35.0,1,3.0,,2.0,1.0,0,1,0,1,1,0,0,1.0,0
20550,6,11,1,1,2,54,6.0,5,2,3, ,1,0.0,8.0,0.0,8,1,1,582.683776855469,2,20550-6-11-1,54.0,1,3.0,,2.0,1.0,0,1,1,1,1,0,1,1.0,1
20550,27,11,1,1,1,51,8.0,3,2,3, ,1,0.0,0.0,0.0,8,1,1,582.683776855469,4,20550-27-11-1,51.0,1,3.0,,2.0,1.0,0,0,0,1,1,0,0,1.0,0
20550,70,11,1,1,1,63,9.0,2, , , , ,0.0,0.0,0.0,8,1,2,582.683776855469,4,20550-70-11-1,63.0,1,,,,0.0,0,0,0,1,1,0,0,0.0,0
20550,91,11,1,1,1,62,6.0,5,6, ,7,1,0.0,0.0,0.0,8,1,1,582.683776855469,4,20550-91-11-1,62.0,1,,7.0,6.0,1.0,0,0,0,1,1,0,0,1.0,0
20550,113,11,1,1,1,69,6.0,5, , , , ,0.0,0.0,0.0,8,1,1,582.683776855469,2,20550-113-11-1,69.0,1,,,,0.0,0,0,0,1,1,0,0,0.0,0
20560,1,11,1,1,1,85,4.0,5,2,3, ,1,0.0,0.0,0.0,7,4, ,128.438323974609,11,20560-1-11-1,85.0,1,3.0,,2.0,1.0,0,0,0,1,1,0,0,1.0,0
20560,53,11,1,1,1,57,5.0,1,2,3, ,1,0.0,0.0,0.0,7,4, ,128.438323974609,3,20560-53-11-1,57.0,1,3.0,,2.0,1.0,0,0,0,1,1,0,0,1.0,0
20560,71,11,1,1,1,32,11.0,1,3, ,6,5,0.0,8.0,0.0,7,4, ,128.438323974609,2,20560-71-11-1,32.0,1,,6.0,3.0,0.0,0,1,1,1,1,0,1,0.0,1
20560,104,11,1,1,2,61,6.0,5,2,2, ,1,0.0,8.0,0.0,7,4, ,128.438323974609,5,20560-104-11-1,61.0,1,2.0,,2.0,0.0,0,1,1,1,1,0,1,0.0,1
20561,30,11,1,1,1,54,4.0,0,2,3, ,1,0.0,0.0,0.0,4,7, ,330.644195556641,2,20561-30-11-1,54.0,1,3.0,,2.0,1.0,0,0,0,1,1,0,0,1.0,0
20561,31,11,1,1,1,44,4.0,0,2,3, ,1,0.0,0.0,0.0,4,7, ,330.644195556641,3,20561-31-11-1,44.0,1,3.0,,2.0,1.0,0,0,0,1,1,0,0,1.0,0
20561,32,11,1,1,1,46,4.0,0,2,3, ,1,0.0,0.0,0.0,4,7, ,330.644195556641,4,20561-32-11-1,46.0,1,3.0,,2.0,1.0,0,0,0,1,1,0,0,1.0,0
20561,80,11,1,1,2,90,3.0,1, , , , ,0.0,0.0,0.0,4,7, ,330.644195556641,1,20561-80-11-1,90.0,1,,,,0.0,0,0,0,1,1,0,0,0.0,0
20561,81,11,1,1,1,64,3.0,3, , , , ,0.0,0.0,0.0,4,7, ,330.644195556641,1,20561-81-11-1,64.0,1,,,,0.0,0,0,0,1,1,0,0,0.0,0
20561,82,11,1,1,1,59,4.0,5,2,3, ,1,0.0,0.0,0.0,4,7, ,330.644195556641,4,20561-82-11-1,59.0,1,3.0,,2.0,1.0,0,0,0,1,1,0,0,1.0,0
20561,83,11,1,1,1,57,3.0,4, , , , ,0.0,0.0,0.0,4,7, ,330.644195556641,3,20561-83-11-1,57.0,1,,,,0.0,0,0,0,1,1,0,0,0.0,0
20561,84,11,1,1,1,48,4.0,0,2,3, ,1,0.0,0.0,0.0,4,7, ,330.644195556641,4,20561-84-11-1,48.0,1,3.0,,2.0,1.0,0,0,0,1,1,0,0,1.0,0
20562,9,11,1,1,1,56,6.0,5,2,3, ,1,0.0,0.0,0.0,7,7, ,74.6622085571289,3,20562-9-11-1,56.0,1,3.0,,2.0,1.0,0,0,0,1,1,0,0,1.0,0
20562,10,11,1,1,1,53,3.0,0,2,3, ,1,0.0,0.0,0.0,7,7, ,74.6622085571289,1,20562-10-11-1,53.0,1,3.0,,2.0,1.0,0,0,0,1,1,0,0,1.0,0
20562,75,11,1,1,2,33,4.0,0,2,3, ,1,0.0,0.0,0.0,7,7, ,74.6622085571289,9,20562-75-11-1,33.0,1,3.0,,2.0,1.0,0,0,0,1,1,0,0,1.0,0
20562,76,11,1,1,2,75,1.0, ,2,3, ,1,0.0,0.0,0.0,7,7, ,74.6622085571289,1,20562-76-11-1,75.0,1,3.0,,2.0,1.0,0,0,0,1,1,0,0,1.0,0
20562,77,11,1,1,1,61,3.0,1,2,3, ,1,0.0,0.0,0.0,7,7, ,74.6622085571289,4,20562-77-11-1,61.0,1,3.0,,2.0,1.0,0,0,0,1,1,0,0,1.0,0
20562,78,11,1,1,1,39,6.0,5,2,3, ,1,0.0,0.0,0.0,7,7, ,74.6622085571289,5,20562-78-11-1,39.0,1,3.0,,2.0,1.0,0,0,0,1,1,0,0,1.0,0
20562,79,11,1,1,1,48,6.0,5,2,3, ,1,0.0,8.0,0.0,7,7, ,74.6622085571289,6,20562-79-11-1,48.0,1,3.0,,2.0,1.0,0,1,0,1,1,0,0,1.0,0
20562,80,11,1,1,1,35,7.0,2,2,3, ,1,0.0,0.0,0.0,7,7, ,74.6622085571289,5,20562-80-11-1,35.0,1,3.0,,2.0,1.0,0,0,0,1,1,0,0,1.0,0
20563,53,11,1,1,1,61,4.0,5,2,3, ,1,0.0,0.0,0.0,5,7,1,89.3568115234375,6,20563-53-11-1,61.0,1,3.0,,2.0,1.0,0,0,0,1,1,0,0,1.0,0
20563,54,11,1,1,1,43,3.0,0,2,3, ,1,0.0,0.0,0.0,5,7,1,89.3568115234375,4,20563-54-11-1,43.0,1,3.0,,2.0,1.0,0,0,0,1,1,0,0,1.0,0
20563,55,11,1,1,1,44,3.0,0,2,3, ,1,0.0,0.0,0.0,5,7,1,89.3568115234375,4,20563-55-11-1,44.0,1,3.0,,2.0,1.0,0,0,0,1,1,0,0,1.0,0
20563,56,11,1,1,1,57,3.0,0,2,3, ,1,0.0,0.0,0.0,5,7,1,89.3568115234375,3,20563-56-11-1,57.0,1,3.0,,2.0,1.0,0,0,0,1,1,0,0,1.0,0
20563,153,11,1,1,1,74,4.0,5,2,3, ,1,0.0,0.0,0.0,5,7,1,89.3568115234375,1,20563-153-11-1,74.0,1,3.0,,2.0,1.0,0,0,0,1,1,0,0,1.0,0
20563,154,11,1,1,1,50,4.0,0,2,3, ,1,0.0,0.0,0.0,5,7,1,89.3568115234375,5,20563-154-11-1,50.0,1,3.0,,2.0,1.0,0,0,0,1,1,0,0,1.0,0
20563,155,11,1,1,1,43,6.0,5,2,3, ,1,0.0,0.0,0.0,5,7,1,89.3568115234375,6,20563-155-11-1,43.0,1,3.0,,2.0,1.0,0,0,0,1,1,0,0,1.0,0
20563,156,11,1,1,1,62,5.0,2,2,3, ,1,0.0,0.0,0.0,5,7,1,89.3568115234375,3,20563-156-11-1,62.0,1,3.0,,2.0,1.0,0,0,0,1,1,0,0,1.0,0
20564,9,11,1,1,1,52,5.0,4,4,3,7,1,0.0,0.0,0.0,2,2,1,250.901733398438,7,20564-9-11-1,52.0,1,3.0,7.0,4.0,1.0,0,0,0,1,1,0,0,1.0,0
20564,25,11,1,1,1,25,8.0,3,4,1,2,4,0.0,8.0,0.0,2,2,1,250.901733398438,2,20564-25-11-1,25.0,1,1.0,2.0,4.0,0.0,0,1,0,1,1,0,0,0.0,0
20564,41,11,1,1,1,76,6.0,5,2,3, ,1,0.0,0.0,0.0,2,2,1,250.901733398438,6,20564-41-11-1,76.0,1,3.0,,2.0,1.0,0,0,0,1,1,0,0,1.0,0
20564,57,11,1,1,2,64,5.0,1, , , , ,0.0,0.0,0.0,2,2,1,250.901733398438,3,20564-57-11-1,64.0,1,,,,0.0,0,0,0,1,1,0,0,0.0,0
20564,73,11,1,1,1,60,6.0,5,2,3, ,1,0.0,0.0,0.0,2,2,1,250.901733398438,2,20564-73-11-1,60.0,1,3.0,,2.0,1.0,0,0,0,1,1,0,0,1.0,0
20566,39,11,1,1,1,38,3.0,0,4,3,7,1,0.0,0.0,0.0,5,7,1,150.620132446289,4,20566-39-11-1,38.0,1,3.0,7.0,4.0,1.0,0,0,0,1,1,0,0,1.0,0
20566,40,11,1,1,1,36,5.0,3,4,3,7,1,0.0,0.0,0.0,5,7,1,150.620132446289,4,20566-40-11-1,36.0,1,3.0,7.0,4.0,1.0,0,0,0,1,1,0,0,1.0,0
20566,83,11,1,1,1,41,8.0,3,2,3, ,1,0.0,8.0,0.0,5,7,1,150.620132446289,7,20566-83-11-1,41.0,1,3.0,,2.0,1.0,0,1,0,1,1,0,0,1.0,0
20566,84,11,1,1,2,69,1.0, ,2,3, ,1,0.0,0.0,0.0,5,7,1,150.620132446289,1,20566-84-11-1,69.0,1,3.0,,2.0,1.0,0,0,0,1,1,0,0,1.0,0
20566,85,11,1,1,1,43,4.0,0,2,3, ,1,0.0,0.0,0.0,5,7,1,150.620132446289,6,20566-85-11-1,43.0,1,3.0,,2.0,1.0,0,0,0,1,1,0,0,1.0,0
20566,86,11,1,1,1,62,4.0,5,2,3, ,1,0.0,0.0,0.0,5,7,1,150.620132446289,3,20566-86-11-1,62.0,1,3.0,,2.0,1.0,0,0,0,1,1,0,0,1.0,0
20566,87,11,1,1,1,51,4.0,0,2,3, ,1,0.0,0.0,0.0,5,7,1,150.620132446289,4,20566-87-11-1,51.0,1,3.0,,2.0,1.0,0,0,1,1,1,0,1,1.0,1
20566,88,11,1,1,1,35,6.0,5,2,3, ,1,0.0,0.0,0.0,5,7,1,150.620132446289,6,20566-88-11-1,35.0,1,3.0,,2.0,1.0,0,0,0,1,1,0,0,1.0,0
20567,9,11,1,1,2,61,8.0,3,2,3, ,1,0.0,0.0,0.0,5,6,1,169.707336425781,3,20567-9-11-1,61.0,1,3.0,,2.0,1.0,0,0,0,1,1,0,0,1.0,0
20567,41,11,1,1,1,57,1.0, ,2,3, ,1,0.0,0.0,0.0,5,6,1,169.707336425781,2,20567-41-11-1,57.0,1,3.0,,2.0,1.0,0,0,0,1,1,0,0,1.0,0
20567,49,11,1,1,1,86,10.0,5,1,3, ,1,0.0,0.0,0.0,5,6,1,169.707336425781,2,20567-49-11-1,86.0,1,3.0,,1.0,1.0,0,0,0,1,1,0,0,1.0,0
20567,73,11,1,1,1,35,7.0,1,4,3,7,2,0.0,0.0,0.0,5,6,1,169.707336425781,1,20567-73-11-1,35.0,1,3.0,7.0,4.0,1.0,0,0,0,1,1,0,0,1.0,0
20567,81,11,1,1,2,75,5.0,3, , , , ,0.0,0.0,0.0,5,6,1,169.707336425781,1,20567-81-11-1,75.0,1,,,,0.0,0,0,0,1,1,0,0,0.0,0
20568,4,11,1,1,2,46,3.0,0,6, ,7,1,0.0,0.0,0.0,6,1,1,280.348297119141,3,20568-4-11-1,46.0,1,,7.0,6.0,1.0,0,0,1,1,1,0,1,1.0,1
20568,55,11,1,1,2,57,10.0,5,3, ,1,5,0.0,0.0,0.0,6,1,1,280.348297119141,4,20568-55-11-1,57.0,1,,1.0,3.0,0.0,0,0,0,1,1,0,0,0.0,0
20568,124,11,1,1,1,55,6.0,5,5,2,7,1,0.0,0.0,0.0,6,1,1,280.348297119141,4,20568-124-11-1,55.0,1,2.0,7.0,5.0,1.0,0,0,0,1,1,0,0,1.0,0
20569,36,11,1,1,1,49,5.0,2,4,3,7,1,0.0,8.0,0.0,3,3,1,46.4304733276367,4,20569-36-11-1,49.0,1,3.0,7.0,4.0,1.0,0,1,0,1,1,0,0,1.0,0
20569,54,11,1,1,1,58,6.0,5,4, ,2,5,0.0,0.0,0.0,3,3,1,46.4304733276367,3,20569-54-11-1,58.0,1,,2.0,4.0,0.0,0,0,1,1,1,0,1,0.0,1
20569,106,11,1,1,1,37,8.0,3,4,3,7,1,0.0,8.0,0.0,3,3,1,46.4304733276367,4,20569-106-11-1,37.0,1,3.0,7.0,4.0,1.0,0,1,1,1,1,0,1,1.0,1
20570,18,11,1,1,2,81,3.0,3,1,3, ,1,0.0,0.0,0.0,3,7, ,33.7579002380371,1,20570-18-11-1,81.0,1,3.0,,1.0,1.0,0,0,0,1,1,0,0,1.0,0
20570,20,11,1,1,1,63,3.0,4,2,3, ,1,0.0,0.0,0.0,3,7, ,33.7579002380371,1,20570-20-11-1,63.0,1,3.0,,2.0,1.0,0,0,0,1,1,0,0,1.0,0
20570,54,11,1,1,1,70,5.0,3,4,3,7,1,0.0,0.0,0.0,3,7, ,33.7579002380371,2,20570-54-11-1,70.0,1,3.0,7.0,4.0,1.0,0,0,0,1,1,0,0,1.0,0
20570,55,11,1,1,1,55,4.0,0,2,3, ,1,0.0,0.0,0.0,3,7, ,33.7579002380371,1,20570-55-11-1,55.0,1,3.0,,2.0,1.0,0,0,0,1,1,0,0,1.0,0
20570,57,11,1,1,1,76,4.0,5, , , , ,0.0,0.0,0.0,3,7, ,33.7579002380371,2,20570-57-11-1,76.0,1,,,,0.0,0,0,0,1,1,0,0,0.0,0
20571,25,11,1,1,1,36,6.0,5,4,1,2,5,0.0,0.0,0.0,1,8, ,10.6429433822632,5,20571-25-11-1,36.0,1,1.0,2.0,4.0,0.0,0,0,0,1,1,0,0,0.0,0
20571,26,11,1,1,1,34,5.0,1,4,3,7,1,0.0,0.0,0.0,1,8, ,10.6429433822632,4,20571-26-11-1,34.0,1,3.0,7.0,4.0,1.0,0,0,0,1,1,0,0,1.0,0
20571,27,11,1,1,1,66,6.0,5, , , , ,0.0,0.0,0.0,1,8, ,10.6429433822632,3,20571-27-11-1,66.0,1,,,,0.0,0,0,0,1,1,0,0,0.0,0
20571,56,11,1,1,1,36,6.0,5,2,3, ,1,0.0,0.0,0.0,1,8, ,10.6429433822632,6,20571-56-11-1,36.0,1,3.0,,2.0,1.0,0,0,1,1,1,0,1,1.0,1
20571,60,11,1,1,1,70,5.0,2,2,3, ,1,0.0,0.0,0.0,1,8, ,10.6429433822632,2,20571-60-11-1,70.0,1,3.0,,2.0,1.0,0,0,0,1,1,0,0,1.0,0
20572,21,11,1,1,1,43,6.0,5,2,3, ,1,0.0,0.0,0.0,7,2,1,276.668487548828,2,20572-21-11-1,43.0,1,3.0,,2.0,1.0,0,0,0,1,1,0,0,1.0,0
20572,32,12,1,1,1,64,4.0,6,2,3, ,1,0.0,0.0,0.0,7,2,1,276.668487548828,4,20572-32-12-1,64.0,1,3.0,,2.0,1.0,0,0,0,1,1,0,0,1.0,0
20572,32,22,1,1,1,36,5.0,3,2,3, ,1,0.0,0.0,0.0,7,2,2,276.668487548828,3,20572-32-22-1,36.0,1,3.0,,2.0,1.0,0,0,0,1,1,0,0,1.0,0
20572,54,11,1,1,1,30,6.0,5,3,1,1,2,0.0,8.0,0.0,7,2,1,276.668487548828,2,20572-54-11-1,30.0,1,1.0,1.0,3.0,0.0,0,1,0,1,1,0,0,0.0,0
20572,65,11,1,1,1,61,4.0,5,2,3, ,1,0.0,0.0,0.0,7,2,1,276.668487548828,10,20572-65-11-1,61.0,1,3.0,,2.0,1.0,0,0,0,1,1,0,0,1.0,0
20575,49,11,1,1,1,45,9.0,3,4,1,2,5,0.0,0.0,0.0,2,4, ,239.802093505859,4,20575-49-11-1,45.0,1,1.0,2.0,4.0,0.0,0,0,0,1,1,0,0,0.0,0
20575,64,11,1,1,2,53,10.0,5,2,2, ,1,0.0,0.0,0.0,2,4, ,239.802093505859,4,20575-64-11-1,53.0,1,2.0,,2.0,0.0,0,0,0,1,1,0,0,0.0,0
20575,111,11,1,1,1,41,6.0,5,4,1,2,5,0.0,0.0,0.0,2,4, ,239.802093505859,6,20575-111-11-1,41.0,1,1.0,2.0,4.0,0.0,0,0,0,1,1,0,0,0.0,0
20575,126,11,1,1,1,74,5.0,2,2,3, ,1,0.0,0.0,0.0,2,4, ,239.802093505859,2,20575-126-11-1,74.0,1,3.0,,2.0,1.0,0,0,0,1,1,0,0,1.0,0
20577,36,11,1,1,1,56,11.0,2,3, ,1,5,0.0,0.0,0.0,6,4, ,264.777313232422,3,20577-36-11-1,56.0,1,,1.0,3.0,0.0,0,0,1,1,1,0,1,0.0,1
20577,56,11,1,1,2,51,6.0,5,2,3, ,1,0.0,0.0,0.0,6,4, ,264.777313232422,3,20577-56-11-1,51.0,1,3.0,,2.0,1.0,0,0,0,1,1,0,0,1.0,0
20577,113,11,1,1,1,38,8.0,3,4,3,7,1,0.0,0.0,0.0,6,4, ,264.777313232422,4,20577-113-11-1,38.0,1,3.0,7.0,4.0,1.0,0,0,0,1,1,0,0,1.0,0
20577,132,11,1,1,1,49,8.0,3,2,3, ,1,0.0,0.0,0.0,6,4, ,264.777313232422,7,20577-132-11-1,49.0,1,3.0,,2.0,1.0,0,0,0,1,1,0,0,1.0,0
20577,151,11,1,1,1,32,8.0,3,4,1,2,1,0.0,0.0,0.0,6,4, ,264.777313232422,5,20577-151-11-1,32.0,1,1.0,2.0,4.0,0.0,0,0,1,1,1,0,1,0.0,1
20577,170,11,1,1,1,60,3.0,3,1,3, ,1,0.0,0.0,0.0,6,4, ,264.777313232422,2,20577-170-11-1,60.0,1,3.0,,1.0,1.0,0,0,0,1,1,0,0,1.0,0
20579,53,11,1,1,1,45,4.0,0,2,3, ,1,0.0,8.0,0.0,3,3,1,150.508880615234,4,20579-53-11-1,45.0,1,3.0,,2.0,1.0,0,1,0,1,1,0,0,1.0,0
20579,67,11,1,1,2,46,6.0,5, , , , ,0.0,8.0,0.0,3,3,1,150.508880615234,2,20579-67-11-1,46.0,1,,,,0.0,0,1,0,1,1,0,0,0.0,0
20579,94,11,1,1,1,20,6.0,5,4,1,7,1,0.0,8.0,0.0,3,3,1,150.508880615234,1,20579-94-11-1,20.0,1,1.0,7.0,4.0,1.0,0,1,1,1,1,0,1,1.0,1
20583,3,11,1,1,1,63,4.0,5,2,3, ,1,0.0,0.0,0.0,7,8, ,140.97265625,3,20583-3-11-1,63.0,1,3.0,,2.0,1.0,0,0,0,1,1,0,0,1.0,0
20583,4,11,1,1,1,63,5.0,2,2,3, ,1,0.0,0.0,0.0,7,8, ,140.97265625,4,20583-4-11-1,63.0,1,3.0,,2.0,1.0,0,0,0,1,1,0,0,1.0,0
20583,37,11,1,1,1,30,4.0,0,2,3, ,1,0.0,0.0,0.0,7,8, ,140.97265625,5,20583-37-11-1,30.0,1,3.0,,2.0,1.0,0,0,0,1,1,0,0,1.0,0
20583,38,11,1,1,1,50,4.0,0,2,3, ,1,0.0,8.0,0.0,7,8, ,140.97265625,6,20583-38-11-1,50.0,1,3.0,,2.0,1.0,0,1,0,1,1,0,0,1.0,0
20583,39,11,1,1,1,64,4.0,5,2,3, ,1,0.0,0.0,0.0,7,8, ,140.97265625,4,20583-39-11-1,64.0,1,3.0,,2.0,1.0,0,0,0,1,1,0,0,1.0,0
20583,40,11,1,1,1,39,6.0,5,2,3, ,1,0.0,0.0,0.0,7,8, ,140.97265625,6,20583-40-11-1,39.0,1,3.0,,2.0,1.0,0,0,0,1,1,0,0,1.0,0
20588,24,11,1,1,2,37,7.0,3,2,3, ,1,0.0,0.0,0.0,3,2,1,396.512878417969,3,20588-24-11-1,37.0,1,3.0,,2.0,1.0,0,0,0,1,1,0,0,1.0,0
20588,36,11,1,1,2,39,8.0,3, , , , ,0.0,8.0,0.0,3,2,1,396.512878417969,4,20588-36-11-1,39.0,1,,,,0.0,0,1,0,1,1,0,0,0.0,0
20588,49,11,1,1,2,41,6.0,5,4,1,2,2,0.0,8.0,0.0,3,2,1,396.512878417969,3,20588-49-11-1,41.0,1,1.0,2.0,4.0,0.0,0,1,0,1,1,0,0,0.0,0
20588,61,11,1,1,1,78,3.0,3, , , , ,0.0,0.0,0.0,3,2,1,396.512878417969,2,20588-61-11-1,78.0,1,,,,0.0,0,0,0,1,1,0,0,0.0,0
20588,74,11,1,1,1,70,3.0,4,4,1,5,1,0.0,0.0,0.0,3,2,2,396.512878417969,7,20588-74-11-1,70.0,1,1.0,5.0,4.0,0.0,0,0,0,1,1,0,0,0.0,0
20589,2,11,1,1,1,37,4.0,0,2,3, ,1,0.0,0.0,0.0,7,7, ,65.2061309814453,2,20589-2-11-1,37.0,1,3.0,,2.0,1.0,0,0,0,1,1,0,0,1.0,0
20589,89,11,1,1,1,36,3.0,0,2,3, ,1,0.0,0.0,0.0,7,7, ,65.2061309814453,3,20589-89-11-1,36.0,1,3.0,,2.0,1.0,0,0,1,1,1,0,1,1.0,1
20589,91,11,1,1,1,56,4.0,0,2,3, ,1,0.0,0.0,0.0,7,7, ,65.2061309814453,4,20589-91-11-1,56.0,1,3.0,,2.0,1.0,0,0,0,1,1,0,0,1.0,0
20589,98,11,1,1,1,44,4.0,0,2,3, ,1,0.0,0.0,0.0,7,7, ,65.2061309814453,1,20589-98-11-1,44.0,1,3.0,,2.0,1.0,0,0,0,1,1,0,0,1.0,0
20589,100,11,1,1,1,81,3.0,3, , , , ,0.0,0.0,0.0,7,7, ,65.2061309814453,3,20589-100-11-1,81.0,1,,,,0.0,0,0,0,1,1,0,0,0.0,0
20592,35,11,1,1,1,71,1.0, , , , , ,0.0,0.0,0.0,5,2,1,410.718353271484,2,20592-35-11-1,71.0,1,,,,0.0,0,0,0,1,1,0,0,0.0,0
20592,68,11,1,1,2,45,1.0, , , , , ,0.0,0.0,0.0,5,2,1,410.718353271484,1,20592-68-11-1,45.0,1,,,,0.0,0,0,0,1,1,0,0,0.0,0
20592,81,11,1,1,1,29,3.0,0,2,3, ,1,0.0,8.0,0.0,5,2,1,410.718353271484,4,20592-81-11-1,29.0,1,3.0,,2.0,1.0,0,1,0,1,1,0,0,1.0,0
20592,91,11,1,1,2,43,3.0,0, , , , ,0.0,0.0,0.0,5,2,1,410.718353271484,5,20592-91-11-1,43.0,1,,,,0.0,0,0,0,1,1,0,0,0.0,0
20593,15,11,1,1,2,60,8.0,3,6, ,7,1,0.0,8.0,0.0,8,1, ,386.01806640625,2,20593-15-11-1,60.0,1,,7.0,6.0,1.0,0,1,0,1,1,0,0,1.0,0
20593,54,11,1,1,1,70,6.0,5, , , , ,0.0,0.0,0.0,8,1, ,386.01806640625,2,20593-54-11-1,70.0,1,,,,0.0,0,0,0,1,1,0,0,0.0,0
20593,92,11,1,1,1,61,6.0,5,3,1,2,1,0.0,8.0,0.0,8,1, ,386.01806640625,5,20593-92-11-1,61.0,1,1.0,2.0,3.0,0.0,0,1,0,1,1,0,0,0.0,0
20593,112,11,1,1,1,74,4.0,5, , , , ,0.0,0.0,0.0,8,1, ,386.01806640625,2,20593-112-11-1,74.0,1,,,,0.0,0,0,0,1,1,0,0,0.0,0
20595,25,11,1,1,1,63,3.0,1,2,3, ,1,0.0,0.0,0.0,4,8,1,140.304168701172,6,20595-25-11-1,63.0,1,3.0,,2.0,1.0,0,0,0,1,1,0,0,1.0,0
20595,26,11,1,1,1,46,4.0,0,2,3, ,1,0.0,0.0,0.0,4,8,1,140.304168701172,3,20595-26-11-1,46.0,1,3.0,,2.0,1.0,0,0,0,1,1,0,0,1.0,0
20595,27,11,1,1,1,52,6.0,5,2,3, ,1,0.0,0.0,0.0,4,8,1,140.304168701172,6,20595-27-11-1,52.0,1,3.0,,2.0,1.0,0,0,0,1,1,0,0,1.0,0
20595,28,11,1,1,2,83,1.0, ,2,3, ,1,0.0,0.0,0.0,4,8,1,140.304168701172,1,20595-28-11-1,83.0,1,3.0,,2.0,1.0,0,0,0,1,1,0,0,1.0,0
20595,97,11,1,1,1,68,6.0,5,1,3, ,1,0.0,0.0,0.0,4,8,1,140.304168701172,1,20595-97-11-1,68.0,1,3.0,,1.0,1.0,0,0,0,1,1,0,0,1.0,0
20595,99,11,1,1,1,71,3.0,4,2,3, ,1,0.0,0.0,0.0,4,8,1,140.304168701172,2,20595-99-11-1,71.0,1,3.0,,2.0,1.0,0,0,0,1,1,0,0,1.0,0
20595,100,11,1,1,1,40,6.0,5,2,3, ,1,0.0,0.0,0.0,4,8,1,140.304168701172,5,20595-100-11-1,40.0,1,3.0,,2.0,1.0,0,0,0,1,1,0,0,1.0,0
20595,101,11,1,1,1,60,3.0,2,2,3, ,1,0.0,0.0,0.0,4,8,1,140.304168701172,1,20595-101-11-1,60.0,1,3.0,,2.0,1.0,0,0,0,1,1,0,0,1.0,0
20597,5,11,1,1,1,56,4.0,0,2,3, ,1,0.0,0.0,0.0,5,8,1,127.415306091309,3,20597-5-11-1,56.0,1,3.0,,2.0,1.0,0,0,0,1,1,0,0,1.0,0
20597,8,11,1,1,1,38,3.0,0, , , , ,0.0,0.0,0.0,5,8,1,127.415306091309,6,20597-8-11-1,38.0,1,,,,0.0,0,0,0,1,1,0,0,0.0,0
20597,45,11,1,1,1,79,4.0,5,2,3, ,1,0.0,0.0,0.0,5,8,1,127.415306091309,2,20597-45-11-1,79.0,1,3.0,,2.0,1.0,0,0,0,1,1,0,0,1.0,0
20597,46,11,1,1,1,62,6.0,5,1,3, ,3,0.0,0.0,0.0,5,8,1,127.415306091309,1,20597-46-11-1,62.0,1,3.0,,1.0,1.0,0,0,0,1,1,0,0,1.0,0
20597,50,11,1,1,1,77,4.0,5,2,3, ,1,0.0,0.0,0.0,5,8,1,127.415306091309,2,20597-50-11-1,77.0,1,3.0,,2.0,1.0,0,0,0,1,1,0,0,1.0,0
20598,65,11,1,1,1,76,10.0,6, , , , ,0.0,8.0,0.0,3,3,1,42.9794769287109,2,20598-65-11-1,76.0,1,,,,0.0,0,1,0,1,1,0,0,0.0,0
20604,1,11,1,1,1,70,3.0,1,2,3, ,1,0.0,0.0,0.0,2,7,1,98.3941040039063,2,20604-1-11-1,70.0,1,3.0,,2.0,1.0,0,0,0,1,1,0,0,1.0,0
20604,2,11,1,1,1,62,3.0,1,2,3, ,1,0.0,0.0,0.0,2,7,1,98.3941040039063,3,20604-2-11-1,62.0,1,3.0,,2.0,1.0,0,0,0,1,1,0,0,1.0,0
20604,3,11,1,1,1,59,3.0,3,2,3, ,1,0.0,0.0,0.0,2,7,1,98.3941040039063,5,20604-3-11-1,59.0,1,3.0,,2.0,1.0,0,0,0,1,1,0,0,1.0,0
20604,4,11,1,1,1,61,4.0,5,2,3, ,1,0.0,0.0,0.0,2,7,1,98.3941040039063,6,20604-4-11-1,61.0,1,3.0,,2.0,1.0,0,0,0,1,1,0,0,1.0,0
20604,109,11,1,1,1,70,3.0,3,2,3, ,1,0.0,0.0,0.0,2,7,1,98.3941040039063,1,20604-109-11-1,70.0,1,3.0,,2.0,1.0,0,0,0,1,1,0,0,1.0,0
20604,110,11,1,1,1,58,4.0,5,2,3, ,1,0.0,0.0,0.0,2,7,1,98.3941040039063,2,20604-110-11-1,58.0,1,3.0,,2.0,1.0,0,0,0,1,1,0,0,1.0,0
20604,111,11,1,1,1,64,4.0,5,2,3, ,1,0.0,0.0,0.0,2,7,1,98.3941040039063,4,20604-111-11-1,64.0,1,3.0,,2.0,1.0,0,0,0,1,1,0,0,1.0,0
20604,112,11,1,1,1,47,3.0,0,2,3, ,1,0.0,0.0,0.0,2,7,1,98.3941040039063,8,20604-112-11-1,47.0,1,3.0,,2.0,1.0,0,0,0,1,1,0,0,1.0,0
20605,33,11,1,1,2,46,4.0,0,2,3, ,1,0.0,0.0,0.0,4,7, ,330.590240478516,5,20605-33-11-1,46.0,1,3.0,,2.0,1.0,0,0,0,1,1,0,0,1.0,0
20605,35,11,1,1,1,79,3.0,3,2,3, ,1,0.0,0.0,0.0,4,7, ,330.590240478516,3,20605-35-11-1,79.0,1,3.0,,2.0,1.0,0,0,0,1,1,0,0,1.0,0
20605,106,11,1,1,2,63,6.0,5,2,3, ,1,0.0,0.0,0.0,4,7, ,330.590240478516,2,20605-106-11-1,63.0,1,3.0,,2.0,1.0,0,0,0,1,1,0,0,1.0,0
20605,108,11,1,1,2,45,4.0,0,2,3, ,1,0.0,0.0,0.0,4,7, ,330.590240478516,2,20605-108-11-1,45.0,1,3.0,,2.0,1.0,0,0,0,1,1,0,0,1.0,0
20605,109,11,1,1,2,48,6.0,5,6, ,7,1,0.0,0.0,0.0,4,7, ,330.590240478516,2,20605-109-11-1,48.0,1,,7.0,6.0,1.0,0,0,0,1,1,0,0,1.0,0
20605,112,11,1,1,1,71,1.0, ,2,3, ,1,0.0,0.0,0.0,4,7, ,330.590240478516,2,20605-112-11-1,71.0,1,3.0,,2.0,1.0,0,0,0,1,1,0,0,1.0,0
20606,7,11,1,1,1,73,11.0,2,2,3, ,1,0.0,0.0,0.0,5,6,1,149.580154418945,1,20606-7-11-1,73.0,1,3.0,,2.0,1.0,0,0,0,1,1,0,0,1.0,0
20606,18,11,1,1,2,93,3.0,1, , , , ,0.0,0.0,0.0,5,6,1,149.580154418945,1,20606-18-11-1,93.0,1,,,,0.0,0,0,0,1,1,0,0,0.0,0
20606,28,11,1,1,1,56,6.0,5,2,3, ,1,0.0,0.0,0.0,5,6,1,149.580154418945,4,20606-28-11-1,56.0,1,3.0,,2.0,1.0,0,0,0,1,1,0,0,1.0,0
20606,113,11,1,1,2,63,1.0, ,2,3, ,1,0.0,0.0,0.0,5,6,1,149.580154418945,3,20606-113-11-1,63.0,1,3.0,,2.0,1.0,0,0,0,1,1,0,0,1.0,0
20607,77,11,1,1,1,66,3.0,1,2,3, ,1,0.0,0.0,0.0,5,7,1,149.580154418945,2,20607-77-11-1,66.0,1,3.0,,2.0,1.0,0,0,0,1,1,0,0,1.0,0
20607,78,11,1,1,2,30,6.0,5,2,3, ,1,0.0,0.0,0.0,5,7,1,149.580154418945,4,20607-78-11-1,30.0,1,3.0,,2.0,1.0,0,0,0,1,1,0,0,1.0,0
20607,80,11,1,1,1,45,5.0,3,2,3, ,1,0.0,8.0,0.0,5,7,1,149.580154418945,3,20607-80-11-1,45.0,1,3.0,,2.0,1.0,0,1,0,1,1,0,0,1.0,0
20607,178,11,1,1,1,54,4.0,0,2,3, ,1,0.0,0.0,0.0,5,7,1,149.580154418945,2,20607-178-11-1,54.0,1,3.0,,2.0,1.0,0,0,0,1,1,0,0,1.0,0
20607,179,11,1,1,2,57,4.0,0,2,3, ,1,0.0,0.0,0.0,5,7,1,149.580154418945,2,20607-179-11-1,57.0,1,3.0,,2.0,1.0,0,0,0,1,1,0,0,1.0,0
20607,182,11,1,1,2,60,3.0,1,2,3, ,1,0.0,0.0,0.0,5,7,1,149.580154418945,2,20607-182-11-1,60.0,1,3.0,,2.0,1.0,0,0,0,1,1,0,0,1.0,0
20607,183,11,1,1,2,75,1.0, ,2,3, ,1,0.0,0.0,0.0,5,7,1,149.580154418945,1,20607-183-11-1,75.0,1,3.0,,2.0,1.0,0,0,0,1,1,0,0,1.0,0
20611,24,11,1,1,2,53,8.0,3,3, ,1,5,0.0,8.0,0.0,2,2,1,242.733139038086,1,20611-24-11-1,53.0,1,,1.0,3.0,0.0,0,1,1,1,1,0,1,0.0,1
20611,72,11,1,1,2,59,10.0,5,2,3, ,1,0.0,8.0,0.0,2,2,1,242.733139038086,1,20611-72-11-1,59.0,1,3.0,,2.0,1.0,0,1,0,1,1,0,0,1.0,0
20611,89,11,1,1,1,51,3.0,0,4,3,7,1,0.0,8.0,0.0,2,2,1,242.733139038086,5,20611-89-11-1,51.0,1,3.0,7.0,4.0,1.0,0,1,0,1,1,0,0,1.0,0
20611,105,11,1,1,1,56,6.0,5,4,1,2,5,0.0,8.0,0.0,2,2,2,242.733139038086,3,20611-105-11-1,56.0,1,1.0,2.0,4.0,0.0,0,1,1,1,1,0,1,0.0,1
20613,21,11,1,1,1,43,1.0, ,2,3, ,1,0.0,0.0,0.0,7,8, ,25.9930801391602,9,20613-21-11-1,43.0,1,3.0,,2.0,1.0,0,0,0,1,1,0,0,1.0,0
20613,22,11,1,1,2,32,1.0, , , , , ,0.0,0.0,0.0,7,8, ,25.9930801391602,8,20613-22-11-1,32.0,1,,,,0.0,0,0,0,1,1,0,0,0.0,0
20613,23,11,1,1,1,29,1.0, ,2,3, ,1,0.0,0.0,0.0,7,8, ,25.9930801391602,6,20613-23-11-1,29.0,1,3.0,,2.0,1.0,0,0,0,1,1,0,0,1.0,0
20613,24,11,1,1,1,43,4.0,0,3, ,5,5,0.0,0.0,0.0,7,8, ,25.9930801391602,7,20613-24-11-1,43.0,1,,5.0,3.0,0.0,0,0,0,1,1,0,0,0.0,0
20613,89,11,1,1,2,46,3.0,0,5,3,7,1,0.0,0.0,0.0,7,8, ,25.9930801391602,2,20613-89-11-1,46.0,1,3.0,7.0,5.0,1.0,0,0,0,1,1,0,0,1.0,0
20613,90,11,1,1,1,64,4.0,5,2,3, ,1,0.0,0.0,0.0,7,8, ,25.9930801391602,6,20613-90-11-1,64.0,1,3.0,,2.0,1.0,0,0,0,1,1,0,0,1.0,0
20613,91,11,1,1,1,30,5.0,3,4,3,7,1,0.0,0.0,0.0,7,8, ,25.9930801391602,5,20613-91-11-1,30.0,1,3.0,7.0,4.0,1.0,0,0,0,1,1,0,0,1.0,0
20613,92,11,1,1,1,37,6.0,5,4,1,7,1,0.0,0.0,0.0,7,8, ,25.9930801391602,8,20613-92-11-1,37.0,1,1.0,7.0,4.0,1.0,0,0,0,1,1,0,0,1.0,0
20614,57,11,1,1,1,37,6.0,5,4,3,7,1,0.0,0.0,0.0,7,7, ,25.9930801391602,3,20614-57-11-1,37.0,1,3.0,7.0,4.0,1.0,0,0,0,1,1,0,0,1.0,0
20614,58,11,1,1,2,61,6.0,5,2,2, ,1,0.0,8.0,0.0,7,7, ,25.9930801391602,1,20614-58-11-1,61.0,1,2.0,,2.0,0.0,0,1,0,1,1,0,0,0.0,0
20614,59,11,1,1,1,75,1.0, ,4,3,7,1,0.0,0.0,0.0,7,7, ,25.9930801391602,1,20614-59-11-1,75.0,1,3.0,7.0,4.0,1.0,0,0,0,1,1,0,0,1.0,0
20614,158,11,1,1,1,45,9.0,2,4,1,2,1,0.0,8.0,0.0,7,7, ,25.9930801391602,4,20614-158-11-1,45.0,1,1.0,2.0,4.0,0.0,0,1,0,1,1,0,0,0.0,0
20614,159,11,1,1,2,26,6.0,5,4, ,2,5,0.0,0.0,0.0,7,7, ,25.9930801391602,4,20614-159-11-1,26.0,1,,2.0,4.0,0.0,0,0,0,1,1,0,0,0.0,0
20614,160,11,1,1,2,25,5.0,3,5,3,7,1,0.0,8.0,0.0,7,7, ,25.9930801391602,5,20614-160-11-1,25.0,1,3.0,7.0,5.0,1.0,0,1,0,1,1,0,0,1.0,0
20615,1,11,1,1,2,47,3.0,0,6, ,7,1,0.0,8.0,0.0,7,3, ,141.611740112305,4,20615-1-11-1,47.0,1,,7.0,6.0,1.0,0,1,0,1,1,0,0,1.0,0
20615,15,11,1,1,1,76,10.0,5, , , , ,0.0,0.0,0.0,7,3, ,141.611740112305,2,20615-15-11-1,76.0,1,,,,0.0,0,0,0,1,1,0,0,0.0,0
20616,73,11,1,1,1,50,5.0,3,2,3, ,1,0.0,0.0,0.0,5,7,1,84.2815246582031,4,20616-73-11-1,50.0,1,3.0,,2.0,1.0,0,0,0,1,1,0,0,1.0,0
20616,74,11,1,1,1,78,4.0,5,1,3, ,1,0.0,0.0,0.0,5,7,1,84.2815246582031,1,20616-74-11-1,78.0,1,3.0,,1.0,1.0,0,0,0,1,1,0,0,1.0,0
20616,76,11,1,1,2,51,3.0,0,2,3, ,1,0.0,0.0,0.0,5,7,1,84.2815246582031,3,20616-76-11-1,51.0,1,3.0,,2.0,1.0,0,0,0,1,1,0,0,1.0,0
20616,145,11,1,1,1,48,3.0,0,2,3, ,1,0.0,0.0,0.0,5,7,1,84.2815246582031,3,20616-145-11-1,48.0,1,3.0,,2.0,1.0,0,0,0,1,1,0,0,1.0,0
20616,146,11,1,1,1,75,3.0,2,2,3, ,1,0.0,0.0,0.0,5,7,1,84.2815246582031,2,20616-146-11-1,75.0,1,3.0,,2.0,1.0,0,0,0,1,1,0,0,1.0,0
20616,149,11,1,1,2,42,3.0,0,2,3, ,1,0.0,0.0,0.0,5,7,1,84.2815246582031,5,20616-149-11-1,42.0,1,3.0,,2.0,1.0,0,0,0,1,1,0,0,1.0,0
20616,151,11,1,1,2,85,1.0, ,2,3, ,1,0.0,0.0,0.0,5,7,1,84.2815246582031,1,20616-151-11-1,85.0,1,3.0,,2.0,1.0,0,0,0,1,1,0,0,1.0,0
20616,152,11,1,1,1,72,4.0,5,2,3, ,1,0.0,0.0,0.0,5,7,1,84.2815246582031,2,20616-152-11-1,72.0,1,3.0,,2.0,1.0,0,0,0,1,1,0,0,1.0,0
20618,14,11,1,1,1,28,5.0,4,1,3, ,1,0.0,0.0,0.0,7,8,1,142.552352905273,4,20618-14-11-1,28.0,1,3.0,,1.0,1.0,0,0,1,1,1,0,1,1.0,1
20618,15,11,1,1,1,31,6.0,5,2,3, ,1,0.0,0.0,0.0,7,8,1,142.552352905273,3,20618-15-11-1,31.0,1,3.0,,2.0,1.0,0,0,0,1,1,0,0,1.0,0
20618,63,11,1,1,1,39,3.0,0,2,3, ,1,0.0,0.0,0.0,7,8,1,142.552352905273,6,20618-63-11-1,39.0,1,3.0,,2.0,1.0,0,0,0,1,1,0,0,1.0,0
20618,64,11,1,1,1,58,1.0, ,2,3, ,1,0.0,0.0,0.0,7,8,1,142.552352905273,3,20618-64-11-1,58.0,1,3.0,,2.0,1.0,0,0,0,1,1,0,0,1.0,0
20618,65,11,1,1,1,32,4.0,0,2,3, ,1,0.0,0.0,0.0,7,8,1,142.552352905273,4,20618-65-11-1,32.0,1,3.0,,2.0,1.0,0,0,0,1,1,0,0,1.0,0
20618,66,11,1,1,1,55,5.0,3,2,3, ,1,0.0,0.0,0.0,7,8,1,142.552352905273,3,20618-66-11-1,55.0,1,3.0,,2.0,1.0,0,0,0,1,1,0,0,1.0,0
20618,67,11,1,1,1,28,6.0,5,2,3, ,1,0.0,0.0,0.0,7,8,1,142.552352905273,3,20618-67-11-1,28.0,1,3.0,,2.0,1.0,0,0,0,1,1,0,0,1.0,0
20618,68,11,1,1,1,44,5.0,1,2,3, ,1,0.0,0.0,0.0,7,8,1,142.552352905273,4,20618-68-11-1,44.0,1,3.0,,2.0,1.0,0,0,0,1,1,0,0,1.0,0
20620,13,11,1,1,1,31,6.0,5,2,3, ,1,0.0,8.0,0.0,1,4,1,153.613662719727,4,20620-13-11-1,31.0,1,3.0,,2.0,1.0,0,1,0,1,1,0,0,1.0,0
20620,73,11,1,1,2,59,4.0,5,2,3, ,1,0.0,0.0,0.0,1,4,1,153.613662719727,1,20620-73-11-1,59.0,1,3.0,,2.0,1.0,0,0,0,1,1,0,0,1.0,0
20622,14,11,1,1,2,33,6.0,5, , , , ,0.0,0.0,0.0,7,4,1,38.0387725830078,4,20622-14-11-1,33.0,1,,,,0.0,0,0,0,1,1,0,0,0.0,0
20622,99,11,1,1,1,43,9.0,2,3,1,2,3,0.0,8.0,0.0,7,4,1,38.0387725830078,4,20622-99-11-1,43.0,1,1.0,2.0,3.0,0.0,0,1,1,1,1,0,1,0.0,1
20623,33,11,1,1,1,38,5.0,4,2,3, ,1,0.0,0.0,0.0,7,4,1,217.689697265625,5,20623-33-11-1,38.0,1,3.0,,2.0,1.0,0,0,0,1,1,0,0,1.0,0
20623,77,11,1,1,2,80,1.0, , , , , ,0.0,0.0,0.0,7,4,1,217.689697265625,3,20623-77-11-1,80.0,1,,,,0.0,0,0,0,1,1,0,0,0.0,0
20623,92,11,1,1,2,68,4.0,6, , , , ,0.0,0.0,0.0,7,4,1,217.689697265625,1,20623-92-11-1,68.0,1,,,,0.0,0,0,0,1,1,0,0,0.0,0
20631,4,11,1,1,1,34,9.0,1,4,2,7,1,0.0,8.0,0.0,8,1,1,1113.88488769531,4,20631-4-11-1,34.0,1,2.0,7.0,4.0,1.0,0,1,0,1,1,0,0,1.0,0
20631,46,11,1,1,2,40,3.0,0, , , , ,0.0,8.0,0.0,8,1,1,1113.88488769531,4,20631-46-11-1,40.0,1,,,,0.0,0,1,0,1,1,0,0,0.0,0
20631,60,11,1,1,2,26,7.0,1,2,2, ,1,0.0,8.0,0.0,8,1,1,1113.88488769531,3,20631-60-11-1,26.0,1,2.0,,2.0,0.0,0,1,1,1,1,0,1,0.0,1
20648,15,11,1,1,2,31,5.0,3,4,3,7,1,0.0,0.0,0.0,3,5,1,37.2270202636719,3,20648-15-11-1,31.0,1,3.0,7.0,4.0,1.0,0,0,0,1,1,0,0,1.0,0
20648,32,11,1,1,2,66,3.0,2, , , , ,0.0,0.0,0.0,3,5,1,37.2270202636719,1,20648-32-11-1,66.0,1,,,,0.0,0,0,0,1,1,0,0,0.0,0
20648,81,11,1,1,1,62,4.0,5,2,3, ,1,0.0,0.0,0.0,3,5,1,37.2270202636719,3,20648-81-11-1,62.0,1,3.0,,2.0,1.0,0,0,0,1,1,0,0,1.0,0
20648,146,11,1,1,2,42,4.0,0,4,3,7,1,0.0,0.0,0.0,3,5,1,37.2270202636719,3,20648-146-11-1,42.0,1,3.0,7.0,4.0,1.0,0,0,0,1,1,0,0,1.0,0
20664,25,11,1,1,1,59,3.0,2,2,3, ,1,0.0,0.0,0.0,7,7, ,37.8531341552734,6,20664-25-11-1,59.0,1,3.0,,2.0,1.0,0,0,0,1,1,0,0,1.0,0
20664,26,11,1,1,1,44,5.0,2,2,3, ,1,0.0,0.0,0.0,7,7, ,37.8531341552734,8,20664-26-11-1,44.0,1,3.0,,2.0,1.0,0,0,0,1,1,0,0,1.0,0
20664,27,11,1,1,2,49,3.0,0,2,3, ,1,0.0,0.0,0.0,7,7, ,37.8531341552734,8,20664-27-11-1,49.0,1,3.0,,2.0,1.0,0,0,0,1,1,0,0,1.0,0
20664,57,11,1,1,1,41,4.0,0,2,3, ,1,0.0,0.0,0.0,7,7, ,37.8531341552734,4,20664-57-11-1,41.0,1,3.0,,2.0,1.0,0,0,0,1,1,0,0,1.0,0
20664,58,11,1,1,1,37,6.0,5,4, ,5,5,0.0,0.0,0.0,7,7, ,37.8531341552734,6,20664-58-11-1,37.0,1,,5.0,4.0,0.0,0,0,0,1,1,0,0,0.0,0
20664,59,11,1,1,1,36,6.0,5,4, ,5,5,0.0,0.0,0.0,7,7, ,37.8531341552734,7,20664-59-11-1,36.0,1,,5.0,4.0,0.0,0,0,0,1,1,0,0,0.0,0
20664,60,11,1,1,1,35,6.0,5,2,3, ,1,0.0,0.0,0.0,7,7, ,37.8531341552734,6,20664-60-11-1,35.0,1,3.0,,2.0,1.0,0,0,0,1,1,0,0,1.0,0
20666,69,11,1,1,1,56,4.0,0,5,3,7,1,0.0,0.0,0.0,5,8, ,169.707336425781,2,20666-69-11-1,56.0,1,3.0,7.0,5.0,1.0,0,0,0,1,1,0,0,1.0,0
20666,70,11,1,1,1,51,4.0,0,2,3, ,1,0.0,0.0,0.0,5,8, ,169.707336425781,6,20666-70-11-1,51.0,1,3.0,,2.0,1.0,0,0,0,1,1,0,0,1.0,0
20666,72,11,1,1,1,53,3.0,0,2,3, ,1,0.0,0.0,0.0,5,8, ,169.707336425781,3,20666-72-11-1,53.0,1,3.0,,2.0,1.0,0,0,0,1,1,0,0,1.0,0
20666,73,11,1,1,1,74,4.0,5,2,3, ,1,0.0,0.0,0.0,5,8, ,169.707336425781,3,20666-73-11-1,74.0,1,3.0,,2.0,1.0,0,0,0,1,1,0,0,1.0,0
20666,74,11,1,1,1,61,4.0,5,2,3, ,1,0.0,0.0,0.0,5,8, ,169.707336425781,2,20666-74-11-1,61.0,1,3.0,,2.0,1.0,0,0,0,1,1,0,0,1.0,0
20666,75,11,1,1,1,47,4.0,0,2,3, ,1,0.0,0.0,0.0,5,8, ,169.707336425781,2,20666-75-11-1,47.0,1,3.0,,2.0,1.0,0,0,0,1,1,0,0,1.0,0
20666,76,11,1,1,2,55,1.0, ,2,3, ,1,0.0,0.0,0.0,5,8, ,169.707336425781,2,20666-76-11-1,55.0,1,3.0,,2.0,1.0,0,0,0,1,1,0,0,1.0,0
20675,26,11,1,1,2,62,4.0,5, , , , ,0.0,0.0,0.0,7,4, ,125.811553955078,1,20675-26-11-1,62.0,1,,,,0.0,0,0,0,1,1,0,0,0.0,0
20675,61,11,1,1,2,48,8.0,5,4, ,1,5,0.0,0.0,0.0,7,4, ,125.811553955078,3,20675-61-11-1,48.0,1,,1.0,4.0,0.0,0,0,0,1,1,0,0,0.0,0
20675,115,11,1,1,1,54,7.0,3,4, ,1,5,0.0,0.0,0.0,7,4, ,125.811553955078,7,20675-115-11-1,54.0,1,,1.0,4.0,0.0,0,0,0,1,1,0,0,0.0,0
20675,132,11,1,1,1,57,3.0,0,4,3,7,1,0.0,0.0,0.0,7,4, ,125.811553955078,1,20675-132-11-1,57.0,1,3.0,7.0,4.0,1.0,0,0,0,1,1,0,0,1.0,0
20677,10,11,1,1,2,71,8.0,4, , , , ,0.0,0.0,0.0,4,4, ,691.538208007813,2,20677-10-11-1,71.0,1,,,,0.0,0,0,0,1,1,0,0,0.0,0
20677,26,11,1,1,2,35,6.0,5,3,3,7,1,0.0,0.0,0.0,4,4, ,691.538208007813,2,20677-26-11-1,35.0,1,3.0,7.0,3.0,1.0,0,0,0,1,1,0,0,1.0,0
20677,57,11,1,1,1,55,8.0,3,2,2, ,1,0.0,0.0,0.0,4,4, ,691.538208007813,5,20677-57-11-1,55.0,1,2.0,,2.0,0.0,0,0,0,1,1,0,0,0.0,0
20677,71,11,1,1,1,76,8.0,4, , , , ,0.0,0.0,0.0,4,4, ,691.538208007813,2,20677-71-11-1,76.0,1,,,,0.0,0,0,0,1,1,0,0,0.0,0
20679,21,11,1,1,2,50,6.0,5,2,3, ,1,0.0,0.0,0.0,2,8, ,58.4958992004395,7,20679-21-11-1,50.0,1,3.0,,2.0,1.0,0,0,0,1,1,0,0,1.0,0
20679,22,11,1,1,1,50,7.0,3,2,3, ,1,0.0,8.0,0.0,2,8, ,58.4958992004395,3,20679-22-11-1,50.0,1,3.0,,2.0,1.0,0,1,0,1,1,0,0,1.0,0
20679,23,11,1,1,1,52,6.0,5,4,1,2,5,0.0,8.0,0.0,2,8, ,58.4958992004395,4,20679-23-11-1,52.0,1,1.0,2.0,4.0,0.0,0,1,0,1,1,0,0,0.0,0
20679,24,11,1,1,1,47,8.0,5,3,1,2,4,0.0,8.0,0.0,2,8, ,58.4958992004395,4,20679-24-11-1,47.0,1,1.0,2.0,3.0,0.0,0,1,0,1,1,0,0,0.0,0
20679,89,11,1,1,1,74,6.0,5,4,3,7,1,0.0,0.0,0.0,2,8, ,58.4958992004395,2,20679-89-11-1,74.0,1,3.0,7.0,4.0,1.0,0,0,0,1,1,0,0,1.0,0
20679,90,11,1,1,1,76,10.0,5,2,3, ,1,0.0,0.0,0.0,2,8, ,58.4958992004395,1,20679-90-11-1,76.0,1,3.0,,2.0,1.0,0,0,0,1,1,0,0,1.0,0
20679,91,11,1,1,1,41,6.0,5,2,3, ,1,0.0,0.0,0.0,2,8, ,58.4958992004395,9,20679-91-11-1,41.0,1,3.0,,2.0,1.0,0,0,0,1,1,0,0,1.0,0
20679,92,11,1,1,1,39,8.0,3,4,1,2,5,0.0,8.0,0.0,2,8, ,58.4958992004395,7,20679-92-11-1,39.0,1,1.0,2.0,4.0,0.0,0,1,0,1,1,0,0,0.0,0
20682,15,11,1,1,1,74,5.0,4,2,3, ,1,0.0,0.0,0.0,2,2, ,229.341110229492,4,20682-15-11-1,74.0,1,3.0,,2.0,1.0,0,0,0,1,1,0,0,1.0,0
20682,91,11,1,1,1,67,1.0, ,4,1,1,5,0.0,0.0,0.0,2,2, ,229.341110229492,8,20682-91-11-1,67.0,1,1.0,1.0,4.0,0.0,0,0,0,1,1,0,0,0.0,0
20682,110,11,1,1,1,65,5.0,2,2,3, ,1,0.0,0.0,0.0,2,2, ,229.341110229492,3,20682-110-11-1,65.0,1,3.0,,2.0,1.0,0,0,1,1,1,0,1,1.0,1
20682,129,11,1,1,1,39,6.0,5,3,1,1,4,0.0,0.0,0.0,2,2, ,229.341110229492,4,20682-129-11-1,39.0,1,1.0,1.0,3.0,0.0,0,0,1,1,1,0,1,0.0,1
20688,52,11,1,1,2,58,5.0,3, , , , ,0.0,8.0,0.0,7,3, ,1.47723639011383,5,20688-52-11-1,58.0,1,,,,0.0,0,1,0,1,1,0,0,0.0,0
20688,83,11,1,1,2,58,8.0,3,1,3, ,1,0.0,8.0,0.0,7,3, ,1.47723639011383,3,20688-83-11-1,58.0,1,3.0,,1.0,1.0,0,1,0,1,1,0,0,1.0,0
20688,115,11,1,1,2,43,11.0,2,3, ,6,5,0.0,8.0,0.0,7,3, ,1.47723639011383,3,20688-115-11-1,43.0,1,,6.0,3.0,0.0,0,1,1,1,1,0,1,0.0,1
20691,43,11,1,1,1,81,4.0,5,1,2, ,1,0.0,0.0,0.0,7,6, ,65.1257705688477,2,20691-43-11-1,81.0,1,2.0,,1.0,0.0,0,0,0,1,1,0,0,0.0,0
20691,56,11,1,1,2,43,8.0,3,3, ,6,5,0.0,0.0,0.0,7,6, ,65.1257705688477,3,20691-56-11-1,43.0,1,,6.0,3.0,0.0,0,0,0,1,1,0,0,0.0,0
20691,112,11,1,1,1,48,10.0,5,3,1,5,1,0.0,8.0,0.0,7,6, ,65.1257705688477,1,20691-112-11-1,48.0,1,1.0,5.0,3.0,0.0,0,1,1,1,1,0,1,0.0,1
20691,153,11,1,1,1,55,10.0,5,3, ,2,5,0.0,0.0,0.0,7,6, ,65.1257705688477,2,20691-153-11-1,55.0,1,,2.0,3.0,0.0,0,0,0,1,1,0,0,0.0,0
20708,103,11,1,1,2,84,6.0,5, , , , ,0.0,0.0,0.0,8,1, ,433.952209472656,2,20708-103-11-1,84.0,1,,,,0.0,0,0,0,1,1,0,0,0.0,0
20709,33,11,1,1,2,69,8.0,3,2,3, ,1,0.0,0.0,0.0,6,7, ,319.367858886719,1,20709-33-11-1,69.0,1,3.0,,2.0,1.0,0,0,0,1,1,0,0,1.0,0
20709,35,11,1,1,1,58,5.0,3,2,3, ,1,0.0,0.0,0.0,6,7, ,319.367858886719,2,20709-35-11-1,58.0,1,3.0,,2.0,1.0,0,0,0,1,1,0,0,1.0,0
20709,36,11,1,1,1,66,4.0,5,2,3, ,1,0.0,0.0,0.0,6,7, ,319.367858886719,1,20709-36-11-1,66.0,1,3.0,,2.0,1.0,0,0,0,1,1,0,0,1.0,0
20709,116,11,1,1,2,58,6.0,5,2,3, ,1,0.0,0.0,0.0,6,7, ,319.367858886719,1,20709-116-11-1,58.0,1,3.0,,2.0,1.0,0,0,0,1,1,0,0,1.0,0
20709,118,11,1,1,1,62,7.0,1,2,3, ,1,0.0,0.0,0.0,6,7, ,319.367858886719,2,20709-118-11-1,62.0,1,3.0,,2.0,1.0,0,0,0,1,1,0,0,1.0,0
20709,119,11,1,1,1,69,4.0,5,5,3,7,1,0.0,0.0,0.0,6,7, ,319.367858886719,3,20709-119-11-1,69.0,1,3.0,7.0,5.0,1.0,0,0,0,1,1,0,0,1.0,0
20709,120,11,1,1,1,42,6.0,5,2,3, ,1,0.0,0.0,0.0,6,7, ,319.367858886719,4,20709-120-11-1,42.0,1,3.0,,2.0,1.0,0,0,0,1,1,0,0,1.0,0
20716,1,11,1,1,1,35,10.0,5,5,3,7,1,0.0,0.0,0.0,5,7, ,245.62663269043,2,20716-1-11-1,35.0,1,3.0,7.0,5.0,1.0,0,0,1,1,1,0,1,1.0,1
20716,2,11,1,1,1,74,4.0,5,2,3, ,1,0.0,0.0,0.0,5,7, ,245.62663269043,1,20716-2-11-1,74.0,1,3.0,,2.0,1.0,0,0,0,1,1,0,0,1.0,0
20716,66,11,1,1,1,66,9.0,1,2,3, ,1,0.0,0.0,0.0,5,7, ,245.62663269043,2,20716-66-11-1,66.0,1,3.0,,2.0,1.0,0,0,0,1,1,0,0,1.0,0
20716,67,11,1,1,1,75,6.0,5,2,3, ,1,0.0,0.0,0.0,5,7, ,245.62663269043,3,20716-67-11-1,75.0,1,3.0,,2.0,1.0,0,0,0,1,1,0,0,1.0,0
20716,68,11,1,1,1,75,4.0,5,2,3, ,1,0.0,0.0,0.0,5,7, ,245.62663269043,2,20716-68-11-1,75.0,1,3.0,,2.0,1.0,0,0,0,1,1,0,0,1.0,0
20726,49,11,1,1,2,78,1.0, , , , , ,0.0,0.0,0.0,5,7, ,163.764602661133,1,20726-49-11-1,78.0,1,,,,0.0,0,0,0,1,1,0,0,0.0,0
20726,50,11,1,1,1,68,3.0,2,2,3, ,1,0.0,0.0,0.0,5,7, ,163.764602661133,2,20726-50-11-1,68.0,1,3.0,,2.0,1.0,0,0,0,1,1,0,0,1.0,0
20726,51,11,1,1,1,52,4.0,0,1,3, ,1,0.0,0.0,0.0,5,7, ,163.764602661133,2,20726-51-11-1,52.0,1,3.0,,1.0,1.0,0,0,0,1,1,0,0,1.0,0
20726,52,11,1,1,1,75,3.0,0,2,3, ,1,0.0,0.0,0.0,5,7, ,163.764602661133,2,20726-52-11-1,75.0,1,3.0,,2.0,1.0,0,0,1,1,1,0,1,1.0,1
20726,101,11,1,1,1,40,5.0,2,2,3, ,1,0.0,8.0,0.0,5,7, ,163.764602661133,2,20726-101-11-1,40.0,1,3.0,,2.0,1.0,0,1,0,1,1,0,0,1.0,0
20726,104,11,1,1,2,45,3.0,0,2,3, ,1,0.0,0.0,0.0,5,7, ,163.764602661133,3,20726-104-11-1,45.0,1,3.0,,2.0,1.0,0,0,0,1,1,0,0,1.0,0
20727,21,11,1,1,2,60,3.0,0,5,3,7,1,0.0,0.0,0.0,4,7, ,298.335754394531,2,20727-21-11-1,60.0,1,3.0,7.0,5.0,1.0,0,0,0,1,1,0,0,1.0,0
20727,23,11,1,1,1,43,3.0,0,2,3, ,1,0.0,0.0,0.0,4,7, ,298.335754394531,6,20727-23-11-1,43.0,1,3.0,,2.0,1.0,0,0,0,1,1,0,0,1.0,0
20727,24,11,1,1,2,47,4.0,0,2,3, ,1,0.0,8.0,0.0,4,7, ,298.335754394531,2,20727-24-11-1,47.0,1,3.0,,2.0,1.0,0,1,0,1,1,0,0,1.0,0
20727,53,11,1,1,1,80,3.0,1, , , , ,0.0,0.0,0.0,4,7, ,298.335754394531,2,20727-53-11-1,80.0,1,,,,0.0,0,0,0,1,1,0,0,0.0,0
20727,56,11,1,1,1,66,4.0,5,2,3, ,1,0.0,0.0,0.0,4,7, ,298.335754394531,2,20727-56-11-1,66.0,1,3.0,,2.0,1.0,0,0,0,1,1,0,0,1.0,0
20727,57,11,1,1,1,31,6.0,5,2,3, ,1,0.0,0.0,0.0,4,7, ,298.335754394531,3,20727-57-11-1,31.0,1,3.0,,2.0,1.0,0,0,0,1,1,0,0,1.0,0
20727,58,11,1,1,1,53,4.0,0,2,3, ,1,0.0,0.0,0.0,4,7, ,298.335754394531,2,20727-58-11-1,53.0,1,3.0,,2.0,1.0,0,0,0,1,1,0,0,1.0,0
20727,60,11,1,1,1,44,5.0,1,2,3, ,1,0.0,0.0,0.0,4,7, ,298.335754394531,4,20727-60-11-1,44.0,1,3.0,,2.0,1.0,0,0,0,1,1,0,0,1.0,0
20736,34,11,1,1,1,48,6.0,5,2,3, ,1,0.0,0.0,0.0,5,6, ,245.62663269043,3,20736-34-11-1,48.0,1,3.0,,2.0,1.0,0,0,0,1,1,0,0,1.0,0
20736,62,11,1,1,1,69,8.0,3,2,3, ,1,0.0,0.0,0.0,5,6, ,245.62663269043,1,20736-62-11-1,69.0,1,3.0,,2.0,1.0,0,0,0,1,1,0,0,1.0,0
20736,79,11,1,1,1,59,5.0,3,4,3,7,1,0.0,0.0,0.0,5,6, ,245.62663269043,8,20736-79-11-1,59.0,1,3.0,7.0,4.0,1.0,0,0,0,1,1,0,0,1.0,0
20736,97,11,1,1,2,46,3.0,0,4,3,7,1,0.0,0.0,0.0,5,6, ,245.62663269043,3,20736-97-11-1,46.0,1,3.0,7.0,4.0,1.0,0,0,0,1,1,0,0,1.0,0
20736,107,11,1,1,1,36,8.0,3,4, ,5,5,0.0,0.0,0.0,5,6, ,245.62663269043,5,20736-107-11-1,36.0,1,,5.0,4.0,0.0,0,0,0,1,1,0,0,0.0,0
20742,7,11,1,1,1,55,1.0, ,4,3,7,1,0.0,0.0,0.0,3,4, ,180.606674194336,5,20742-7-11-1,55.0,1,3.0,7.0,4.0,1.0,0,0,0,1,1,0,0,1.0,0
20742,19,11,1,1,1,50,4.0,0,4,3,7,1,0.0,8.0,0.0,3,4, ,180.606674194336,3,20742-19-11-1,50.0,1,3.0,7.0,4.0,1.0,0,1,0,1,1,0,0,1.0,0
20742,31,11,1,1,1,54,3.0,2,4,3,7,1,0.0,0.0,0.0,3,4, ,180.606674194336,5,20742-31-11-1,54.0,1,3.0,7.0,4.0,1.0,0,0,0,1,1,0,0,1.0,0
20742,68,11,1,1,2,54,3.0,0,4,3,7,1,0.0,0.0,0.0,3,4, ,180.606674194336,3,20742-68-11-1,54.0,1,3.0,7.0,4.0,1.0,0,0,1,1,1,0,1,1.0,1
20742,80,11,1,1,1,50,5.0,2,4,3,7,1,0.0,0.0,0.0,3,4, ,180.606674194336,4,20742-80-11-1,50.0,1,3.0,7.0,4.0,1.0,0,0,0,1,1,0,0,1.0,0
20748,37,11,1,1,1,86,4.0,5,2,3, ,1,0.0,0.0,0.0,5,8, ,149.580154418945,2,20748-37-11-1,86.0,1,3.0,,2.0,1.0,0,0,0,1,1,0,0,1.0,0
20748,39,11,1,1,1,63,3.0,1,2,3, ,1,0.0,0.0,0.0,5,8, ,149.580154418945,1,20748-39-11-1,63.0,1,3.0,,2.0,1.0,0,0,0,1,1,0,0,1.0,0
20748,40,11,1,1,2,50,4.0,0,2,3, ,1,0.0,0.0,0.0,5,8, ,149.580154418945,7,20748-40-11-1,50.0,1,3.0,,2.0,1.0,0,0,0,1,1,0,0,1.0,0
20748,75,11,1,1,2,67,1.0, ,2,3, ,1,0.0,0.0,0.0,5,8, ,149.580154418945,1,20748-75-11-1,67.0,1,3.0,,2.0,1.0,0,0,0,1,1,0,0,1.0,0
20748,76,11,1,1,1,82,3.0,2,2,3, ,1,0.0,0.0,0.0,5,8, ,149.580154418945,4,20748-76-11-1,82.0,1,3.0,,2.0,1.0,0,0,0,1,1,0,0,1.0,0
20748,77,11,1,1,2,73,1.0, ,2,3, ,1,0.0,0.0,0.0,5,8, ,149.580154418945,1,20748-77-11-1,73.0,1,3.0,,2.0,1.0,0,0,0,1,1,0,0,1.0,0
20748,78,11,1,1,2,81,1.0, ,2,3, ,1,0.0,0.0,0.0,5,8, ,149.580154418945,1,20748-78-11-1,81.0,1,3.0,,2.0,1.0,0,0,0,1,1,0,0,1.0,0
20748,79,11,1,1,1,50,4.0,0,2,3, ,1,0.0,0.0,0.0,5,8, ,149.580154418945,3,20748-79-11-1,50.0,1,3.0,,2.0,1.0,0,0,0,1,1,0,0,1.0,0
20751,18,11,1,1,1,54,6.0,5,4,1,2,5,0.0,8.0,0.0,2,5, ,197.069610595703,4,20751-18-11-1,54.0,1,1.0,2.0,4.0,0.0,0,1,0,1,1,0,0,0.0,0
20751,36,11,1,1,2,19,5.0,4,3,3,7,1,0.0,8.0,0.0,2,5, ,197.069610595703,3,20751-36-11-1,19.0,1,3.0,7.0,3.0,1.0,0,1,0,1,1,0,0,1.0,0
20751,41,11,1,1,1,44,6.0,5,4,2,2,1,0.0,8.0,0.0,2,5, ,197.069610595703,4,20751-41-11-1,44.0,1,2.0,2.0,4.0,0.0,0,1,0,1,1,0,0,0.0,0
20751,47,11,1,1,1,38,5.0,4,4,3,7,1,0.0,0.0,0.0,2,5, ,197.069610595703,1,20751-47-11-1,38.0,1,3.0,7.0,4.0,1.0,0,0,0,1,1,0,0,1.0,0
20755,22,11,1,1,2,86,1.0, ,2,3, ,1,0.0,0.0,0.0,5,8, ,163.764602661133,1,20755-22-11-1,86.0,1,3.0,,2.0,1.0,0,0,0,1,1,0,0,1.0,0
20755,23,11,1,1,2,55,1.0, ,2,3, ,1,0.0,0.0,0.0,5,8, ,163.764602661133,1,20755-23-11-1,55.0,1,3.0,,2.0,1.0,0,0,0,1,1,0,0,1.0,0
20755,63,11,1,1,1,62,3.0,2,2,3, ,1,0.0,0.0,0.0,5,8, ,163.764602661133,2,20755-63-11-1,62.0,1,3.0,,2.0,1.0,0,0,0,1,1,0,0,1.0,0
20755,64,11,1,1,2,42,4.0,0,5,3,7,1,0.0,0.0,0.0,5,8, ,163.764602661133,6,20755-64-11-1,42.0,1,3.0,7.0,5.0,1.0,0,0,0,1,1,0,0,1.0,0
20755,66,11,1,1,2,71,3.0,0,2,3, ,1,0.0,0.0,0.0,5,8, ,163.764602661133,1,20755-66-11-1,71.0,1,3.0,,2.0,1.0,0,0,0,1,1,0,0,1.0,0
20755,68,11,1,1,2,43,3.0,0,2,3, ,1,0.0,0.0,0.0,5,8, ,163.764602661133,3,20755-68-11-1,43.0,1,3.0,,2.0,1.0,0,0,0,1,1,0,0,1.0,0
20755,72,11,1,1,1,68,3.0,3,2,3, ,1,0.0,0.0,0.0,5,8, ,163.764602661133,3,20755-72-11-1,68.0,1,3.0,,2.0,1.0,0,0,0,1,1,0,0,1.0,0
21001,8,11,1,1,1,77,3.0,2,5,3,7,1,0.0,0.0,0.0,6,8, ,319.367828369141,5,21001-8-11-1,77.0,1,3.0,7.0,5.0,1.0,0,0,0,1,1,0,0,1.0,0
21001,25,11,1,1,2,70,1.0, ,2,3, ,1,0.0,0.0,0.0,6,8, ,319.367828369141,1,21001-25-11-1,70.0,1,3.0,,2.0,1.0,0,0,0,1,1,0,0,1.0,0
21001,29,11,1,1,1,80,3.0,2,2,3, ,1,0.0,0.0,0.0,6,8, ,319.367828369141,1,21001-29-11-1,80.0,1,3.0,,2.0,1.0,0,0,0,1,1,0,0,1.0,0
21001,37,11,1,1,1,56,5.0,4,2,3, ,1,0.0,0.0,0.0,6,8, ,319.367828369141,2,21001-37-11-1,56.0,1,3.0,,2.0,1.0,0,0,0,1,1,0,0,1.0,0
21001,39,11,1,1,2,93,1.0, , , , , ,0.0,0.0,0.0,6,8, ,319.367828369141,1,21001-39-11-1,93.0,1,,,,0.0,0,0,0,1,1,0,0,0.0,0
