llave_persona,P203,P207,Edad,Ocupado,Informal,TenenciaBilletera,UsoBilletera,CreditoFormal_2024,FACTOR07,P301A,ESTRATO,DOMINIO,MIEPERHO,CONGLOME,CreditoFormal_2025,CreditoInformal_2025,P203_num,Ocupado_num,CreditoFormal_2024_num,CreditoFormal_2025_num,Informal_num,NuevoCredito
15014-25-11-1,1,2,39.0,1,1.0,1,1,0,69.4570999145508,7.0,4,4,4,15014,1,1,1,1,0,1,1.0,1
15014-39-11-1,1,1,56.0,1,1.0,0,0,0,69.4570999145508,3.0,4,4,1,15014,0,0,1,1,0,0,1.0,0
15014-96-11-1,1,2,52.0,1,1.0,0,0,0,69.4570999145508,6.0,4,4,3,15014,0,0,1,1,0,0,1.0,0
15017-2-11-1,1,2,65.0,1,0.0,0,0,0,102.967529296875,10.0,4,4,1,15017,0,0,1,1,0,0,0.0,0
15020-47-11-1,1,1,61.0,1,1.0,0,0,0,79.8167572021484,6.0,4,4,3,15020,0,0,1,1,0,0,1.0,0
15020-88-11-1,1,2,49.0,1,0.0,1,0,0,79.8167572021484,8.0,4,4,1,15020,0,0,1,1,0,0,0.0,0
15021-59-11-1,1,1,48.0,1,0.0,1,1,0,102.967529296875,8.0,4,4,5,15021,0,0,1,1,0,0,0.0,0
15042-59-11-1,1,2,35.0,1,1.0,0,0,0,163.678207397461,5.0,4,7,3,15042,0,0,1,1,0,0,1.0,0
15042-140-11-1,1,1,52.0,1,0.0,0,0,0,163.678207397461,6.0,4,7,5,15042,0,0,1,1,0,0,0.0,0
15058-20-11-1,1,1,66.0,1,0.0,0,0,0,271.278656005859,6.0,5,7,3,15058,0,0,1,1,0,0,0.0,0
15058-52-11-1,1,1,38.0,1,1.0,1,0,0,271.278656005859,6.0,5,7,5,15058,0,0,1,1,0,0,1.0,0
15058-68-11-1,1,1,30.0,1,1.0,0,0,0,271.278656005859,8.0,5,7,2,15058,0,0,1,1,0,0,1.0,0
15062-4-11-1,1,2,89.0,1,1.0,0,0,0,138.394668579102,3.0,5,7,2,15062,0,0,1,1,0,0,1.0,0
15062-14-11-1,1,1,62.0,1,0.0,0,0,0,138.394668579102,5.0,5,7,3,15062,0,0,1,1,0,0,0.0,0
15062-27-11-1,1,2,43.0,1,1.0,0,0,0,138.394668579102,3.0,5,7,3,15062,0,0,1,1,0,0,1.0,0
15062-71-11-1,1,1,47.0,1,0.0,0,0,0,138.394668579102,6.0,5,7,1,15062,0,0,1,1,0,0,0.0,0
15063-157-11-1,1,1,70.0,1,1.0,0,0,0,163.678207397461,4.0,5,7,4,15063,0,0,1,1,0,0,1.0,0
15064-3-11-1,1,2,65.0,1,1.0,0,0,0,283.740692138672,4.0,5,7,2,15064,0,0,1,1,0,0,1.0,0
15064-16-11-1,1,1,54.0,1,1.0,0,0,0,283.740692138672,5.0,5,7,3,15064,0,0,1,1,0,0,1.0,0
15064-74-11-1,1,1,48.0,1,1.0,0,0,0,283.740692138672,4.0,5,7,6,15064,0,0,1,1,0,0,1.0,0
15064-89-11-1,1,2,38.0,1,1.0,0,0,0,283.740692138672,3.0,5,7,3,15064,1,0,1,1,0,1,1.0,1
15065-25-11-1,1,2,44.0,1,0.0,0,0,0,125.811553955078,8.0,4,7,1,15065,0,0,1,1,0,0,0.0,0
15065-59-11-1,1,1,40.0,1,1.0,0,0,0,125.811553955078,6.0,4,7,4,15065,0,0,1,1,0,0,1.0,0
15066-14-11-1,1,1,69.0,1,1.0,0,0,0,318.304809570313,1.0,4,7,3,15066,0,0,1,1,0,0,1.0,0
15067-36-11-1,1,1,27.0,1,1.0,1,1,0,283.740692138672,9.0,4,7,4,15067,0,0,1,1,0,0,1.0,0
15067-95-11-1,1,1,46.0,1,1.0,0,0,0,283.740692138672,4.0,4,7,2,15067,1,0,1,1,0,1,1.0,1
15068-12-11-1,1,1,43.0,1,1.0,0,0,0,271.278656005859,6.0,5,7,4,15068,0,0,1,1,0,0,1.0,0
15068-52-11-1,1,1,64.0,1,1.0,0,0,0,271.278656005859,4.0,5,7,4,15068,0,0,1,1,0,0,1.0,0
15068-79-11-1,1,2,27.0,1,1.0,0,0,0,271.278656005859,7.0,5,7,3,15068,0,0,1,1,0,0,1.0,0
15068-94-11-1,1,1,48.0,1,0.0,0,0,0,271.278656005859,7.0,5,7,4,15068,0,0,1,1,0,0,0.0,0
15069-59-11-1,1,2,69.0,1,1.0,0,0,0,302.895935058594,5.0,4,7,1,15069,0,0,1,1,0,0,1.0,0
15069-95-11-1,1,1,68.0,1,0.0,1,0,0,302.895935058594,10.0,4,7,3,15069,0,0,1,1,0,0,0.0,0
15070-28-11-1,1,1,61.0,1,1.0,0,0,0,283.740692138672,3.0,4,7,2,15070,0,0,1,1,0,0,1.0,0
15070-88-11-1,1,1,77.0,1,1.0,0,0,0,283.740692138672,4.0,4,7,2,15070,0,0,1,1,0,0,1.0,0
15070-108-11-1,1,2,51.0,1,1.0,0,0,0,283.740692138672,3.0,4,7,4,15070,0,0,1,1,0,0,1.0,0
15071-2-11-1,1,1,41.0,1,0.0,1,0,0,318.304809570313,6.0,5,7,7,15071,0,0,1,1,0,0,0.0,0
15071-32-11-1,1,2,34.0,1,1.0,0,0,0,318.304809570313,5.0,5,7,6,15071,0,0,1,1,0,0,1.0,0
15078-29-11-1,1,1,73.0,1,1.0,0,0,0,78.585823059082,3.0,6,4,3,15078,0,0,1,1,0,0,1.0,0
15078-38-11-1,1,1,55.0,1,1.0,0,0,0,78.585823059082,4.0,6,4,1,15078,0,0,1,1,0,0,1.0,0
15078-57-11-1,1,1,38.0,1,1.0,0,0,0,78.585823059082,4.0,6,4,6,15078,1,0,1,1,0,1,1.0,1
15078-75-11-1,1,1,51.0,1,1.0,0,0,0,78.585823059082,4.0,6,4,4,15078,0,0,1,1,0,0,1.0,0
15085-8-11-1,1,2,83.0,1,1.0,0,0,0,80.3816604614258,3.0,8,4,2,15085,0,0,1,1,0,0,1.0,0
15085-32-11-1,1,2,69.0,1,1.0,0,0,0,80.3816604614258,3.0,8,4,1,15085,0,0,1,1,0,0,1.0,0
15085-37-11-1,1,1,57.0,1,1.0,0,0,0,80.3816604614258,6.0,8,4,3,15085,0,0,1,1,0,0,1.0,0
15085-38-11-1,1,1,69.0,1,1.0,0,0,0,80.3816604614258,4.0,8,4,2,15085,0,0,1,1,0,0,1.0,0
15085-40-11-1,1,1,47.0,1,1.0,0,0,0,80.3816604614258,5.0,8,4,3,15085,0,0,1,1,0,0,1.0,0
15096-25-11-1,1,1,75.0,1,1.0,0,0,0,74.3708267211914,3.0,7,4,2,15096,0,0,1,1,0,0,1.0,0
15096-26-11-1,1,1,74.0,1,1.0,0,0,0,74.3708267211914,6.0,7,4,4,15096,0,0,1,1,0,0,1.0,0
15096-27-11-1,1,2,32.0,1,1.0,1,1,0,74.3708267211914,6.0,7,4,4,15096,0,0,1,1,0,0,1.0,0
15096-87-11-1,1,1,57.0,1,1.0,0,0,0,74.3708267211914,3.0,7,4,4,15096,0,0,1,1,0,0,1.0,0
15096-89-11-1,1,1,38.0,1,0.0,0,0,0,74.3708267211914,4.0,7,4,1,15096,1,1,1,1,0,1,0.0,1
15097-3-11-1,1,1,56.0,1,1.0,0,0,0,80.3816604614258,9.0,8,4,2,15097,0,0,1,1,0,0,1.0,0
15097-62-11-1,1,1,45.0,1,0.0,0,0,0,80.3816604614258,4.0,8,4,3,15097,0,0,1,1,0,0,0.0,0
15098-24-11-1,1,1,68.0,1,1.0,0,0,0,80.3816604614258,4.0,6,4,2,15098,0,0,1,1,0,0,1.0,0
15098-32-11-1,1,1,56.0,1,1.0,0,0,0,80.3816604614258,5.0,6,4,1,15098,0,0,1,1,0,0,1.0,0
15098-50-11-1,1,1,59.0,1,1.0,0,0,0,80.3816604614258,3.0,6,4,4,15098,0,0,1,1,0,0,1.0,0
15098-67-11-1,1,1,56.0,1,1.0,0,0,0,80.3816604614258,4.0,6,4,2,15098,0,0,1,1,0,0,1.0,0
15098-85-11-1,1,1,62.0,1,1.0,0,0,0,80.3816604614258,4.0,6,4,4,15098,0,0,1,1,0,0,1.0,0
15099-74-11-1,1,1,37.0,1,1.0,1,0,0,78.585823059082,4.0,7,4,5,15099,0,0,1,1,0,0,1.0,0
15099-158-11-1,1,1,49.0,1,1.0,0,0,0,78.585823059082,3.0,7,4,3,15099,0,0,1,1,0,0,1.0,0
15099-159-11-1,1,1,75.0,1,1.0,0,0,0,78.585823059082,4.0,7,4,2,15099,0,0,1,1,0,0,1.0,0
15100-3-11-1,1,1,72.0,1,1.0,0,0,0,74.3708267211914,4.0,8,4,2,15100,0,0,1,1,0,0,1.0,0
15100-21-11-1,1,1,64.0,1,0.0,0,0,0,74.3708267211914,4.0,8,4,1,15100,0,0,1,1,0,0,0.0,0
15100-22-11-1,1,1,69.0,1,1.0,0,0,0,74.3708267211914,4.0,8,4,1,15100,0,0,1,1,0,0,1.0,0
15100-23-11-1,1,1,68.0,1,1.0,0,0,0,74.3708267211914,4.0,8,4,5,15100,0,0,1,1,0,0,1.0,0
15100-24-11-1,1,1,64.0,1,1.0,0,0,0,74.3708267211914,4.0,8,4,2,15100,0,0,1,1,0,0,1.0,0
15101-15-11-1,1,1,44.0,1,1.0,1,0,0,72.2517242431641,6.0,6,4,2,15101,0,0,1,1,0,0,1.0,0
15101-23-11-1,1,1,47.0,1,1.0,0,0,0,72.2517242431641,7.0,6,4,4,15101,0,0,1,1,0,0,1.0,0
15101-41-11-1,1,1,40.0,1,1.0,0,0,0,72.2517242431641,7.0,6,4,4,15101,0,0,1,1,0,0,1.0,0
15101-73-11-1,1,1,42.0,1,1.0,1,0,0,72.2517242431641,4.0,6,4,4,15101,0,0,1,1,0,0,1.0,0
15101-82-11-1,1,1,57.0,1,1.0,0,0,0,72.2517242431641,3.0,6,4,1,15101,0,0,1,1,0,0,1.0,0
15102-10-11-1,1,1,53.0,1,1.0,0,0,0,80.3816604614258,3.0,7,4,5,15102,0,0,1,1,0,0,1.0,0
15102-73-11-1,1,1,31.0,1,1.0,1,0,0,80.3816604614258,8.0,7,4,1,15102,0,0,1,1,0,0,1.0,0
15102-75-11-1,1,2,64.0,1,1.0,0,0,0,80.3816604614258,3.0,7,4,1,15102,0,0,1,1,0,0,1.0,0
15102-78-11-1,1,1,57.0,1,1.0,0,0,0,80.3816604614258,4.0,7,4,2,15102,0,0,1,1,0,0,1.0,0
15103-9-11-1,1,1,59.0,1,1.0,0,0,0,78.585823059082,3.0,8,4,3,15103,0,0,1,1,0,0,1.0,0
15103-12-11-1,1,1,46.0,1,1.0,0,0,0,78.585823059082,4.0,8,4,9,15103,0,0,1,1,0,0,1.0,0
15103-20-11-1,1,1,60.0,1,1.0,0,0,0,78.585823059082,4.0,8,4,3,15103,0,0,1,1,0,0,1.0,0
15104-5-11-1,1,2,41.0,1,0.0,0,0,0,72.2517242431641,4.0,7,4,5,15104,0,0,1,1,0,0,0.0,0
15104-6-11-1,1,2,44.0,1,1.0,0,0,0,72.2517242431641,5.0,7,4,3,15104,0,0,1,1,0,0,1.0,0
15104-7-11-1,1,1,80.0,1,1.0,0,0,0,72.2517242431641,3.0,7,4,3,15104,0,0,1,1,0,0,1.0,0
15104-8-11-1,1,1,43.0,1,1.0,0,0,0,72.2517242431641,4.0,7,4,5,15104,0,0,1,1,0,0,1.0,0
15104-66-11-1,1,1,57.0,1,1.0,0,0,0,72.2517242431641,3.0,7,4,5,15104,0,0,1,1,0,0,1.0,0
15104-68-11-1,1,1,46.0,1,1.0,1,0,0,72.2517242431641,6.0,7,4,6,15104,1,0,1,1,0,1,1.0,1
15104-69-11-1,1,1,55.0,1,1.0,0,0,0,72.2517242431641,3.0,7,4,6,15104,0,1,1,1,0,0,1.0,0
15121-41-11-1,1,1,45.0,1,1.0,0,0,0,65.2061309814453,6.0,7,7,4,15121,0,0,1,1,0,0,1.0,0
15121-42-11-1,1,1,65.0,1,1.0,0,0,0,65.2061309814453,5.0,7,7,6,15121,0,0,1,1,0,0,1.0,0
15121-114-11-1,1,1,60.0,1,1.0,0,0,0,65.2061309814453,6.0,7,7,5,15121,0,0,1,1,0,0,1.0,0
15142-25-11-1,1,1,66.0,1,1.0,0,0,0,71.17578125,4.0,7,7,3,15142,0,0,1,1,0,0,1.0,0
15142-27-11-1,1,1,56.0,1,1.0,0,0,0,71.17578125,5.0,7,7,4,15142,0,0,1,1,0,0,1.0,0
15142-28-11-1,1,2,91.0,1,0.0,0,0,0,71.17578125,3.0,7,7,5,15142,0,0,1,1,0,0,0.0,0
15142-162-11-1,1,1,44.0,1,1.0,0,0,0,71.17578125,9.0,7,7,4,15142,0,0,1,1,0,0,1.0,0
15142-163-11-1,1,1,83.0,1,0.0,0,0,0,71.17578125,4.0,7,7,2,15142,0,0,1,1,0,0,0.0,0
15142-164-11-1,1,1,65.0,1,1.0,0,0,0,71.17578125,5.0,7,7,2,15142,0,0,1,1,0,0,1.0,0
15157-42-11-1,1,1,37.0,1,1.0,0,0,0,65.3573379516602,6.0,8,7,4,15157,0,0,1,1,0,0,1.0,0
15157-43-11-1,1,1,54.0,1,0.0,0,0,0,65.3573379516602,6.0,8,7,4,15157,0,0,1,1,0,0,0.0,0
15157-44-11-1,1,1,44.0,1,1.0,0,0,0,65.3573379516602,4.0,8,7,4,15157,0,0,1,1,0,0,1.0,0
15157-92-11-1,1,1,36.0,1,1.0,0,0,0,65.3573379516602,3.0,8,7,3,15157,0,0,1,1,0,0,1.0,0
15157-95-11-1,1,1,60.0,1,1.0,0,0,0,65.3573379516602,4.0,8,7,3,15157,0,0,1,1,0,0,1.0,0
15159-26-11-1,1,1,35.0,1,0.0,1,1,0,56.599250793457,6.0,7,7,5,15159,0,0,1,1,0,0,0.0,0
15159-27-11-1,1,2,64.0,1,1.0,0,0,0,56.599250793457,1.0,7,7,2,15159,0,0,1,1,0,0,1.0,0
15159-28-11-1,1,1,47.0,1,1.0,0,0,0,56.599250793457,6.0,7,7,7,15159,0,0,1,1,0,0,1.0,0
15159-115-11-1,1,2,85.0,1,1.0,0,0,0,56.599250793457,1.0,7,7,1,15159,0,0,1,1,0,0,1.0,0
15159-116-11-1,1,1,52.0,1,0.0,0,0,0,56.599250793457,8.0,7,7,8,15159,0,0,1,1,0,0,0.0,0
15159-117-11-1,1,1,48.0,1,1.0,0,0,0,56.599250793457,6.0,7,7,9,15159,0,0,1,1,0,0,1.0,0
15160-83-11-1,1,1,37.0,1,1.0,0,0,0,65.2061309814453,6.0,7,7,5,15160,0,0,1,1,0,0,1.0,0
15160-84-11-1,1,1,31.0,1,1.0,0,0,0,65.2061309814453,6.0,7,7,7,15160,0,0,1,1,0,0,1.0,0
15160-195-11-1,1,1,49.0,1,1.0,0,0,0,65.2061309814453,5.0,7,7,7,15160,1,0,1,1,0,1,1.0,1
15161-13-11-1,1,1,67.0,1,1.0,0,0,0,65.2061309814453,3.0,7,7,5,15161,0,0,1,1,0,0,1.0,0
15161-321-11-1,1,1,48.0,1,1.0,0,0,0,65.2061309814453,6.0,7,7,4,15161,0,0,1,1,0,0,1.0,0
15161-322-11-1,1,2,77.0,1,1.0,0,0,0,65.2061309814453,3.0,7,7,2,15161,0,0,1,1,0,0,1.0,0
15161-326-11-1,1,1,69.0,1,1.0,0,0,0,65.2061309814453,3.0,7,7,1,15161,0,0,1,1,0,0,1.0,0
15161-327-11-1,1,1,61.0,1,1.0,0,0,0,65.2061309814453,3.0,7,7,4,15161,0,0,1,1,0,0,1.0,0
15162-181-11-1,1,1,71.0,1,1.0,0,0,0,71.17578125,4.0,7,7,1,15162,0,0,1,1,0,0,1.0,0
15162-183-11-1,1,1,50.0,1,1.0,0,0,0,71.17578125,4.0,7,7,9,15162,0,0,1,1,0,0,1.0,0
15162-397-11-1,1,1,56.0,1,1.0,0,0,0,71.17578125,5.0,7,7,1,15162,0,0,1,1,0,0,1.0,0
15162-398-11-1,1,1,36.0,1,1.0,0,0,0,71.17578125,6.0,7,7,3,15162,0,0,1,1,0,0,1.0,0
15163-17-11-1,1,1,60.0,1,1.0,0,0,0,65.3573379516602,4.0,8,7,3,15163,0,0,1,1,0,0,1.0,0
15163-19-11-1,1,1,33.0,1,1.0,0,0,0,65.3573379516602,5.0,8,7,2,15163,0,0,1,1,0,0,1.0,0
15163-40-11-1,1,1,56.0,1,1.0,0,0,0,65.3573379516602,3.0,8,7,5,15163,0,0,1,1,0,0,1.0,0
15163-41-11-1,1,1,27.0,1,1.0,0,0,0,65.3573379516602,5.0,8,7,4,15163,0,0,1,1,0,0,1.0,0
15163-43-11-1,1,1,58.0,1,1.0,0,0,0,65.3573379516602,6.0,8,7,2,15163,0,0,1,1,0,0,1.0,0
15163-44-11-1,1,1,71.0,1,1.0,0,0,0,65.3573379516602,1.0,8,7,5,15163,0,0,1,1,0,0,1.0,0
15164-1-11-1,1,1,39.0,1,1.0,0,0,0,71.17578125,3.0,8,7,5,15164,0,1,1,1,0,0,1.0,0
15164-4-11-1,1,1,65.0,1,1.0,0,0,0,71.17578125,1.0,8,7,3,15164,0,0,1,1,0,0,1.0,0
15164-80-11-1,1,1,71.0,1,1.0,0,0,0,71.17578125,3.0,8,7,3,15164,0,0,1,1,0,0,1.0,0
15164-82-11-1,1,2,61.0,1,1.0,0,0,0,71.17578125,4.0,8,7,4,15164,0,0,1,1,0,0,1.0,0
15165-16-11-1,1,2,84.0,1,1.0,0,0,0,65.3573379516602,3.0,6,7,1,15165,0,0,1,1,0,0,1.0,0
15165-20-11-1,1,1,57.0,1,1.0,0,0,0,65.3573379516602,5.0,6,7,2,15165,0,0,1,1,0,0,1.0,0
15166-140-11-1,1,1,34.0,1,1.0,0,0,0,71.17578125,5.0,7,7,6,15166,0,0,1,1,0,0,1.0,0
15166-141-11-1,1,1,35.0,1,1.0,0,0,0,71.17578125,6.0,7,7,5,15166,0,0,1,1,0,0,1.0,0
15166-142-11-1,1,1,64.0,1,1.0,0,0,0,71.17578125,4.0,7,7,5,15166,0,0,1,1,0,0,1.0,0
15166-144-11-1,1,1,36.0,1,0.0,0,0,0,71.17578125,6.0,7,7,4,15166,0,0,1,1,0,0,0.0,0
15167-117-11-1,1,2,65.0,1,1.0,0,0,0,65.3573379516602,1.0,7,7,3,15167,0,0,1,1,0,0,1.0,0
15167-119-11-1,1,2,57.0,1,1.0,0,0,0,65.3573379516602,1.0,7,7,5,15167,0,0,1,1,0,0,1.0,0
15167-255-11-1,1,1,49.0,1,1.0,0,0,0,65.3573379516602,5.0,7,7,5,15167,0,0,1,1,0,0,1.0,0
15169-1-11-1,1,1,61.0,1,1.0,0,0,0,65.2061309814453,4.0,7,7,3,15169,0,0,1,1,0,0,1.0,0
15169-3-11-1,1,1,68.0,1,1.0,0,0,0,65.2061309814453,6.0,7,7,3,15169,0,0,1,1,0,0,1.0,0
15169-121-11-1,1,1,59.0,1,1.0,0,0,0,65.2061309814453,3.0,7,7,6,15169,0,0,1,1,0,0,1.0,0
15169-123-11-1,1,2,61.0,1,1.0,0,0,0,65.2061309814453,1.0,7,7,1,15169,0,0,1,1,0,0,1.0,0
15169-124-11-1,1,1,33.0,1,1.0,1,0,0,65.2061309814453,6.0,7,7,4,15169,0,1,1,1,0,0,1.0,0
15169-125-11-1,1,1,30.0,1,1.0,0,0,0,65.2061309814453,4.0,7,7,3,15169,0,0,1,1,0,0,1.0,0
15171-10-11-1,1,1,53.0,1,1.0,0,0,0,56.599250793457,3.0,8,7,2,15171,0,0,1,1,0,0,1.0,0
15171-11-11-1,1,1,62.0,1,1.0,0,0,0,56.599250793457,4.0,8,7,2,15171,0,0,1,1,0,0,1.0,0
15171-12-11-1,1,1,92.0,1,1.0,0,0,0,56.599250793457,1.0,8,7,2,15171,0,0,1,1,0,0,1.0,0
15171-31-11-1,1,1,52.0,1,1.0,0,0,0,56.599250793457,8.0,8,7,3,15171,1,0,1,1,0,1,1.0,1
15171-33-11-1,1,1,45.0,1,1.0,0,0,0,56.599250793457,6.0,8,7,1,15171,0,0,1,1,0,0,1.0,0
15172-57-11-1,1,1,42.0,1,1.0,0,0,0,56.599250793457,3.0,7,7,8,15172,0,0,1,1,0,0,1.0,0
15172-182-11-1,1,1,54.0,1,1.0,0,0,0,56.599250793457,3.0,7,7,2,15172,0,0,1,1,0,0,1.0,0
15172-183-11-1,1,1,36.0,1,1.0,0,0,0,56.599250793457,6.0,7,7,5,15172,1,0,1,1,0,1,1.0,1
15172-184-11-1,1,1,33.0,1,1.0,0,0,0,56.599250793457,6.0,7,7,5,15172,0,0,1,1,0,0,1.0,0
15173-30-11-1,1,1,48.0,1,1.0,0,0,0,65.2061309814453,3.0,7,7,6,15173,0,0,1,1,0,0,1.0,0
15173-122-11-1,1,1,25.0,1,1.0,0,0,0,65.2061309814453,5.0,7,7,4,15173,0,0,1,1,0,0,1.0,0
15173-123-11-1,1,1,70.0,1,1.0,0,0,0,65.2061309814453,4.0,7,7,2,15173,0,0,1,1,0,0,1.0,0
15173-127-11-1,1,1,55.0,1,1.0,0,0,0,65.2061309814453,8.0,7,7,4,15173,0,0,1,1,0,0,1.0,0
15174-161-11-1,1,1,40.0,1,1.0,0,0,0,71.17578125,4.0,7,7,4,15174,0,0,1,1,0,0,1.0,0
15174-162-11-1,1,1,56.0,1,1.0,0,0,0,71.17578125,7.0,7,7,1,15174,0,0,1,1,0,0,1.0,0
15174-163-11-1,1,2,39.0,1,1.0,0,0,0,71.17578125,3.0,7,7,3,15174,0,0,1,1,0,0,1.0,0
15174-164-11-1,1,2,42.0,1,1.0,0,0,0,71.17578125,3.0,7,7,4,15174,0,0,1,1,0,0,1.0,0
15175-81-11-1,1,1,69.0,1,1.0,0,0,0,65.3573379516602,4.0,7,7,3,15175,0,0,1,1,0,0,1.0,0
15175-82-11-1,1,1,82.0,1,1.0,0,0,0,65.3573379516602,3.0,7,7,2,15175,0,0,1,1,0,0,1.0,0
15175-83-11-1,1,1,38.0,1,1.0,0,0,0,65.3573379516602,4.0,7,7,6,15175,0,1,1,1,0,0,1.0,0
15175-84-11-1,1,1,46.0,1,1.0,0,0,0,65.3573379516602,3.0,7,7,4,15175,0,0,1,1,0,0,1.0,0
15175-86-11-1,1,1,46.0,1,1.0,0,0,0,65.3573379516602,4.0,7,7,8,15175,0,0,1,1,0,0,1.0,0
15175-87-11-1,1,1,59.0,1,1.0,0,0,0,65.3573379516602,4.0,7,7,3,15175,0,0,1,1,0,0,1.0,0
15176-23-11-1,1,1,90.0,1,1.0,0,0,0,65.3573379516602,4.0,7,7,2,15176,0,0,1,1,0,0,1.0,0
15176-24-11-1,1,2,79.0,1,1.0,0,0,0,65.3573379516602,3.0,7,7,2,15176,0,0,1,1,0,0,1.0,0
15176-102-11-1,1,1,61.0,1,1.0,0,0,0,65.3573379516602,4.0,7,7,2,15176,0,0,1,1,0,0,1.0,0
15176-113-11-1,1,1,65.0,1,1.0,0,0,0,65.3573379516602,5.0,7,7,2,15176,0,0,1,1,0,0,1.0,0
15177-43-11-1,1,1,76.0,1,0.0,0,0,0,71.17578125,3.0,8,7,2,15177,0,0,1,1,0,0,0.0,0
15177-105-11-1,1,1,64.0,1,1.0,0,0,0,71.17578125,3.0,8,7,1,15177,0,0,1,1,0,0,1.0,0
15177-107-11-1,1,1,30.0,1,1.0,1,0,0,71.17578125,6.0,8,7,4,15177,0,0,1,1,0,0,1.0,0
15177-108-11-1,1,1,41.0,1,1.0,0,0,0,71.17578125,5.0,8,7,4,15177,0,0,1,1,0,0,1.0,0
15225-7-11-1,1,2,68.0,1,1.0,0,0,0,9.60091590881348,3.0,2,2,6,15225,0,0,1,1,0,0,1.0,0
15225-20-11-1,1,1,58.0,1,1.0,0,0,0,9.60091590881348,6.0,2,2,5,15225,0,0,1,1,0,0,1.0,0
15226-21-11-1,1,1,57.0,1,0.0,1,1,0,456.346343994141,9.0,2,2,5,15226,0,0,1,1,0,0,0.0,0
15226-92-11-1,1,1,61.0,1,0.0,1,1,0,456.346343994141,6.0,2,2,3,15226,1,0,1,1,0,1,0.0,1
15226-120-11-1,1,2,53.0,1,1.0,1,0,0,456.346343994141,4.0,2,2,3,15226,0,0,1,1,0,0,1.0,0
15226-135-11-1,1,2,55.0,1,1.0,1,0,0,456.346343994141,6.0,2,2,4,15226,0,0,1,1,0,0,1.0,0
15227-65-11-1,1,2,57.0,1,1.0,0,0,0,199.129119873047,6.0,2,2,3,15227,0,0,1,1,0,0,1.0,0
15227-81-11-1,1,2,50.0,1,1.0,1,0,0,199.129119873047,6.0,2,2,4,15227,0,0,1,1,0,0,1.0,0
15228-60-11-1,1,1,37.0,1,1.0,0,0,0,694.266906738281,3.0,2,2,6,15228,0,0,1,1,0,0,1.0,0
15228-87-11-1,1,1,41.0,1,1.0,0,0,0,694.266906738281,1.0,2,2,3,15228,0,0,1,1,0,0,1.0,0
15229-19-11-1,1,2,33.0,1,1.0,0,0,0,284.123107910156,6.0,2,2,2,15229,0,0,1,1,0,0,1.0,0
15229-51-11-1,1,1,68.0,1,1.0,0,0,0,284.123107910156,9.0,2,2,4,15229,0,0,1,1,0,0,1.0,0
15229-99-11-1,1,1,32.0,1,1.0,1,1,0,284.123107910156,9.0,2,2,1,15229,0,0,1,1,0,0,1.0,0
15229-115-11-1,1,1,32.0,1,1.0,0,0,0,284.123107910156,6.0,2,2,5,15229,0,0,1,1,0,0,1.0,0
15229-131-11-1,1,1,35.0,1,1.0,1,1,0,284.123107910156,5.0,2,2,5,15229,0,0,1,1,0,0,1.0,0
15230-123-11-1,1,1,48.0,1,0.0,0,0,0,212.267990112305,5.0,2,2,7,15230,0,0,1,1,0,0,0.0,0
15230-137-11-1,1,2,57.0,1,1.0,0,0,0,212.267990112305,8.0,2,2,2,15230,0,0,1,1,0,0,1.0,0
15231-27-11-1,1,2,53.0,1,0.0,1,1,0,452.176971435547,11.0,2,2,3,15231,0,0,1,1,0,0,0.0,0
15231-106-11-1,1,2,74.0,1,1.0,1,1,0,452.176971435547,4.0,2,2,6,15231,0,0,1,1,0,0,1.0,0
15233-14-11-1,1,1,63.0,1,0.0,0,0,0,608.461791992188,6.0,2,2,6,15233,0,0,1,1,0,0,0.0,0
15233-71-11-1,1,1,36.0,1,1.0,0,0,0,608.461791992188,4.0,2,2,1,15233,0,0,1,1,0,0,1.0,0
15233-108-22-1,1,1,39.0,1,1.0,1,0,0,608.461791992188,4.0,2,2,4,15233,0,0,1,1,0,0,1.0,0
15233-128-11-1,1,1,49.0,1,0.0,0,0,0,608.461791992188,6.0,2,2,5,15233,0,0,1,1,0,0,0.0,0
15234-53-11-1,1,2,71.0,1,1.0,0,0,0,284.089172363281,6.0,2,2,6,15234,0,0,1,1,0,0,1.0,0
15234-79-11-1,1,2,41.0,1,1.0,0,0,0,284.089172363281,3.0,2,2,3,15234,0,0,1,1,0,0,1.0,0
15234-92-11-1,1,2,35.0,1,1.0,1,1,0,284.089172363281,8.0,2,2,4,15234,0,0,1,1,0,0,1.0,0
15235-65-11-1,1,2,84.0,1,1.0,0,0,0,9.07655620574951,3.0,2,2,5,15235,0,0,1,1,0,0,1.0,0
15235-88-11-1,1,1,82.0,1,1.0,0,0,0,9.07655620574951,3.0,2,2,2,15235,0,0,1,1,0,0,1.0,0
15235-111-11-1,1,1,72.0,1,0.0,1,0,0,9.07655620574951,6.0,2,2,7,15235,0,0,1,1,0,0,0.0,0
15235-124-11-1,1,1,68.0,1,1.0,0,0,0,9.07655620574951,6.0,2,2,6,15235,0,0,1,1,0,0,1.0,0
15236-61-11-1,1,1,57.0,1,1.0,0,0,0,210.549102783203,5.0,2,2,2,15236,0,0,1,1,0,0,1.0,0
15237-8-11-1,1,1,68.0,1,0.0,0,0,0,452.176971435547,6.0,2,2,5,15237,0,0,1,1,0,0,0.0,0
15237-35-11-1,1,1,69.0,1,1.0,0,0,0,452.176971435547,4.0,2,2,6,15237,0,0,1,1,0,0,1.0,0
15237-47-11-1,1,1,43.0,1,1.0,1,0,0,452.176971435547,4.0,2,2,3,15237,0,0,1,1,0,0,1.0,0
15237-74-11-1,1,2,49.0,1,1.0,0,0,0,452.176971435547,5.0,2,2,4,15237,0,0,1,1,0,0,1.0,0
15237-111-11-1,1,1,57.0,1,0.0,1,0,0,452.176971435547,7.0,2,2,5,15237,0,0,1,1,0,0,0.0,0
15238-43-11-1,1,1,58.0,1,1.0,0,0,0,281.693450927734,3.0,2,2,5,15238,0,0,1,1,0,0,1.0,0
15238-59-11-1,1,2,57.0,1,1.0,1,1,0,281.693450927734,6.0,2,2,1,15238,0,0,1,1,0,0,1.0,0
15238-106-11-1,1,2,51.0,1,1.0,0,0,0,281.693450927734,3.0,2,2,5,15238,0,0,1,1,0,0,1.0,0
15261-6-11-1,1,2,33.0,1,1.0,0,0,0,281.693450927734,4.0,5,2,3,15261,0,0,1,1,0,0,1.0,0
15261-20-11-1,1,2,32.0,1,1.0,0,0,0,281.693450927734,3.0,5,2,5,15261,0,0,1,1,0,0,1.0,0
15261-62-11-1,1,1,43.0,1,1.0,0,0,0,281.693450927734,5.0,5,2,6,15261,0,0,1,1,0,0,1.0,0
15261-89-11-1,1,1,47.0,1,1.0,0,0,0,281.693450927734,6.0,5,2,3,15261,0,0,1,1,0,0,1.0,0
15261-103-11-1,1,2,57.0,1,1.0,0,0,0,281.693450927734,3.0,5,2,4,15261,0,0,1,1,0,0,1.0,0
15262-8-11-1,1,2,42.0,1,0.0,0,0,0,284.123107910156,5.0,4,2,3,15262,0,0,1,1,0,0,0.0,0
15262-18-11-1,1,1,32.0,1,1.0,0,0,0,284.123107910156,4.0,4,2,4,15262,0,0,1,1,0,0,1.0,0
15262-48-11-1,1,1,42.0,1,1.0,0,0,0,284.123107910156,5.0,4,2,3,15262,0,0,1,1,0,0,1.0,0
15262-76-11-1,1,1,39.0,1,1.0,1,1,0,284.123107910156,6.0,4,2,2,15262,0,0,1,1,0,0,1.0,0
15262-102-11-1,1,2,47.0,1,1.0,1,0,0,284.123107910156,7.0,4,2,2,15262,0,0,1,1,0,0,1.0,0
15263-3-11-1,1,2,59.0,1,1.0,0,0,0,313.335693359375,6.0,4,2,2,15263,1,0,1,1,0,1,1.0,1
15263-40-11-1,1,1,35.0,1,1.0,1,1,0,313.335693359375,7.0,4,2,2,15263,0,0,1,1,0,0,1.0,0
15263-75-11-1,1,1,46.0,1,1.0,1,1,0,313.335693359375,6.0,4,2,6,15263,0,0,1,1,0,0,1.0,0
15263-94-11-1,1,1,36.0,1,0.0,1,1,0,313.335693359375,6.0,4,2,5,15263,1,0,1,1,0,1,0.0,1
15267-4-11-1,1,1,41.0,1,1.0,0,0,0,507.162231445313,6.0,5,5,5,15267,0,0,1,1,0,0,1.0,0
15267-32-11-1,1,2,54.0,1,1.0,0,0,0,507.162231445313,1.0,5,5,3,15267,0,0,1,1,0,0,1.0,0
15267-69-11-1,1,1,66.0,1,1.0,0,0,0,507.162231445313,4.0,5,5,4,15267,0,0,1,1,0,0,1.0,0
15267-104-11-1,1,2,70.0,1,1.0,0,0,0,507.162231445313,1.0,5,5,1,15267,0,0,1,1,0,0,1.0,0
15274-99-11-1,1,1,56.0,1,1.0,0,0,0,109.38842010498,4.0,7,2,5,15274,0,0,1,1,0,0,1.0,0
15274-103-11-1,1,1,83.0,1,0.0,0,0,0,109.38842010498,5.0,7,2,2,15274,0,0,1,1,0,0,0.0,0
15274-104-11-1,1,1,46.0,1,1.0,0,0,0,109.38842010498,4.0,7,2,6,15274,0,0,1,1,0,0,1.0,0
15274-105-11-1,1,1,49.0,1,1.0,0,0,0,109.38842010498,4.0,7,2,6,15274,0,0,1,1,0,0,1.0,0
15274-106-11-1,1,1,36.0,1,1.0,0,0,0,109.38842010498,4.0,7,2,5,15274,0,0,1,1,0,0,1.0,0
15278-17-11-1,1,1,52.0,1,1.0,0,0,0,207.590713500977,6.0,7,5,3,15278,0,0,1,1,0,0,1.0,0
15278-72-11-1,1,1,71.0,1,1.0,0,0,0,207.590713500977,4.0,7,5,6,15278,0,0,1,1,0,0,1.0,0
15278-73-11-1,1,1,43.0,1,1.0,0,0,0,207.590713500977,6.0,7,5,4,15278,0,0,1,1,0,0,1.0,0
15278-74-11-1,1,1,50.0,1,1.0,0,0,0,207.590713500977,6.0,7,5,10,15278,0,0,1,1,0,0,1.0,0
15278-75-11-1,1,1,30.0,1,1.0,0,0,0,207.590713500977,5.0,7,5,3,15278,0,0,1,1,0,0,1.0,0
15278-76-11-1,1,1,43.0,1,1.0,0,0,0,207.590713500977,4.0,7,5,6,15278,0,0,1,1,0,0,1.0,0
15279-15-11-1,1,1,74.0,1,1.0,0,0,0,217.248901367188,10.0,6,5,4,15279,0,0,1,1,0,0,1.0,0
15279-21-11-1,1,1,47.0,1,1.0,0,0,0,217.248901367188,5.0,6,5,2,15279,0,0,1,1,0,0,1.0,0
15279-33-11-1,1,1,75.0,1,1.0,0,0,0,217.248901367188,4.0,6,5,2,15279,0,0,1,1,0,0,1.0,0
15279-44-11-1,1,1,86.0,1,1.0,0,0,0,217.248901367188,4.0,6,5,2,15279,0,0,1,1,0,0,1.0,0
15279-64-11-1,1,2,48.0,1,1.0,0,0,0,217.248901367188,6.0,6,5,4,15279,0,0,1,1,0,0,1.0,0
15280-9-11-1,1,1,65.0,1,1.0,0,0,0,207.590713500977,4.0,8,5,2,15280,0,0,1,1,0,0,1.0,0
15280-10-11-1,1,1,58.0,1,1.0,0,0,0,207.590713500977,4.0,8,5,1,15280,0,0,1,1,0,0,1.0,0
15280-29-11-1,1,1,24.0,1,1.0,0,0,0,207.590713500977,7.0,8,5,4,15280,0,0,1,1,0,0,1.0,0
15280-30-11-1,1,1,43.0,1,1.0,0,0,0,207.590713500977,4.0,8,5,4,15280,0,0,1,1,0,0,1.0,0
15280-32-11-1,1,1,43.0,1,1.0,0,0,0,207.590713500977,4.0,8,5,6,15280,0,0,1,1,0,0,1.0,0
15280-33-11-1,1,1,60.0,1,1.0,0,0,0,207.590713500977,6.0,8,5,2,15280,0,0,1,1,0,0,1.0,0
15280-34-11-1,1,2,51.0,1,1.0,0,0,0,207.590713500977,4.0,8,5,2,15280,0,0,1,1,0,0,1.0,0
15287-56-11-1,1,1,46.0,1,0.0,1,1,0,73.9892578125,5.0,2,5,4,15287,0,0,1,1,0,0,0.0,0
15287-94-11-1,1,2,45.0,1,1.0,0,0,0,73.9892578125,8.0,2,5,3,15287,0,0,1,1,0,0,1.0,0
15287-133-11-1,1,1,73.0,1,1.0,0,0,0,73.9892578125,3.0,2,5,2,15287,0,0,1,1,0,0,1.0,0
15297-5-11-1,1,1,70.0,1,1.0,0,0,0,210.793838500977,4.0,2,5,2,15297,0,0,1,1,0,0,1.0,0
15297-18-11-1,1,1,70.0,1,1.0,0,0,0,210.793838500977,1.0,2,5,3,15297,0,0,1,1,0,0,1.0,0
15297-44-11-1,1,1,44.0,1,0.0,1,1,0,210.793838500977,8.0,2,5,4,15297,1,1,1,1,0,1,0.0,1
15297-71-11-1,1,1,51.0,1,1.0,0,0,0,210.793838500977,4.0,2,5,5,15297,0,0,1,1,0,0,1.0,0
15298-73-11-1,1,2,69.0,1,0.0,1,1,0,177.212142944336,8.0,2,5,1,15298,0,0,1,1,0,0,0.0,0
15299-4-11-1,1,2,65.0,1,1.0,0,0,0,566.257385253906,5.0,2,5,5,15299,0,0,1,1,0,0,1.0,0
15299-31-11-1,1,2,72.0,1,1.0,0,0,0,566.257385253906,3.0,2,5,1,15299,0,0,1,1,0,0,1.0,0
15299-45-11-1,1,1,47.0,1,1.0,0,0,0,566.257385253906,6.0,2,5,6,15299,0,0,1,1,0,0,1.0,0
15299-59-11-1,1,1,75.0,1,1.0,0,0,0,566.257385253906,3.0,2,5,1,15299,0,0,1,1,0,0,1.0,0
15299-73-11-1,1,1,50.0,1,0.0,0,0,0,566.257385253906,7.0,2,5,3,15299,0,0,1,1,0,0,0.0,0
15299-87-11-1,1,1,54.0,1,1.0,1,0,0,566.257385253906,5.0,2,5,3,15299,0,0,1,1,0,0,1.0,0
15301-16-11-1,1,1,54.0,1,0.0,0,0,0,260.572479248047,7.0,2,5,4,15301,0,0,1,1,0,0,0.0,0
15301-53-11-1,1,1,35.0,1,0.0,0,0,0,260.572479248047,10.0,2,5,1,15301,1,0,1,1,0,1,0.0,1
15301-63-11-1,1,2,49.0,1,1.0,0,0,0,260.572479248047,3.0,2,5,5,15301,1,0,1,1,0,1,1.0,1
15314-13-11-1,1,1,43.0,1,1.0,0,0,0,260.572479248047,6.0,5,5,4,15314,0,0,1,1,0,0,1.0,0
15314-61-11-1,1,1,45.0,1,1.0,0,0,0,260.572479248047,10.0,5,5,4,15314,1,0,1,1,0,1,1.0,1
15314-130-11-1,1,2,59.0,1,1.0,1,1,0,260.572479248047,3.0,5,5,2,15314,0,0,1,1,0,0,1.0,0
15315-50-11-1,1,2,58.0,1,1.0,0,0,0,557.662719726563,4.0,5,5,3,15315,0,1,1,1,0,0,1.0,0
15315-63-11-1,1,1,42.0,1,1.0,0,0,0,557.662719726563,3.0,5,5,3,15315,0,0,1,1,0,0,1.0,0
15315-96-11-1,1,1,59.0,1,1.0,0,0,0,557.662719726563,4.0,5,5,3,15315,0,0,1,1,0,0,1.0,0
15315-112-11-1,1,1,48.0,1,1.0,1,1,0,557.662719726563,6.0,5,5,6,15315,0,0,1,1,0,0,1.0,0
15316-1-11-1,1,1,80.0,1,1.0,0,0,0,236.008773803711,3.0,5,5,2,15316,0,0,1,1,0,0,1.0,0
15316-15-11-1,1,2,71.0,1,1.0,0,0,0,236.008773803711,3.0,5,5,1,15316,0,0,1,1,0,0,1.0,0
15316-27-11-1,1,1,38.0,1,0.0,1,1,0,236.008773803711,10.0,5,5,4,15316,0,0,1,1,0,0,0.0,0
15317-34-11-1,1,1,49.0,1,1.0,0,0,0,236.282852172852,6.0,5,5,4,15317,0,0,1,1,0,0,1.0,0
15317-49-11-1,1,1,50.0,1,1.0,0,0,0,236.282852172852,4.0,5,5,4,15317,0,0,1,1,0,0,1.0,0
15317-112-11-1,1,2,43.0,1,0.0,1,0,0,236.282852172852,8.0,5,5,2,15317,1,0,1,1,0,1,0.0,1
15362-6-11-1,1,2,54.0,1,0.0,0,0,0,207.590713500977,8.0,6,5,1,15362,0,1,1,1,0,0,0.0,0
15362-20-11-1,1,1,73.0,1,1.0,0,0,0,207.590713500977,5.0,6,5,2,15362,0,0,1,1,0,0,1.0,0
15362-26-11-1,1,1,69.0,1,1.0,0,0,0,207.590713500977,3.0,6,5,4,15362,0,0,1,1,0,0,1.0,0
15362-40-11-1,1,2,87.0,1,1.0,0,0,0,207.590713500977,3.0,6,5,1,15362,0,0,1,1,0,0,1.0,0
15362-55-11-1,1,1,75.0,1,1.0,0,0,0,207.590713500977,6.0,6,5,3,15362,0,0,1,1,0,0,1.0,0
15362-81-11-1,1,1,55.0,1,1.0,0,0,0,207.590713500977,3.0,6,5,3,15362,0,1,1,1,0,0,1.0,0
15368-5-11-1,1,1,47.0,1,1.0,0,0,0,199.514282226563,6.0,6,5,6,15368,0,0,1,1,0,0,1.0,0
15368-16-11-1,1,1,80.0,1,1.0,0,0,0,199.514282226563,3.0,6,5,2,15368,0,0,1,1,0,0,1.0,0
15368-21-11-1,1,1,48.0,1,1.0,0,0,0,199.514282226563,4.0,6,5,9,15368,0,0,1,1,0,0,1.0,0
15368-32-11-1,1,1,40.0,1,1.0,0,0,0,199.514282226563,5.0,6,5,5,15368,0,0,1,1,0,0,1.0,0
15368-38-11-1,1,1,55.0,1,1.0,0,0,0,199.514282226563,5.0,6,5,7,15368,0,0,1,1,0,0,1.0,0
15369-61-11-1,1,1,63.0,1,1.0,0,0,0,207.590713500977,3.0,7,5,2,15369,0,0,1,1,0,0,1.0,0
15369-62-11-1,1,1,58.0,1,0.0,0,0,0,207.590713500977,10.0,7,5,2,15369,0,0,1,1,0,0,0.0,0
15369-64-11-1,1,1,72.0,1,1.0,0,0,0,207.590713500977,3.0,7,5,5,15369,0,0,1,1,0,0,1.0,0
15369-157-11-1,1,1,35.0,1,1.0,0,0,0,207.590713500977,5.0,7,5,4,15369,0,0,1,1,0,0,1.0,0
15369-158-11-1,1,1,38.0,1,1.0,0,0,0,207.590713500977,6.0,7,5,4,15369,0,0,1,1,0,0,1.0,0
15369-159-11-1,1,1,62.0,1,1.0,0,0,0,207.590713500977,4.0,7,5,3,15369,0,0,1,1,0,0,1.0,0
15369-160-11-1,1,2,43.0,1,1.0,0,0,0,207.590713500977,3.0,7,5,3,15369,0,0,1,1,0,0,1.0,0
15370-121-11-1,1,1,79.0,1,1.0,0,0,0,199.514282226563,3.0,7,5,6,15370,0,0,1,1,0,0,1.0,0
15370-122-11-1,1,1,53.0,1,1.0,0,0,0,199.514282226563,3.0,7,5,4,15370,0,0,1,1,0,0,1.0,0
15370-303-11-1,1,1,30.0,1,1.0,1,1,0,199.514282226563,3.0,7,5,3,15370,1,0,1,1,0,1,1.0,1
15370-304-11-1,1,1,38.0,1,0.0,0,0,0,199.514282226563,4.0,7,5,4,15370,0,0,1,1,0,0,0.0,0
15370-305-11-1,1,1,33.0,1,1.0,0,0,0,199.514282226563,6.0,7,5,3,15370,0,0,1,1,0,0,1.0,0
15370-306-11-1,1,1,69.0,1,1.0,0,0,0,199.514282226563,3.0,7,5,3,15370,0,0,1,1,0,0,1.0,0
15370-308-11-1,1,1,36.0,1,1.0,1,0,0,199.514282226563,6.0,7,5,5,15370,0,0,1,1,0,0,1.0,0
15372-21-11-1,1,1,61.0,1,0.0,1,1,0,217.248901367188,4.0,8,5,3,15372,0,0,1,1,0,0,0.0,0
15372-22-11-1,1,2,53.0,1,1.0,0,0,0,217.248901367188,4.0,8,5,2,15372,0,0,1,1,0,0,1.0,0
15372-23-11-1,1,1,55.0,1,1.0,0,0,0,217.248901367188,4.0,8,5,3,15372,0,0,1,1,0,0,1.0,0
15372-65-11-1,1,1,75.0,1,1.0,0,0,0,217.248901367188,1.0,8,5,2,15372,0,0,1,1,0,0,1.0,0
15372-66-11-1,1,1,84.0,1,1.0,0,0,0,217.248901367188,1.0,8,5,4,15372,0,0,1,1,0,0,1.0,0
15372-68-11-1,1,1,50.0,1,1.0,0,0,0,217.248901367188,3.0,8,5,9,15372,0,0,1,1,0,0,1.0,0
15373-48-11-1,1,1,71.0,1,1.0,0,0,0,222.086868286133,3.0,8,5,3,15373,0,0,1,1,0,0,1.0,0
15373-51-11-1,1,2,83.0,1,1.0,0,0,0,222.086868286133,3.0,8,5,1,15373,0,0,1,1,0,0,1.0,0
15373-55-11-1,1,1,46.0,1,1.0,0,0,0,222.086868286133,6.0,8,5,6,15373,0,0,1,1,0,0,1.0,0
15373-57-11-1,1,1,50.0,1,1.0,0,0,0,222.086868286133,6.0,8,5,5,15373,0,0,1,1,0,0,1.0,0
15373-58-11-1,1,2,69.0,1,1.0,0,0,0,222.086868286133,3.0,8,5,1,15373,0,0,1,1,0,0,1.0,0
15374-10-11-1,1,2,63.0,1,1.0,0,0,0,217.248901367188,6.0,6,5,1,15374,0,0,1,1,0,0,1.0,0
15374-18-11-1,1,1,51.0,1,0.0,0,0,0,217.248901367188,11.0,6,5,4,15374,0,0,1,1,0,0,0.0,0
15374-33-11-1,1,1,52.0,1,1.0,1,1,0,217.248901367188,6.0,6,5,4,15374,0,0,1,1,0,0,1.0,0
15374-49-11-1,1,1,34.0,1,1.0,0,0,0,217.248901367188,4.0,6,5,5,15374,0,0,1,1,0,0,1.0,0
15374-80-11-1,1,1,49.0,1,0.0,0,0,0,217.248901367188,10.0,6,5,1,15374,0,0,1,1,0,0,0.0,0
15374-87-11-1,1,1,38.0,1,0.0,0,0,0,217.248901367188,8.0,6,5,5,15374,0,0,1,1,0,0,0.0,0
15375-141-11-1,1,2,81.0,1,1.0,0,0,0,207.590713500977,3.0,7,5,2,15375,0,0,1,1,0,0,1.0,0
15375-142-11-1,1,1,49.0,1,1.0,0,0,0,207.590713500977,5.0,7,5,3,15375,0,0,1,1,0,0,1.0,0
15375-143-11-1,1,1,58.0,1,1.0,0,0,0,207.590713500977,6.0,7,5,7,15375,1,0,1,1,0,1,1.0,1
15375-350-11-1,1,2,58.0,1,0.0,0,0,0,207.590713500977,5.0,7,5,6,15375,0,0,1,1,0,0,0.0,0
15375-351-11-1,1,1,61.0,1,1.0,0,0,0,207.590713500977,4.0,7,5,3,15375,0,0,1,1,0,0,1.0,0
15375-355-11-1,1,1,46.0,1,0.0,0,0,0,207.590713500977,3.0,7,5,5,15375,0,0,1,1,0,0,0.0,0
15376-37-11-1,1,1,38.0,1,1.0,0,0,0,217.248901367188,6.0,7,5,4,15376,0,0,1,1,0,0,1.0,0
15376-38-11-1,1,1,40.0,1,1.0,0,0,0,217.248901367188,4.0,7,5,4,15376,0,0,1,1,0,0,1.0,0
15376-92-11-1,1,1,32.0,1,1.0,0,0,0,217.248901367188,5.0,7,5,1,15376,0,0,1,1,0,0,1.0,0
15376-93-11-1,1,2,75.0,1,1.0,0,0,0,217.248901367188,1.0,7,5,1,15376,0,0,1,1,0,0,1.0,0
15376-94-11-1,1,1,38.0,1,1.0,0,0,0,217.248901367188,4.0,7,5,4,15376,0,0,1,1,0,0,1.0,0
15376-95-11-1,1,2,75.0,1,1.0,0,0,0,217.248901367188,3.0,7,5,1,15376,0,0,1,1,0,0,1.0,0
15376-96-11-1,1,1,40.0,1,1.0,0,0,0,217.248901367188,5.0,7,5,4,15376,0,0,1,1,0,0,1.0,0
15376-97-11-1,1,1,74.0,1,1.0,0,0,0,217.248901367188,4.0,7,5,1,15376,0,0,1,1,0,0,1.0,0
15377-49-11-1,1,2,49.0,1,0.0,0,0,0,199.514282226563,8.0,7,5,4,15377,0,0,1,1,0,0,0.0,0
15377-51-11-1,1,2,56.0,1,0.0,0,0,0,199.514282226563,3.0,7,5,3,15377,0,0,1,1,0,0,0.0,0
15377-169-11-1,1,1,45.0,1,1.0,0,0,0,199.514282226563,4.0,7,5,5,15377,0,0,1,1,0,0,1.0,0
15377-172-11-1,1,1,76.0,1,1.0,0,0,0,199.514282226563,1.0,7,5,3,15377,0,0,1,1,0,0,1.0,0
15377-175-11-1,1,1,75.0,1,1.0,0,0,0,199.514282226563,4.0,7,5,2,15377,0,0,1,1,0,0,1.0,0
15378-10-11-1,1,2,59.0,1,1.0,0,0,0,222.086868286133,3.0,8,5,2,15378,0,0,1,1,0,0,1.0,0
15378-12-11-1,1,1,61.0,1,1.0,0,0,0,222.086868286133,4.0,8,5,2,15378,0,0,1,1,0,0,1.0,0
15378-69-11-1,1,1,57.0,1,1.0,0,0,0,222.086868286133,3.0,8,5,1,15378,0,0,1,1,0,0,1.0,0
15378-70-11-1,1,1,34.0,1,1.0,0,0,0,222.086868286133,4.0,8,5,5,15378,0,0,1,1,0,0,1.0,0
15378-71-11-1,1,1,63.0,1,1.0,0,0,0,222.086868286133,3.0,8,5,2,15378,0,0,1,1,0,0,1.0,0
15378-72-11-1,1,1,80.0,1,1.0,1,0,0,222.086868286133,3.0,8,5,5,15378,0,0,1,1,0,0,1.0,0
15378-73-11-1,1,1,52.0,1,1.0,0,0,0,222.086868286133,1.0,8,5,6,15378,0,0,1,1,0,0,1.0,0
15379-9-11-1,1,2,73.0,1,1.0,0,0,0,207.590713500977,1.0,8,5,1,15379,0,0,1,1,0,0,1.0,0
15379-22-11-1,1,1,45.0,1,1.0,1,1,0,207.590713500977,6.0,8,5,5,15379,0,0,1,1,0,0,1.0,0
15379-25-11-1,1,2,46.0,1,1.0,0,0,0,207.590713500977,4.0,8,5,4,15379,0,0,1,1,0,0,1.0,0
15381-9-11-1,1,1,76.0,1,1.0,0,0,0,222.086868286133,3.0,7,5,3,15381,0,0,1,1,0,0,1.0,0
15381-10-11-1,1,1,38.0,1,1.0,0,0,0,222.086868286133,6.0,7,5,5,15381,0,0,1,1,0,0,1.0,0
15381-85-11-1,1,1,59.0,1,1.0,0,0,0,222.086868286133,4.0,7,5,6,15381,0,0,1,1,0,0,1.0,0
15381-88-11-1,1,1,40.0,1,1.0,0,0,0,222.086868286133,5.0,7,5,4,15381,0,1,1,1,0,0,1.0,0
15381-89-11-1,1,1,25.0,1,1.0,0,0,0,222.086868286133,5.0,7,5,3,15381,0,0,1,1,0,0,1.0,0
15382-55-11-1,1,1,71.0,1,1.0,0,0,0,207.590713500977,4.0,7,5,2,15382,0,0,1,1,0,0,1.0,0
15382-56-11-1,1,1,59.0,1,1.0,0,0,0,207.590713500977,4.0,7,5,2,15382,0,0,1,1,0,0,1.0,0
15382-167-11-1,1,1,59.0,1,1.0,0,0,0,207.590713500977,3.0,7,5,3,15382,1,0,1,1,0,1,1.0,1
15382-168-11-1,1,1,57.0,1,1.0,0,0,0,207.590713500977,3.0,7,5,1,15382,0,0,1,1,0,0,1.0,0
15382-169-11-1,1,1,50.0,1,1.0,0,0,0,207.590713500977,1.0,7,5,3,15382,0,0,1,1,0,0,1.0,0
15382-170-11-1,1,2,46.0,1,1.0,0,0,0,207.590713500977,3.0,7,5,2,15382,0,0,1,1,0,0,1.0,0
15384-21-11-1,1,2,50.0,1,1.0,0,0,0,217.248901367188,1.0,8,5,2,15384,0,0,1,1,0,0,1.0,0
15384-23-11-1,1,1,57.0,1,1.0,0,0,0,217.248901367188,3.0,8,5,3,15384,0,0,1,1,0,0,1.0,0
15384-119-11-1,1,1,62.0,1,1.0,0,0,0,217.248901367188,3.0,8,5,4,15384,0,0,1,1,0,0,1.0,0
15384-121-11-1,1,1,53.0,1,1.0,0,0,0,217.248901367188,3.0,8,5,4,15384,0,0,1,1,0,0,1.0,0
15384-129-11-1,1,1,43.0,1,0.0,0,0,0,217.248901367188,6.0,8,5,4,15384,1,0,1,1,0,1,0.0,1
15385-13-11-1,1,1,67.0,1,1.0,0,0,0,199.514282226563,3.0,8,5,5,15385,0,0,1,1,0,0,1.0,0
15385-42-11-1,1,1,32.0,1,1.0,0,0,0,199.514282226563,3.0,8,5,6,15385,0,1,1,1,0,0,1.0,0
15385-43-11-1,1,1,77.0,1,1.0,0,0,0,199.514282226563,3.0,8,5,2,15385,0,0,1,1,0,0,1.0,0
15385-44-11-1,1,2,66.0,1,1.0,0,0,0,199.514282226563,3.0,8,5,1,15385,0,0,1,1,0,0,1.0,0
15385-45-11-1,1,1,57.0,1,1.0,0,0,0,199.514282226563,3.0,8,5,2,15385,0,0,1,1,0,0,1.0,0
15385-49-11-1,1,1,67.0,1,1.0,0,0,0,199.514282226563,3.0,8,5,2,15385,0,0,1,1,0,0,1.0,0
15385-54-11-1,1,1,42.0,1,1.0,0,0,0,199.514282226563,3.0,8,5,5,15385,0,0,1,1,0,0,1.0,0
15385-56-11-1,1,1,63.0,1,1.0,0,0,0,199.514282226563,1.0,8,5,2,15385,0,0,1,1,0,0,1.0,0
15405-53-11-1,1,2,40.0,1,0.0,1,1,0,73.3486709594727,10.0,3,6,2,15405,1,0,1,1,0,1,0.0,1
15406-30-11-1,1,1,34.0,1,0.0,1,1,0,64.7678680419922,8.0,3,6,3,15406,0,0,1,1,0,0,0.0,0
15406-81-11-1,1,1,47.0,1,0.0,1,0,0,64.7678680419922,10.0,3,6,5,15406,1,0,1,1,0,1,0.0,1
15408-84-11-1,1,1,38.0,1,0.0,0,0,0,289.718078613281,10.0,3,6,4,15408,1,0,1,1,0,1,0.0,1
15408-109-11-1,1,1,40.0,1,1.0,1,1,0,289.718078613281,10.0,3,6,4,15408,1,0,1,1,0,1,1.0,1
15408-158-11-1,1,1,39.0,1,1.0,0,0,0,289.718078613281,6.0,3,6,3,15408,0,0,1,1,0,0,1.0,0
15409-37-11-1,1,2,78.0,1,1.0,0,0,0,83.6684951782227,3.0,3,6,1,15409,0,0,1,1,0,0,1.0,0
15409-85-11-1,1,1,24.0,1,1.0,0,0,0,83.6684951782227,6.0,3,6,3,15409,0,0,1,1,0,0,1.0,0
15411-12-11-1,1,1,75.0,1,0.0,0,0,0,287.379669189453,11.0,3,6,1,15411,0,0,1,1,0,0,0.0,0
15411-58-11-1,1,2,35.0,1,1.0,1,0,0,287.379669189453,7.0,3,6,3,15411,0,0,1,1,0,0,1.0,0
15411-104-11-1,1,2,70.0,1,1.0,0,0,0,287.379669189453,3.0,3,6,1,15411,0,0,1,1,0,0,1.0,0
15417-4-11-1,1,1,44.0,1,1.0,0,0,0,350.374694824219,3.0,5,6,4,15417,0,0,1,1,0,0,1.0,0
15417-71-11-1,1,2,73.0,1,1.0,0,0,0,350.374694824219,1.0,5,6,1,15417,0,0,1,1,0,0,1.0,0
15417-115-11-1,1,1,77.0,1,1.0,0,0,0,350.374694824219,1.0,5,6,2,15417,0,0,1,1,0,0,1.0,0
15430-12-11-1,1,1,53.0,1,1.0,0,0,0,343.184631347656,3.0,3,6,2,15430,0,0,1,1,0,0,1.0,0
15430-50-11-1,1,1,25.0,1,1.0,1,1,0,343.184631347656,5.0,3,6,3,15430,0,0,1,1,0,0,1.0,0
15430-63-11-1,1,1,70.0,1,1.0,0,0,0,343.184631347656,4.0,3,6,2,15430,0,0,1,1,0,0,1.0,0
15437-20-11-1,1,2,38.0,1,1.0,0,0,0,93.408561706543,3.0,5,6,5,15437,0,0,1,1,0,0,1.0,0
15438-32-11-1,1,1,42.0,1,1.0,0,0,0,383.172912597656,6.0,5,6,5,15438,0,0,1,1,0,0,1.0,0
15438-43-11-1,1,1,43.0,1,1.0,0,0,0,383.172912597656,7.0,5,6,5,15438,0,0,1,1,0,0,1.0,0
15439-96-11-1,1,2,73.0,1,0.0,0,0,0,86.3571548461914,4.0,3,6,1,15439,0,0,1,1,0,0,0.0,0
15440-20-11-1,1,2,61.0,1,1.0,0,0,0,350.374694824219,3.0,3,6,1,15440,0,0,1,1,0,0,1.0,0
15440-76-11-1,1,1,41.0,1,0.0,1,1,0,350.374694824219,10.0,3,6,4,15440,0,0,1,1,0,0,0.0,0
15440-94-11-1,1,1,71.0,1,1.0,0,0,0,350.374694824219,3.0,3,6,7,15440,0,0,1,1,0,0,1.0,0
15440-113-11-1,1,1,64.0,1,1.0,0,0,0,350.374694824219,3.0,3,6,4,15440,0,0,1,1,0,0,1.0,0
15441-21-11-1,1,2,57.0,1,1.0,0,0,0,343.184631347656,1.0,5,6,2,15441,0,0,1,1,0,0,1.0,0
15441-30-11-1,1,1,57.0,1,1.0,0,0,0,343.184631347656,1.0,5,6,1,15441,0,0,1,1,0,0,1.0,0
15441-61-11-1,1,2,60.0,1,1.0,0,0,0,343.184631347656,1.0,5,6,3,15441,0,0,1,1,0,0,1.0,0
15442-27-11-1,1,1,54.0,1,0.0,0,0,0,383.172912597656,10.0,3,6,3,15442,1,0,1,1,0,1,0.0,1
15442-61-11-1,1,1,53.0,1,0.0,0,0,0,383.172912597656,8.0,3,6,3,15442,0,0,1,1,0,0,0.0,0
15442-79-11-1,1,1,47.0,1,0.0,0,0,0,383.172912597656,6.0,3,6,5,15442,0,0,1,1,0,0,0.0,0
15442-131-11-1,1,1,47.0,1,1.0,1,1,0,383.172912597656,10.0,3,6,3,15442,0,0,1,1,0,0,1.0,0
15444-9-11-1,1,2,39.0,1,1.0,0,0,0,386.290740966797,5.0,5,6,5,15444,0,0,1,1,0,0,1.0,0
15444-26-11-1,1,1,54.0,1,1.0,0,0,0,386.290740966797,3.0,5,6,3,15444,0,0,1,1,0,0,1.0,0
15444-60-11-1,1,1,64.0,1,1.0,0,0,0,386.290740966797,3.0,5,6,4,15444,0,0,1,1,0,0,1.0,0
15444-111-11-1,1,1,58.0,1,1.0,0,0,0,386.290740966797,5.0,5,6,4,15444,0,0,1,1,0,0,1.0,0
15450-10-11-1,1,2,81.0,1,1.0,0,0,0,162.907363891602,1.0,7,6,2,15450,0,0,1,1,0,0,1.0,0
15450-11-11-1,1,1,74.0,1,1.0,0,0,0,162.907363891602,6.0,7,6,2,15450,0,0,1,1,0,0,1.0,0
15450-12-11-1,1,1,87.0,1,0.0,0,0,0,162.907363891602,4.0,7,6,1,15450,0,0,1,1,0,0,0.0,0
15450-97-11-1,1,1,33.0,1,1.0,0,0,0,162.907363891602,8.0,7,6,4,15450,1,0,1,1,0,1,1.0,1
15450-99-11-1,1,1,65.0,1,1.0,0,0,0,162.907363891602,3.0,7,6,2,15450,0,0,1,1,0,0,1.0,0
15457-207-11-1,1,2,82.0,1,1.0,0,0,0,162.907363891602,1.0,7,6,1,15457,0,0,1,1,0,0,1.0,0
15457-209-11-1,1,1,55.0,1,1.0,0,0,0,162.907363891602,5.0,7,6,3,15457,0,0,1,1,0,0,1.0,0
15457-210-11-1,1,1,63.0,1,1.0,0,0,0,162.907363891602,4.0,7,6,3,15457,0,0,1,1,0,0,1.0,0
15459-49-11-1,1,1,33.0,1,1.0,0,0,0,157.041259765625,6.0,7,6,3,15459,1,0,1,1,0,1,1.0,1
15459-51-11-1,1,1,76.0,1,1.0,0,0,0,157.041259765625,3.0,7,6,2,15459,0,0,1,1,0,0,1.0,0
15459-52-11-1,1,2,72.0,1,1.0,0,0,0,157.041259765625,1.0,7,6,1,15459,0,0,1,1,0,0,1.0,0
15459-113-11-1,1,1,34.0,1,1.0,0,0,0,157.041259765625,3.0,7,6,3,15459,0,0,1,1,0,0,1.0,0
15459-114-11-1,1,1,79.0,1,1.0,0,0,0,157.041259765625,3.0,7,6,2,15459,0,0,1,1,0,0,1.0,0
15459-115-11-1,1,2,84.0,1,1.0,0,0,0,157.041259765625,1.0,7,6,1,15459,0,0,1,1,0,0,1.0,0
15474-29-11-1,1,1,52.0,1,1.0,0,0,0,157.041259765625,3.0,6,6,3,15474,0,0,1,1,0,0,1.0,0
15474-41-11-1,1,1,70.0,1,1.0,0,0,0,157.041259765625,4.0,6,6,2,15474,0,0,1,1,0,0,1.0,0
15474-53-11-1,1,1,61.0,1,1.0,1,1,0,157.041259765625,9.0,6,6,2,15474,1,0,1,1,0,1,1.0,1
15474-78-11-1,1,1,36.0,1,1.0,0,0,0,157.041259765625,6.0,6,6,4,15474,0,0,1,1,0,0,1.0,0
15481-101-11-1,1,1,76.0,1,1.0,0,0,0,156.390151977539,4.0,7,6,2,15481,0,0,1,1,0,0,1.0,0
15481-102-11-1,1,1,69.0,1,1.0,0,0,0,156.390151977539,4.0,7,6,2,15481,0,0,1,1,0,0,1.0,0
15481-103-11-1,1,2,88.0,1,1.0,0,0,0,156.390151977539,1.0,7,6,3,15481,0,0,1,1,0,0,1.0,0
15481-104-11-1,1,2,62.0,1,1.0,0,0,0,156.390151977539,3.0,7,6,2,15481,0,0,1,1,0,0,1.0,0
15481-224-11-1,1,1,77.0,1,1.0,0,0,0,156.390151977539,4.0,7,6,2,15481,0,0,1,1,0,0,1.0,0
15481-225-11-1,1,1,48.0,1,1.0,0,0,0,156.390151977539,4.0,7,6,4,15481,0,0,1,1,0,0,1.0,0
15481-228-11-1,1,1,52.0,1,1.0,0,0,0,156.390151977539,4.0,7,6,5,15481,0,0,1,1,0,0,1.0,0
15499-2-11-1,1,1,61.0,1,1.0,0,0,0,156.390151977539,3.0,6,6,5,15499,0,0,1,1,0,0,1.0,0
15499-14-11-1,1,1,62.0,1,0.0,0,0,0,156.390151977539,3.0,6,6,4,15499,0,0,1,1,0,0,0.0,0
15499-51-11-1,1,2,50.0,1,1.0,0,0,0,156.390151977539,6.0,6,6,2,15499,0,0,1,1,0,0,1.0,0
15499-63-11-1,1,1,69.0,1,0.0,0,0,0,156.390151977539,9.0,6,6,3,15499,0,0,1,1,0,0,0.0,0
15499-111-11-1,1,1,54.0,1,0.0,0,0,0,156.390151977539,10.0,6,6,3,15499,0,0,1,1,0,0,0.0,0
15500-28-11-1,1,1,31.0,1,0.0,1,0,0,166.831756591797,7.0,6,6,3,15500,1,0,1,1,0,1,0.0,1
15500-40-11-1,1,2,40.0,1,1.0,1,0,0,166.831756591797,6.0,6,6,3,15500,0,0,1,1,0,0,1.0,0
15500-86-11-1,1,1,57.0,1,1.0,0,0,0,166.831756591797,8.0,6,6,4,15500,0,0,1,1,0,0,1.0,0
15500-109-11-1,1,2,67.0,1,1.0,0,0,0,166.831756591797,4.0,6,6,6,15500,0,0,1,1,0,0,1.0,0
15500-121-11-1,1,2,42.0,1,0.0,0,0,0,166.831756591797,6.0,6,6,4,15500,0,0,1,1,0,0,0.0,0
15500-132-11-1,1,1,64.0,1,0.0,0,0,0,166.831756591797,10.0,6,6,2,15500,1,0,1,1,0,1,0.0,1
15501-17-11-1,1,1,70.0,1,1.0,0,0,0,162.907363891602,1.0,7,6,2,15501,0,0,1,1,0,0,1.0,0
15501-18-11-1,1,2,76.0,1,1.0,0,0,0,162.907363891602,3.0,7,6,1,15501,0,0,1,1,0,0,1.0,0
15501-20-11-1,1,1,51.0,1,1.0,0,0,0,162.907363891602,6.0,7,6,5,15501,0,0,1,1,0,0,1.0,0
15501-101-11-1,1,1,45.0,1,1.0,0,0,0,162.907363891602,4.0,7,6,2,15501,0,0,1,1,0,0,1.0,0
15501-104-11-1,1,1,82.0,1,1.0,0,0,0,162.907363891602,4.0,7,6,2,15501,0,0,1,1,0,0,1.0,0
15502-13-11-1,1,1,58.0,1,1.0,0,0,0,156.390151977539,4.0,7,6,2,15502,0,0,1,1,0,0,1.0,0
15502-15-11-1,1,1,51.0,1,1.0,0,0,0,156.390151977539,4.0,7,6,2,15502,0,0,1,1,0,0,1.0,0
15502-16-11-1,1,1,86.0,1,1.0,0,0,0,156.390151977539,1.0,7,6,2,15502,0,0,1,1,0,0,1.0,0
15502-89-11-1,1,1,52.0,1,1.0,0,0,0,156.390151977539,3.0,7,6,3,15502,0,0,1,1,0,0,1.0,0
15502-93-11-1,1,1,61.0,1,1.0,0,0,0,156.390151977539,4.0,7,6,2,15502,0,0,1,1,0,0,1.0,0
15503-14-11-1,1,1,75.0,1,1.0,0,0,0,157.041259765625,5.0,7,6,1,15503,0,0,1,1,0,0,1.0,0
15503-15-11-1,1,1,67.0,1,1.0,0,0,0,157.041259765625,5.0,7,6,4,15503,0,0,1,1,0,0,1.0,0
15503-165-11-1,1,1,71.0,1,1.0,0,0,0,157.041259765625,4.0,7,6,2,15503,0,0,1,1,0,0,1.0,0
15504-26-11-1,1,2,40.0,1,0.0,1,0,0,157.041259765625,6.0,8,6,2,15504,0,0,1,1,0,0,0.0,0
15504-28-11-1,1,2,38.0,1,1.0,0,0,0,157.041259765625,7.0,8,6,5,15504,0,0,1,1,0,0,1.0,0
15504-80-11-1,1,2,54.0,1,1.0,0,0,0,157.041259765625,1.0,8,6,4,15504,0,1,1,1,0,0,1.0,0
15504-81-11-1,1,2,54.0,1,1.0,0,0,0,157.041259765625,6.0,8,6,3,15504,0,1,1,1,0,0,1.0,0
15504-83-11-1,1,1,59.0,1,0.0,0,0,0,157.041259765625,6.0,8,6,4,15504,0,0,1,1,0,0,0.0,0
15504-84-11-1,1,1,64.0,1,1.0,0,0,0,157.041259765625,6.0,8,6,3,15504,0,0,1,1,0,0,1.0,0
15506-11-11-1,1,2,82.0,1,1.0,0,0,0,156.390151977539,1.0,6,6,2,15506,0,0,1,1,0,0,1.0,0
15506-28-11-1,1,1,70.0,1,0.0,0,0,0,156.390151977539,5.0,6,6,2,15506,0,0,1,1,0,0,0.0,0
15506-42-11-1,1,1,42.0,1,1.0,0,0,0,156.390151977539,5.0,6,6,5,15506,0,0,1,1,0,0,1.0,0
15506-72-11-1,1,1,40.0,1,1.0,0,0,0,156.390151977539,3.0,6,6,1,15506,0,0,1,1,0,0,1.0,0
15506-87-11-1,1,1,61.0,1,1.0,0,0,0,156.390151977539,4.0,6,6,3,15506,0,0,1,1,0,0,1.0,0
15507-73-11-1,1,1,72.0,1,1.0,0,0,0,162.907363891602,5.0,7,6,2,15507,0,0,1,1,0,0,1.0,0
15507-75-11-1,1,1,77.0,1,1.0,0,0,0,162.907363891602,3.0,7,6,2,15507,0,0,1,1,0,0,1.0,0
15507-155-11-1,1,2,46.0,1,1.0,0,0,0,162.907363891602,3.0,7,6,5,15507,0,0,1,1,0,0,1.0,0
15507-157-11-1,1,2,82.0,1,1.0,0,0,0,162.907363891602,1.0,7,6,1,15507,0,0,1,1,0,0,1.0,0
15507-158-11-1,1,1,49.0,1,1.0,0,0,0,162.907363891602,3.0,7,6,3,15507,0,0,1,1,0,0,1.0,0
15508-9-11-1,1,2,61.0,1,1.0,0,0,0,157.041259765625,3.0,7,6,2,15508,0,0,1,1,0,0,1.0,0
15508-10-11-1,1,2,45.0,1,1.0,0,0,0,157.041259765625,6.0,7,6,1,15508,0,0,1,1,0,0,1.0,0
15508-11-11-1,1,1,29.0,1,1.0,0,0,0,157.041259765625,5.0,7,6,4,15508,0,0,1,1,0,0,1.0,0
15508-12-11-1,1,1,59.0,1,1.0,0,0,0,157.041259765625,4.0,7,6,2,15508,0,0,1,1,0,0,1.0,0
15508-146-11-1,1,1,34.0,1,0.0,0,0,0,157.041259765625,5.0,7,6,4,15508,0,0,1,1,0,0,0.0,0
15508-147-11-1,1,1,47.0,1,1.0,0,0,0,157.041259765625,3.0,7,6,4,15508,0,0,1,1,0,0,1.0,0
15508-148-11-1,1,1,56.0,1,1.0,0,0,0,157.041259765625,4.0,7,6,3,15508,0,0,1,1,0,0,1.0,0
15509-49-11-1,1,2,50.0,1,1.0,0,0,0,166.831756591797,3.0,7,6,4,15509,0,0,1,1,0,0,1.0,0
15509-52-11-1,1,1,64.0,1,1.0,0,0,0,166.831756591797,5.0,7,6,2,15509,0,0,1,1,0,0,1.0,0
15509-140-11-1,1,1,68.0,1,0.0,0,0,0,166.831756591797,4.0,7,6,3,15509,0,0,1,1,0,0,0.0,0
15509-141-11-1,1,1,63.0,1,1.0,0,0,0,166.831756591797,4.0,7,6,3,15509,0,0,1,1,0,0,1.0,0
15509-144-11-1,1,1,52.0,1,1.0,0,0,0,166.831756591797,3.0,7,6,5,15509,0,0,1,1,0,0,1.0,0
15510-71-11-1,1,1,48.0,1,1.0,0,0,0,166.831756591797,5.0,7,6,5,15510,0,0,1,1,0,0,1.0,0
15510-74-11-1,1,2,62.0,1,1.0,0,0,0,166.831756591797,4.0,7,6,1,15510,0,0,1,1,0,0,1.0,0
15511-55-11-1,1,1,47.0,1,1.0,0,0,0,166.831756591797,3.0,8,6,4,15511,0,0,1,1,0,0,1.0,0
15511-115-11-1,1,1,24.0,1,1.0,1,1,0,166.831756591797,6.0,8,6,2,15511,0,0,1,1,0,0,1.0,0
15512-8-11-1,1,2,72.0,1,0.0,0,0,0,157.041259765625,1.0,6,6,1,15512,0,0,1,1,0,0,0.0,0
15512-19-11-1,1,1,57.0,1,1.0,0,0,0,157.041259765625,3.0,6,6,1,15512,0,0,1,1,0,0,1.0,0
15512-28-11-1,1,1,53.0,1,1.0,0,0,0,157.041259765625,4.0,6,6,2,15512,0,0,1,1,0,0,1.0,0
15512-40-11-1,1,1,68.0,1,1.0,0,0,0,157.041259765625,3.0,6,6,1,15512,0,0,1,1,0,0,1.0,0
15512-61-11-1,1,1,38.0,1,1.0,0,0,0,157.041259765625,6.0,6,6,6,15512,0,0,1,1,0,0,1.0,0
15512-101-11-1,1,1,54.0,1,1.0,0,0,0,157.041259765625,5.0,6,6,7,15512,0,0,1,1,0,0,1.0,0
15513-1-11-1,1,1,63.0,1,1.0,0,0,0,162.907363891602,8.0,6,6,2,15513,0,0,1,1,0,0,1.0,0
15513-12-11-1,1,1,47.0,1,0.0,0,0,0,162.907363891602,6.0,6,6,4,15513,1,0,1,1,0,1,0.0,1
15513-23-11-1,1,2,74.0,1,1.0,0,0,0,162.907363891602,3.0,6,6,2,15513,0,0,1,1,0,0,1.0,0
15513-57-11-1,1,1,73.0,1,1.0,0,0,0,162.907363891602,6.0,6,6,2,15513,0,0,1,1,0,0,1.0,0
15513-68-11-1,1,1,59.0,1,0.0,0,0,0,162.907363891602,9.0,6,6,5,15513,0,0,1,1,0,0,0.0,0
15515-1-11-1,1,1,36.0,1,1.0,0,0,0,156.390151977539,5.0,7,6,4,15515,0,0,1,1,0,0,1.0,0
15515-2-11-1,1,1,58.0,1,1.0,0,0,0,156.390151977539,4.0,7,6,2,15515,0,0,1,1,0,0,1.0,0
15515-3-11-1,1,2,75.0,1,1.0,0,0,0,156.390151977539,1.0,7,6,2,15515,0,0,1,1,0,0,1.0,0
15515-4-11-1,1,1,37.0,1,1.0,0,0,0,156.390151977539,6.0,7,6,4,15515,0,0,1,1,0,0,1.0,0
15515-118-11-1,1,1,71.0,1,1.0,0,0,0,156.390151977539,3.0,7,6,2,15515,0,0,1,1,0,0,1.0,0
15515-120-11-1,1,1,63.0,1,1.0,0,0,0,156.390151977539,4.0,7,6,7,15515,0,0,1,1,0,0,1.0,0
15518-25-11-1,1,1,32.0,1,1.0,0,0,0,166.831756591797,6.0,8,6,4,15518,0,0,1,1,0,0,1.0,0
15518-27-11-1,1,1,61.0,1,1.0,0,0,0,166.831756591797,3.0,8,6,3,15518,0,0,1,1,0,0,1.0,0
15518-28-11-1,1,2,62.0,1,1.0,0,0,0,166.831756591797,3.0,8,6,1,15518,0,0,1,1,0,0,1.0,0
15518-81-11-1,1,2,74.0,1,1.0,0,0,0,166.831756591797,1.0,8,6,1,15518,0,0,1,1,0,0,1.0,0
15518-82-11-1,1,1,63.0,1,1.0,0,0,0,166.831756591797,4.0,8,6,2,15518,0,0,1,1,0,0,1.0,0
15518-83-11-1,1,1,75.0,1,1.0,0,0,0,166.831756591797,3.0,8,6,2,15518,0,0,1,1,0,0,1.0,0
15562-25-11-1,1,2,51.0,1,0.0,0,0,0,280.348297119141,6.0,1,6,3,15562,0,0,1,1,0,0,0.0,0
15562-62-11-1,1,1,71.0,1,1.0,1,1,0,280.348297119141,6.0,1,6,3,15562,0,0,1,1,0,0,1.0,0
15562-79-11-1,1,1,66.0,1,1.0,1,1,0,280.348297119141,5.0,1,6,7,15562,0,0,1,1,0,0,1.0,0
15608-151-11-1,1,1,49.0,1,1.0,0,0,0,258.768676757813,6.0,1,6,6,15608,0,0,1,1,0,0,1.0,0
15615-117-11-1,1,2,70.0,1,1.0,1,1,0,220.743133544922,6.0,1,6,3,15615,1,0,1,1,0,1,1.0,1
15617-54-11-1,1,2,61.0,1,1.0,0,0,0,908.426940917969,3.0,1,6,2,15617,0,0,1,1,0,0,1.0,0
15618-15-11-1,1,2,57.0,1,1.0,0,0,0,281.179779052734,7.0,1,6,3,15618,0,0,1,1,0,0,1.0,0
15619-47-11-1,1,1,61.0,1,1.0,1,1,0,279.302886962891,8.0,1,6,2,15619,0,0,1,1,0,0,1.0,0
15619-118-11-1,1,2,54.0,1,1.0,0,0,0,279.302886962891,6.0,1,6,7,15619,0,0,1,1,0,0,1.0,0
15620-120-11-1,1,1,39.0,1,1.0,0,0,0,258.768676757813,6.0,1,6,1,15620,1,0,1,1,0,1,1.0,1
15620-136-11-1,1,1,68.0,1,1.0,0,0,0,258.768676757813,3.0,1,6,4,15620,0,0,1,1,0,0,1.0,0
15621-50-11-1,1,2,55.0,1,1.0,0,0,0,295.487091064453,1.0,1,6,4,15621,0,0,1,1,0,0,1.0,0
15621-80-11-1,1,2,37.0,1,1.0,0,0,0,295.487091064453,4.0,1,6,2,15621,0,0,1,1,0,0,1.0,0
15622-18-11-1,1,1,41.0,1,0.0,0,0,0,282.546539306641,8.0,1,6,4,15622,0,0,1,1,0,0,0.0,0
15623-1-11-1,1,1,58.0,1,1.0,1,1,0,276.81689453125,5.0,1,6,2,15623,0,0,1,1,0,0,1.0,0
15624-1-11-1,1,2,81.0,1,1.0,0,0,0,279.302886962891,4.0,1,6,1,15624,0,0,1,1,0,0,1.0,0
15624-18-11-1,1,1,37.0,1,1.0,1,1,0,279.302886962891,7.0,1,6,4,15624,0,0,1,1,0,0,1.0,0
15624-95-11-1,1,1,60.0,1,0.0,0,0,0,279.302886962891,10.0,1,6,4,15624,0,0,1,1,0,0,0.0,0
15624-114-11-1,1,1,67.0,1,1.0,0,0,0,279.302886962891,10.0,1,6,5,15624,0,0,1,1,0,0,1.0,0
15625-18-11-1,1,1,65.0,1,1.0,0,0,0,280.348297119141,10.0,1,6,1,15625,0,0,1,1,0,0,1.0,0
15625-126-11-1,1,1,53.0,1,0.0,1,1,0,280.348297119141,8.0,1,6,1,15625,0,0,1,1,0,0,0.0,0
15626-29-11-1,1,1,63.0,1,0.0,1,1,0,181.054992675781,10.0,1,6,3,15626,1,0,1,1,0,1,0.0,1
15626-172-11-1,1,2,60.0,1,1.0,0,0,0,181.054992675781,8.0,1,6,3,15626,0,0,1,1,0,0,1.0,0
15628-75-11-1,1,1,44.0,1,0.0,0,0,0,279.302886962891,10.0,1,6,4,15628,0,0,1,1,0,0,0.0,0
15630-7-11-1,1,1,35.0,1,1.0,1,1,0,847.1357421875,8.0,1,6,6,15630,0,0,1,1,0,0,1.0,0
15630-21-11-1,1,1,74.0,1,1.0,0,0,0,847.1357421875,4.0,1,6,2,15630,0,0,1,1,0,0,1.0,0
15630-88-11-1,1,1,58.0,1,1.0,0,0,0,847.1357421875,7.0,1,6,3,15630,0,0,1,1,0,0,1.0,0
15632-62-11-1,1,2,51.0,1,1.0,0,0,0,388.226470947266,6.0,1,6,4,15632,0,0,1,1,0,0,1.0,0
15632-79-11-1,1,2,70.0,1,0.0,0,0,0,388.226470947266,4.0,1,6,1,15632,0,0,1,1,0,0,0.0,0
15633-58-11-1,1,1,34.0,1,1.0,0,0,0,276.81689453125,6.0,1,6,5,15633,0,0,1,1,0,0,1.0,0
15634-49-11-1,1,1,35.0,1,1.0,0,0,0,295.487091064453,6.0,1,6,4,15634,0,0,1,1,0,0,1.0,0
15634-63-11-1,1,1,42.0,1,1.0,0,0,0,295.487091064453,6.0,1,6,3,15634,0,0,1,1,0,0,1.0,0
15634-120-11-1,1,1,32.0,1,1.0,0,0,0,295.487091064453,6.0,1,6,3,15634,0,0,1,1,0,0,1.0,0
15637-33-11-1,1,1,35.0,1,0.0,1,1,0,281.179779052734,10.0,1,6,2,15637,1,0,1,1,0,1,0.0,1
15638-48-11-1,1,2,46.0,1,1.0,1,1,0,291.169860839844,6.0,1,6,3,15638,0,0,1,1,0,0,1.0,0
15638-120-11-1,1,2,63.0,1,0.0,1,1,0,291.169860839844,6.0,1,6,2,15638,0,0,1,1,0,0,0.0,0
15638-138-11-1,1,1,46.0,1,1.0,1,1,0,291.169860839844,8.0,1,6,4,15638,0,0,1,1,0,0,1.0,0
15639-56-11-1,1,1,55.0,1,0.0,0,0,0,872.799438476563,6.0,1,6,1,15639,0,0,1,1,0,0,0.0,0
15639-71-11-1,1,1,53.0,1,1.0,0,0,0,872.799438476563,5.0,1,6,4,15639,0,0,1,1,0,0,1.0,0
15640-10-11-1,1,2,43.0,1,1.0,1,0,0,46.4141311645508,6.0,1,6,2,15640,0,0,1,1,0,0,1.0,0
15640-37-11-1,1,1,63.0,1,0.0,0,0,0,46.4141311645508,10.0,1,6,5,15640,0,0,1,1,0,0,0.0,0
15640-78-11-1,1,1,57.0,1,1.0,1,0,0,46.4141311645508,6.0,1,6,4,15640,0,0,1,1,0,0,1.0,0
15640-105-11-1,1,2,53.0,1,0.0,1,1,0,46.4141311645508,8.0,1,6,2,15640,0,0,1,1,0,0,0.0,0
15642-3-11-1,1,2,48.0,1,1.0,0,0,0,276.81689453125,1.0,1,6,6,15642,0,0,1,1,0,0,1.0,0
15642-25-11-1,1,1,66.0,1,1.0,0,0,0,276.81689453125,4.0,1,6,1,15642,0,0,1,1,0,0,1.0,0
15642-59-11-1,1,2,38.0,1,1.0,1,0,0,276.81689453125,6.0,1,6,5,15642,0,0,1,1,0,0,1.0,0
15644-4-11-1,1,1,43.0,1,1.0,0,0,0,1244.04846191406,4.0,1,6,4,15644,0,0,1,1,0,0,1.0,0
15644-12-11-1,1,1,32.0,1,0.0,1,1,0,1244.04846191406,10.0,1,6,1,15644,0,1,1,1,0,0,0.0,0
15645-23-11-1,1,1,33.0,1,1.0,0,0,0,258.768676757813,8.0,1,6,3,15645,0,0,1,1,0,0,1.0,0
15645-65-11-1,1,1,50.0,1,1.0,0,0,0,258.768676757813,3.0,1,6,1,15645,0,0,1,1,0,0,1.0,0
15666-29-11-1,1,2,53.0,1,1.0,0,0,0,376.696166992188,5.0,5,3,2,15666,0,0,1,1,0,0,1.0,0
15681-46-11-1,1,2,36.0,1,1.0,0,0,0,157.562469482422,3.0,4,3,6,15681,0,0,1,1,0,0,1.0,0
15681-60-11-1,1,1,41.0,1,0.0,0,0,0,157.562469482422,5.0,4,3,4,15681,0,0,1,1,0,0,0.0,0
15681-75-11-1,1,1,39.0,1,1.0,0,0,0,157.562469482422,4.0,4,3,4,15681,0,0,1,1,0,0,1.0,0
15681-104-11-1,1,1,49.0,1,1.0,1,0,0,157.562469482422,5.0,4,3,4,15681,1,0,1,1,0,1,1.0,1
15691-17-11-1,1,1,61.0,1,0.0,0,0,0,364.705871582031,10.0,5,3,4,15691,0,0,1,1,0,0,0.0,0
15691-32-11-1,1,2,44.0,1,0.0,0,0,0,364.705871582031,9.0,5,3,3,15691,0,0,1,1,0,0,0.0,0
15691-61-11-1,1,2,74.0,1,1.0,0,0,0,364.705871582031,5.0,5,3,2,15691,0,0,1,1,0,0,1.0,0
15692-6-11-1,1,2,29.0,1,1.0,0,0,0,157.562469482422,8.0,4,3,2,15692,0,0,1,1,0,0,1.0,0
15692-29-11-1,1,1,83.0,1,0.0,0,0,0,157.562469482422,6.0,4,3,7,15692,0,0,1,1,0,0,0.0,0
15692-52-11-1,1,2,85.0,1,0.0,0,0,0,157.562469482422,3.0,4,3,1,15692,0,0,1,1,0,0,0.0,0
15692-101-11-1,1,1,65.0,1,1.0,0,0,0,157.562469482422,6.0,4,3,1,15692,0,0,1,1,0,0,1.0,0
15693-13-11-1,1,1,51.0,1,1.0,0,0,0,180.606674194336,5.0,4,3,4,15693,0,0,1,1,0,0,1.0,0
15693-39-11-1,1,2,89.0,1,1.0,0,0,0,180.606674194336,3.0,4,3,2,15693,0,0,1,1,0,0,1.0,0
15693-75-11-1,1,2,61.0,1,1.0,0,0,0,180.606674194336,1.0,4,3,1,15693,0,0,1,1,0,0,1.0,0
15694-21-11-1,1,2,59.0,1,1.0,1,1,0,180.606674194336,8.0,4,3,1,15694,0,0,1,1,0,0,1.0,0
15694-48-11-1,1,1,56.0,1,1.0,0,0,0,180.606674194336,5.0,4,3,1,15694,1,0,1,1,0,1,1.0,1
15695-25-11-1,1,2,45.0,1,0.0,1,1,0,376.696166992188,10.0,4,3,4,15695,0,0,1,1,0,0,0.0,0
15696-41-11-1,1,1,30.0,1,1.0,0,0,0,338.474517822266,6.0,4,3,4,15696,0,0,1,1,0,0,1.0,0
15696-116-11-1,1,2,54.0,1,1.0,0,0,0,338.474517822266,6.0,4,3,2,15696,0,0,1,1,0,0,1.0,0
15696-151-11-1,1,2,55.0,1,1.0,0,0,0,338.474517822266,4.0,4,3,3,15696,0,0,1,1,0,0,1.0,0
15697-2-11-1,1,2,31.0,1,1.0,1,1,0,171.927291870117,6.0,5,3,3,15697,0,0,1,1,0,0,1.0,0
15697-22-11-1,1,1,49.0,1,0.0,0,0,0,171.927291870117,8.0,5,3,3,15697,0,0,1,1,0,0,0.0,0
15698-61-11-1,1,1,69.0,1,0.0,1,0,0,180.606674194336,10.0,5,3,2,15698,0,0,1,1,0,0,0.0,0
15698-99-11-1,1,1,39.0,1,1.0,1,1,0,180.606674194336,6.0,5,3,4,15698,1,0,1,1,0,1,1.0,1
15698-116-11-1,1,2,54.0,1,1.0,0,0,0,180.606674194336,3.0,5,3,2,15698,0,0,1,1,0,0,1.0,0
15699-8-11-1,1,1,49.0,1,0.0,1,0,0,116.31559753418,9.0,4,3,4,15699,1,0,1,1,0,1,0.0,1
15701-83-11-1,1,2,60.0,1,0.0,0,0,0,169.818359375,3.0,5,3,2,15701,1,0,1,1,0,1,0.0,1
15702-12-11-1,1,2,61.0,1,0.0,0,0,0,180.606674194336,3.0,5,3,4,15702,0,0,1,1,0,0,0.0,0
15702-31-11-1,1,1,32.0,1,1.0,0,0,0,180.606674194336,5.0,5,3,4,15702,0,0,1,1,0,0,1.0,0
15702-49-11-1,1,2,36.0,1,1.0,0,0,0,180.606674194336,6.0,5,3,5,15702,1,0,1,1,0,1,1.0,1
15729-2-11-1,1,1,44.0,1,0.0,0,0,0,276.81689453125,6.0,5,6,6,15729,0,0,1,1,0,0,0.0,0
15729-127-11-1,1,1,28.0,1,1.0,0,0,0,276.81689453125,6.0,5,6,3,15729,0,0,1,1,0,0,1.0,0
15729-150-11-1,1,2,39.0,1,0.0,1,1,0,276.81689453125,6.0,5,6,3,15729,0,0,1,1,0,0,0.0,0
15730-8-11-1,1,2,57.0,1,1.0,1,1,0,258.768676757813,8.0,5,6,1,15730,0,0,1,1,0,0,1.0,0
15731-31-11-1,1,1,75.0,1,0.0,0,0,0,1129.51428222656,4.0,5,6,2,15731,0,0,1,1,0,0,0.0,0
15731-52-11-1,1,1,63.0,1,0.0,1,1,0,1129.51428222656,6.0,5,6,2,15731,0,0,1,1,0,0,0.0,0
15731-72-11-1,1,1,63.0,1,1.0,0,0,0,1129.51428222656,6.0,5,6,2,15731,1,0,1,1,0,1,1.0,1
15731-132-11-1,1,1,60.0,1,1.0,1,0,0,1129.51428222656,6.0,5,6,3,15731,0,0,1,1,0,0,1.0,0
15732-17-11-1,1,1,38.0,1,1.0,1,1,0,282.546539306641,9.0,5,6,4,15732,0,0,1,1,0,0,1.0,0
15732-83-11-1,1,2,42.0,1,1.0,1,1,0,282.546539306641,8.0,5,6,5,15732,0,0,1,1,0,0,1.0,0
15732-131-11-1,1,2,55.0,1,1.0,0,0,0,282.546539306641,3.0,5,6,3,15732,0,0,1,1,0,0,1.0,0
15733-11-11-1,1,1,32.0,1,1.0,0,0,0,276.81689453125,6.0,4,6,4,15733,0,0,1,1,0,0,1.0,0
15733-15-11-1,1,2,29.0,1,1.0,0,0,0,276.81689453125,6.0,4,6,4,15733,0,0,1,1,0,0,1.0,0
15735-1-11-1,1,1,65.0,1,1.0,0,0,0,282.546539306641,6.0,4,6,2,15735,0,0,1,1,0,0,1.0,0
15735-16-11-1,1,1,49.0,1,1.0,0,0,0,282.546539306641,5.0,4,6,4,15735,0,0,1,1,0,0,1.0,0
15740-218-11-1,1,2,64.0,1,1.0,0,0,0,68.3042068481445,1.0,7,3,5,15740,0,0,1,1,0,0,1.0,0
15740-220-11-1,1,2,42.0,1,1.0,0,0,0,68.3042068481445,3.0,7,3,6,15740,0,0,1,1,0,0,1.0,0
15740-222-11-1,1,1,62.0,1,1.0,0,0,0,68.3042068481445,5.0,7,3,4,15740,0,0,1,1,0,0,1.0,0
15746-182-11-1,1,2,47.0,1,1.0,1,1,0,76.5594711303711,6.0,7,3,5,15746,0,0,1,1,0,0,1.0,0
15746-381-11-1,1,1,56.0,1,1.0,0,0,0,76.5594711303711,6.0,7,3,3,15746,0,0,1,1,0,0,1.0,0
15750-135-11-1,1,1,43.0,1,1.0,0,0,0,66.6390228271484,6.0,7,3,1,15750,0,0,1,1,0,0,1.0,0
15750-270-11-1,1,1,67.0,1,1.0,0,0,0,66.6390228271484,7.0,7,3,1,15750,0,0,1,1,0,0,1.0,0
15750-272-11-1,1,1,66.0,1,1.0,0,0,0,66.6390228271484,6.0,7,3,1,15750,0,0,1,1,0,0,1.0,0
15750-273-11-1,1,1,78.0,1,1.0,0,0,0,66.6390228271484,3.0,7,3,1,15750,0,0,1,1,0,0,1.0,0
15752-21-11-1,1,1,60.0,1,1.0,0,0,0,68.3042068481445,5.0,8,3,1,15752,0,0,1,1,0,0,1.0,0
15752-23-11-1,1,2,32.0,1,1.0,0,0,0,68.3042068481445,5.0,8,3,3,15752,0,0,1,1,0,0,1.0,0
15752-24-11-1,1,1,71.0,1,1.0,0,0,0,68.3042068481445,10.0,8,3,3,15752,0,0,1,1,0,0,1.0,0
15752-76-11-1,1,1,61.0,1,0.0,0,0,0,68.3042068481445,4.0,8,3,3,15752,0,0,1,1,0,0,0.0,0
15752-77-11-1,1,1,57.0,1,1.0,0,0,0,68.3042068481445,6.0,8,3,1,15752,0,0,1,1,0,0,1.0,0
15752-79-11-1,1,1,55.0,1,1.0,0,0,0,68.3042068481445,5.0,8,3,2,15752,0,0,1,1,0,0,1.0,0
15752-80-11-1,1,1,60.0,1,1.0,0,0,0,68.3042068481445,4.0,8,3,2,15752,1,0,1,1,0,1,1.0,1
15766-16-11-1,1,1,77.0,1,1.0,0,0,0,163.327453613281,4.0,8,6,3,15766,0,0,1,1,0,0,1.0,0
15766-48-11-1,1,1,69.0,1,1.0,0,0,0,163.327453613281,5.0,8,6,2,15766,0,0,1,1,0,0,1.0,0
15766-49-11-1,1,1,28.0,1,0.0,0,0,0,163.327453613281,7.0,8,6,4,15766,1,0,1,1,0,1,0.0,1
15771-49-11-1,1,2,67.0,1,1.0,0,0,0,154.288711547852,1.0,6,6,1,15771,0,0,1,1,0,0,1.0,0
15771-78-11-1,1,2,70.0,1,1.0,0,0,0,154.288711547852,3.0,6,6,2,15771,0,0,1,1,0,0,1.0,0
15772-13-11-1,1,2,74.0,1,1.0,0,0,0,158.062057495117,3.0,8,6,2,15772,0,0,1,1,0,0,1.0,0
15772-14-11-1,1,2,53.0,1,1.0,0,0,0,158.062057495117,4.0,8,6,3,15772,0,0,1,1,0,0,1.0,0
15772-34-11-1,1,1,50.0,1,1.0,0,0,0,158.062057495117,4.0,8,6,5,15772,0,0,1,1,0,0,1.0,0
15773-7-11-1,1,2,56.0,1,1.0,0,0,0,158.062057495117,6.0,6,6,3,15773,0,0,1,1,0,0,1.0,0
15773-17-11-1,1,1,59.0,1,1.0,0,0,0,158.062057495117,4.0,6,6,1,15773,0,0,1,1,0,0,1.0,0
15773-27-11-1,1,2,55.0,1,1.0,0,0,0,158.062057495117,3.0,6,6,1,15773,0,0,1,1,0,0,1.0,0
15773-57-11-1,1,1,60.0,1,1.0,0,0,0,158.062057495117,6.0,6,6,3,15773,0,0,1,1,0,0,1.0,0
15773-67-11-1,1,1,41.0,1,1.0,0,0,0,158.062057495117,6.0,6,6,5,15773,0,0,1,1,0,0,1.0,0
15773-97-11-1,1,2,46.0,1,1.0,0,0,0,158.062057495117,6.0,6,6,2,15773,0,0,1,1,0,0,1.0,0
15774-5-11-1,1,2,59.0,1,1.0,0,0,0,158.062057495117,4.0,8,6,2,15774,0,0,1,1,0,0,1.0,0
15774-7-11-1,1,2,53.0,1,1.0,0,0,0,158.062057495117,5.0,8,6,3,15774,0,0,1,1,0,0,1.0,0
15774-8-11-1,1,1,69.0,1,1.0,0,0,0,158.062057495117,6.0,8,6,4,15774,0,0,1,1,0,0,1.0,0
15774-37-11-1,1,2,57.0,1,1.0,0,0,0,158.062057495117,3.0,8,6,4,15774,0,0,1,1,0,0,1.0,0
15774-38-11-1,1,1,32.0,1,1.0,0,0,0,158.062057495117,5.0,8,6,4,15774,0,0,1,1,0,0,1.0,0
15774-39-11-1,1,1,44.0,1,1.0,0,0,0,158.062057495117,5.0,8,6,5,15774,0,0,1,1,0,0,1.0,0
15776-31-11-1,1,1,81.0,1,1.0,0,0,0,154.288711547852,3.0,8,6,2,15776,0,0,1,1,0,0,1.0,0
15776-32-11-1,1,1,61.0,1,1.0,0,0,0,154.288711547852,4.0,8,6,4,15776,0,0,1,1,0,0,1.0,0
15776-67-11-1,1,1,42.0,1,1.0,0,0,0,154.288711547852,6.0,8,6,4,15776,0,0,1,1,0,0,1.0,0
15776-70-11-1,1,2,83.0,1,1.0,0,0,0,154.288711547852,1.0,8,6,5,15776,0,0,1,1,0,0,1.0,0
15776-72-11-1,1,1,42.0,1,1.0,0,0,0,154.288711547852,6.0,8,6,5,15776,0,0,1,1,0,0,1.0,0
15800-4-11-1,1,2,28.0,1,1.0,1,1,0,18.0577507019043,10.0,2,5,3,15800,0,0,1,1,0,0,1.0,0
15800-24-11-1,1,2,36.0,1,1.0,0,0,0,18.0577507019043,3.0,2,5,3,15800,0,0,1,1,0,0,1.0,0
15800-169-11-1,1,1,51.0,1,1.0,0,0,0,18.0577507019043,6.0,2,5,4,15800,0,0,1,1,0,0,1.0,0
15807-91-11-1,1,1,49.0,1,1.0,0,0,0,205.901565551758,8.0,2,5,5,15807,0,0,1,1,0,0,1.0,0
15807-132-11-1,1,2,81.0,1,1.0,0,0,0,205.901565551758,3.0,2,5,2,15807,0,0,1,1,0,0,1.0,0
15810-44-11-1,1,1,66.0,1,1.0,0,0,0,23.0944938659668,6.0,2,5,3,15810,0,0,1,1,0,0,1.0,0
15810-70-11-1,1,2,43.0,1,0.0,1,1,0,23.0944938659668,11.0,2,5,3,15810,1,0,1,1,0,1,0.0,1
15810-132-11-1,1,2,57.0,1,0.0,0,0,0,23.0944938659668,8.0,2,5,2,15810,1,0,1,1,0,1,0.0,1
15812-34-11-1,1,1,54.0,1,0.0,0,0,0,207.465179443359,6.0,2,5,2,15812,0,0,1,1,0,0,0.0,0
15815-42-11-1,1,2,61.0,1,1.0,0,0,0,326.1591796875,4.0,2,5,4,15815,0,0,1,1,0,0,1.0,0
15815-58-11-1,1,2,61.0,1,1.0,0,0,0,326.1591796875,6.0,2,5,2,15815,0,0,1,1,0,0,1.0,0
15816-13-11-1,1,1,28.0,1,0.0,1,1,0,340.792907714844,6.0,2,5,5,15816,1,0,1,1,0,1,0.0,1
15816-21-11-1,1,2,44.0,1,1.0,0,0,0,340.792907714844,6.0,2,5,5,15816,0,0,1,1,0,0,1.0,0
15816-42-11-1,1,1,67.0,1,1.0,0,0,0,340.792907714844,1.0,2,5,6,15816,0,0,1,1,0,0,1.0,0
15816-58-11-1,1,1,38.0,1,1.0,1,1,0,340.792907714844,6.0,2,5,4,15816,0,0,1,1,0,0,1.0,0
15817-3-11-1,1,2,41.0,1,0.0,1,1,0,428.027221679688,10.0,2,5,3,15817,0,0,1,1,0,0,0.0,0
15817-43-11-1,1,1,39.0,1,1.0,1,1,0,428.027221679688,6.0,2,5,5,15817,0,0,1,1,0,0,1.0,0
15817-62-11-1,1,1,37.0,1,0.0,1,0,0,428.027221679688,8.0,2,5,4,15817,1,0,1,1,0,1,0.0,1
15818-8-11-1,1,1,37.0,1,1.0,0,0,0,141.207855224609,6.0,2,5,5,15818,0,0,1,1,0,0,1.0,0
15818-67-11-1,1,2,66.0,1,0.0,1,1,0,141.207855224609,11.0,2,5,4,15818,1,0,1,1,0,1,0.0,1
15818-91-11-1,1,1,62.0,1,1.0,0,0,0,141.207855224609,6.0,2,5,3,15818,0,0,1,1,0,0,1.0,0
15819-20-11-1,1,2,45.0,1,1.0,0,0,0,326.1591796875,6.0,2,5,3,15819,0,0,1,1,0,0,1.0,0
15819-41-11-1,1,2,33.0,1,1.0,0,0,0,326.1591796875,8.0,2,5,2,15819,0,0,1,1,0,0,1.0,0
15819-51-11-1,1,2,61.0,1,1.0,0,0,0,326.1591796875,3.0,2,5,8,15819,0,0,1,1,0,0,1.0,0
15824-38-11-1,1,2,48.0,1,1.0,0,0,0,428.027221679688,9.0,2,5,3,15824,0,0,1,1,0,0,1.0,0
15824-44-11-1,1,1,44.0,1,1.0,0,0,0,428.027221679688,5.0,2,5,9,15824,0,0,1,1,0,0,1.0,0
15824-57-11-1,1,1,56.0,1,1.0,0,0,0,428.027221679688,4.0,2,5,1,15824,0,0,1,1,0,0,1.0,0
15834-2-11-1,1,1,67.0,1,1.0,0,0,0,428.027221679688,10.0,5,5,2,15834,0,0,1,1,0,0,1.0,0
15834-15-11-1,1,1,37.0,1,1.0,0,0,0,428.027221679688,7.0,5,5,4,15834,0,0,1,1,0,0,1.0,0
15834-76-11-1,1,1,56.0,1,1.0,0,0,0,428.027221679688,9.0,5,5,2,15834,1,0,1,1,0,1,1.0,1
15847-5-11-1,1,1,62.0,1,0.0,0,0,0,207.465179443359,6.0,5,5,3,15847,0,0,1,1,0,0,0.0,0
15849-29-11-1,1,1,68.0,1,1.0,0,0,0,410.718353271484,3.0,5,5,4,15849,0,0,1,1,0,0,1.0,0
15850-27-11-1,1,2,48.0,1,1.0,0,0,0,434.87890625,3.0,5,5,2,15850,0,0,1,1,0,0,1.0,0
15850-38-11-1,1,1,34.0,1,1.0,0,0,0,434.87890625,6.0,5,5,4,15850,0,0,1,1,0,0,1.0,0
15850-108-11-1,1,1,32.0,1,1.0,0,0,0,434.87890625,6.0,5,5,4,15850,0,0,1,1,0,0,1.0,0
15853-45-11-1,1,1,63.0,1,1.0,0,0,0,454.390563964844,3.0,5,5,5,15853,0,0,1,1,0,0,1.0,0
15853-76-11-1,1,2,36.0,1,1.0,0,0,0,454.390563964844,3.0,5,5,7,15853,1,0,1,1,0,1,1.0,1
15853-107-11-1,1,1,43.0,1,1.0,0,0,0,454.390563964844,3.0,5,5,4,15853,1,0,1,1,0,1,1.0,1
15854-25-11-1,1,1,48.0,1,0.0,1,1,0,410.718353271484,6.0,5,5,1,15854,0,0,1,1,0,0,0.0,0
15854-52-11-1,1,1,44.0,1,1.0,0,0,0,410.718353271484,6.0,5,5,4,15854,0,0,1,1,0,0,1.0,0
15854-79-11-1,1,1,50.0,1,0.0,0,0,0,410.718353271484,3.0,5,5,3,15854,0,0,1,1,0,0,0.0,0
15863-151-11-1,1,1,75.0,1,1.0,0,0,0,335.275451660156,9.0,5,7,1,15863,1,0,1,1,0,1,1.0,1
15863-170-11-1,1,1,65.0,1,1.0,0,0,0,335.275451660156,3.0,5,7,2,15863,0,0,1,1,0,0,1.0,0
15864-57-11-1,1,1,57.0,1,1.0,0,0,0,325.419006347656,3.0,5,7,5,15864,0,0,1,1,0,0,1.0,0
15864-114-11-1,1,1,51.0,1,1.0,0,0,0,325.419006347656,6.0,5,7,1,15864,0,0,1,1,0,0,1.0,0
15865-34-11-1,1,1,50.0,1,1.0,0,0,0,292.462097167969,3.0,5,7,4,15865,0,0,1,1,0,0,1.0,0
15865-67-11-1,1,1,46.0,1,0.0,0,0,0,292.462097167969,6.0,5,7,4,15865,1,0,1,1,0,1,0.0,1
15901-20-11-1,1,2,57.0,1,0.0,0,0,0,163.764602661133,6.0,6,5,2,15901,1,0,1,1,0,1,0.0,1
15901-68-11-1,1,1,58.0,1,1.0,1,1,0,163.764602661133,9.0,6,5,2,15901,1,0,1,1,0,1,1.0,1
15901-109-11-1,1,1,39.0,1,1.0,1,0,0,163.764602661133,6.0,6,5,4,15901,0,0,1,1,0,0,1.0,0
15901-137-11-1,1,1,76.0,1,1.0,0,0,0,163.764602661133,3.0,6,5,2,15901,0,0,1,1,0,0,1.0,0
15901-151-11-1,1,1,64.0,1,0.0,0,0,0,163.764602661133,8.0,6,5,2,15901,1,0,1,1,0,1,0.0,1
15905-11-11-1,1,2,62.0,1,1.0,0,0,0,163.764602661133,6.0,8,5,2,15905,0,0,1,1,0,0,1.0,0
15905-12-11-1,1,2,78.0,1,1.0,0,0,0,163.764602661133,1.0,8,5,1,15905,0,0,1,1,0,0,1.0,0
15905-29-11-1,1,2,64.0,1,1.0,0,0,0,163.764602661133,3.0,8,5,1,15905,0,0,1,1,0,0,1.0,0
15905-30-11-1,1,1,58.0,1,1.0,0,0,0,163.764602661133,3.0,8,5,2,15905,0,0,1,1,0,0,1.0,0
15905-33-11-1,1,2,54.0,1,0.0,1,0,0,163.764602661133,3.0,8,5,4,15905,0,0,1,1,0,0,0.0,0
15905-37-11-1,1,2,71.0,1,0.0,0,0,0,163.764602661133,1.0,8,5,1,15905,0,0,1,1,0,0,0.0,0
15911-17-11-1,1,2,63.0,1,1.0,0,0,0,167.209548950195,1.0,8,5,1,15911,0,0,1,1,0,0,1.0,0
15911-19-11-1,1,1,83.0,1,0.0,0,0,0,167.209548950195,1.0,8,5,1,15911,0,0,1,1,0,0,0.0,0
15911-20-11-1,1,2,49.0,1,1.0,0,0,0,167.209548950195,3.0,8,5,2,15911,0,0,1,1,0,0,1.0,0
15911-32-11-1,1,1,53.0,1,1.0,0,0,0,167.209548950195,3.0,8,5,7,15911,0,0,1,1,0,0,1.0,0
15911-41-11-1,1,1,61.0,1,1.0,0,0,0,167.209548950195,3.0,8,5,3,15911,0,0,1,1,0,0,1.0,0
15911-42-11-1,1,1,57.0,1,1.0,0,0,0,167.209548950195,1.0,8,5,3,15911,0,0,1,1,0,0,1.0,0
15911-46-11-1,1,1,58.0,1,1.0,0,0,0,167.209548950195,6.0,8,5,4,15911,0,0,1,1,0,0,1.0,0
15919-1-11-1,1,2,62.0,1,1.0,0,0,0,167.209548950195,1.0,6,5,2,15919,0,0,1,1,0,0,1.0,0
15919-10-11-1,1,2,60.0,1,1.0,0,0,0,167.209548950195,3.0,6,5,1,15919,1,0,1,1,0,1,1.0,1
15919-19-11-1,1,2,64.0,1,0.0,0,0,0,167.209548950195,3.0,6,5,1,15919,0,0,1,1,0,0,0.0,0
15919-69-11-1,1,1,62.0,1,1.0,0,0,0,167.209548950195,4.0,6,5,1,15919,0,0,1,1,0,0,1.0,0
15919-77-11-1,1,1,58.0,1,1.0,0,0,0,167.209548950195,4.0,6,5,4,15919,0,0,1,1,0,0,1.0,0
15919-84-11-1,1,1,62.0,1,1.0,0,0,0,167.209548950195,3.0,6,5,4,15919,0,0,1,1,0,0,1.0,0
15920-3-11-1,1,1,81.0,1,1.0,0,0,0,179.438827514648,3.0,6,5,2,15920,0,0,1,1,0,0,1.0,0
15920-7-11-1,1,1,40.0,1,1.0,0,0,0,179.438827514648,6.0,6,5,1,15920,1,0,1,1,0,1,1.0,1
15920-20-11-1,1,2,27.0,1,0.0,0,0,0,179.438827514648,6.0,6,5,2,15920,0,0,1,1,0,0,0.0,0
15920-30-11-1,1,1,62.0,1,1.0,0,0,0,179.438827514648,1.0,6,5,1,15920,0,0,1,1,0,0,1.0,0
15920-35-11-1,1,1,74.0,1,1.0,0,0,0,179.438827514648,3.0,6,5,1,15920,1,0,1,1,0,1,1.0,1
15921-1-11-1,1,2,64.0,1,1.0,0,0,0,169.707336425781,1.0,7,5,1,15921,0,0,1,1,0,0,1.0,0
15921-3-11-1,1,1,80.0,1,1.0,0,0,0,169.707336425781,1.0,7,5,3,15921,0,0,1,1,0,0,1.0,0
15921-4-11-1,1,1,58.0,1,1.0,0,0,0,169.707336425781,4.0,7,5,4,15921,0,0,1,1,0,0,1.0,0
15921-256-11-1,1,1,60.0,1,1.0,0,0,0,169.707336425781,4.0,7,5,3,15921,0,0,1,1,0,0,1.0,0
15921-258-11-1,1,1,66.0,1,1.0,0,0,0,169.707336425781,3.0,7,5,2,15921,0,0,1,1,0,0,1.0,0
15921-260-11-1,1,1,46.0,1,1.0,0,0,0,169.707336425781,4.0,7,5,2,15921,0,0,1,1,0,0,1.0,0
15922-29-11-1,1,2,74.0,1,1.0,0,0,0,163.764602661133,1.0,7,5,7,15922,0,0,1,1,0,0,1.0,0
15922-208-11-1,1,1,35.0,1,1.0,0,0,0,163.764602661133,5.0,7,5,4,15922,0,1,1,1,0,0,1.0,0
15922-209-11-1,1,2,81.0,1,1.0,0,0,0,163.764602661133,1.0,7,5,1,15922,0,0,1,1,0,0,1.0,0
15922-210-11-1,1,1,37.0,1,1.0,0,0,0,163.764602661133,4.0,7,5,4,15922,0,0,1,1,0,0,1.0,0
15922-211-11-1,1,1,52.0,1,1.0,0,0,0,163.764602661133,3.0,7,5,5,15922,0,0,1,1,0,0,1.0,0
15923-55-11-1,1,1,34.0,1,1.0,0,0,0,179.438827514648,5.0,7,5,4,15923,0,0,1,1,0,0,1.0,0
15923-56-11-1,1,1,41.0,1,1.0,0,0,0,179.438827514648,3.0,7,5,4,15923,0,0,1,1,0,0,1.0,0
15923-164-11-1,1,1,49.0,1,1.0,0,0,0,179.438827514648,5.0,7,5,4,15923,0,0,1,1,0,0,1.0,0
15923-166-11-1,1,1,47.0,1,1.0,0,0,0,179.438827514648,3.0,7,5,3,15923,0,0,1,1,0,0,1.0,0
15923-167-11-1,1,2,63.0,1,0.0,0,0,0,179.438827514648,1.0,7,5,1,15923,0,0,1,1,0,0,0.0,0
15924-23-11-1,1,1,44.0,1,1.0,0,0,0,167.209548950195,4.0,8,5,6,15924,0,0,1,1,0,0,1.0,0
15924-88-11-1,1,2,37.0,1,1.0,0,0,0,167.209548950195,6.0,8,5,3,15924,0,0,1,1,0,0,1.0,0
15924-89-11-1,1,2,62.0,1,1.0,0,0,0,167.209548950195,1.0,8,5,2,15924,0,0,1,1,0,0,1.0,0
15924-90-11-1,1,1,47.0,1,0.0,0,0,0,167.209548950195,4.0,8,5,8,15924,0,0,1,1,0,0,0.0,0
15926-4-11-1,1,1,56.0,1,1.0,0,0,0,169.707336425781,6.0,6,5,5,15926,0,0,1,1,0,0,1.0,0
15926-38-11-1,1,2,71.0,1,1.0,0,0,0,169.707336425781,3.0,6,5,1,15926,0,0,1,1,0,0,1.0,0
15926-45-11-1,1,2,72.0,1,1.0,0,0,0,169.707336425781,3.0,6,5,2,15926,0,0,1,1,0,0,1.0,0
15926-75-11-1,1,2,56.0,1,0.0,1,1,0,169.707336425781,4.0,6,5,1,15926,0,0,1,1,0,0,0.0,0
15927-23-11-1,1,2,46.0,1,1.0,0,0,0,179.438827514648,5.0,6,5,2,15927,0,0,1,1,0,0,1.0,0
15927-31-11-1,1,1,79.0,1,1.0,0,0,0,179.438827514648,3.0,6,5,2,15927,0,0,1,1,0,0,1.0,0
15927-50-11-1,1,1,48.0,1,0.0,0,0,0,179.438827514648,8.0,6,5,4,15927,1,0,1,1,0,1,0.0,1
15927-60-11-1,1,2,60.0,1,1.0,0,0,0,179.438827514648,3.0,6,5,1,15927,0,0,1,1,0,0,1.0,0
15927-135-11-1,1,2,53.0,1,1.0,0,0,0,179.438827514648,3.0,6,5,3,15927,0,0,1,1,0,0,1.0,0
15927-147-11-1,1,1,47.0,1,1.0,0,0,0,179.438827514648,6.0,6,5,1,15927,0,0,1,1,0,0,1.0,0
15928-93-11-1,1,2,57.0,1,1.0,0,0,0,167.209548950195,1.0,7,5,2,15928,0,0,1,1,0,0,1.0,0
15928-94-11-1,1,2,37.0,1,1.0,0,0,0,167.209548950195,3.0,7,5,3,15928,0,0,1,1,0,0,1.0,0
15928-241-11-1,1,1,29.0,1,1.0,0,0,0,167.209548950195,6.0,7,5,3,15928,0,0,1,1,0,0,1.0,0
15928-254-11-1,1,1,53.0,1,1.0,0,0,0,167.209548950195,4.0,7,5,5,15928,0,0,1,1,0,0,1.0,0
15930-21-11-1,1,1,73.0,1,1.0,0,0,0,179.438827514648,4.0,7,5,2,15930,0,0,1,1,0,0,1.0,0
15930-24-11-1,1,1,77.0,1,1.0,0,0,0,179.438827514648,4.0,7,5,2,15930,0,0,1,1,0,0,1.0,0
15930-44-11-1,1,1,70.0,1,1.0,0,0,0,179.438827514648,6.0,7,5,1,15930,0,0,1,1,0,0,1.0,0
15931-6-11-1,1,2,74.0,1,1.0,0,0,0,169.707336425781,1.0,8,5,1,15931,0,0,1,1,0,0,1.0,0
15931-7-11-1,1,1,23.0,1,1.0,0,0,0,169.707336425781,4.0,8,5,3,15931,0,0,1,1,0,0,1.0,0
15931-33-11-1,1,1,61.0,1,1.0,0,0,0,169.707336425781,3.0,8,5,1,15931,0,0,1,1,0,0,1.0,0
15931-34-11-1,1,1,49.0,1,1.0,0,0,0,169.707336425781,4.0,8,5,5,15931,0,0,1,1,0,0,1.0,0
15931-35-11-1,1,1,69.0,1,1.0,0,0,0,169.707336425781,5.0,8,5,2,15931,0,0,1,1,0,0,1.0,0
15931-38-11-1,1,1,61.0,1,1.0,0,0,0,169.707336425781,5.0,8,5,2,15931,0,0,1,1,0,0,1.0,0
15932-13-11-1,1,1,62.0,1,1.0,0,0,0,167.209548950195,4.0,6,5,1,15932,0,0,1,1,0,0,1.0,0
15932-28-11-1,1,1,40.0,1,1.0,0,0,0,167.209548950195,6.0,6,5,4,15932,0,0,1,1,0,0,1.0,0
15932-73-11-1,1,1,67.0,1,1.0,0,0,0,167.209548950195,1.0,6,5,2,15932,0,0,1,1,0,0,1.0,0
15932-121-11-1,1,1,57.0,1,0.0,0,0,0,167.209548950195,5.0,6,5,3,15932,0,0,1,1,0,0,0.0,0
15932-136-11-1,1,1,60.0,1,1.0,0,0,0,167.209548950195,4.0,6,5,4,15932,0,0,1,1,0,0,1.0,0
15932-177-11-1,1,1,51.0,1,1.0,0,0,0,167.209548950195,6.0,6,5,5,15932,0,0,1,1,0,0,1.0,0
15933-20-11-1,1,2,82.0,1,1.0,0,0,0,179.438827514648,1.0,6,5,1,15933,0,0,1,1,0,0,1.0,0
15933-25-11-1,1,2,68.0,1,1.0,0,0,0,179.438827514648,3.0,6,5,1,15933,0,0,1,1,0,0,1.0,0
15933-63-11-1,1,2,88.0,1,1.0,0,0,0,179.438827514648,1.0,6,5,1,15933,0,0,1,1,0,0,1.0,0
15933-74-11-1,1,1,57.0,1,1.0,0,0,0,179.438827514648,6.0,6,5,3,15933,0,0,1,1,0,0,1.0,0
15934-4-11-1,1,1,46.0,1,1.0,0,0,0,167.209548950195,4.0,7,5,5,15934,0,0,1,1,0,0,1.0,0
15934-54-11-1,1,1,50.0,1,1.0,0,0,0,167.209548950195,3.0,7,5,4,15934,0,0,1,1,0,0,1.0,0
15934-58-11-1,1,1,39.0,1,1.0,0,0,0,167.209548950195,6.0,7,5,3,15934,0,0,1,1,0,0,1.0,0
15934-60-11-1,1,1,35.0,1,1.0,1,0,0,167.209548950195,6.0,7,5,5,15934,0,0,1,1,0,0,1.0,0
15934-61-11-1,1,1,73.0,1,1.0,0,0,0,167.209548950195,3.0,7,5,2,15934,0,0,1,1,0,0,1.0,0
15935-21-11-1,1,1,41.0,1,1.0,0,0,0,179.438827514648,5.0,7,5,5,15935,0,0,1,1,0,0,1.0,0
15935-22-11-1,1,1,46.0,1,1.0,0,0,0,179.438827514648,5.0,7,5,2,15935,0,0,1,1,0,0,1.0,0
15935-23-11-1,1,1,65.0,1,1.0,0,0,0,179.438827514648,3.0,7,5,4,15935,0,0,1,1,0,0,1.0,0
15935-123-11-1,1,1,56.0,1,1.0,0,0,0,179.438827514648,3.0,7,5,3,15935,0,0,1,1,0,0,1.0,0
15935-128-11-1,1,2,33.0,1,1.0,0,0,0,179.438827514648,5.0,7,5,2,15935,0,0,1,1,0,0,1.0,0
15935-129-11-1,1,2,62.0,1,1.0,0,0,0,179.438827514648,1.0,7,5,1,15935,0,0,1,1,0,0,1.0,0
15937-6-11-1,1,1,49.0,1,1.0,0,0,0,163.764602661133,5.0,8,5,5,15937,0,0,1,1,0,0,1.0,0
15937-8-11-1,1,1,26.0,1,1.0,0,0,0,163.764602661133,7.0,8,5,2,15937,0,0,1,1,0,0,1.0,0
15937-61-11-1,1,1,50.0,1,1.0,0,0,0,163.764602661133,3.0,8,5,3,15937,0,0,1,1,0,0,1.0,0
15937-63-11-1,1,2,57.0,1,1.0,0,0,0,163.764602661133,3.0,8,5,1,15937,0,0,1,1,0,0,1.0,0
15937-65-11-1,1,1,72.0,1,1.0,0,0,0,163.764602661133,3.0,8,5,2,15937,0,0,1,1,0,0,1.0,0
15937-67-11-1,1,2,70.0,1,1.0,0,0,0,163.764602661133,1.0,8,5,1,15937,0,0,1,1,0,0,1.0,0
15949-4-11-1,1,1,59.0,1,1.0,0,0,0,118.913909912109,3.0,7,7,2,15949,0,0,1,1,0,0,1.0,0
15949-71-11-1,1,2,60.0,1,1.0,0,0,0,118.913909912109,3.0,7,7,1,15949,0,0,1,1,0,0,1.0,0
15949-72-11-1,1,1,56.0,1,1.0,0,0,0,118.913909912109,3.0,7,7,1,15949,0,0,1,1,0,0,1.0,0
15949-76-11-1,1,1,94.0,1,1.0,0,0,0,118.913909912109,3.0,7,7,2,15949,0,0,1,1,0,0,1.0,0
15949-78-11-1,1,2,46.0,1,1.0,0,0,0,118.913909912109,5.0,7,7,3,15949,0,0,1,1,0,0,1.0,0
15949-79-11-1,1,1,42.0,1,1.0,0,0,0,118.913909912109,3.0,7,7,4,15949,0,0,1,1,0,0,1.0,0
15950-50-11-1,1,1,56.0,1,1.0,0,0,0,118.913909912109,4.0,7,7,3,15950,1,0,1,1,0,1,1.0,1
15950-51-11-1,1,2,61.0,1,1.0,0,0,0,118.913909912109,3.0,7,7,3,15950,0,0,1,1,0,0,1.0,0
15950-52-11-1,1,2,50.0,1,1.0,0,0,0,118.913909912109,3.0,7,7,3,15950,0,0,1,1,0,0,1.0,0
15950-461-11-1,1,1,27.0,1,1.0,0,0,0,118.913909912109,5.0,7,7,3,15950,0,0,1,1,0,0,1.0,0
15950-462-11-1,1,1,68.0,1,1.0,0,0,0,118.913909912109,3.0,7,7,1,15950,0,0,1,1,0,0,1.0,0
15950-463-11-1,1,2,38.0,1,1.0,0,0,0,118.913909912109,5.0,7,7,3,15950,0,0,1,1,0,0,1.0,0
15954-25-11-1,1,2,54.0,1,1.0,0,0,0,466.294311523438,3.0,2,4,2,15954,0,0,1,1,0,0,1.0,0
15954-123-11-1,1,1,40.0,1,0.0,1,1,0,466.294311523438,6.0,2,4,4,15954,0,1,1,1,0,0,0.0,0
15954-151-11-1,1,1,47.0,1,0.0,1,0,0,466.294311523438,3.0,2,4,7,15954,0,0,1,1,0,0,0.0,0
15962-39-11-1,1,1,41.0,1,0.0,1,1,0,5.91268682479858,11.0,2,4,4,15962,0,0,1,1,0,0,0.0,0
15962-57-11-1,1,1,59.0,1,1.0,1,1,0,5.91268682479858,6.0,2,4,3,15962,0,0,1,1,0,0,1.0,0
15962-135-11-1,1,2,40.0,1,1.0,1,0,0,5.91268682479858,7.0,2,4,3,15962,0,0,1,1,0,0,1.0,0
15962-154-11-1,1,2,61.0,1,0.0,0,0,0,5.91268682479858,10.0,2,4,6,15962,0,0,1,1,0,0,0.0,0
15973-50-11-1,1,2,32.0,1,1.0,1,1,0,15.0877227783203,6.0,2,4,4,15973,0,0,1,1,0,0,1.0,0
15975-4-11-1,1,1,38.0,1,0.0,1,1,0,523.268432617188,8.0,2,4,4,15975,0,0,1,1,0,0,0.0,0
15975-15-11-1,1,2,40.0,1,1.0,0,0,0,523.268432617188,3.0,2,4,4,15975,0,0,1,1,0,0,1.0,0
15975-26-11-1,1,1,19.0,1,1.0,1,1,0,523.268432617188,7.0,2,4,1,15975,0,0,1,1,0,0,1.0,0
15975-58-11-1,1,2,79.0,1,1.0,0,0,0,523.268432617188,1.0,2,4,2,15975,0,0,1,1,0,0,1.0,0
15975-69-11-1,1,2,76.0,1,1.0,0,0,0,523.268432617188,6.0,2,4,1,15975,0,0,1,1,0,0,1.0,0
15976-12-11-1,1,1,43.0,1,0.0,1,0,0,525.006713867188,10.0,2,4,5,15976,0,0,1,1,0,0,0.0,0
15976-58-11-1,1,1,32.0,1,0.0,1,0,0,525.006713867188,9.0,2,4,3,15976,1,0,1,1,0,1,0.0,1
15977-67-11-1,1,2,29.0,1,0.0,1,1,0,511.204467773438,10.0,2,4,2,15977,1,0,1,1,0,1,0.0,1
15977-83-11-1,1,1,41.0,1,1.0,1,0,0,511.204467773438,10.0,2,4,4,15977,1,0,1,1,0,1,1.0,1
15978-4-11-1,1,1,70.0,1,1.0,0,0,0,54.0282592773438,4.0,2,4,2,15978,0,0,1,1,0,0,1.0,0
15978-61-11-1,1,2,74.0,1,1.0,0,0,0,54.0282592773438,4.0,2,4,2,15978,0,0,1,1,0,0,1.0,0
15980-94-11-1,1,2,47.0,1,1.0,0,0,0,586.256713867188,8.0,2,4,2,15980,0,0,1,1,0,0,1.0,0
15982-39-11-1,1,2,37.0,1,0.0,1,1,0,52.9195404052734,10.0,2,4,2,15982,0,0,1,1,0,0,0.0,0
15982-98-11-1,1,2,48.0,1,1.0,1,1,0,52.9195404052734,6.0,2,4,2,15982,0,0,1,1,0,0,1.0,0
15982-111-11-1,1,1,69.0,1,0.0,0,0,0,52.9195404052734,6.0,2,4,1,15982,1,0,1,1,0,1,0.0,1
16005-13-11-1,1,1,61.0,1,1.0,0,0,0,691.538208007813,3.0,5,4,5,16005,0,1,1,1,0,0,1.0,0
16007-5-11-1,1,1,76.0,1,1.0,0,0,0,487.965240478516,3.0,5,4,2,16007,0,0,1,1,0,0,1.0,0
16007-30-11-1,1,1,41.0,1,1.0,1,0,0,487.965240478516,4.0,5,4,5,16007,0,1,1,1,0,0,1.0,0
16007-42-11-1,1,2,65.0,1,1.0,0,0,0,487.965240478516,1.0,5,4,2,16007,0,0,1,1,0,0,1.0,0
16007-66-11-1,1,2,62.0,1,1.0,0,0,0,487.965240478516,1.0,5,4,3,16007,0,0,1,1,0,0,1.0,0
16007-79-11-1,1,1,60.0,1,1.0,0,0,0,487.965240478516,4.0,5,4,6,16007,0,0,1,1,0,0,1.0,0
16008-45-11-1,1,2,39.0,1,0.0,0,0,0,586.256713867188,8.0,5,4,1,16008,0,0,1,1,0,0,0.0,0
16008-108-11-1,1,2,44.0,1,1.0,0,0,0,586.256713867188,8.0,5,4,4,16008,0,0,1,1,0,0,1.0,0
16009-37-11-1,1,2,62.0,1,1.0,0,0,0,700.008972167969,1.0,5,4,3,16009,0,0,1,1,0,0,1.0,0
16009-47-11-1,1,1,86.0,1,1.0,0,0,0,700.008972167969,1.0,5,4,3,16009,0,0,1,1,0,0,1.0,0
16010-42-11-1,1,2,59.0,1,1.0,0,0,0,681.60595703125,8.0,5,4,1,16010,0,0,1,1,0,0,1.0,0
16010-57-11-1,1,2,75.0,1,1.0,0,0,0,681.60595703125,1.0,5,4,2,16010,0,0,1,1,0,0,1.0,0
16010-71-11-1,1,1,37.0,1,1.0,0,0,0,681.60595703125,4.0,5,4,4,16010,0,0,1,1,0,0,1.0,0
16011-11-11-1,1,1,48.0,1,1.0,0,0,0,544.533813476563,6.0,5,4,4,16011,0,0,1,1,0,0,1.0,0
16011-47-11-1,1,1,54.0,1,0.0,0,0,0,544.533813476563,6.0,5,4,4,16011,0,0,1,1,0,0,0.0,0
16011-117-11-1,1,2,63.0,1,0.0,0,0,0,544.533813476563,8.0,5,4,1,16011,0,0,1,1,0,0,0.0,0
16012-37-11-1,1,1,41.0,1,0.0,1,0,0,466.294311523438,10.0,5,4,4,16012,1,0,1,1,0,1,0.0,1
16012-57-11-1,1,1,68.0,1,1.0,0,0,0,466.294311523438,4.0,5,4,6,16012,0,1,1,1,0,0,1.0,0
16012-119-11-1,1,2,36.0,1,1.0,0,0,0,466.294311523438,4.0,5,4,5,16012,0,1,1,1,0,0,1.0,0
16012-140-11-1,1,2,81.0,1,1.0,0,0,0,466.294311523438,3.0,5,4,2,16012,0,0,1,1,0,0,1.0,0
16030-2-11-1,1,2,87.0,1,1.0,0,0,0,197.899108886719,1.0,3,7,1,16030,0,0,1,1,0,0,1.0,0
16031-11-11-1,1,1,55.0,1,0.0,0,0,0,158.894134521484,8.0,5,7,1,16031,0,0,1,1,0,0,0.0,0
16031-63-11-1,1,1,68.0,1,1.0,0,0,0,158.894134521484,9.0,5,7,2,16031,0,0,1,1,0,0,1.0,0
16031-88-11-1,1,2,56.0,1,1.0,1,1,0,158.894134521484,8.0,5,7,4,16031,0,0,1,1,0,0,1.0,0
16032-31-11-1,1,1,61.0,1,1.0,0,0,0,849.8828125,4.0,5,7,2,16032,0,0,1,1,0,0,1.0,0
16032-47-11-1,1,2,43.0,1,1.0,0,0,0,849.8828125,6.0,5,7,3,16032,0,0,1,1,0,0,1.0,0
16033-10-11-1,1,1,40.0,1,1.0,0,0,0,158.894134521484,11.0,3,7,3,16033,0,0,1,1,0,0,1.0,0
16033-28-11-1,1,1,29.0,1,1.0,0,0,0,158.894134521484,4.0,3,7,3,16033,0,0,1,1,0,0,1.0,0
16034-3-11-1,1,1,56.0,1,1.0,0,0,0,139.58203125,6.0,3,7,5,16034,0,0,1,1,0,0,1.0,0
16034-33-11-1,1,2,50.0,1,0.0,0,0,0,139.58203125,4.0,3,7,3,16034,0,0,1,1,0,0,0.0,0
16034-77-11-1,1,2,37.0,1,1.0,0,0,0,139.58203125,5.0,3,7,1,16034,0,1,1,1,0,0,1.0,0
16042-5-11-1,1,1,64.0,1,1.0,0,0,0,132.078247070313,1.0,7,1,2,16042,0,1,1,1,0,0,1.0,0
16042-8-11-1,1,1,39.0,1,1.0,0,0,0,132.078247070313,6.0,7,1,5,16042,1,1,1,1,0,1,1.0,1
16042-129-11-1,1,1,62.0,1,1.0,0,0,0,132.078247070313,4.0,7,1,2,16042,0,0,1,1,0,0,1.0,0
16042-130-11-1,1,1,82.0,1,1.0,0,0,0,132.078247070313,3.0,7,1,2,16042,0,0,1,1,0,0,1.0,0
16042-133-11-1,1,2,39.0,1,1.0,0,0,0,132.078247070313,3.0,7,1,3,16042,0,1,1,1,0,0,1.0,0
16042-134-11-1,1,1,94.0,1,1.0,0,0,0,132.078247070313,1.0,7,1,2,16042,0,0,1,1,0,0,1.0,0
16043-97-11-1,1,1,31.0,1,1.0,0,0,0,93.906623840332,6.0,7,1,8,16043,0,0,1,1,0,0,1.0,0
16043-98-11-1,1,1,33.0,1,1.0,1,0,0,93.906623840332,6.0,7,1,3,16043,0,0,1,1,0,0,1.0,0
16043-99-11-1,1,2,91.0,1,1.0,0,0,0,93.906623840332,3.0,7,1,1,16043,0,0,1,1,0,0,1.0,0
16043-100-11-1,1,1,32.0,1,1.0,0,0,0,93.906623840332,5.0,7,1,3,16043,0,1,1,1,0,0,1.0,0
16043-236-11-1,1,2,46.0,1,1.0,1,0,0,93.906623840332,1.0,7,1,2,16043,0,1,1,1,0,0,1.0,0
16043-239-11-1,1,1,37.0,1,1.0,0,0,0,93.906623840332,4.0,7,1,4,16043,0,1,1,1,0,0,1.0,0
16043-240-11-1,1,2,54.0,1,1.0,1,0,0,93.906623840332,3.0,7,1,1,16043,1,0,1,1,0,1,1.0,1
16083-26-11-1,1,2,62.0,1,1.0,0,0,0,334.858489990234,3.0,6,4,2,16083,0,0,1,1,0,0,1.0,0
16083-40-11-1,1,2,73.0,1,1.0,0,0,0,334.858489990234,3.0,6,4,4,16083,0,0,1,1,0,0,1.0,0
16083-49-11-1,1,1,56.0,1,0.0,0,0,0,334.858489990234,4.0,6,4,3,16083,0,0,1,1,0,0,0.0,0
16083-55-11-1,1,1,67.0,1,0.0,0,0,0,334.858489990234,4.0,6,4,1,16083,0,0,1,1,0,0,0.0,0
16083-63-11-1,1,2,63.0,1,1.0,0,0,0,334.858489990234,3.0,6,4,2,16083,0,0,1,1,0,0,1.0,0
16083-69-11-1,1,1,44.0,1,0.0,0,0,0,334.858489990234,6.0,6,4,3,16083,0,0,1,1,0,0,0.0,0
16105-2-11-1,1,1,79.0,1,1.0,0,0,0,352.102783203125,3.0,6,4,2,16105,0,0,1,1,0,0,1.0,0
16105-12-11-1,1,2,70.0,1,1.0,0,0,0,352.102783203125,3.0,6,4,1,16105,0,0,1,1,0,0,1.0,0
16105-40-11-1,1,1,32.0,1,1.0,0,0,0,352.102783203125,6.0,6,4,3,16105,0,1,1,1,0,0,1.0,0
16105-59-11-1,1,2,39.0,1,1.0,0,0,0,352.102783203125,3.0,6,4,4,16105,0,0,1,1,0,0,1.0,0
16105-77-11-1,1,1,50.0,1,0.0,1,1,0,352.102783203125,7.0,6,4,5,16105,0,0,1,1,0,0,0.0,0
16105-86-11-1,1,1,35.0,1,1.0,0,0,0,352.102783203125,6.0,6,4,3,16105,0,1,1,1,0,0,1.0,0
16106-104-11-1,1,1,63.0,1,1.0,0,0,0,352.576293945313,5.0,7,4,2,16106,0,0,1,1,0,0,1.0,0
16106-290-11-1,1,1,43.0,1,1.0,0,0,0,352.576293945313,3.0,7,4,4,16106,0,0,1,1,0,0,1.0,0
16106-291-11-1,1,2,79.0,1,1.0,0,0,0,352.576293945313,1.0,7,4,1,16106,0,0,1,1,0,0,1.0,0
16106-292-11-1,1,1,70.0,1,1.0,0,0,0,352.576293945313,3.0,7,4,2,16106,0,0,1,1,0,0,1.0,0
16107-54-11-1,1,2,60.0,1,1.0,0,0,0,334.858489990234,1.0,7,4,1,16107,0,0,1,1,0,0,1.0,0
16107-55-11-1,1,1,69.0,1,1.0,0,0,0,334.858489990234,4.0,7,4,2,16107,0,0,1,1,0,0,1.0,0
16107-136-11-1,1,1,66.0,1,1.0,0,0,0,334.858489990234,4.0,7,4,2,16107,0,0,1,1,0,0,1.0,0
16107-138-11-1,1,1,40.0,1,1.0,0,0,0,334.858489990234,3.0,7,4,3,16107,0,0,1,1,0,0,1.0,0
16107-139-11-1,1,2,83.0,1,1.0,0,0,0,334.858489990234,3.0,7,4,1,16107,0,0,1,1,0,0,1.0,0
16107-140-11-1,1,2,42.0,1,1.0,0,0,0,334.858489990234,4.0,7,4,3,16107,0,0,1,1,0,0,1.0,0
16108-37-11-1,1,2,50.0,1,1.0,0,0,0,330.590240478516,4.0,7,4,2,16108,0,0,1,1,0,0,1.0,0
16108-38-11-1,1,1,60.0,1,1.0,0,0,0,330.590240478516,4.0,7,4,2,16108,0,0,1,1,0,0,1.0,0
16108-39-11-1,1,1,63.0,1,1.0,0,0,0,330.590240478516,6.0,7,4,2,16108,0,0,1,1,0,0,1.0,0
16108-40-11-1,1,1,85.0,1,1.0,0,0,0,330.590240478516,3.0,7,4,2,16108,0,0,1,1,0,0,1.0,0
16108-117-11-1,1,1,53.0,1,1.0,0,0,0,330.590240478516,6.0,7,4,3,16108,0,0,1,1,0,0,1.0,0
16108-118-11-1,1,1,44.0,1,1.0,0,0,0,330.590240478516,6.0,7,4,4,16108,0,0,1,1,0,0,1.0,0
16108-119-11-1,1,2,62.0,1,1.0,0,0,0,330.590240478516,3.0,7,4,5,16108,0,0,1,1,0,0,1.0,0
16108-120-11-1,1,1,46.0,1,1.0,0,0,0,330.590240478516,6.0,7,4,5,16108,0,0,1,1,0,0,1.0,0
16109-33-11-1,1,1,36.0,1,1.0,0,0,0,352.102783203125,3.0,7,4,6,16109,0,0,1,1,0,0,1.0,0
16109-35-11-1,1,1,53.0,1,1.0,0,0,0,352.102783203125,1.0,7,4,3,16109,0,0,1,1,0,0,1.0,0
16109-36-11-1,1,1,46.0,1,1.0,0,0,0,352.102783203125,6.0,7,4,6,16109,0,0,1,1,0,0,1.0,0
16109-232-11-1,1,1,73.0,1,1.0,0,0,0,352.102783203125,3.0,7,4,3,16109,0,0,1,1,0,0,1.0,0
16109-233-11-1,1,1,54.0,1,1.0,0,0,0,352.102783203125,6.0,7,4,3,16109,0,0,1,1,0,0,1.0,0
16109-234-11-1,1,2,81.0,1,1.0,0,0,0,352.102783203125,1.0,7,4,1,16109,0,1,1,1,0,0,1.0,0
16109-235-11-1,1,2,34.0,1,1.0,1,0,0,352.102783203125,4.0,7,4,4,16109,0,0,1,1,0,0,1.0,0
16111-57-11-1,1,2,75.0,1,1.0,0,0,0,352.576293945313,1.0,8,4,1,16111,0,0,1,1,0,0,1.0,0
16111-60-11-1,1,1,51.0,1,1.0,0,0,0,352.576293945313,4.0,8,4,5,16111,0,0,1,1,0,0,1.0,0
16111-121-11-1,1,1,56.0,1,1.0,0,0,0,352.576293945313,6.0,8,4,4,16111,0,0,1,1,0,0,1.0,0
16111-122-11-1,1,1,38.0,1,1.0,0,0,0,352.576293945313,4.0,8,4,4,16111,0,0,1,1,0,0,1.0,0
16111-123-11-1,1,1,45.0,1,0.0,0,0,0,352.576293945313,5.0,8,4,3,16111,0,0,1,1,0,0,0.0,0
16111-124-11-1,1,1,56.0,1,1.0,0,0,0,352.576293945313,4.0,8,4,3,16111,0,0,1,1,0,0,1.0,0
16114-33-11-1,1,1,26.0,1,0.0,0,0,0,334.858489990234,6.0,7,4,3,16114,0,0,1,1,0,0,0.0,0
16114-34-11-1,1,2,73.0,1,1.0,0,0,0,334.858489990234,1.0,7,4,2,16114,0,0,1,1,0,0,1.0,0
16114-441-11-1,1,1,27.0,1,1.0,0,0,0,334.858489990234,5.0,7,4,5,16114,0,0,1,1,0,0,1.0,0
16114-442-11-1,1,2,55.0,1,1.0,0,0,0,334.858489990234,1.0,7,4,3,16114,0,0,1,1,0,0,1.0,0
16114-443-11-1,1,1,74.0,1,1.0,0,0,0,334.858489990234,1.0,7,4,2,16114,0,0,1,1,0,0,1.0,0
16114-444-11-1,1,1,89.0,1,1.0,0,0,0,334.858489990234,3.0,7,4,2,16114,0,0,1,1,0,0,1.0,0
16115-41-11-1,1,2,56.0,1,1.0,0,0,0,330.590240478516,3.0,7,4,2,16115,0,0,1,1,0,0,1.0,0
16115-42-11-1,1,1,76.0,1,1.0,0,0,0,330.590240478516,3.0,7,4,2,16115,0,0,1,1,0,0,1.0,0
16115-43-11-1,1,2,47.0,1,1.0,0,0,0,330.590240478516,4.0,7,4,3,16115,0,0,1,1,0,0,1.0,0
16115-44-11-1,1,1,56.0,1,1.0,0,0,0,330.590240478516,3.0,7,4,1,16115,0,0,1,1,0,0,1.0,0
16115-244-11-1,1,2,49.0,1,1.0,0,0,0,330.590240478516,3.0,7,4,2,16115,0,0,1,1,0,0,1.0,0
16115-245-11-1,1,2,74.0,1,1.0,0,0,0,330.590240478516,3.0,7,4,1,16115,0,0,1,1,0,0,1.0,0
16115-246-11-1,1,1,88.0,1,1.0,0,0,0,330.590240478516,3.0,7,4,3,16115,0,0,1,1,0,0,1.0,0
16115-248-11-1,1,2,48.0,1,1.0,0,0,0,330.590240478516,5.0,7,4,2,16115,0,0,1,1,0,0,1.0,0
16116-450-11-1,1,1,68.0,1,1.0,0,0,0,330.590240478516,1.0,7,4,2,16116,0,0,1,1,0,0,1.0,0
16116-451-11-1,1,1,64.0,1,1.0,0,0,0,330.590240478516,4.0,7,4,4,16116,0,0,1,1,0,0,1.0,0
16116-452-11-1,1,1,66.0,1,1.0,0,0,0,330.590240478516,1.0,7,4,1,16116,0,1,1,1,0,0,1.0,0
16116-942-11-1,1,1,50.0,1,1.0,0,0,0,330.590240478516,1.0,7,4,6,16116,0,1,1,1,0,0,1.0,0
16116-943-11-1,1,1,37.0,1,1.0,0,0,0,330.590240478516,3.0,7,4,4,16116,0,0,1,1,0,0,1.0,0
16116-944-11-1,1,2,36.0,1,1.0,0,0,0,330.590240478516,3.0,7,4,2,16116,0,0,1,1,0,0,1.0,0
16116-945-11-1,1,1,68.0,1,1.0,0,0,0,330.590240478516,3.0,7,4,3,16116,0,1,1,1,0,0,1.0,0
16117-249-11-1,1,2,52.0,1,1.0,0,0,0,352.102783203125,1.0,7,4,3,16117,0,0,1,1,0,0,1.0,0
16117-251-11-1,1,1,46.0,1,1.0,0,0,0,352.102783203125,3.0,7,4,3,16117,0,0,1,1,0,0,1.0,0
16117-517-11-1,1,1,72.0,1,1.0,0,0,0,352.102783203125,3.0,7,4,5,16117,0,0,1,1,0,0,1.0,0
16117-518-11-1,1,1,53.0,1,1.0,0,0,0,352.102783203125,4.0,7,4,3,16117,0,0,1,1,0,0,1.0,0
16117-520-11-1,1,1,39.0,1,1.0,1,0,0,352.102783203125,4.0,7,4,5,16117,0,0,1,1,0,0,1.0,0
16118-10-11-1,1,1,54.0,1,1.0,0,0,0,330.590240478516,3.0,8,4,4,16118,0,0,1,1,0,0,1.0,0
16118-11-11-1,1,1,57.0,1,1.0,0,0,0,330.590240478516,4.0,8,4,2,16118,0,0,1,1,0,0,1.0,0
16118-12-11-1,1,1,52.0,1,1.0,0,0,0,330.590240478516,3.0,8,4,4,16118,0,0,1,1,0,0,1.0,0
16118-48-11-1,1,1,41.0,1,1.0,0,0,0,330.590240478516,4.0,8,4,5,16118,0,0,1,1,0,0,1.0,0
16118-49-11-1,1,1,51.0,1,1.0,0,0,0,330.590240478516,3.0,8,4,4,16118,0,0,1,1,0,0,1.0,0
16118-50-11-1,1,1,40.0,1,1.0,0,0,0,330.590240478516,4.0,8,4,3,16118,0,0,1,1,0,0,1.0,0
16119-54-11-1,1,1,56.0,1,1.0,0,0,0,334.858489990234,4.0,7,4,4,16119,1,0,1,1,0,1,1.0,1
16119-55-11-1,1,1,58.0,1,1.0,0,0,0,334.858489990234,4.0,7,4,3,16119,0,0,1,1,0,0,1.0,0
16119-111-11-1,1,1,49.0,1,1.0,0,0,0,334.858489990234,4.0,7,4,2,16119,0,0,1,1,0,0,1.0,0
16119-113-11-1,1,1,70.0,1,1.0,0,0,0,334.858489990234,3.0,7,4,2,16119,0,0,1,1,0,0,1.0,0
16119-116-11-1,1,1,36.0,1,1.0,0,0,0,334.858489990234,6.0,7,4,5,16119,1,0,1,1,0,1,1.0,1
16120-61-11-1,1,1,54.0,1,1.0,0,0,0,330.590240478516,3.0,7,4,3,16120,0,0,1,1,0,0,1.0,0
16120-62-11-1,1,1,62.0,1,1.0,0,0,0,330.590240478516,4.0,7,4,4,16120,0,0,1,1,0,0,1.0,0
16120-63-11-1,1,1,46.0,1,1.0,0,0,0,330.590240478516,4.0,7,4,5,16120,0,0,1,1,0,0,1.0,0
16120-64-11-1,1,1,41.0,1,1.0,0,0,0,330.590240478516,6.0,7,4,3,16120,0,0,1,1,0,0,1.0,0
16120-202-11-1,1,1,39.0,1,1.0,0,0,0,330.590240478516,4.0,7,4,2,16120,0,0,1,1,0,0,1.0,0
16120-203-11-1,1,1,73.0,1,1.0,0,0,0,330.590240478516,4.0,7,4,2,16120,0,0,1,1,0,0,1.0,0
16120-204-11-1,1,1,66.0,1,1.0,0,0,0,330.590240478516,3.0,7,4,1,16120,0,0,1,1,0,0,1.0,0
16121-105-11-1,1,2,62.0,1,1.0,0,0,0,352.102783203125,3.0,7,4,3,16121,0,0,1,1,0,0,1.0,0
16121-106-11-1,1,2,36.0,1,1.0,0,0,0,352.102783203125,3.0,7,4,4,16121,0,0,1,1,0,0,1.0,0
16121-107-11-1,1,1,60.0,1,1.0,0,0,0,352.102783203125,4.0,7,4,6,16121,0,0,1,1,0,0,1.0,0
16121-108-11-1,1,1,47.0,1,1.0,0,0,0,352.102783203125,1.0,7,4,5,16121,0,0,1,1,0,0,1.0,0
16121-282-11-1,1,2,53.0,1,1.0,0,0,0,352.102783203125,1.0,7,4,2,16121,0,0,1,1,0,0,1.0,0
16121-283-11-1,1,1,57.0,1,1.0,0,0,0,352.102783203125,3.0,7,4,4,16121,0,0,1,1,0,0,1.0,0
16121-284-11-1,1,1,38.0,1,1.0,0,0,0,352.102783203125,4.0,7,4,4,16121,1,0,1,1,0,1,1.0,1
16122-294-11-1,1,1,62.0,1,1.0,0,0,0,352.576293945313,3.0,7,4,2,16122,0,0,1,1,0,0,1.0,0
16122-295-11-1,1,2,74.0,1,1.0,0,0,0,352.576293945313,1.0,7,4,1,16122,0,0,1,1,0,0,1.0,0
16122-296-11-1,1,1,79.0,1,1.0,0,0,0,352.576293945313,3.0,7,4,3,16122,0,0,1,1,0,0,1.0,0
16122-610-11-1,1,1,40.0,1,1.0,0,0,0,352.576293945313,4.0,7,4,5,16122,1,0,1,1,0,1,1.0,1
16122-611-11-1,1,2,80.0,1,1.0,0,0,0,352.576293945313,1.0,7,4,1,16122,0,0,1,1,0,0,1.0,0
16122-612-11-1,1,1,55.0,1,1.0,0,0,0,352.576293945313,3.0,7,4,5,16122,0,0,1,1,0,0,1.0,0
16122-613-11-1,1,1,50.0,1,1.0,0,0,0,352.576293945313,4.0,7,4,5,16122,0,0,1,1,0,0,1.0,0
16123-81-11-1,1,2,71.0,1,1.0,0,0,0,352.576293945313,1.0,7,4,2,16123,0,0,1,1,0,0,1.0,0
16123-82-11-1,1,1,69.0,1,1.0,0,0,0,352.576293945313,4.0,7,4,2,16123,0,0,1,1,0,0,1.0,0
16123-84-11-1,1,1,54.0,1,1.0,0,0,0,352.576293945313,4.0,7,4,5,16123,0,0,1,1,0,0,1.0,0
16123-141-11-1,1,1,72.0,1,1.0,0,0,0,352.576293945313,3.0,7,4,1,16123,0,0,1,1,0,0,1.0,0
16123-142-11-1,1,1,70.0,1,1.0,0,0,0,352.576293945313,3.0,7,4,3,16123,0,0,1,1,0,0,1.0,0
16123-143-11-1,1,1,38.0,1,1.0,0,0,0,352.576293945313,4.0,7,4,3,16123,0,0,1,1,0,0,1.0,0
16123-144-11-1,1,2,59.0,1,1.0,0,0,0,352.576293945313,3.0,7,4,2,16123,0,0,1,1,0,0,1.0,0
16124-2-11-1,1,1,46.0,1,1.0,0,0,0,352.102783203125,3.0,7,4,6,16124,0,1,1,1,0,0,1.0,0
16124-3-11-1,1,1,79.0,1,1.0,0,0,0,352.102783203125,1.0,7,4,1,16124,0,0,1,1,0,0,1.0,0
16124-4-11-1,1,2,69.0,1,1.0,0,0,0,352.102783203125,3.0,7,4,3,16124,0,0,1,1,0,0,1.0,0
16124-89-11-1,1,1,29.0,1,1.0,0,0,0,352.102783203125,4.0,7,4,3,16124,0,1,1,1,0,0,1.0,0
16124-90-11-1,1,2,50.0,1,1.0,0,0,0,352.102783203125,1.0,7,4,1,16124,0,0,1,1,0,0,1.0,0
16124-91-11-1,1,1,33.0,1,1.0,0,0,0,352.102783203125,3.0,7,4,6,16124,0,0,1,1,0,0,1.0,0
16124-92-11-1,1,1,75.0,1,1.0,0,0,0,352.102783203125,1.0,7,4,1,16124,0,0,1,1,0,0,1.0,0
16125-13-11-1,1,1,66.0,1,1.0,0,0,0,352.576293945313,3.0,8,4,4,16125,0,0,1,1,0,0,1.0,0
16125-14-11-1,1,1,41.0,1,1.0,0,0,0,352.576293945313,3.0,8,4,4,16125,0,0,1,1,0,0,1.0,0
16125-16-11-1,1,2,58.0,1,1.0,0,0,0,352.576293945313,1.0,8,4,1,16125,0,0,1,1,0,0,1.0,0
16125-100-11-1,1,1,40.0,1,1.0,0,0,0,352.576293945313,6.0,8,4,5,16125,0,0,1,1,0,0,1.0,0
16125-102-11-1,1,1,90.0,1,1.0,0,0,0,352.576293945313,4.0,8,4,2,16125,0,0,1,1,0,0,1.0,0
16125-104-11-1,1,2,72.0,1,1.0,0,0,0,352.576293945313,3.0,8,4,1,16125,0,0,1,1,0,0,1.0,0
16153-69-11-1,1,1,32.0,1,1.0,0,0,0,230.468078613281,4.0,7,7,4,16153,0,0,1,1,0,0,1.0,0
16153-71-11-1,1,1,59.0,1,1.0,0,0,0,230.468078613281,4.0,7,7,3,16153,0,0,1,1,0,0,1.0,0
16153-72-11-1,1,1,48.0,1,1.0,0,0,0,230.468078613281,4.0,7,7,3,16153,0,0,1,1,0,0,1.0,0
16153-301-11-1,1,1,71.0,1,0.0,0,0,0,230.468078613281,4.0,7,7,2,16153,0,0,1,1,0,0,0.0,0
16153-303-11-1,1,1,29.0,1,0.0,0,0,0,230.468078613281,6.0,7,7,4,16153,0,0,1,1,0,0,0.0,0
16154-29-11-1,1,1,57.0,1,0.0,0,0,0,238.379196166992,3.0,7,7,5,16154,0,0,1,1,0,0,0.0,0
16154-30-11-1,1,1,43.0,1,1.0,0,0,0,238.379196166992,8.0,7,7,4,16154,0,0,1,1,0,0,1.0,0
16154-31-11-1,1,1,50.0,1,1.0,0,0,0,238.379196166992,5.0,7,7,5,16154,0,0,1,1,0,0,1.0,0
16154-32-11-1,1,1,48.0,1,1.0,0,0,0,238.379196166992,3.0,7,7,3,16154,0,0,1,1,0,0,1.0,0
16154-129-11-1,1,1,50.0,1,1.0,0,0,0,238.379196166992,4.0,7,7,3,16154,0,0,1,1,0,0,1.0,0
16154-130-11-1,1,1,80.0,1,1.0,0,0,0,238.379196166992,1.0,7,7,2,16154,0,0,1,1,0,0,1.0,0
16154-131-11-1,1,1,58.0,1,1.0,0,0,0,238.379196166992,4.0,7,7,3,16154,0,0,1,1,0,0,1.0,0
16154-132-11-1,1,2,56.0,1,1.0,0,0,0,238.379196166992,3.0,7,7,2,16154,0,0,1,1,0,0,1.0,0
16155-13-11-1,1,1,32.0,1,0.0,0,0,0,264.215789794922,4.0,8,7,4,16155,0,1,1,1,0,0,0.0,0
16155-14-11-1,1,1,65.0,1,1.0,0,0,0,264.215789794922,4.0,8,7,4,16155,0,0,1,1,0,0,1.0,0
16155-16-11-1,1,1,63.0,1,1.0,0,0,0,264.215789794922,4.0,8,7,2,16155,0,0,1,1,0,0,1.0,0
16155-69-11-1,1,1,70.0,1,1.0,0,0,0,264.215789794922,3.0,8,7,2,16155,0,0,1,1,0,0,1.0,0
16155-72-11-1,1,2,62.0,1,1.0,0,0,0,264.215789794922,4.0,8,7,2,16155,0,0,1,1,0,0,1.0,0
16156-54-11-1,1,1,37.0,1,1.0,0,0,0,264.215789794922,4.0,7,7,5,16156,0,0,1,1,0,0,1.0,0
16156-55-11-1,1,1,60.0,1,0.0,0,0,0,264.215789794922,5.0,7,7,4,16156,0,0,1,1,0,0,0.0,0
16156-56-11-1,1,2,58.0,1,1.0,0,0,0,264.215789794922,3.0,7,7,6,16156,0,0,1,1,0,0,1.0,0
16156-325-11-1,1,1,32.0,1,1.0,0,0,0,264.215789794922,6.0,7,7,4,16156,0,0,1,1,0,0,1.0,0
16156-326-11-1,1,1,50.0,1,1.0,0,0,0,264.215789794922,3.0,7,7,3,16156,0,0,1,1,0,0,1.0,0
16156-327-11-1,1,1,60.0,1,1.0,0,0,0,264.215789794922,3.0,7,7,8,16156,0,0,1,1,0,0,1.0,0
16156-328-11-1,1,1,68.0,1,1.0,0,0,0,264.215789794922,3.0,7,7,4,16156,0,0,1,1,0,0,1.0,0
16157-45-11-1,1,1,67.0,1,1.0,0,0,0,230.468078613281,4.0,7,7,1,16157,0,0,1,1,0,0,1.0,0
16157-46-11-1,1,2,75.0,1,1.0,0,0,0,230.468078613281,1.0,7,7,1,16157,0,0,1,1,0,0,1.0,0
16157-48-11-1,1,1,53.0,1,1.0,0,0,0,230.468078613281,3.0,7,7,4,16157,0,0,1,1,0,0,1.0,0
16157-180-11-1,1,1,39.0,1,1.0,0,0,0,230.468078613281,3.0,7,7,3,16157,0,0,1,1,0,0,1.0,0
16157-181-11-1,1,1,28.0,1,1.0,0,0,0,230.468078613281,3.0,7,7,4,16157,0,0,1,1,0,0,1.0,0
16157-184-11-1,1,1,53.0,1,1.0,0,0,0,230.468078613281,3.0,7,7,3,16157,0,1,1,1,0,0,1.0,0
16158-25-11-1,1,1,82.0,1,1.0,0,0,0,238.379196166992,4.0,6,7,4,16158,0,0,1,1,0,0,1.0,0
16158-39-11-1,1,2,68.0,1,1.0,0,0,0,238.379196166992,1.0,6,7,1,16158,0,0,1,1,0,0,1.0,0
16158-65-11-1,1,1,45.0,1,1.0,0,0,0,238.379196166992,4.0,6,7,5,16158,0,0,1,1,0,0,1.0,0
16158-92-11-1,1,1,71.0,1,1.0,0,0,0,238.379196166992,3.0,6,7,2,16158,0,0,1,1,0,0,1.0,0
16158-117-11-1,1,1,40.0,1,1.0,0,0,0,238.379196166992,3.0,6,7,1,16158,0,0,1,1,0,0,1.0,0
16158-130-11-1,1,2,60.0,1,1.0,0,0,0,238.379196166992,6.0,6,7,1,16158,0,0,1,1,0,0,1.0,0
16159-14-11-1,1,2,79.0,1,1.0,0,0,0,264.215789794922,3.0,7,7,3,16159,0,0,1,1,0,0,1.0,0
16159-15-11-1,1,2,38.0,1,1.0,0,0,0,264.215789794922,4.0,7,7,4,16159,0,0,1,1,0,0,1.0,0
16159-90-11-1,1,2,40.0,1,1.0,0,0,0,264.215789794922,4.0,7,7,2,16159,0,0,1,1,0,0,1.0,0
16159-91-11-1,1,1,53.0,1,1.0,0,0,0,264.215789794922,4.0,7,7,2,16159,0,0,1,1,0,0,1.0,0
16159-92-11-1,1,1,40.0,1,1.0,0,0,0,264.215789794922,6.0,7,7,4,16159,0,0,1,1,0,0,1.0,0
16161-33-11-1,1,1,43.0,1,1.0,0,0,0,261.951019287109,6.0,8,7,6,16161,0,0,1,1,0,0,1.0,0
16161-34-11-1,1,1,65.0,1,1.0,0,0,0,261.951019287109,4.0,8,7,3,16161,0,0,1,1,0,0,1.0,0
16161-35-11-1,1,1,57.0,1,1.0,0,0,0,261.951019287109,1.0,8,7,1,16161,0,0,1,1,0,0,1.0,0
16161-36-11-1,1,1,32.0,1,1.0,0,0,0,261.951019287109,6.0,8,7,3,16161,1,0,1,1,0,1,1.0,1
16161-103-11-1,1,1,94.0,1,1.0,0,0,0,261.951019287109,4.0,8,7,4,16161,0,0,1,1,0,0,1.0,0
16161-104-11-1,1,1,32.0,1,1.0,0,0,0,261.951019287109,6.0,8,7,5,16161,0,0,1,1,0,0,1.0,0
16161-105-11-1,1,2,62.0,1,1.0,0,0,0,261.951019287109,4.0,8,7,3,16161,0,0,1,1,0,0,1.0,0
16212-32-11-1,1,2,44.0,1,0.0,0,0,0,314.084320068359,10.0,1,8,3,16212,0,0,1,1,0,0,0.0,0
16212-144-11-1,1,1,27.0,1,0.0,1,1,0,314.084320068359,10.0,1,8,1,16212,0,0,1,1,0,0,0.0,0
16275-21-11-1,1,1,59.0,1,1.0,1,1,0,280.151947021484,5.0,1,8,5,16275,0,0,1,1,0,0,1.0,0
16277-98-11-1,1,2,24.0,1,0.0,1,1,0,131.164047241211,8.0,1,8,4,16277,0,0,1,1,0,0,0.0,0
16277-113-11-1,1,1,55.0,1,1.0,1,0,0,131.164047241211,6.0,1,8,9,16277,0,0,1,1,0,0,1.0,0
16277-127-11-1,1,2,30.0,1,0.0,1,1,0,131.164047241211,10.0,1,8,2,16277,0,0,1,1,0,0,0.0,0
16278-65-11-1,1,2,53.0,1,0.0,1,0,0,110.749877929688,6.0,1,8,2,16278,0,0,1,1,0,0,0.0,0
16279-92-11-1,1,2,65.0,1,1.0,1,1,0,314.084320068359,6.0,1,8,3,16279,0,0,1,1,0,0,1.0,0
16280-175-11-1,1,2,30.0,1,1.0,0,0,0,105.456718444824,6.0,1,8,3,16280,0,0,1,1,0,0,1.0,0
16283-168-11-1,1,1,70.0,1,0.0,0,0,0,386.01806640625,10.0,1,8,2,16283,0,0,1,1,0,0,0.0,0
16284-15-11-1,1,1,41.0,1,0.0,1,0,0,600.870788574219,6.0,1,8,4,16284,0,0,1,1,0,0,0.0,0
16284-26-11-1,1,1,43.0,1,1.0,0,0,0,600.870788574219,6.0,1,8,5,16284,0,0,1,1,0,0,1.0,0
16284-39-11-1,1,2,37.0,1,0.0,1,0,0,600.870788574219,6.0,1,8,4,16284,0,0,1,1,0,0,0.0,0
16284-51-11-1,1,1,42.0,1,0.0,1,1,0,600.870788574219,8.0,1,8,2,16284,0,0,1,1,0,0,0.0,0
16284-64-11-1,1,1,51.0,1,0.0,1,0,0,600.870788574219,6.0,1,8,7,16284,0,0,1,1,0,0,0.0,0
16284-91-11-1,1,1,34.0,1,1.0,1,1,0,600.870788574219,10.0,1,8,4,16284,0,0,1,1,0,0,1.0,0
16285-58-11-1,1,1,73.0,1,1.0,1,0,0,408.504821777344,3.0,1,8,2,16285,0,0,1,1,0,0,1.0,0
16285-82-11-1,1,1,67.0,1,1.0,0,0,0,408.504821777344,7.0,1,8,2,16285,0,0,1,1,0,0,1.0,0
16285-155-11-1,1,1,74.0,1,1.0,0,0,0,408.504821777344,5.0,1,8,2,16285,0,0,1,1,0,0,1.0,0
16286-112-11-1,1,1,37.0,1,0.0,0,0,0,408.605529785156,6.0,1,8,1,16286,0,0,1,1,0,0,0.0,0
16287-31-11-1,1,1,48.0,1,1.0,1,1,0,282.701507568359,6.0,1,8,2,16287,0,0,1,1,0,0,1.0,0
16287-55-11-1,1,1,42.0,1,1.0,0,0,0,282.701507568359,4.0,1,8,4,16287,0,0,1,1,0,0,1.0,0
16287-66-11-1,1,1,40.0,1,0.0,0,0,0,282.701507568359,3.0,1,8,4,16287,0,0,1,1,0,0,0.0,0
16288-66-11-1,1,1,54.0,1,1.0,1,1,0,279.561218261719,6.0,1,8,2,16288,0,0,1,1,0,0,1.0,0
16288-84-11-1,1,1,41.0,1,1.0,0,0,0,279.561218261719,4.0,1,8,5,16288,0,0,1,1,0,0,1.0,0
16288-101-11-1,1,1,39.0,1,1.0,0,0,0,279.561218261719,6.0,1,8,5,16288,0,0,1,1,0,0,1.0,0
16289-64-11-1,1,1,21.0,1,1.0,0,0,0,280.151947021484,6.0,1,8,3,16289,0,0,1,1,0,0,1.0,0
16289-93-11-1,1,2,62.0,1,0.0,1,1,0,280.151947021484,5.0,1,8,4,16289,0,0,1,1,0,0,0.0,0
16290-108-11-1,1,2,25.0,1,1.0,0,0,0,278.125274658203,6.0,1,8,3,16290,0,0,1,1,0,0,1.0,0
16291-11-11-1,1,2,56.0,1,1.0,0,0,0,455.030456542969,6.0,1,8,2,16291,0,0,1,1,0,0,1.0,0
16291-138-11-1,1,2,58.0,1,0.0,0,0,0,455.030456542969,8.0,1,8,3,16291,0,0,1,1,0,0,0.0,0
16292-129-11-1,1,1,31.0,1,0.0,1,1,0,306.454162597656,10.0,1,8,2,16292,0,0,1,1,0,0,0.0,0
16294-112-11-1,1,1,62.0,1,1.0,0,0,0,131.164047241211,6.0,1,8,3,16294,0,0,1,1,0,0,1.0,0
16295-47-11-1,1,2,46.0,1,0.0,1,1,0,289.513549804688,7.0,1,8,2,16295,0,0,1,1,0,0,0.0,0
16295-154-11-1,1,1,71.0,1,1.0,0,0,0,289.513549804688,6.0,1,8,3,16295,0,0,1,1,0,0,1.0,0
16296-79-11-1,1,1,32.0,1,1.0,1,1,0,486.023803710938,6.0,1,8,3,16296,0,0,1,1,0,0,1.0,0
16296-147-11-1,1,1,39.0,1,0.0,1,0,0,486.023803710938,6.0,1,8,2,16296,0,0,1,1,0,0,0.0,0
16297-4-11-1,1,1,46.0,1,0.0,1,1,0,280.151947021484,7.0,1,8,5,16297,0,0,1,1,0,0,0.0,0
16297-64-11-1,1,1,24.0,1,1.0,1,0,0,280.151947021484,8.0,1,8,2,16297,0,0,1,1,0,0,1.0,0
16297-95-11-1,1,1,47.0,1,0.0,1,0,0,280.151947021484,6.0,1,8,3,16297,0,0,1,1,0,0,0.0,0
16298-65-11-1,1,1,69.0,1,1.0,1,0,0,408.504821777344,10.0,1,8,1,16298,0,0,1,1,0,0,1.0,0
16298-107-11-1,1,1,28.0,1,1.0,0,0,0,408.504821777344,6.0,1,8,1,16298,0,0,1,1,0,0,1.0,0
16301-3-11-1,1,1,37.0,1,1.0,0,0,0,282.701507568359,5.0,1,8,4,16301,1,0,1,1,0,1,1.0,1
16301-73-11-1,1,1,49.0,1,0.0,0,0,0,282.701507568359,5.0,1,8,6,16301,0,0,1,1,0,0,0.0,0
16302-61-11-1,1,1,49.0,1,1.0,1,1,0,278.125274658203,6.0,1,8,4,16302,0,0,1,1,0,0,1.0,0
16303-151-11-1,1,1,44.0,1,0.0,0,0,0,408.605529785156,8.0,1,8,4,16303,0,0,1,1,0,0,0.0,0
16304-71-11-1,1,1,33.0,1,1.0,0,0,0,280.151947021484,8.0,1,8,6,16304,0,0,1,1,0,0,1.0,0
16304-83-11-1,1,1,48.0,1,1.0,1,1,0,280.151947021484,6.0,1,8,4,16304,0,0,1,1,0,0,1.0,0
16305-27-11-1,1,2,28.0,1,0.0,1,0,0,114.660278320313,10.0,1,8,1,16305,0,0,1,1,0,0,0.0,0
16305-179-11-1,1,1,62.0,1,0.0,0,0,0,114.660278320313,11.0,1,8,3,16305,1,0,1,1,0,1,0.0,1
16308-25-11-1,1,2,69.0,1,1.0,0,0,0,289.513549804688,4.0,1,8,2,16308,0,0,1,1,0,0,1.0,0
16308-60-11-1,1,2,88.0,1,1.0,0,0,0,289.513549804688,4.0,1,8,5,16308,0,0,1,1,0,0,1.0,0
16308-108-11-1,1,1,68.0,1,1.0,0,0,0,289.513549804688,6.0,1,8,4,16308,0,0,1,1,0,0,1.0,0
16309-11-11-1,1,1,34.0,1,0.0,1,1,0,306.378601074219,6.0,1,8,3,16309,0,1,1,1,0,0,0.0,0
16309-28-11-1,1,1,46.0,1,0.0,1,0,0,306.378601074219,8.0,1,8,4,16309,0,0,1,1,0,0,0.0,0
16309-79-11-1,1,1,56.0,1,1.0,0,0,0,306.378601074219,6.0,1,8,5,16309,0,0,1,1,0,0,1.0,0
16309-112-11-1,1,1,52.0,1,0.0,0,0,0,306.378601074219,10.0,1,8,3,16309,0,1,1,1,0,0,0.0,0
16311-12-11-1,1,2,62.0,1,1.0,0,0,0,606.707275390625,3.0,1,8,9,16311,0,0,1,1,0,0,1.0,0
16311-64-11-1,1,2,48.0,1,1.0,1,1,0,606.707275390625,9.0,1,8,3,16311,0,0,1,1,0,0,1.0,0
16311-82-11-1,1,1,75.0,1,1.0,0,0,0,606.707275390625,4.0,1,8,7,16311,0,0,1,1,0,0,1.0,0
16312-8-11-1,1,2,36.0,1,1.0,1,1,0,282.701507568359,6.0,1,8,4,16312,0,0,1,1,0,0,1.0,0
16312-27-11-1,1,1,61.0,1,1.0,0,0,0,282.701507568359,9.0,1,8,5,16312,0,0,1,1,0,0,1.0,0
16312-55-11-1,1,1,61.0,1,1.0,0,0,0,282.701507568359,5.0,1,8,4,16312,0,0,1,1,0,0,1.0,0
16313-84-11-1,1,2,75.0,1,1.0,0,0,0,600.870788574219,3.0,1,8,4,16313,0,0,1,1,0,0,1.0,0
16313-181-11-1,1,1,63.0,1,0.0,0,0,0,600.870788574219,8.0,1,8,3,16313,0,1,1,1,0,0,0.0,0
16314-29-11-1,1,2,38.0,1,1.0,1,0,0,648.03173828125,5.0,1,8,3,16314,1,0,1,1,0,1,1.0,1
16314-101-11-1,1,2,78.0,1,1.0,0,0,0,648.03173828125,6.0,1,8,2,16314,0,0,1,1,0,0,1.0,0
16315-3-11-1,1,2,42.0,1,1.0,1,0,0,280.151947021484,6.0,1,8,4,16315,0,0,1,1,0,0,1.0,0
16315-48-11-1,1,2,40.0,1,0.0,1,1,0,280.151947021484,6.0,1,8,3,16315,1,0,1,1,0,1,0.0,1
16315-63-11-1,1,1,64.0,1,0.0,1,0,0,280.151947021484,6.0,1,8,5,16315,0,0,1,1,0,0,0.0,0
16315-79-11-1,1,1,36.0,1,0.0,1,0,0,280.151947021484,9.0,1,8,4,16315,1,0,1,1,0,1,0.0,1
16316-37-11-1,1,2,35.0,1,0.0,1,1,0,279.561218261719,6.0,1,8,3,16316,0,0,1,1,0,0,0.0,0
16316-57-11-1,1,2,45.0,1,0.0,1,1,0,279.561218261719,8.0,1,8,2,16316,0,0,1,1,0,0,0.0,0
16316-77-11-1,1,1,50.0,1,1.0,0,0,0,279.561218261719,3.0,1,8,5,16316,0,0,1,1,0,0,1.0,0
16316-118-11-1,1,2,52.0,1,1.0,0,0,0,279.561218261719,7.0,1,8,4,16316,0,0,1,1,0,0,1.0,0
16317-75-11-1,1,1,32.0,1,1.0,1,1,0,279.561218261719,6.0,1,8,1,16317,0,0,1,1,0,0,1.0,0
16318-100-11-1,1,1,34.0,1,1.0,1,1,0,278.125274658203,6.0,1,8,5,16318,0,0,1,1,0,0,1.0,0
16318-119-11-1,1,1,33.0,1,1.0,1,1,0,278.125274658203,6.0,1,8,4,16318,0,0,1,1,0,0,1.0,0
16318-152-11-1,1,2,55.0,1,1.0,1,0,0,278.125274658203,5.0,1,8,2,16318,0,0,1,1,0,0,1.0,0
16348-45-11-1,1,1,32.0,1,0.0,1,1,0,218.069488525391,9.0,2,6,1,16348,1,0,1,1,0,1,0.0,1
16348-101-11-1,1,1,50.0,1,0.0,1,1,0,218.069488525391,8.0,2,6,4,16348,1,0,1,1,0,1,0.0,1
16348-115-11-1,1,1,54.0,1,1.0,0,0,0,218.069488525391,8.0,2,6,5,16348,0,0,1,1,0,0,1.0,0
16348-129-11-1,1,1,53.0,1,0.0,0,0,0,218.069488525391,8.0,2,6,7,16348,0,0,1,1,0,0,0.0,0
16362-79-11-1,1,2,64.0,1,0.0,0,0,0,207.137313842773,7.0,2,6,5,16362,0,0,1,1,0,0,0.0,0
16362-175-11-1,1,1,37.0,1,1.0,0,0,0,207.137313842773,6.0,2,6,5,16362,0,0,1,1,0,0,1.0,0
16369-75-11-1,1,2,58.0,1,1.0,0,0,0,28.6183185577393,6.0,2,6,2,16369,0,0,1,1,0,0,1.0,0
16370-49-11-1,1,1,74.0,1,1.0,0,0,0,91.9049453735352,9.0,2,6,1,16370,1,0,1,1,0,1,1.0,1
16371-12-11-1,1,2,62.0,1,1.0,1,0,0,276.18310546875,6.0,2,6,4,16371,0,0,1,1,0,0,1.0,0
16371-32-11-1,1,2,44.0,1,1.0,1,1,0,276.18310546875,3.0,2,6,4,16371,0,0,1,1,0,0,1.0,0
16371-49-11-1,1,2,58.0,1,1.0,0,0,0,276.18310546875,5.0,2,6,2,16371,0,0,1,1,0,0,1.0,0
16371-78-11-1,1,2,58.0,1,0.0,1,1,0,276.18310546875,8.0,2,6,2,16371,1,0,1,1,0,1,0.0,1
16371-92-11-1,1,2,50.0,1,1.0,0,0,0,276.18310546875,1.0,2,6,4,16371,0,0,1,1,0,0,1.0,0
16372-2-11-1,1,1,45.0,1,1.0,0,0,0,751.828430175781,5.0,2,6,4,16372,0,0,1,1,0,0,1.0,0
16372-8-11-1,1,2,53.0,1,1.0,0,0,0,751.828430175781,4.0,2,6,2,16372,0,0,1,1,0,0,1.0,0
16372-39-11-1,1,2,52.0,1,1.0,0,0,0,751.828430175781,6.0,2,6,2,16372,0,0,1,1,0,0,1.0,0
16372-45-11-1,1,1,41.0,1,1.0,0,0,0,751.828430175781,6.0,2,6,4,16372,1,0,1,1,0,1,1.0,1
16373-2-11-1,1,1,63.0,1,0.0,0,0,0,218.069488525391,9.0,2,6,4,16373,0,0,1,1,0,0,0.0,0
16373-20-11-1,1,1,49.0,1,1.0,0,0,0,218.069488525391,6.0,2,6,4,16373,0,0,1,1,0,0,1.0,0
16374-27-11-1,1,2,29.0,1,1.0,1,1,0,534.753356933594,6.0,2,6,3,16374,0,0,1,1,0,0,1.0,0
16374-53-11-1,1,1,64.0,1,0.0,0,0,0,534.753356933594,10.0,2,6,4,16374,0,0,1,1,0,0,0.0,0
16374-104-11-1,1,1,54.0,1,1.0,0,0,0,534.753356933594,6.0,2,6,2,16374,0,0,1,1,0,0,1.0,0
16374-117-11-1,1,1,33.0,1,1.0,1,1,0,534.753356933594,6.0,2,6,2,16374,0,0,1,1,0,0,1.0,0
16375-34-11-1,1,2,62.0,1,1.0,0,0,0,284.042633056641,8.0,2,6,1,16375,0,0,1,1,0,0,1.0,0
16375-79-11-1,1,1,53.0,1,1.0,1,0,0,284.042633056641,6.0,2,6,2,16375,0,0,1,1,0,0,1.0,0
16375-124-11-1,1,2,47.0,1,1.0,0,0,0,284.042633056641,6.0,2,6,4,16375,0,0,1,1,0,0,1.0,0
16375-168-11-1,1,1,61.0,1,1.0,0,0,0,284.042633056641,6.0,2,6,2,16375,0,0,1,1,0,0,1.0,0
16376-38-11-1,1,2,61.0,1,1.0,0,0,0,689.856140136719,5.0,2,6,3,16376,0,0,1,1,0,0,1.0,0
16376-69-11-1,1,1,46.0,1,1.0,1,0,0,689.856140136719,6.0,2,6,4,16376,0,0,1,1,0,0,1.0,0
16376-85-11-1,1,1,53.0,1,0.0,0,0,0,689.856140136719,4.0,2,6,5,16376,0,0,1,1,0,0,0.0,0
16376-117-11-1,1,1,28.0,1,1.0,1,0,0,689.856140136719,7.0,2,6,3,16376,1,0,1,1,0,1,1.0,1
16377-65-11-1,1,1,59.0,1,0.0,1,1,0,198.582977294922,11.0,2,6,2,16377,0,0,1,1,0,0,0.0,0
16377-107-11-1,1,2,34.0,1,0.0,1,1,0,198.582977294922,11.0,2,6,2,16377,1,0,1,1,0,1,0.0,1
16379-85-11-1,1,2,33.0,1,1.0,1,1,0,534.753356933594,5.0,2,6,3,16379,0,0,1,1,0,0,1.0,0
16379-100-11-1,1,2,58.0,1,1.0,0,0,0,534.753356933594,6.0,2,6,3,16379,0,0,1,1,0,0,1.0,0
16379-130-11-1,1,2,66.0,1,0.0,1,1,0,534.753356933594,3.0,2,6,3,16379,0,0,1,1,0,0,0.0,0
16380-36-11-1,1,2,62.0,1,0.0,1,0,0,213.031982421875,10.0,2,6,2,16380,0,0,1,1,0,0,0.0,0
16380-49-11-1,1,1,46.0,1,0.0,1,0,0,213.031982421875,8.0,2,6,2,16380,0,1,1,1,0,0,0.0,0
16380-63-11-1,1,1,35.0,1,0.0,1,0,0,213.031982421875,5.0,2,6,4,16380,1,0,1,1,0,1,0.0,1
16380-144-11-1,1,1,41.0,1,1.0,1,0,0,213.031982421875,6.0,2,6,6,16380,0,0,1,1,0,0,1.0,0
16381-27-11-1,1,1,69.0,1,1.0,0,0,0,795.343078613281,5.0,2,6,2,16381,0,0,1,1,0,0,1.0,0
16381-42-11-1,1,2,33.0,1,1.0,1,1,0,795.343078613281,10.0,2,6,5,16381,1,0,1,1,0,1,1.0,1
16381-57-11-1,1,1,66.0,1,1.0,0,0,0,795.343078613281,3.0,2,6,5,16381,0,0,1,1,0,0,1.0,0
16381-101-11-1,1,1,52.0,1,1.0,0,0,0,795.343078613281,6.0,2,6,3,16381,1,0,1,1,0,1,1.0,1
16404-7-11-1,1,2,57.0,1,0.0,0,0,0,689.856140136719,8.0,5,6,2,16404,0,0,1,1,0,0,0.0,0
16404-118-11-1,1,2,70.0,1,1.0,0,0,0,689.856140136719,6.0,5,6,2,16404,0,0,1,1,0,0,1.0,0
16404-136-11-1,1,1,77.0,1,0.0,0,0,0,689.856140136719,6.0,5,6,1,16404,0,0,1,1,0,0,0.0,0
16410-28-11-1,1,1,40.0,1,0.0,1,1,0,795.343078613281,8.0,5,6,5,16410,0,0,1,1,0,0,0.0,0
16410-51-11-1,1,2,66.0,1,1.0,0,0,0,795.343078613281,6.0,5,6,1,16410,0,0,1,1,0,0,1.0,0
16416-83-11-1,1,1,47.0,1,1.0,0,0,0,142.340530395508,3.0,4,6,3,16416,0,0,1,1,0,0,1.0,0
16417-24-11-1,1,2,61.0,1,1.0,0,0,0,689.856140136719,3.0,4,6,2,16417,0,0,1,1,0,0,1.0,0
16417-37-11-1,1,1,61.0,1,1.0,0,0,0,689.856140136719,3.0,4,6,3,16417,0,0,1,1,0,0,1.0,0
16417-87-11-1,1,1,57.0,1,1.0,0,0,0,689.856140136719,5.0,4,6,3,16417,0,0,1,1,0,0,1.0,0
16417-111-11-1,1,2,27.0,1,1.0,0,0,0,689.856140136719,7.0,4,6,2,16417,0,0,1,1,0,0,1.0,0
16418-19-11-1,1,1,60.0,1,1.0,0,0,0,795.343078613281,3.0,5,6,3,16418,0,0,1,1,0,0,1.0,0
16418-76-11-1,1,1,38.0,1,0.0,0,0,0,795.343078613281,1.0,5,6,4,16418,0,0,1,1,0,0,0.0,0
16421-44-11-1,1,1,66.0,1,1.0,0,0,0,751.828430175781,6.0,5,6,2,16421,0,0,1,1,0,0,1.0,0
16421-54-11-1,1,1,54.0,1,0.0,0,0,0,751.828430175781,6.0,5,6,5,16421,1,0,1,1,0,1,0.0,1
16421-63-11-1,1,1,34.0,1,1.0,0,0,0,751.828430175781,8.0,5,6,4,16421,1,0,1,1,0,1,1.0,1
16422-2-11-1,1,1,36.0,1,0.0,0,0,0,284.042633056641,6.0,5,6,2,16422,0,0,1,1,0,0,0.0,0
16422-21-11-1,1,1,41.0,1,0.0,1,1,0,284.042633056641,9.0,5,6,3,16422,0,0,1,1,0,0,0.0,0
16422-63-11-1,1,1,62.0,1,0.0,0,0,0,284.042633056641,6.0,5,6,5,16422,0,0,1,1,0,0,0.0,0
16422-84-11-1,1,1,50.0,1,0.0,1,1,0,284.042633056641,6.0,5,6,4,16422,0,0,1,1,0,0,0.0,0
16423-35-11-1,1,2,54.0,1,0.0,0,0,0,689.856140136719,6.0,5,6,7,16423,1,0,1,1,0,1,0.0,1
16424-4-11-1,1,1,53.0,1,1.0,0,0,0,751.828430175781,3.0,5,6,4,16424,0,0,1,1,0,0,1.0,0
16424-16-11-1,1,1,53.0,1,0.0,0,0,0,751.828430175781,3.0,5,6,5,16424,0,0,1,1,0,0,0.0,0
16424-29-11-1,1,1,36.0,1,1.0,0,0,0,751.828430175781,6.0,5,6,5,16424,0,0,1,1,0,0,1.0,0
16425-28-11-1,1,2,63.0,1,1.0,0,0,0,713.004516601563,3.0,5,6,5,16425,0,0,1,1,0,0,1.0,0
16425-47-11-1,1,1,28.0,1,1.0,1,0,0,713.004516601563,6.0,5,6,2,16425,0,0,1,1,0,0,1.0,0
16425-56-11-1,1,2,70.0,1,1.0,0,0,0,713.004516601563,3.0,5,6,2,16425,0,0,1,1,0,0,1.0,0
16425-66-11-1,1,1,71.0,1,1.0,0,0,0,713.004516601563,6.0,5,6,3,16425,0,0,1,1,0,0,1.0,0
16425-75-11-1,1,1,67.0,1,1.0,0,0,0,713.004516601563,4.0,5,6,2,16425,0,0,1,1,0,0,1.0,0
16428-21-11-1,1,2,54.0,1,1.0,0,0,0,751.828430175781,3.0,5,6,1,16428,0,0,1,1,0,0,1.0,0
16428-67-11-1,1,1,44.0,1,1.0,0,0,0,751.828430175781,5.0,5,6,3,16428,0,0,1,1,0,0,1.0,0
16435-50-11-1,1,1,81.0,1,1.0,0,0,0,14.948917388916,1.0,5,7,4,16435,0,0,1,1,0,0,1.0,0
16435-97-11-1,1,2,38.0,1,1.0,0,0,0,14.948917388916,5.0,5,7,3,16435,0,0,1,1,0,0,1.0,0
16436-32-11-1,1,1,32.0,1,0.0,1,1,0,594.073791503906,9.0,5,7,1,16436,1,0,1,1,0,1,0.0,1
16436-46-11-1,1,1,37.0,1,1.0,0,0,0,594.073791503906,6.0,5,7,5,16436,0,0,1,1,0,0,1.0,0
16444-1-11-1,1,1,58.0,1,1.0,0,0,0,302.951477050781,3.0,6,6,2,16444,0,0,1,1,0,0,1.0,0
16444-14-11-1,1,1,57.0,1,1.0,0,0,0,302.951477050781,4.0,6,6,4,16444,0,0,1,1,0,0,1.0,0
16444-117-11-1,1,2,41.0,1,1.0,0,0,0,302.951477050781,6.0,6,6,4,16444,0,0,1,1,0,0,1.0,0
16444-127-11-1,1,1,60.0,1,1.0,0,0,0,302.951477050781,4.0,6,6,3,16444,0,0,1,1,0,0,1.0,0
16460-5-11-1,1,1,56.0,1,1.0,0,0,0,302.951477050781,3.0,8,6,5,16460,0,0,1,1,0,0,1.0,0
16460-6-11-1,1,1,57.0,1,1.0,0,0,0,302.951477050781,4.0,8,6,3,16460,0,0,1,1,0,0,1.0,0
16460-76-11-1,1,1,43.0,1,1.0,1,0,0,302.951477050781,5.0,8,6,5,16460,0,0,1,1,0,0,1.0,0
16460-78-11-1,1,2,80.0,1,1.0,0,0,0,302.951477050781,1.0,8,6,1,16460,0,0,1,1,0,0,1.0,0
16469-169-11-1,1,1,57.0,1,1.0,0,0,0,307.867431640625,3.0,7,6,3,16469,0,0,1,1,0,0,1.0,0
16469-171-11-1,1,1,61.0,1,1.0,0,0,0,307.867431640625,5.0,7,6,2,16469,0,0,1,1,0,0,1.0,0
16469-663-11-1,1,2,48.0,1,1.0,0,0,0,307.867431640625,3.0,7,6,2,16469,0,0,1,1,0,0,1.0,0
16469-664-11-1,1,1,37.0,1,0.0,0,0,0,307.867431640625,5.0,7,6,4,16469,0,0,1,1,0,0,0.0,0
16469-665-11-1,1,2,56.0,1,1.0,0,0,0,307.867431640625,3.0,7,6,5,16469,0,0,1,1,0,0,1.0,0
16469-667-11-1,1,1,69.0,1,1.0,0,0,0,307.867431640625,3.0,7,6,1,16469,0,0,1,1,0,0,1.0,0
16469-668-11-1,1,2,52.0,1,1.0,0,0,0,307.867431640625,3.0,7,6,3,16469,0,0,1,1,0,0,1.0,0
16483-9-11-1,1,2,55.0,1,1.0,0,0,0,273.348999023438,3.0,6,6,3,16483,0,0,1,1,0,0,1.0,0
16483-22-11-1,1,1,49.0,1,1.0,0,0,0,273.348999023438,6.0,6,6,4,16483,1,0,1,1,0,1,1.0,1
16483-47-11-1,1,1,79.0,1,1.0,0,0,0,273.348999023438,3.0,6,6,1,16483,0,0,1,1,0,0,1.0,0
16483-59-11-1,1,2,66.0,1,1.0,0,0,0,273.348999023438,6.0,6,6,3,16483,0,0,1,1,0,0,1.0,0
16483-72-11-1,1,1,80.0,1,1.0,0,0,0,273.348999023438,10.0,6,6,3,16483,0,0,1,1,0,0,1.0,0
16483-85-11-1,1,2,51.0,1,0.0,0,0,0,273.348999023438,10.0,6,6,4,16483,0,0,1,1,0,0,0.0,0
16483-110-11-1,1,2,42.0,1,1.0,0,0,0,273.348999023438,5.0,6,6,5,16483,1,0,1,1,0,1,1.0,1
16483-122-11-1,1,2,53.0,1,1.0,0,0,0,273.348999023438,5.0,6,6,5,16483,0,0,1,1,0,0,1.0,0
16484-126-11-1,1,1,77.0,1,1.0,0,0,0,307.867431640625,4.0,7,6,3,16484,0,0,1,1,0,0,1.0,0
16484-127-11-1,1,2,78.0,1,1.0,0,0,0,307.867431640625,1.0,7,6,1,16484,0,0,1,1,0,0,1.0,0
16484-130-11-1,1,1,54.0,1,1.0,0,0,0,307.867431640625,5.0,7,6,5,16484,0,0,1,1,0,0,1.0,0
16484-131-11-1,1,1,61.0,1,1.0,0,0,0,307.867431640625,3.0,7,6,2,16484,0,0,1,1,0,0,1.0,0
16484-132-11-1,1,1,77.0,1,1.0,0,0,0,307.867431640625,3.0,7,6,1,16484,0,0,1,1,0,0,1.0,0
16485-85-11-1,1,1,55.0,1,1.0,0,0,0,302.951477050781,1.0,7,6,3,16485,0,0,1,1,0,0,1.0,0
16485-86-11-1,1,2,72.0,1,1.0,0,0,0,302.951477050781,1.0,7,6,1,16485,0,0,1,1,0,0,1.0,0
16485-88-11-1,1,2,77.0,1,1.0,1,1,0,302.951477050781,1.0,7,6,2,16485,0,0,1,1,0,0,1.0,0
16485-136-11-1,1,1,81.0,1,1.0,0,0,0,302.951477050781,1.0,7,6,2,16485,0,0,1,1,0,0,1.0,0
16485-138-11-1,1,1,54.0,1,1.0,0,0,0,302.951477050781,3.0,7,6,5,16485,0,0,1,1,0,0,1.0,0
16485-139-11-1,1,2,65.0,1,1.0,0,0,0,302.951477050781,1.0,7,6,2,16485,0,0,1,1,0,0,1.0,0
16486-57-11-1,1,1,46.0,1,1.0,0,0,0,281.27685546875,4.0,7,6,5,16486,0,0,1,1,0,0,1.0,0
16486-59-11-1,1,1,51.0,1,1.0,0,0,0,281.27685546875,4.0,7,6,4,16486,0,0,1,1,0,0,1.0,0
16486-60-11-1,1,1,39.0,1,1.0,0,0,0,281.27685546875,4.0,7,6,5,16486,0,0,1,1,0,0,1.0,0
16486-176-11-1,1,1,33.0,1,1.0,0,0,0,281.27685546875,6.0,7,6,4,16486,0,0,1,1,0,0,1.0,0
16486-179-11-1,1,1,74.0,1,1.0,0,0,0,281.27685546875,3.0,7,6,2,16486,0,0,1,1,0,0,1.0,0
16486-180-11-1,1,1,60.0,1,1.0,0,0,0,281.27685546875,3.0,7,6,3,16486,0,0,1,1,0,0,1.0,0
16487-45-11-1,1,2,70.0,1,1.0,0,0,0,273.348999023438,3.0,7,6,3,16487,0,0,1,1,0,0,1.0,0
16487-46-11-1,1,1,41.0,1,1.0,0,0,0,273.348999023438,6.0,7,6,5,16487,0,0,1,1,0,0,1.0,0
16487-48-11-1,1,2,72.0,1,1.0,0,0,0,273.348999023438,3.0,7,6,1,16487,0,0,1,1,0,0,1.0,0
16487-263-11-1,1,1,78.0,1,1.0,0,0,0,273.348999023438,3.0,7,6,2,16487,0,0,1,1,0,0,1.0,0
16487-264-11-1,1,1,58.0,1,1.0,0,0,0,273.348999023438,6.0,7,6,2,16487,0,0,1,1,0,0,1.0,0
16487-265-11-1,1,1,59.0,1,1.0,0,0,0,273.348999023438,8.0,7,6,6,16487,0,0,1,1,0,0,1.0,0
16487-267-11-1,1,2,54.0,1,1.0,0,0,0,273.348999023438,3.0,7,6,2,16487,0,0,1,1,0,0,1.0,0
16488-6-11-1,1,1,54.0,1,1.0,0,0,0,281.27685546875,3.0,8,6,2,16488,0,0,1,1,0,0,1.0,0
16488-7-11-1,1,1,62.0,1,1.0,0,0,0,281.27685546875,3.0,8,6,2,16488,0,0,1,1,0,0,1.0,0
16488-8-11-1,1,1,75.0,1,1.0,0,0,0,281.27685546875,3.0,8,6,2,16488,0,0,1,1,0,0,1.0,0
16488-58-11-1,1,2,80.0,1,1.0,1,0,0,281.27685546875,1.0,8,6,1,16488,0,0,1,1,0,0,1.0,0
16488-59-11-1,1,2,49.0,1,1.0,0,0,0,281.27685546875,3.0,8,6,3,16488,0,0,1,1,0,0,1.0,0
16488-61-11-1,1,1,68.0,1,1.0,0,0,0,281.27685546875,1.0,8,6,2,16488,0,0,1,1,0,0,1.0,0
16488-62-11-1,1,1,66.0,1,1.0,0,0,0,281.27685546875,3.0,8,6,3,16488,0,0,1,1,0,0,1.0,0
16489-1-11-1,1,2,80.0,1,1.0,0,0,0,273.348999023438,1.0,7,6,1,16489,0,0,1,1,0,0,1.0,0
16489-2-11-1,1,1,62.0,1,1.0,0,0,0,273.348999023438,3.0,7,6,3,16489,0,0,1,1,0,0,1.0,0
16489-3-11-1,1,1,48.0,1,1.0,0,0,0,273.348999023438,3.0,7,6,5,16489,0,0,1,1,0,0,1.0,0
16489-4-11-1,1,1,66.0,1,1.0,0,0,0,273.348999023438,3.0,7,6,1,16489,0,0,1,1,0,0,1.0,0
16489-145-11-1,1,1,35.0,1,1.0,0,0,0,273.348999023438,4.0,7,6,4,16489,0,0,1,1,0,0,1.0,0
16489-146-11-1,1,1,35.0,1,1.0,0,0,0,273.348999023438,3.0,7,6,5,16489,0,0,1,1,0,0,1.0,0
16489-147-11-1,1,1,45.0,1,1.0,0,0,0,273.348999023438,3.0,7,6,7,16489,0,0,1,1,0,0,1.0,0
16489-148-11-1,1,2,82.0,1,1.0,0,0,0,273.348999023438,1.0,7,6,1,16489,0,0,1,1,0,0,1.0,0
16490-270-11-1,1,1,67.0,1,1.0,1,1,0,281.27685546875,3.0,7,6,2,16490,0,0,1,1,0,0,1.0,0
16490-272-11-1,1,1,55.0,1,1.0,0,0,0,281.27685546875,3.0,7,6,5,16490,0,0,1,1,0,0,1.0,0
16490-521-11-1,1,2,56.0,1,1.0,0,0,0,281.27685546875,3.0,7,6,1,16490,0,0,1,1,0,0,1.0,0
16490-523-11-1,1,1,58.0,1,1.0,0,0,0,281.27685546875,3.0,7,6,2,16490,0,0,1,1,0,0,1.0,0
16490-524-11-1,1,1,67.0,1,1.0,0,0,0,281.27685546875,3.0,7,6,1,16490,0,0,1,1,0,0,1.0,0
16490-525-11-1,1,1,61.0,1,1.0,0,0,0,281.27685546875,3.0,7,6,2,16490,0,0,1,1,0,0,1.0,0
16491-130-11-1,1,2,65.0,1,1.0,0,0,0,281.27685546875,3.0,7,6,3,16491,0,0,1,1,0,0,1.0,0
16491-132-11-1,1,1,73.0,1,1.0,0,0,0,281.27685546875,3.0,7,6,2,16491,0,0,1,1,0,0,1.0,0
16491-281-11-1,1,2,46.0,1,1.0,0,0,0,281.27685546875,8.0,7,6,8,16491,0,0,1,1,0,0,1.0,0
16491-282-11-1,1,1,70.0,1,1.0,0,0,0,281.27685546875,3.0,7,6,2,16491,0,0,1,1,0,0,1.0,0
16491-283-11-1,1,1,75.0,1,1.0,0,0,0,281.27685546875,4.0,7,6,1,16491,0,0,1,1,0,0,1.0,0
16491-288-11-1,1,2,75.0,1,1.0,0,0,0,281.27685546875,1.0,7,6,2,16491,0,0,1,1,0,0,1.0,0
16493-18-11-1,1,2,84.0,1,1.0,0,0,0,273.348999023438,1.0,8,6,4,16493,0,0,1,1,0,0,1.0,0
16493-20-11-1,1,1,41.0,1,1.0,0,0,0,273.348999023438,6.0,8,6,5,16493,0,0,1,1,0,0,1.0,0
16493-46-11-1,1,1,67.0,1,1.0,0,0,0,273.348999023438,4.0,8,6,1,16493,0,0,1,1,0,0,1.0,0
16493-47-11-1,1,1,65.0,1,1.0,0,0,0,273.348999023438,5.0,8,6,3,16493,0,0,1,1,0,0,1.0,0
16493-49-11-1,1,2,82.0,1,1.0,0,0,0,273.348999023438,1.0,8,6,1,16493,0,0,1,1,0,0,1.0,0
16493-50-11-1,1,1,42.0,1,1.0,0,0,0,273.348999023438,4.0,8,6,6,16493,0,0,1,1,0,0,1.0,0
16493-51-11-1,1,1,86.0,1,1.0,0,0,0,273.348999023438,3.0,8,6,2,16493,0,0,1,1,0,0,1.0,0
16493-57-11-1,1,1,52.0,1,1.0,0,0,0,273.348999023438,5.0,8,6,4,16493,0,0,1,1,0,0,1.0,0
16494-12-11-1,1,1,52.0,1,0.0,0,0,0,281.27685546875,8.0,6,6,3,16494,0,0,1,1,0,0,0.0,0
16494-29-11-1,1,2,47.0,1,1.0,0,0,0,281.27685546875,4.0,6,6,3,16494,0,0,1,1,0,0,1.0,0
16494-36-11-1,1,2,77.0,1,1.0,0,0,0,281.27685546875,3.0,6,6,1,16494,0,0,1,1,0,0,1.0,0
16494-70-11-1,1,1,65.0,1,0.0,0,0,0,281.27685546875,6.0,6,6,2,16494,0,0,1,1,0,0,0.0,0
16494-78-11-1,1,1,41.0,1,1.0,0,0,0,281.27685546875,6.0,6,6,5,16494,1,0,1,1,0,1,1.0,1
16495-18-11-1,1,1,36.0,1,1.0,0,0,0,281.27685546875,5.0,7,6,5,16495,0,0,1,1,0,0,1.0,0
16495-19-11-1,1,1,83.0,1,1.0,0,0,0,281.27685546875,3.0,7,6,1,16495,0,0,1,1,0,0,1.0,0
16495-20-11-1,1,2,65.0,1,1.0,0,0,0,281.27685546875,4.0,7,6,1,16495,0,0,1,1,0,0,1.0,0
16495-120-11-1,1,1,82.0,1,1.0,0,0,0,281.27685546875,3.0,7,6,1,16495,0,0,1,1,0,0,1.0,0
16495-121-11-1,1,2,54.0,1,1.0,0,0,0,281.27685546875,1.0,7,6,2,16495,0,0,1,1,0,0,1.0,0
16495-122-11-1,1,1,55.0,1,1.0,0,0,0,281.27685546875,3.0,7,6,2,16495,1,0,1,1,0,1,1.0,1
16495-123-11-1,1,1,88.0,1,1.0,0,0,0,281.27685546875,3.0,7,6,1,16495,0,0,1,1,0,0,1.0,0
16495-124-11-1,1,1,64.0,1,1.0,0,0,0,281.27685546875,5.0,7,6,2,16495,0,0,1,1,0,0,1.0,0
16496-2-11-1,1,1,39.0,1,1.0,1,0,0,273.348999023438,6.0,7,6,5,16496,0,0,1,1,0,0,1.0,0
16496-3-11-1,1,1,45.0,1,1.0,0,0,0,273.348999023438,6.0,7,6,3,16496,0,0,1,1,0,0,1.0,0
16496-92-11-1,1,1,48.0,1,1.0,0,0,0,273.348999023438,4.0,7,6,3,16496,0,0,1,1,0,0,1.0,0
16496-93-11-1,1,1,63.0,1,1.0,0,0,0,273.348999023438,5.0,7,6,2,16496,0,0,1,1,0,0,1.0,0
16496-95-11-1,1,2,49.0,1,1.0,0,0,0,273.348999023438,3.0,7,6,1,16496,0,0,1,1,0,0,1.0,0
16496-96-11-1,1,1,52.0,1,1.0,0,0,0,273.348999023438,5.0,7,6,4,16496,0,0,1,1,0,0,1.0,0
16498-73-11-1,1,1,68.0,1,1.0,0,0,0,302.951477050781,4.0,7,6,4,16498,0,0,1,1,0,0,1.0,0
16498-75-11-1,1,2,65.0,1,1.0,0,0,0,302.951477050781,1.0,7,6,1,16498,0,0,1,1,0,0,1.0,0
16498-76-11-1,1,1,56.0,1,1.0,0,0,0,302.951477050781,3.0,7,6,3,16498,0,0,1,1,0,0,1.0,0
16498-155-11-1,1,1,65.0,1,1.0,0,0,0,302.951477050781,3.0,7,6,5,16498,0,0,1,1,0,0,1.0,0
16498-158-11-1,1,1,30.0,1,1.0,0,0,0,302.951477050781,6.0,7,6,4,16498,0,0,1,1,0,0,1.0,0
16498-161-11-1,1,1,61.0,1,1.0,0,0,0,302.951477050781,7.0,7,6,4,16498,0,0,1,1,0,0,1.0,0
16517-6-11-1,1,1,59.0,1,1.0,0,0,0,200.586715698242,2.0,8,7,2,16517,0,0,1,1,0,0,1.0,0
16517-8-11-1,1,1,46.0,1,1.0,0,0,0,200.586715698242,5.0,8,7,3,16517,0,0,1,1,0,0,1.0,0
16517-40-11-1,1,2,68.0,1,1.0,0,0,0,200.586715698242,3.0,8,7,4,16517,0,0,1,1,0,0,1.0,0
16517-42-11-1,1,1,46.0,1,1.0,0,0,0,200.586715698242,5.0,8,7,5,16517,0,0,1,1,0,0,1.0,0
16517-48-11-1,1,1,63.0,1,1.0,0,0,0,200.586715698242,3.0,8,7,2,16517,0,0,1,1,0,0,1.0,0
16518-25-11-1,1,1,27.0,1,0.0,0,0,0,200.586715698242,6.0,7,7,3,16518,0,0,1,1,0,0,0.0,0
16518-26-11-1,1,1,39.0,1,1.0,0,0,0,200.586715698242,5.0,7,7,6,16518,1,0,1,1,0,1,1.0,1
16518-28-11-1,1,1,30.0,1,0.0,0,0,0,200.586715698242,6.0,7,7,4,16518,0,0,1,1,0,0,0.0,0
16518-100-11-1,1,1,51.0,1,0.0,0,0,0,200.586715698242,1.0,7,7,3,16518,0,0,1,1,0,0,0.0,0
16533-1-11-1,1,1,49.0,1,1.0,0,0,0,1.11623513698578,8.0,4,5,5,16533,0,0,1,1,0,0,1.0,0
16533-41-11-1,1,1,49.0,1,0.0,1,0,0,1.11623513698578,11.0,4,5,3,16533,0,0,1,1,0,0,0.0,0
16533-80-11-1,1,2,52.0,1,0.0,0,0,0,1.11623513698578,10.0,4,5,2,16533,0,0,1,1,0,0,0.0,0
16533-105-11-1,1,1,67.0,1,0.0,1,0,0,1.11623513698578,6.0,4,5,4,16533,0,0,1,1,0,0,0.0,0
16533-119-11-1,1,1,52.0,1,0.0,0,0,0,1.11623513698578,6.0,4,5,7,16533,0,0,1,1,0,0,0.0,0
16534-35-11-1,1,1,55.0,1,0.0,0,0,0,337.026519775391,6.0,4,5,4,16534,0,0,1,1,0,0,0.0,0
16534-74-11-1,1,1,45.0,1,0.0,0,0,0,337.026519775391,6.0,4,5,3,16534,1,0,1,1,0,1,0.0,1
16534-133-11-1,1,1,61.0,1,0.0,0,0,0,337.026519775391,6.0,4,5,5,16534,0,0,1,1,0,0,0.0,0
16535-11-11-1,1,1,35.0,1,0.0,0,0,0,348.890716552734,6.0,4,5,5,16535,0,0,1,1,0,0,0.0,0
16535-22-11-1,1,1,51.0,1,0.0,1,0,0,348.890716552734,8.0,4,5,3,16535,0,0,1,1,0,0,0.0,0
16535-33-11-1,1,2,29.0,1,1.0,0,0,0,348.890716552734,6.0,4,5,3,16535,0,0,1,1,0,0,1.0,0
16535-45-11-1,1,1,48.0,1,0.0,1,1,0,348.890716552734,5.0,4,5,4,16535,0,0,1,1,0,0,0.0,0
16536-4-11-1,1,1,37.0,1,1.0,0,0,0,241.651321411133,9.0,4,5,4,16536,1,0,1,1,0,1,1.0,1
16536-16-11-1,1,2,49.0,1,0.0,0,0,0,241.651321411133,10.0,4,5,3,16536,0,0,1,1,0,0,0.0,0
16536-85-11-1,1,2,58.0,1,1.0,0,0,0,241.651321411133,3.0,4,5,3,16536,0,0,1,1,0,0,1.0,0
16536-97-11-1,1,2,38.0,1,1.0,0,0,0,241.651321411133,6.0,4,5,4,16536,0,0,1,1,0,0,1.0,0
16536-120-11-1,1,2,50.0,1,1.0,0,0,0,241.651321411133,4.0,4,5,2,16536,0,0,1,1,0,0,1.0,0
16553-3-11-1,1,1,31.0,1,1.0,0,0,0,308.392700195313,6.0,5,5,5,16553,0,0,1,1,0,0,1.0,0
16553-27-11-1,1,1,39.0,1,1.0,1,0,0,308.392700195313,5.0,5,5,5,16553,0,0,1,1,0,0,1.0,0
16553-38-11-1,1,2,60.0,1,1.0,0,0,0,308.392700195313,3.0,5,5,2,16553,0,0,1,1,0,0,1.0,0
16553-50-11-1,1,1,48.0,1,1.0,0,0,0,308.392700195313,3.0,5,5,4,16553,0,0,1,1,0,0,1.0,0
16553-62-11-1,1,1,50.0,1,1.0,0,0,0,308.392700195313,5.0,5,5,2,16553,0,0,1,1,0,0,1.0,0
16553-74-11-1,1,2,43.0,1,1.0,0,0,0,308.392700195313,4.0,5,5,3,16553,0,0,1,1,0,0,1.0,0
16554-10-11-1,1,2,53.0,1,0.0,0,0,0,1.84336805343628,8.0,5,5,2,16554,1,0,1,1,0,1,0.0,1
16554-28-11-1,1,1,50.0,1,1.0,0,0,0,1.84336805343628,4.0,5,5,6,16554,0,0,1,1,0,0,1.0,0
16554-120-11-1,1,2,41.0,1,0.0,0,0,0,1.84336805343628,8.0,5,5,4,16554,1,0,1,1,0,1,0.0,1
16555-28-11-1,1,1,52.0,1,1.0,0,0,0,308.392700195313,3.0,5,5,5,16555,0,0,1,1,0,0,1.0,0
16555-55-11-1,1,1,80.0,1,1.0,0,0,0,308.392700195313,4.0,5,5,2,16555,0,0,1,1,0,0,1.0,0
16555-81-11-1,1,2,68.0,1,1.0,0,0,0,308.392700195313,3.0,5,5,1,16555,0,0,1,1,0,0,1.0,0
16555-93-11-1,1,2,72.0,1,1.0,0,0,0,308.392700195313,1.0,5,5,1,16555,0,0,1,1,0,0,1.0,0
16556-31-11-1,1,1,23.0,1,1.0,0,0,0,337.026519775391,10.0,5,5,1,16556,0,0,1,1,0,0,1.0,0
16556-108-11-1,1,1,88.0,1,1.0,0,0,0,337.026519775391,6.0,5,5,4,16556,0,0,1,1,0,0,1.0,0
16556-128-11-1,1,1,52.0,1,0.0,1,1,0,337.026519775391,10.0,5,5,5,16556,0,0,1,1,0,0,0.0,0
16558-32-11-1,1,1,64.0,1,1.0,0,0,0,348.890716552734,4.0,5,5,4,16558,0,0,1,1,0,0,1.0,0
16558-47-11-1,1,1,68.0,1,1.0,1,1,0,348.890716552734,3.0,5,5,2,16558,0,0,1,1,0,0,1.0,0
16559-3-11-1,1,1,48.0,1,1.0,0,0,0,322.201751708984,8.0,5,5,7,16559,0,0,1,1,0,0,1.0,0
16559-30-11-1,1,1,72.0,1,1.0,0,0,0,322.201751708984,8.0,5,5,1,16559,0,0,1,1,0,0,1.0,0
16559-44-11-1,1,1,52.0,1,1.0,0,0,0,322.201751708984,6.0,5,5,2,16559,0,0,1,1,0,0,1.0,0
16559-101-11-1,1,1,47.0,1,1.0,0,0,0,322.201751708984,5.0,5,5,6,16559,0,0,1,1,0,0,1.0,0
16583-125-11-1,1,2,72.0,1,1.0,0,0,0,156.397872924805,1.0,7,5,1,16583,0,0,1,1,0,0,1.0,0
16583-126-11-1,1,1,45.0,1,1.0,0,0,0,156.397872924805,6.0,7,5,7,16583,0,0,1,1,0,0,1.0,0
16583-127-11-1,1,1,35.0,1,1.0,0,0,0,156.397872924805,5.0,7,5,5,16583,0,0,1,1,0,0,1.0,0
16583-128-11-1,1,2,50.0,1,1.0,0,0,0,156.397872924805,1.0,7,5,5,16583,0,0,1,1,0,0,1.0,0
16583-430-11-1,1,2,57.0,1,1.0,0,0,0,156.397872924805,1.0,7,5,2,16583,0,0,1,1,0,0,1.0,0
16583-434-11-1,1,1,28.0,1,1.0,0,0,0,156.397872924805,6.0,7,5,2,16583,0,0,1,1,0,0,1.0,0
16583-435-11-1,1,1,35.0,1,1.0,0,0,0,156.397872924805,6.0,7,5,4,16583,0,0,1,1,0,0,1.0,0
16606-30-11-1,1,2,70.0,1,1.0,0,0,0,149.580154418945,5.0,7,5,1,16606,0,0,1,1,0,0,1.0,0
16606-31-11-1,1,1,54.0,1,1.0,0,0,0,149.580154418945,6.0,7,5,4,16606,0,0,1,1,0,0,1.0,0
16606-72-11-1,1,1,56.0,1,1.0,0,0,0,149.580154418945,3.0,7,5,5,16606,0,0,1,1,0,0,1.0,0
16606-73-11-1,1,1,63.0,1,1.0,0,0,0,149.580154418945,4.0,7,5,3,16606,0,0,1,1,0,0,1.0,0
16606-74-11-1,1,1,46.0,1,1.0,0,0,0,149.580154418945,6.0,7,5,4,16606,0,0,1,1,0,0,1.0,0
16606-75-11-1,1,2,74.0,1,1.0,0,0,0,149.580154418945,1.0,7,5,1,16606,0,0,1,1,0,0,1.0,0
16606-76-11-1,1,1,52.0,1,1.0,0,0,0,149.580154418945,3.0,7,5,3,16606,0,0,1,1,0,0,1.0,0
16615-9-11-1,1,1,62.0,1,0.0,0,0,0,163.693298339844,6.0,7,5,3,16615,0,0,1,1,0,0,0.0,0
16615-10-11-1,1,2,32.0,1,1.0,0,0,0,163.693298339844,6.0,7,5,4,16615,0,0,1,1,0,0,1.0,0
16615-91-11-1,1,1,47.0,1,1.0,0,0,0,163.693298339844,3.0,7,5,5,16615,0,0,1,1,0,0,1.0,0
16615-92-11-1,1,1,36.0,1,1.0,0,0,0,163.693298339844,6.0,7,5,4,16615,0,0,1,1,0,0,1.0,0
16615-93-11-1,1,1,51.0,1,1.0,0,0,0,163.693298339844,3.0,7,5,6,16615,0,0,1,1,0,0,1.0,0
16615-94-11-1,1,2,40.0,1,1.0,0,0,0,163.693298339844,5.0,7,5,6,16615,0,0,1,1,0,0,1.0,0
16615-95-11-1,1,2,71.0,1,1.0,0,0,0,163.693298339844,3.0,7,5,1,16615,0,0,1,1,0,0,1.0,0
16615-96-11-1,1,1,49.0,1,1.0,0,0,0,163.693298339844,4.0,7,5,5,16615,0,0,1,1,0,0,1.0,0
16631-7-11-1,1,2,89.0,1,1.0,0,0,0,150.620132446289,1.0,6,5,2,16631,0,0,1,1,0,0,1.0,0
16631-29-11-1,1,1,57.0,1,1.0,0,0,0,150.620132446289,4.0,6,5,3,16631,0,0,1,1,0,0,1.0,0
16631-62-11-1,1,2,48.0,1,1.0,0,0,0,150.620132446289,5.0,6,5,4,16631,0,0,1,1,0,0,1.0,0
16631-74-11-1,1,2,37.0,1,1.0,0,0,0,150.620132446289,4.0,6,5,4,16631,0,0,1,1,0,0,1.0,0
16631-107-11-1,1,1,67.0,1,1.0,0,0,0,150.620132446289,4.0,6,5,1,16631,0,0,1,1,0,0,1.0,0
16631-117-11-1,1,1,40.0,1,1.0,0,0,0,150.620132446289,4.0,6,5,7,16631,0,0,1,1,0,0,1.0,0
16632-10-11-1,1,2,43.0,1,1.0,1,1,0,149.580154418945,3.0,6,5,4,16632,0,0,1,1,0,0,1.0,0
16632-86-11-1,1,1,41.0,1,0.0,1,1,0,149.580154418945,6.0,6,5,6,16632,0,0,1,1,0,0,0.0,0
16633-68-11-1,1,1,60.0,1,1.0,0,0,0,163.693298339844,4.0,7,5,4,16633,0,0,1,1,0,0,1.0,0
16633-175-11-1,1,1,61.0,1,1.0,0,0,0,163.693298339844,4.0,7,5,1,16633,0,0,1,1,0,0,1.0,0
16633-177-11-1,1,2,86.0,1,1.0,0,0,0,163.693298339844,3.0,7,5,1,16633,0,0,1,1,0,0,1.0,0
16633-178-11-1,1,2,68.0,1,1.0,0,0,0,163.693298339844,1.0,7,5,1,16633,0,0,1,1,0,0,1.0,0
16633-180-11-1,1,2,69.0,1,1.0,0,0,0,163.693298339844,3.0,7,5,1,16633,0,0,1,1,0,0,1.0,0
16633-181-11-1,1,1,42.0,1,1.0,0,0,0,163.693298339844,6.0,7,5,7,16633,0,0,1,1,0,0,1.0,0
16634-98-11-1,1,2,73.0,1,1.0,0,0,0,150.620132446289,1.0,7,5,5,16634,0,0,1,1,0,0,1.0,0
16634-99-11-1,1,1,29.0,1,1.0,0,0,0,150.620132446289,5.0,7,5,3,16634,0,0,1,1,0,0,1.0,0
16634-100-11-1,1,1,59.0,1,1.0,0,0,0,150.620132446289,4.0,7,5,2,16634,0,0,1,1,0,0,1.0,0
16634-245-11-1,1,1,69.0,1,1.0,0,0,0,150.620132446289,3.0,7,5,2,16634,0,0,1,1,0,0,1.0,0
16634-246-11-1,1,1,55.0,1,1.0,0,0,0,150.620132446289,4.0,7,5,3,16634,0,0,1,1,0,0,1.0,0
16634-247-11-1,1,1,35.0,1,1.0,0,0,0,150.620132446289,6.0,7,5,4,16634,0,0,1,1,0,0,1.0,0
16634-248-11-1,1,2,39.0,1,1.0,0,0,0,150.620132446289,4.0,7,5,2,16634,0,0,1,1,0,0,1.0,0
16635-53-11-1,1,2,64.0,1,1.0,0,0,0,156.397872924805,1.0,7,5,2,16635,0,0,1,1,0,0,1.0,0
16635-55-11-1,1,1,43.0,1,1.0,0,0,0,156.397872924805,3.0,7,5,5,16635,0,0,1,1,0,0,1.0,0
16635-139-11-1,1,1,39.0,1,1.0,0,0,0,156.397872924805,6.0,7,5,5,16635,0,0,1,1,0,0,1.0,0
16635-140-11-1,1,2,85.0,1,1.0,0,0,0,156.397872924805,1.0,7,5,1,16635,0,0,1,1,0,0,1.0,0
16636-122-11-1,1,1,51.0,1,1.0,0,0,0,156.397872924805,5.0,7,5,4,16636,0,0,1,1,0,0,1.0,0
16636-123-11-1,1,2,64.0,1,1.0,0,0,0,156.397872924805,3.0,7,5,5,16636,0,0,1,1,0,0,1.0,0
16636-124-11-1,1,2,63.0,1,1.0,0,0,0,156.397872924805,4.0,7,5,3,16636,0,0,1,1,0,0,1.0,0
16636-190-11-1,1,1,41.0,1,1.0,0,0,0,156.397872924805,5.0,7,5,5,16636,0,0,1,1,0,0,1.0,0
16636-191-11-1,1,1,78.0,1,1.0,0,0,0,156.397872924805,3.0,7,5,2,16636,0,0,1,1,0,0,1.0,0
16636-192-11-1,1,2,80.0,1,0.0,0,0,0,156.397872924805,3.0,7,5,1,16636,0,0,1,1,0,0,0.0,0
16637-21-11-1,1,1,45.0,1,1.0,0,0,0,149.580154418945,6.0,7,5,5,16637,0,0,1,1,0,0,1.0,0
16637-24-11-1,1,1,83.0,1,1.0,0,0,0,149.580154418945,4.0,7,5,2,16637,0,0,1,1,0,0,1.0,0
16637-91-11-1,1,1,56.0,1,1.0,0,0,0,149.580154418945,5.0,7,5,2,16637,0,0,1,1,0,0,1.0,0
16637-92-11-1,1,1,45.0,1,1.0,0,0,0,149.580154418945,6.0,7,5,4,16637,0,0,1,1,0,0,1.0,0
16637-96-11-1,1,1,54.0,1,1.0,0,0,0,149.580154418945,6.0,7,5,3,16637,0,0,1,1,0,0,1.0,0
16638-34-11-1,1,1,46.0,1,1.0,0,0,0,150.620132446289,6.0,8,5,5,16638,0,0,1,1,0,0,1.0,0
16638-35-11-1,1,1,44.0,1,0.0,0,0,0,150.620132446289,6.0,8,5,5,16638,0,0,1,1,0,0,0.0,0
16638-36-11-1,1,1,40.0,1,1.0,0,0,0,150.620132446289,6.0,8,5,4,16638,0,0,1,1,0,0,1.0,0
16638-96-11-1,1,2,60.0,1,1.0,0,0,0,150.620132446289,3.0,8,5,1,16638,0,0,1,1,0,0,1.0,0
16638-97-11-1,1,2,34.0,1,0.0,0,0,0,150.620132446289,4.0,8,5,3,16638,0,0,1,1,0,0,0.0,0
16638-100-11-1,1,2,48.0,1,1.0,0,0,0,150.620132446289,3.0,8,5,1,16638,0,0,1,1,0,0,1.0,0
16638-101-11-1,1,1,69.0,1,1.0,0,0,0,150.620132446289,3.0,8,5,2,16638,0,0,1,1,0,0,1.0,0
16639-6-11-1,1,1,72.0,1,1.0,0,0,0,163.693298339844,5.0,6,5,1,16639,0,0,1,1,0,0,1.0,0
16639-21-11-1,1,1,50.0,1,1.0,0,0,0,163.693298339844,10.0,6,5,5,16639,1,0,1,1,0,1,1.0,1
16639-37-11-1,1,2,33.0,1,1.0,0,0,0,163.693298339844,6.0,6,5,5,16639,0,0,1,1,0,0,1.0,0
16639-69-11-1,1,2,52.0,1,1.0,0,0,0,163.693298339844,3.0,6,5,1,16639,0,0,1,1,0,0,1.0,0
16639-101-11-1,1,1,38.0,1,1.0,0,0,0,163.693298339844,4.0,6,5,5,16639,0,0,1,1,0,0,1.0,0
16639-116-11-1,1,1,49.0,1,0.0,0,0,0,163.693298339844,10.0,6,5,5,16639,1,0,1,1,0,1,0.0,1
16639-132-11-1,1,2,69.0,1,1.0,0,0,0,163.693298339844,8.0,6,5,2,16639,0,0,1,1,0,0,1.0,0
16639-148-11-1,1,1,66.0,1,1.0,0,0,0,163.693298339844,5.0,6,5,2,16639,0,0,1,1,0,0,1.0,0
16640-37-11-1,1,1,60.0,1,1.0,0,0,0,150.620132446289,5.0,6,5,2,16640,0,0,1,1,0,0,1.0,0
16640-76-11-1,1,1,56.0,1,0.0,0,0,0,150.620132446289,6.0,6,5,2,16640,0,0,1,1,0,0,0.0,0
16642-29-11-1,1,1,42.0,1,1.0,0,0,0,150.620132446289,5.0,7,5,6,16642,0,0,1,1,0,0,1.0,0
16642-30-11-1,1,2,27.0,1,1.0,0,0,0,150.620132446289,8.0,7,5,3,16642,0,0,1,1,0,0,1.0,0
16642-31-11-1,1,1,36.0,1,1.0,0,0,0,150.620132446289,6.0,7,5,5,16642,0,0,1,1,0,0,1.0,0
16642-32-11-1,1,1,79.0,1,1.0,0,0,0,150.620132446289,3.0,7,5,1,16642,0,0,1,1,0,0,1.0,0
16642-106-11-1,1,1,50.0,1,1.0,0,0,0,150.620132446289,4.0,7,5,4,16642,0,0,1,1,0,0,1.0,0
16642-108-11-1,1,2,39.0,1,1.0,0,0,0,150.620132446289,1.0,7,5,4,16642,0,0,1,1,0,0,1.0,0
16642-110-11-1,1,1,47.0,1,1.0,0,0,0,150.620132446289,5.0,7,5,2,16642,0,0,1,1,0,0,1.0,0
16645-197-11-1,1,2,76.0,1,1.0,0,0,0,163.693298339844,3.0,7,5,1,16645,0,0,1,1,0,0,1.0,0
16645-466-11-1,1,1,66.0,1,1.0,0,0,0,163.693298339844,4.0,7,5,3,16645,0,0,1,1,0,0,1.0,0
16645-467-11-1,1,1,62.0,1,1.0,0,0,0,163.693298339844,1.0,7,5,2,16645,0,0,1,1,0,0,1.0,0
16645-468-11-1,1,1,56.0,1,1.0,0,0,0,163.693298339844,3.0,7,5,3,16645,0,0,1,1,0,0,1.0,0
16645-469-11-1,1,2,66.0,1,1.0,0,0,0,163.693298339844,4.0,7,5,1,16645,0,0,1,1,0,0,1.0,0
16645-470-11-1,1,1,69.0,1,1.0,0,0,0,163.693298339844,4.0,7,5,2,16645,0,0,1,1,0,0,1.0,0
16646-20-11-1,1,2,69.0,1,1.0,0,0,0,163.693298339844,5.0,8,5,1,16646,0,0,1,1,0,0,1.0,0
16646-21-11-1,1,2,59.0,1,1.0,0,0,0,163.693298339844,4.0,8,5,1,16646,0,0,1,1,0,0,1.0,0
16646-24-11-1,1,2,74.0,1,1.0,0,0,0,163.693298339844,4.0,8,5,1,16646,0,0,1,1,0,0,1.0,0
16646-103-11-1,1,2,41.0,1,1.0,0,0,0,163.693298339844,6.0,8,5,5,16646,0,0,1,1,0,0,1.0,0
16647-1-11-1,1,2,75.0,1,1.0,0,0,0,149.580154418945,1.0,8,5,1,16647,0,0,1,1,0,0,1.0,0
16647-2-11-1,1,1,72.0,1,1.0,0,0,0,149.580154418945,5.0,8,5,2,16647,0,0,1,1,0,0,1.0,0
16647-4-11-1,1,1,77.0,1,1.0,0,0,0,149.580154418945,3.0,8,5,6,16647,0,0,1,1,0,0,1.0,0
16647-55-11-1,1,1,55.0,1,1.0,0,0,0,149.580154418945,3.0,8,5,5,16647,0,0,1,1,0,0,1.0,0
16647-56-11-1,1,1,50.0,1,1.0,0,0,0,149.580154418945,5.0,8,5,3,16647,0,0,1,1,0,0,1.0,0
16647-57-11-1,1,1,80.0,1,1.0,0,0,0,149.580154418945,3.0,8,5,5,16647,0,0,1,1,0,0,1.0,0
16647-58-11-1,1,1,53.0,1,1.0,0,0,0,149.580154418945,6.0,8,5,3,16647,0,0,1,1,0,0,1.0,0
16647-59-11-1,1,1,43.0,1,1.0,0,0,0,149.580154418945,4.0,8,5,3,16647,0,0,1,1,0,0,1.0,0
16648-4-11-1,1,1,42.0,1,1.0,0,0,0,156.397872924805,5.0,6,5,5,16648,0,0,1,1,0,0,1.0,0
16648-19-11-1,1,1,45.0,1,1.0,0,0,0,156.397872924805,4.0,6,5,3,16648,0,0,1,1,0,0,1.0,0
16648-27-11-1,1,1,44.0,1,1.0,1,0,0,156.397872924805,6.0,6,5,7,16648,1,0,1,1,0,1,1.0,1
16648-43-11-1,1,2,77.0,1,1.0,0,0,0,156.397872924805,1.0,6,5,1,16648,0,0,1,1,0,0,1.0,0
16648-49-11-1,1,1,66.0,1,1.0,0,0,0,156.397872924805,5.0,6,5,2,16648,0,0,1,1,0,0,1.0,0
16648-79-11-1,1,1,41.0,1,1.0,0,0,0,156.397872924805,3.0,6,5,7,16648,0,0,1,1,0,0,1.0,0
16649-26-11-1,1,1,42.0,1,1.0,0,0,0,163.693298339844,8.0,6,5,3,16649,0,0,1,1,0,0,1.0,0
16649-53-11-1,1,2,38.0,1,1.0,0,0,0,163.693298339844,6.0,6,5,3,16649,0,0,1,1,0,0,1.0,0
16649-80-11-1,1,1,68.0,1,0.0,0,0,0,163.693298339844,3.0,6,5,2,16649,0,0,1,1,0,0,0.0,0
16649-136-11-1,1,2,48.0,1,1.0,0,0,0,163.693298339844,6.0,6,5,2,16649,0,0,1,1,0,0,1.0,0
16651-18-11-1,1,1,46.0,1,1.0,0,0,0,150.620132446289,1.0,7,5,5,16651,0,0,1,1,0,0,1.0,0
16651-20-11-1,1,1,64.0,1,1.0,0,0,0,150.620132446289,3.0,7,5,2,16651,0,0,1,1,0,0,1.0,0
16651-55-11-1,1,1,54.0,1,1.0,0,0,0,150.620132446289,6.0,7,5,5,16651,0,0,1,1,0,0,1.0,0
16651-57-11-1,1,1,42.0,1,1.0,1,1,0,150.620132446289,5.0,7,5,5,16651,0,0,1,1,0,0,1.0,0
16651-59-11-1,1,1,47.0,1,1.0,0,0,0,150.620132446289,4.0,7,5,5,16651,0,0,1,1,0,0,1.0,0
16652-83-11-1,1,1,70.0,1,1.0,0,0,0,149.580154418945,3.0,7,5,3,16652,0,0,1,1,0,0,1.0,0
16652-84-11-1,1,1,41.0,1,1.0,0,0,0,149.580154418945,4.0,7,5,4,16652,1,0,1,1,0,1,1.0,1
16652-174-11-1,1,1,55.0,1,1.0,0,0,0,149.580154418945,3.0,7,5,6,16652,0,0,1,1,0,0,1.0,0
16652-175-11-1,1,1,47.0,1,1.0,0,0,0,149.580154418945,3.0,7,5,7,16652,1,0,1,1,0,1,1.0,1
16652-176-11-1,1,1,39.0,1,1.0,0,0,0,149.580154418945,4.0,7,5,6,16652,0,0,1,1,0,0,1.0,0
16652-179-11-1,1,2,63.0,1,1.0,0,0,0,149.580154418945,1.0,7,5,1,16652,0,0,1,1,0,0,1.0,0
16652-181-11-1,1,2,36.0,1,1.0,0,0,0,149.580154418945,4.0,7,5,3,16652,1,0,1,1,0,1,1.0,1
16653-6-11-1,1,2,77.0,1,1.0,0,0,0,156.397872924805,1.0,7,5,2,16653,0,0,1,1,0,0,1.0,0
16653-7-11-1,1,1,64.0,1,1.0,0,0,0,156.397872924805,1.0,7,5,2,16653,0,0,1,1,0,0,1.0,0
16653-8-11-1,1,1,38.0,1,1.0,1,0,0,156.397872924805,10.0,7,5,5,16653,0,0,1,1,0,0,1.0,0
16653-65-11-1,1,2,55.0,1,1.0,0,0,0,156.397872924805,4.0,7,5,3,16653,1,0,1,1,0,1,1.0,1
16653-66-11-1,1,1,74.0,1,1.0,0,0,0,156.397872924805,3.0,7,5,1,16653,0,0,1,1,0,0,1.0,0
16653-67-11-1,1,1,43.0,1,1.0,0,0,0,156.397872924805,4.0,7,5,5,16653,0,0,1,1,0,0,1.0,0
16653-68-11-1,1,2,43.0,1,1.0,0,0,0,156.397872924805,3.0,7,5,5,16653,0,0,1,1,0,0,1.0,0
16654-29-11-1,1,1,59.0,1,1.0,0,0,0,156.397872924805,6.0,7,5,2,16654,0,0,1,1,0,0,1.0,0
16654-30-11-1,1,1,36.0,1,1.0,1,0,0,156.397872924805,6.0,7,5,4,16654,0,0,1,1,0,0,1.0,0
16654-31-11-1,1,2,82.0,1,1.0,0,0,0,156.397872924805,1.0,7,5,1,16654,0,0,1,1,0,0,1.0,0
16654-32-11-1,1,1,58.0,1,1.0,0,0,0,156.397872924805,6.0,7,5,5,16654,0,0,1,1,0,0,1.0,0
16654-125-11-1,1,1,42.0,1,1.0,0,0,0,156.397872924805,4.0,7,5,6,16654,0,0,1,1,0,0,1.0,0
16654-126-11-1,1,1,69.0,1,1.0,0,0,0,156.397872924805,1.0,7,5,1,16654,0,0,1,1,0,0,1.0,0
16655-13-11-1,1,1,46.0,1,1.0,0,0,0,150.620132446289,3.0,8,5,6,16655,0,0,1,1,0,0,1.0,0
16655-16-11-1,1,1,55.0,1,1.0,0,0,0,150.620132446289,3.0,8,5,5,16655,0,0,1,1,0,0,1.0,0
16655-51-11-1,1,2,78.0,1,1.0,0,0,0,150.620132446289,1.0,8,5,1,16655,0,0,1,1,0,0,1.0,0
16655-58-11-1,1,1,59.0,1,1.0,0,0,0,150.620132446289,3.0,8,5,4,16655,0,0,1,1,0,0,1.0,0
16655-60-11-1,1,2,45.0,1,1.0,0,0,0,150.620132446289,3.0,8,5,3,16655,0,0,1,1,0,0,1.0,0
16655-61-11-1,1,1,44.0,1,1.0,0,0,0,150.620132446289,3.0,8,5,6,16655,0,0,1,1,0,0,1.0,0
16655-62-11-1,1,1,34.0,1,1.0,0,0,0,150.620132446289,4.0,8,5,3,16655,0,0,1,1,0,0,1.0,0
16656-18-11-1,1,1,32.0,1,1.0,0,0,0,163.693298339844,5.0,8,5,5,16656,0,0,1,1,0,0,1.0,0
16656-20-11-1,1,2,68.0,1,1.0,0,0,0,163.693298339844,5.0,8,5,2,16656,0,0,1,1,0,0,1.0,0
16656-36-11-1,1,2,62.0,1,1.0,0,0,0,163.693298339844,4.0,8,5,4,16656,0,0,1,1,0,0,1.0,0
16656-37-11-1,1,1,69.0,1,1.0,0,0,0,163.693298339844,4.0,8,5,2,16656,0,0,1,1,0,0,1.0,0
16656-49-11-1,1,2,93.0,1,1.0,0,0,0,163.693298339844,3.0,8,5,1,16656,0,0,1,1,0,0,1.0,0
16695-144-11-1,1,1,60.0,1,1.0,0,0,0,2.33714890480042,9.0,2,7,3,16695,0,0,1,1,0,0,1.0,0
16696-35-11-1,1,1,52.0,1,1.0,0,0,0,1.9110095500946,1.0,2,7,2,16696,0,0,1,1,0,0,1.0,0
16696-53-11-1,1,2,70.0,1,0.0,1,0,0,1.9110095500946,4.0,2,7,1,16696,0,0,1,1,0,0,0.0,0
16696-102-11-1,1,1,33.0,1,1.0,0,0,0,1.9110095500946,5.0,2,7,3,16696,0,0,1,1,0,0,1.0,0
16696-134-11-1,1,1,65.0,1,1.0,0,0,0,1.9110095500946,6.0,2,7,1,16696,0,0,1,1,0,0,1.0,0
16697-23-11-1,1,1,51.0,1,1.0,0,0,0,78.8108367919922,5.0,2,7,7,16697,0,0,1,1,0,0,1.0,0
16698-15-11-1,1,2,56.0,1,1.0,0,0,0,116.767944335938,1.0,2,7,2,16698,0,0,1,1,0,0,1.0,0
16698-38-11-1,1,1,44.0,1,1.0,0,0,0,116.767944335938,9.0,2,7,4,16698,0,0,1,1,0,0,1.0,0
16698-50-11-1,1,1,58.0,1,1.0,0,0,0,116.767944335938,4.0,2,7,5,16698,0,0,1,1,0,0,1.0,0
16699-31-11-1,1,2,63.0,1,0.0,1,0,0,1.52136182785034,11.0,2,7,2,16699,0,0,1,1,0,0,0.0,0
16699-46-11-1,1,2,58.0,1,1.0,0,0,0,1.52136182785034,10.0,2,7,1,16699,0,0,1,1,0,0,1.0,0
16699-104-11-1,1,1,40.0,1,0.0,1,1,0,1.52136182785034,10.0,2,7,4,16699,1,0,1,1,0,1,0.0,1
16700-99-11-1,1,2,64.0,1,1.0,0,0,0,59.1081237792969,3.0,2,7,2,16700,0,0,1,1,0,0,1.0,0
16701-6-11-1,1,2,52.0,1,1.0,0,0,0,133.546859741211,4.0,2,7,3,16701,0,0,1,1,0,0,1.0,0
16701-26-11-1,1,1,46.0,1,1.0,1,0,0,133.546859741211,4.0,2,7,5,16701,0,0,1,1,0,0,1.0,0
16701-46-11-1,1,1,36.0,1,1.0,0,0,0,133.546859741211,6.0,2,7,3,16701,0,1,1,1,0,0,1.0,0
16702-6-11-1,1,2,25.0,1,1.0,1,1,0,118.996566772461,7.0,2,7,2,16702,0,0,1,1,0,0,1.0,0
16702-39-11-1,1,1,59.0,1,1.0,0,0,0,118.996566772461,7.0,2,7,4,16702,0,0,1,1,0,0,1.0,0
16702-53-11-1,1,1,29.0,1,1.0,0,0,0,118.996566772461,6.0,2,7,5,16702,0,0,1,1,0,0,1.0,0
16702-64-11-1,1,2,43.0,1,1.0,0,0,0,118.996566772461,1.0,2,7,3,16702,0,0,1,1,0,0,1.0,0
16703-3-11-1,1,2,59.0,1,1.0,0,0,0,49.5345993041992,6.0,2,7,1,16703,0,0,1,1,0,0,1.0,0
16703-19-11-1,1,1,48.0,1,0.0,0,0,0,49.5345993041992,10.0,2,7,4,16703,0,0,1,1,0,0,0.0,0
16705-81-11-1,1,1,49.0,1,0.0,0,0,0,57.072093963623,10.0,2,7,4,16705,1,0,1,1,0,1,0.0,1
16705-116-11-1,1,2,52.0,1,0.0,0,0,0,57.072093963623,8.0,2,7,3,16705,0,0,1,1,0,0,0.0,0
16706-30-11-1,1,1,82.0,1,1.0,0,0,0,123.355690002441,3.0,2,7,2,16706,0,0,1,1,0,0,1.0,0
16706-54-11-1,1,1,54.0,1,1.0,0,0,0,123.355690002441,6.0,2,7,3,16706,0,0,1,1,0,0,1.0,0
16706-73-11-1,1,2,52.0,1,1.0,0,0,0,123.355690002441,3.0,2,7,4,16706,0,0,1,1,0,0,1.0,0
16723-4-11-1,1,2,48.0,1,1.0,0,0,0,781.23193359375,1.0,5,5,2,16723,1,0,1,1,0,1,1.0,1
16723-17-11-1,1,2,55.0,1,1.0,0,0,0,781.23193359375,3.0,5,5,1,16723,0,0,1,1,0,0,1.0,0
16723-42-11-1,1,1,59.0,1,1.0,0,0,0,781.23193359375,3.0,5,5,2,16723,0,0,1,1,0,0,1.0,0
16723-79-11-1,1,2,55.0,1,1.0,0,0,0,781.23193359375,6.0,5,5,2,16723,0,0,1,1,0,0,1.0,0
16724-4-11-1,1,1,36.0,1,0.0,1,0,0,849.50732421875,10.0,5,5,4,16724,0,0,1,1,0,0,0.0,0
16725-39-11-1,1,2,50.0,1,0.0,0,0,0,504.799530029297,6.0,5,5,2,16725,0,0,1,1,0,0,0.0,0
16725-99-11-1,1,2,56.0,1,0.0,0,0,0,504.799530029297,4.0,5,5,2,16725,0,0,1,1,0,0,0.0,0
16725-162-11-1,1,1,51.0,1,1.0,0,0,0,504.799530029297,3.0,5,5,5,16725,0,0,1,1,0,0,1.0,0
16726-38-11-1,1,1,44.0,1,0.0,0,0,0,849.50732421875,6.0,5,5,4,16726,0,0,1,1,0,0,0.0,0
16726-66-11-1,1,1,32.0,1,1.0,0,0,0,849.50732421875,6.0,5,5,6,16726,0,0,1,1,0,0,1.0,0
16727-15-11-1,1,2,46.0,1,0.0,0,0,0,768.34814453125,3.0,5,5,3,16727,0,0,1,1,0,0,0.0,0
16727-47-11-1,1,1,61.0,1,1.0,0,0,0,768.34814453125,3.0,5,5,2,16727,0,0,1,1,0,0,1.0,0
16727-60-11-1,1,1,36.0,1,0.0,0,0,0,768.34814453125,5.0,5,5,5,16727,0,0,1,1,0,0,0.0,0
16727-102-11-1,1,1,44.0,1,0.0,1,1,0,768.34814453125,6.0,5,5,5,16727,0,0,1,1,0,0,0.0,0
16727-115-11-1,1,2,30.0,1,1.0,0,0,0,768.34814453125,3.0,5,5,3,16727,0,0,1,1,0,0,1.0,0
16729-19-11-1,1,1,39.0,1,1.0,0,0,0,781.23193359375,8.0,5,5,5,16729,0,0,1,1,0,0,1.0,0
16729-76-11-1,1,1,60.0,1,1.0,1,0,0,781.23193359375,9.0,5,5,1,16729,0,0,1,1,0,0,1.0,0
16729-95-11-1,1,1,58.0,1,1.0,0,0,0,781.23193359375,4.0,5,5,5,16729,0,0,1,1,0,0,1.0,0
16729-115-11-1,1,2,70.0,1,1.0,0,0,0,781.23193359375,3.0,5,5,1,16729,0,0,1,1,0,0,1.0,0
16729-132-11-1,1,1,65.0,1,0.0,0,0,0,781.23193359375,8.0,5,5,4,16729,0,0,1,1,0,0,0.0,0
16746-61-11-1,1,2,66.0,1,1.0,0,0,0,3.11619853973389,6.0,3,7,3,16746,1,0,1,1,0,1,1.0,1
16746-85-11-1,1,1,59.0,1,0.0,1,1,0,3.11619853973389,10.0,3,7,3,16746,0,0,1,1,0,0,0.0,0
16747-39-11-1,1,1,67.0,1,0.0,1,0,0,116.767944335938,6.0,3,7,2,16747,0,0,1,1,0,0,0.0,0
16747-97-11-1,1,2,51.0,1,1.0,0,0,0,116.767944335938,6.0,3,7,3,16747,0,0,1,1,0,0,1.0,0
16747-117-11-1,1,2,46.0,1,1.0,0,0,0,116.767944335938,5.0,3,7,3,16747,0,0,1,1,0,0,1.0,0
16748-2-11-1,1,1,44.0,1,1.0,1,1,0,69.0185699462891,6.0,3,7,6,16748,1,1,1,1,0,1,1.0,1
16748-49-11-1,1,2,30.0,1,1.0,1,0,0,69.0185699462891,9.0,3,7,2,16748,1,0,1,1,0,1,1.0,1
16749-29-11-1,1,2,75.0,1,1.0,0,0,0,123.355690002441,3.0,5,7,2,16749,0,0,1,1,0,0,1.0,0
16749-45-11-1,1,1,52.0,1,1.0,0,0,0,123.355690002441,3.0,5,7,1,16749,0,0,1,1,0,0,1.0,0
16749-61-11-1,1,1,36.0,1,1.0,1,1,0,123.355690002441,7.0,5,7,8,16749,1,0,1,1,0,1,1.0,1
16749-77-11-1,1,2,49.0,1,1.0,0,0,0,123.355690002441,6.0,5,7,1,16749,0,0,1,1,0,0,1.0,0
16749-94-11-1,1,1,58.0,1,1.0,0,0,0,123.355690002441,3.0,5,7,2,16749,0,0,1,1,0,0,1.0,0
16749-126-11-1,1,1,47.0,1,1.0,0,0,0,123.355690002441,5.0,5,7,2,16749,0,0,1,1,0,0,1.0,0
16750-1-11-1,1,1,51.0,1,0.0,0,0,0,133.546859741211,10.0,3,7,4,16750,1,0,1,1,0,1,0.0,1
16750-26-11-1,1,2,60.0,1,0.0,0,0,0,133.546859741211,8.0,3,7,2,16750,0,0,1,1,0,0,0.0,0
16750-60-11-1,1,2,46.0,1,1.0,0,0,0,133.546859741211,6.0,3,7,3,16750,0,0,1,1,0,0,1.0,0
16751-2-11-1,1,2,79.0,1,1.0,0,0,0,118.996566772461,1.0,3,7,5,16751,0,0,1,1,0,0,1.0,0
16751-79-11-1,1,1,69.0,1,1.0,0,0,0,118.996566772461,5.0,3,7,4,16751,0,0,1,1,0,0,1.0,0
16751-91-11-1,1,1,61.0,1,1.0,0,0,0,118.996566772461,4.0,3,7,5,16751,0,0,1,1,0,0,1.0,0
16784-67-11-1,1,1,44.0,1,1.0,1,0,0,276.022735595703,6.0,6,5,7,16784,0,0,1,1,0,0,1.0,0
16784-81-11-1,1,1,65.0,1,1.0,0,0,0,276.022735595703,4.0,6,5,2,16784,0,0,1,1,0,0,1.0,0
16784-95-11-1,1,1,44.0,1,1.0,0,0,0,276.022735595703,6.0,6,5,5,16784,0,0,1,1,0,0,1.0,0
16784-147-11-1,1,1,54.0,1,1.0,0,0,0,276.022735595703,4.0,6,5,4,16784,0,0,1,1,0,0,1.0,0
16803-55-11-1,1,2,74.0,1,1.0,0,0,0,246.752212524414,1.0,6,5,2,16803,0,0,1,1,0,0,1.0,0
16803-74-11-1,1,2,45.0,1,1.0,0,0,0,246.752212524414,6.0,6,5,3,16803,0,0,1,1,0,0,1.0,0
16803-92-11-1,1,2,66.0,1,1.0,0,0,0,246.752212524414,1.0,6,5,2,16803,0,0,1,1,0,0,1.0,0
16803-129-11-1,1,1,42.0,1,1.0,1,0,0,246.752212524414,6.0,6,5,1,16803,0,0,1,1,0,0,1.0,0
16803-148-11-1,1,1,80.0,1,1.0,0,0,0,246.752212524414,5.0,6,5,1,16803,0,0,1,1,0,0,1.0,0
16803-167-11-1,1,1,82.0,1,1.0,0,0,0,246.752212524414,6.0,6,5,3,16803,0,0,1,1,0,0,1.0,0
16804-21-11-1,1,1,73.0,1,0.0,0,0,0,258.749237060547,3.0,7,5,5,16804,0,0,1,1,0,0,0.0,0
16804-24-11-1,1,1,64.0,1,1.0,0,0,0,258.749237060547,1.0,7,5,4,16804,0,0,1,1,0,0,1.0,0
16804-252-11-1,1,2,33.0,1,1.0,1,1,0,258.749237060547,3.0,7,5,4,16804,1,0,1,1,0,1,1.0,1
16804-253-11-1,1,1,36.0,1,1.0,0,0,0,258.749237060547,3.0,7,5,4,16804,0,0,1,1,0,0,1.0,0
16805-125-11-1,1,1,46.0,1,1.0,0,0,0,246.752212524414,4.0,7,5,7,16805,0,0,1,1,0,0,1.0,0
16805-127-11-1,1,2,74.0,1,1.0,0,0,0,246.752212524414,1.0,7,5,1,16805,0,0,1,1,0,0,1.0,0
16805-128-11-1,1,2,52.0,1,1.0,0,0,0,246.752212524414,1.0,7,5,3,16805,0,0,1,1,0,0,1.0,0
16805-285-11-1,1,1,51.0,1,1.0,0,0,0,246.752212524414,3.0,7,5,5,16805,0,0,1,1,0,0,1.0,0
16805-286-11-1,1,1,41.0,1,0.0,0,0,0,246.752212524414,4.0,7,5,8,16805,0,0,1,1,0,0,0.0,0
16805-287-11-1,1,1,75.0,1,1.0,0,0,0,246.752212524414,3.0,7,5,2,16805,0,0,1,1,0,0,1.0,0
16805-289-11-1,1,1,68.0,1,1.0,0,0,0,246.752212524414,3.0,7,5,3,16805,1,0,1,1,0,1,1.0,1
16806-191-11-1,1,2,44.0,1,1.0,0,0,0,276.022735595703,3.0,7,5,2,16806,0,0,1,1,0,0,1.0,0
16806-192-11-1,1,2,60.0,1,1.0,0,0,0,276.022735595703,1.0,7,5,4,16806,0,0,1,1,0,0,1.0,0
16806-194-11-1,1,2,70.0,1,1.0,0,0,0,276.022735595703,1.0,7,5,1,16806,0,0,1,1,0,0,1.0,0
16806-399-11-1,1,1,66.0,1,1.0,0,0,0,276.022735595703,1.0,7,5,10,16806,0,0,1,1,0,0,1.0,0
16806-401-11-1,1,2,68.0,1,1.0,0,0,0,276.022735595703,1.0,7,5,1,16806,0,0,1,1,0,0,1.0,0
16807-65-11-1,1,2,45.0,1,1.0,0,0,0,256.639282226563,1.0,7,5,4,16807,0,0,1,1,0,0,1.0,0
16807-66-11-1,1,2,44.0,1,0.0,0,0,0,256.639282226563,3.0,7,5,4,16807,0,0,1,1,0,0,0.0,0
16807-169-11-1,1,1,36.0,1,1.0,1,1,0,256.639282226563,6.0,7,5,5,16807,0,0,1,1,0,0,1.0,0
16807-170-11-1,1,2,77.0,1,1.0,0,0,0,256.639282226563,1.0,7,5,1,16807,0,0,1,1,0,0,1.0,0
16807-171-11-1,1,2,52.0,1,1.0,0,0,0,256.639282226563,1.0,7,5,1,16807,0,0,1,1,0,0,1.0,0
16807-172-11-1,1,1,32.0,1,1.0,0,0,0,256.639282226563,5.0,7,5,4,16807,0,0,1,1,0,0,1.0,0
16808-36-11-1,1,1,84.0,1,1.0,0,0,0,276.022735595703,1.0,8,5,2,16808,0,0,1,1,0,0,1.0,0
16808-37-11-1,1,2,60.0,1,1.0,0,0,0,276.022735595703,3.0,8,5,1,16808,0,0,1,1,0,0,1.0,0
16808-48-11-1,1,1,49.0,1,1.0,0,0,0,276.022735595703,4.0,8,5,6,16808,0,0,1,1,0,0,1.0,0
16808-55-11-1,1,2,65.0,1,1.0,0,0,0,276.022735595703,6.0,8,5,1,16808,0,1,1,1,0,0,1.0,0
16809-33-11-1,1,1,36.0,1,1.0,0,0,0,258.749237060547,3.0,8,5,7,16809,0,0,1,1,0,0,1.0,0
16809-34-11-1,1,1,47.0,1,1.0,1,1,0,258.749237060547,1.0,8,5,2,16809,0,0,1,1,0,0,1.0,0
16809-35-11-1,1,1,44.0,1,0.0,1,0,0,258.749237060547,3.0,8,5,8,16809,0,0,1,1,0,0,0.0,0
16809-36-11-1,1,2,60.0,1,1.0,0,0,0,258.749237060547,3.0,8,5,2,16809,0,0,1,1,0,0,1.0,0
16809-37-11-1,1,1,70.0,1,1.0,0,0,0,258.749237060547,4.0,8,5,1,16809,0,0,1,1,0,0,1.0,0
16810-2-11-1,1,1,68.0,1,1.0,0,0,0,256.639282226563,5.0,6,5,2,16810,0,0,1,1,0,0,1.0,0
16810-20-11-1,1,1,47.0,1,1.0,1,1,0,256.639282226563,7.0,6,5,1,16810,0,0,1,1,0,0,1.0,0
16810-30-11-1,1,1,44.0,1,0.0,0,0,0,256.639282226563,5.0,6,5,5,16810,0,0,1,1,0,0,0.0,0
16810-48-11-1,1,2,70.0,1,1.0,0,0,0,256.639282226563,3.0,6,5,2,16810,0,0,1,1,0,0,1.0,0
16810-66-11-1,1,1,46.0,1,1.0,0,0,0,256.639282226563,6.0,6,5,3,16810,0,0,1,1,0,0,1.0,0
16810-75-11-1,1,2,67.0,1,1.0,0,0,0,256.639282226563,1.0,6,5,1,16810,0,0,1,1,0,0,1.0,0
16810-94-11-1,1,2,38.0,1,1.0,1,1,0,256.639282226563,6.0,6,5,3,16810,0,1,1,1,0,0,1.0,0
16811-3-11-1,1,1,54.0,1,0.0,0,0,0,256.639282226563,3.0,6,5,6,16811,0,0,1,1,0,0,0.0,0
16811-16-11-1,1,1,63.0,1,0.0,0,0,0,256.639282226563,9.0,6,5,1,16811,0,0,1,1,0,0,0.0,0
16811-36-11-1,1,1,50.0,1,1.0,0,0,0,256.639282226563,4.0,6,5,5,16811,0,0,1,1,0,0,1.0,0
16811-55-11-1,1,2,74.0,1,0.0,0,0,0,256.639282226563,5.0,6,5,2,16811,0,0,1,1,0,0,0.0,0
16811-68-11-1,1,2,80.0,1,1.0,0,0,0,256.639282226563,3.0,6,5,2,16811,0,0,1,1,0,0,1.0,0
16813-73-11-1,1,2,32.0,1,1.0,0,0,0,258.749237060547,6.0,7,5,2,16813,0,0,1,1,0,0,1.0,0
16813-76-11-1,1,1,48.0,1,1.0,0,0,0,258.749237060547,3.0,7,5,2,16813,0,0,1,1,0,0,1.0,0
16813-251-11-1,1,1,64.0,1,1.0,0,0,0,258.749237060547,3.0,7,5,2,16813,0,0,1,1,0,0,1.0,0
16813-253-11-1,1,1,76.0,1,1.0,0,0,0,258.749237060547,3.0,7,5,2,16813,0,0,1,1,0,0,1.0,0
16813-256-11-1,1,1,64.0,1,1.0,0,0,0,258.749237060547,3.0,7,5,6,16813,0,0,1,1,0,0,1.0,0
16814-9-11-1,1,1,75.0,1,1.0,0,0,0,276.022735595703,3.0,7,5,3,16814,0,0,1,1,0,0,1.0,0
16814-12-11-1,1,1,72.0,1,1.0,0,0,0,276.022735595703,4.0,7,5,5,16814,1,0,1,1,0,1,1.0,1
16814-132-11-1,1,2,76.0,1,1.0,1,0,0,276.022735595703,5.0,7,5,2,16814,0,0,1,1,0,0,1.0,0
16814-136-11-1,1,1,66.0,1,0.0,0,0,0,276.022735595703,10.0,7,5,5,16814,1,0,1,1,0,1,0.0,1
16815-130-11-1,1,1,61.0,1,1.0,0,0,0,246.752212524414,1.0,8,5,2,16815,0,0,1,1,0,0,1.0,0
16815-132-11-1,1,1,30.0,1,1.0,0,0,0,246.752212524414,3.0,8,5,6,16815,0,0,1,1,0,0,1.0,0
16816-12-11-1,1,1,58.0,1,1.0,0,0,0,276.022735595703,5.0,6,5,2,16816,0,0,1,1,0,0,1.0,0
16816-31-11-1,1,2,51.0,1,1.0,0,0,0,276.022735595703,4.0,6,5,3,16816,0,0,1,1,0,0,1.0,0
16816-40-11-1,1,2,64.0,1,1.0,0,0,0,276.022735595703,1.0,6,5,1,16816,0,0,1,1,0,0,1.0,0
16816-89-11-1,1,1,23.0,1,1.0,0,0,0,276.022735595703,6.0,6,5,4,16816,0,0,1,1,0,0,1.0,0
16816-97-11-1,1,1,83.0,1,0.0,0,0,0,276.022735595703,4.0,6,5,2,16816,0,0,1,1,0,0,0.0,0
16816-107-11-1,1,1,87.0,1,1.0,0,0,0,276.022735595703,6.0,6,5,3,16816,0,0,1,1,0,0,1.0,0
16817-135-11-1,1,1,51.0,1,1.0,0,0,0,258.749237060547,5.0,7,5,4,16817,0,0,1,1,0,0,1.0,0
16817-136-11-1,1,1,70.0,1,1.0,0,0,0,258.749237060547,4.0,7,5,2,16817,0,0,1,1,0,0,1.0,0
16817-137-11-1,1,1,64.0,1,1.0,0,0,0,258.749237060547,3.0,7,5,2,16817,0,0,1,1,0,0,1.0,0
16817-138-11-1,1,2,30.0,1,1.0,0,0,0,258.749237060547,6.0,7,5,2,16817,0,0,1,1,0,0,1.0,0
16817-139-11-1,1,2,71.0,1,1.0,0,0,0,258.749237060547,3.0,7,5,2,16817,0,0,1,1,0,0,1.0,0
16817-140-11-1,1,1,50.0,1,1.0,0,0,0,258.749237060547,4.0,7,5,5,16817,0,0,1,1,0,0,1.0,0
16817-146-11-1,1,1,57.0,1,1.0,0,0,0,258.749237060547,5.0,7,5,1,16817,0,0,1,1,0,0,1.0,0
16818-1-11-1,1,1,43.0,1,1.0,0,0,0,256.639282226563,3.0,7,5,3,16818,0,0,1,1,0,0,1.0,0
16818-2-11-1,1,1,43.0,1,1.0,0,0,0,256.639282226563,5.0,7,5,4,16818,0,0,1,1,0,0,1.0,0
16818-3-11-1,1,2,61.0,1,1.0,0,0,0,256.639282226563,1.0,7,5,1,16818,0,0,1,1,0,0,1.0,0
16818-4-11-1,1,2,31.0,1,1.0,0,0,0,256.639282226563,3.0,7,5,3,16818,0,0,1,1,0,0,1.0,0
16818-133-11-1,1,1,68.0,1,1.0,0,0,0,256.639282226563,3.0,7,5,4,16818,0,0,1,1,0,0,1.0,0
16818-134-11-1,1,2,32.0,1,1.0,0,0,0,256.639282226563,4.0,7,5,2,16818,0,0,1,1,0,0,1.0,0
16818-135-11-1,1,1,61.0,1,1.0,0,0,0,256.639282226563,1.0,7,5,2,16818,0,0,1,1,0,0,1.0,0
16818-136-11-1,1,1,40.0,1,1.0,0,0,0,256.639282226563,4.0,7,5,4,16818,0,0,1,1,0,0,1.0,0
16819-78-11-1,1,1,50.0,1,1.0,0,0,0,276.022735595703,3.0,7,5,4,16819,0,0,1,1,0,0,1.0,0
16819-80-11-1,1,2,63.0,1,1.0,0,0,0,276.022735595703,3.0,7,5,3,16819,0,0,1,1,0,0,1.0,0
16819-176-11-1,1,1,30.0,1,1.0,0,0,0,276.022735595703,4.0,7,5,4,16819,0,0,1,1,0,0,1.0,0
16819-179-11-1,1,2,39.0,1,1.0,0,0,0,276.022735595703,3.0,7,5,3,16819,0,0,1,1,0,0,1.0,0
16819-180-11-1,1,1,82.0,1,1.0,0,0,0,276.022735595703,3.0,7,5,2,16819,0,0,1,1,0,0,1.0,0
16820-9-11-1,1,2,78.0,1,1.0,0,0,0,276.022735595703,1.0,8,5,1,16820,0,0,1,1,0,0,1.0,0
16820-10-11-1,1,1,54.0,1,0.0,0,0,0,276.022735595703,3.0,8,5,5,16820,0,0,1,1,0,0,0.0,0
16820-11-11-1,1,1,50.0,1,1.0,0,0,0,276.022735595703,3.0,8,5,5,16820,0,0,1,1,0,0,1.0,0
16820-38-11-1,1,2,67.0,1,1.0,0,0,0,276.022735595703,1.0,8,5,1,16820,0,0,1,1,0,0,1.0,0
16820-45-11-1,1,1,76.0,1,1.0,0,0,0,276.022735595703,3.0,8,5,2,16820,0,0,1,1,0,0,1.0,0
16820-48-11-1,1,1,76.0,1,0.0,0,0,0,276.022735595703,4.0,8,5,2,16820,0,0,1,1,0,0,0.0,0
16821-5-11-1,1,1,58.0,1,1.0,0,0,0,256.639282226563,5.0,8,5,3,16821,0,0,1,1,0,0,1.0,0
16821-6-11-1,1,1,57.0,1,1.0,0,0,0,256.639282226563,4.0,8,5,2,16821,0,0,1,1,0,0,1.0,0
16821-19-11-1,1,1,50.0,1,1.0,0,0,0,256.639282226563,3.0,8,5,2,16821,0,0,1,1,0,0,1.0,0
16821-35-11-1,1,1,64.0,1,1.0,0,0,0,256.639282226563,3.0,8,5,2,16821,0,0,1,1,0,0,1.0,0
16821-37-11-1,1,1,55.0,1,1.0,0,0,0,256.639282226563,3.0,8,5,5,16821,0,0,1,1,0,0,1.0,0
16825-61-11-1,1,1,78.0,1,1.0,0,0,0,246.752212524414,3.0,7,5,1,16825,0,0,1,1,0,0,1.0,0
16825-63-11-1,1,1,31.0,1,0.0,0,0,0,246.752212524414,5.0,7,5,4,16825,0,0,1,1,0,0,0.0,0
16825-141-11-1,1,1,75.0,1,1.0,0,0,0,246.752212524414,3.0,7,5,2,16825,0,0,1,1,0,0,1.0,0
16825-142-11-1,1,1,35.0,1,1.0,0,0,0,246.752212524414,3.0,7,5,6,16825,1,0,1,1,0,1,1.0,1
16825-144-11-1,1,1,39.0,1,1.0,0,0,0,246.752212524414,3.0,7,5,5,16825,0,0,1,1,0,0,1.0,0
16830-181-11-1,1,1,37.0,1,1.0,1,1,0,163.66227722168,5.0,7,7,1,16830,0,0,1,1,0,0,1.0,0
16830-597-11-1,1,1,52.0,1,1.0,0,0,0,163.66227722168,1.0,7,7,3,16830,0,0,1,1,0,0,1.0,0
16830-598-11-1,1,1,39.0,1,0.0,0,0,0,163.66227722168,4.0,7,7,5,16830,0,0,1,1,0,0,0.0,0
16830-599-11-1,1,2,83.0,1,1.0,0,0,0,163.66227722168,1.0,7,7,1,16830,0,0,1,1,0,0,1.0,0
16830-600-11-1,1,2,28.0,1,1.0,0,0,0,163.66227722168,3.0,7,7,4,16830,0,0,1,1,0,0,1.0,0
16843-142-11-1,1,1,39.0,1,1.0,1,0,0,167.275634765625,6.0,7,7,5,16843,0,0,1,1,0,0,1.0,0
16843-143-11-1,1,2,28.0,1,1.0,0,0,0,167.275634765625,6.0,7,7,3,16843,0,0,1,1,0,0,1.0,0
16843-335-11-1,1,1,28.0,1,0.0,1,1,0,167.275634765625,10.0,7,7,2,16843,0,0,1,1,0,0,0.0,0
16843-338-11-1,1,2,35.0,1,1.0,1,1,0,167.275634765625,5.0,7,7,3,16843,0,0,1,1,0,0,1.0,0
16845-20-11-1,1,1,41.0,1,0.0,0,0,0,167.275634765625,7.0,8,7,6,16845,0,0,1,1,0,0,0.0,0
16845-61-11-1,1,1,47.0,1,1.0,0,0,0,167.275634765625,6.0,8,7,3,16845,0,0,1,1,0,0,1.0,0
16845-63-11-1,1,1,64.0,1,1.0,0,0,0,167.275634765625,3.0,8,7,2,16845,0,0,1,1,0,0,1.0,0
16892-58-11-1,1,1,52.0,1,1.0,1,1,0,202.025863647461,7.0,2,2,4,16892,0,0,1,1,0,0,1.0,0
16892-88-11-1,1,1,82.0,1,1.0,1,0,0,202.025863647461,6.0,2,2,4,16892,0,0,1,1,0,0,1.0,0
16892-103-11-1,1,1,48.0,1,1.0,1,1,0,202.025863647461,6.0,2,2,5,16892,0,0,1,1,0,0,1.0,0
16904-72-11-1,1,1,62.0,1,1.0,1,0,0,80.0937576293945,10.0,2,2,2,16904,0,0,1,1,0,0,1.0,0
16905-28-11-1,1,1,55.0,1,1.0,1,0,0,2.13633966445923,7.0,2,2,1,16905,0,0,1,1,0,0,1.0,0
16905-45-11-1,1,1,60.0,1,0.0,0,0,0,2.13633966445923,10.0,2,2,5,16905,0,0,1,1,0,0,0.0,0
16905-82-11-1,1,2,32.0,1,0.0,1,0,0,2.13633966445923,7.0,2,2,3,16905,0,0,1,1,0,0,0.0,0
16906-12-11-1,1,2,50.0,1,1.0,1,1,0,83.0471038818359,6.0,2,2,7,16906,0,0,1,1,0,0,1.0,0
16906-27-11-1,1,1,60.0,1,1.0,0,0,0,83.0471038818359,4.0,2,2,4,16906,0,0,1,1,0,0,1.0,0
16906-41-11-1,1,1,64.0,1,1.0,0,0,0,83.0471038818359,4.0,2,2,1,16906,0,0,1,1,0,0,1.0,0
16907-50-11-1,1,1,46.0,1,1.0,1,0,0,80.0171432495117,6.0,2,2,5,16907,1,0,1,1,0,1,1.0,1
16907-104-11-1,1,1,46.0,1,1.0,0,0,0,80.0171432495117,6.0,2,2,4,16907,1,0,1,1,0,1,1.0,1
16907-132-11-1,1,2,43.0,1,1.0,0,0,0,80.0171432495117,8.0,2,2,2,16907,0,0,1,1,0,0,1.0,0
16907-156-11-1,1,2,50.0,1,1.0,1,1,0,80.0171432495117,10.0,2,2,4,16907,0,0,1,1,0,0,1.0,0
16908-16-11-1,1,1,49.0,1,0.0,1,0,0,6.35935592651367,8.0,2,2,1,16908,0,0,1,1,0,0,0.0,0
16908-67-11-1,1,1,39.0,1,0.0,1,1,0,6.35935592651367,8.0,2,2,5,16908,0,0,1,1,0,0,0.0,0
16908-104-11-1,1,2,47.0,1,1.0,1,0,0,6.35935592651367,6.0,2,2,4,16908,0,0,1,1,0,0,1.0,0
16909-23-11-1,1,2,61.0,1,0.0,1,1,0,260.458312988281,10.0,2,2,6,16909,0,0,1,1,0,0,0.0,0
16909-73-11-1,1,1,68.0,1,1.0,0,0,0,260.458312988281,5.0,2,2,6,16909,0,0,1,1,0,0,1.0,0
16910-74-11-1,1,1,31.0,1,1.0,0,0,0,245.843017578125,4.0,2,2,4,16910,0,0,1,1,0,0,1.0,0
16910-103-11-1,1,2,58.0,1,1.0,1,0,0,245.843017578125,8.0,2,2,3,16910,0,0,1,1,0,0,1.0,0
16911-43-11-1,1,1,47.0,1,1.0,1,1,0,2.38933849334717,10.0,2,2,5,16911,0,0,1,1,0,0,1.0,0
16912-33-11-1,1,1,63.0,1,0.0,1,0,0,209.479293823242,10.0,2,2,4,16912,1,0,1,1,0,1,0.0,1
16912-95-11-1,1,1,51.0,1,1.0,1,0,0,209.479293823242,9.0,2,2,5,16912,0,0,1,1,0,0,1.0,0
16913-22-11-1,1,1,51.0,1,1.0,0,0,0,199.600662231445,5.0,2,2,3,16913,0,0,1,1,0,0,1.0,0
16913-81-11-1,1,2,83.0,1,1.0,0,0,0,199.600662231445,3.0,2,2,5,16913,0,0,1,1,0,0,1.0,0
16913-95-11-1,1,1,59.0,1,1.0,0,0,0,199.600662231445,10.0,2,2,2,16913,0,0,1,1,0,0,1.0,0
16913-139-11-1,1,2,46.0,1,1.0,1,1,0,199.600662231445,6.0,2,2,8,16913,0,0,1,1,0,0,1.0,0
16914-10-11-1,1,1,49.0,1,0.0,1,1,0,202.025863647461,10.0,2,2,5,16914,0,0,1,1,0,0,0.0,0
16914-66-11-1,1,1,41.0,1,1.0,1,1,0,202.025863647461,6.0,2,2,1,16914,0,0,1,1,0,0,1.0,0
16914-80-11-1,1,1,36.0,1,1.0,1,1,0,202.025863647461,6.0,2,2,5,16914,0,0,1,1,0,0,1.0,0
16914-121-11-1,1,1,42.0,1,1.0,0,0,0,202.025863647461,8.0,2,2,2,16914,0,0,1,1,0,0,1.0,0
16915-44-11-1,1,2,47.0,1,1.0,1,1,0,1.84279203414917,5.0,2,2,6,16915,0,0,1,1,0,0,1.0,0
16915-60-11-1,1,1,33.0,1,1.0,1,1,0,1.84279203414917,6.0,2,2,4,16915,0,0,1,1,0,0,1.0,0
16915-69-11-1,1,2,29.0,1,0.0,1,1,0,1.84279203414917,10.0,2,2,2,16915,1,0,1,1,0,1,0.0,1
16916-12-11-1,1,1,48.0,1,1.0,1,0,0,260.458312988281,6.0,2,2,3,16916,0,0,1,1,0,0,1.0,0
16916-64-11-1,1,1,62.0,1,1.0,0,0,0,260.458312988281,6.0,2,2,3,16916,0,0,1,1,0,0,1.0,0
16916-98-11-1,1,1,56.0,1,0.0,0,0,0,260.458312988281,4.0,2,2,6,16916,0,0,1,1,0,0,0.0,0
16916-115-11-1,1,1,59.0,1,0.0,0,0,0,260.458312988281,6.0,2,2,5,16916,0,0,1,1,0,0,0.0,0
16917-44-11-1,1,1,48.0,1,0.0,1,0,0,252.901931762695,5.0,2,2,1,16917,0,0,1,1,0,0,0.0,0
16917-60-11-1,1,2,29.0,1,0.0,0,0,0,252.901931762695,6.0,2,2,3,16917,0,0,1,1,0,0,0.0,0
16917-110-11-1,1,1,30.0,1,1.0,0,0,0,252.901931762695,6.0,2,2,4,16917,0,0,1,1,0,0,1.0,0
16917-126-11-1,1,1,50.0,1,0.0,0,0,0,252.901931762695,6.0,2,2,1,16917,0,0,1,1,0,0,0.0,0
16917-142-11-1,1,2,56.0,1,1.0,1,0,0,252.901931762695,3.0,2,2,2,16917,1,0,1,1,0,1,1.0,1
16918-28-11-1,1,2,52.0,1,1.0,1,0,0,6.63513278961182,6.0,2,2,2,16918,0,0,1,1,0,0,1.0,0
16918-99-11-1,1,1,33.0,1,0.0,1,1,0,6.63513278961182,8.0,2,2,4,16918,0,0,1,1,0,0,0.0,0
16918-111-11-1,1,1,69.0,1,1.0,1,0,0,6.63513278961182,10.0,2,2,4,16918,1,0,1,1,0,1,1.0,1
16918-125-11-1,1,2,59.0,1,0.0,1,0,0,6.63513278961182,8.0,2,2,2,16918,1,0,1,1,0,1,0.0,1
16919-71-11-1,1,1,43.0,1,0.0,1,1,0,2.13633966445923,8.0,2,2,1,16919,0,0,1,1,0,0,0.0,0
16919-100-11-1,1,1,55.0,1,1.0,0,0,0,2.13633966445923,5.0,2,2,5,16919,0,0,1,1,0,0,1.0,0
16919-115-11-1,1,1,38.0,1,1.0,1,1,0,2.13633966445923,9.0,2,2,4,16919,0,0,1,1,0,0,1.0,0
16922-97-11-1,1,2,68.0,1,1.0,0,0,0,256.725830078125,5.0,2,2,1,16922,0,0,1,1,0,0,1.0,0
16922-113-11-1,1,1,50.0,1,0.0,1,0,0,256.725830078125,6.0,2,2,6,16922,0,0,1,1,0,0,0.0,0
16923-6-11-1,1,1,65.0,1,0.0,0,0,0,245.843017578125,6.0,2,2,1,16923,0,0,1,1,0,0,0.0,0
16923-19-11-1,1,2,38.0,1,1.0,0,0,0,245.843017578125,6.0,2,2,4,16923,0,0,1,1,0,0,1.0,0
16923-32-11-1,1,2,75.0,1,1.0,0,0,0,245.843017578125,3.0,2,2,2,16923,0,0,1,1,0,0,1.0,0
16923-58-11-1,1,2,38.0,1,1.0,1,0,0,245.843017578125,8.0,2,2,3,16923,0,0,1,1,0,0,1.0,0
16923-84-11-1,1,1,60.0,1,0.0,0,0,0,245.843017578125,3.0,2,2,3,16923,0,0,1,1,0,0,0.0,0
16924-31-11-1,1,2,52.0,1,1.0,0,0,0,262.759490966797,3.0,2,2,2,16924,0,0,1,1,0,0,1.0,0
16924-35-11-1,1,2,33.0,1,0.0,1,1,0,262.759490966797,8.0,2,2,3,16924,0,0,1,1,0,0,0.0,0
16928-84-11-1,1,1,58.0,1,0.0,0,0,0,71.9711608886719,10.0,2,2,6,16928,0,0,1,1,0,0,0.0,0
16928-100-11-1,1,2,57.0,1,0.0,0,0,0,71.9711608886719,6.0,2,2,2,16928,1,1,1,1,0,1,0.0,1
16966-17-11-1,1,2,77.0,1,1.0,0,0,0,95.9615478515625,3.0,2,2,1,16966,0,0,1,1,0,0,1.0,0
16966-81-11-1,1,1,47.0,1,0.0,1,1,0,95.9615478515625,9.0,2,2,4,16966,0,0,1,1,0,0,0.0,0
16966-125-11-1,1,2,49.0,1,1.0,1,1,0,95.9615478515625,5.0,2,2,2,16966,0,0,1,1,0,0,1.0,0
16966-147-11-1,1,1,54.0,1,0.0,1,0,0,95.9615478515625,6.0,2,2,3,16966,0,0,1,1,0,0,0.0,0
17023-42-11-1,1,2,66.0,1,1.0,0,0,0,266.134216308594,8.0,2,2,2,17023,1,0,1,1,0,1,1.0,1
17025-17-11-1,1,1,64.0,1,1.0,0,0,0,8.47914123535156,5.0,2,2,3,17025,0,0,1,1,0,0,1.0,0
17025-135-11-1,1,1,32.0,1,1.0,1,1,0,8.47914123535156,5.0,2,2,5,17025,0,0,1,1,0,0,1.0,0
17026-21-11-1,1,1,33.0,1,0.0,1,0,0,106.791679382324,8.0,4,2,5,17026,0,0,1,1,0,0,0.0,0
17026-38-11-1,1,1,54.0,1,1.0,0,0,0,106.791679382324,6.0,4,2,1,17026,1,0,1,1,0,1,1.0,1
17026-54-11-1,1,1,57.0,1,1.0,1,0,0,106.791679382324,8.0,4,2,1,17026,0,0,1,1,0,0,1.0,0
17026-71-12-1,1,1,61.0,1,1.0,1,0,0,106.791679382324,6.0,4,2,4,17026,0,0,1,1,0,0,1.0,0
17026-71-22-1,1,2,27.0,1,1.0,1,1,0,106.791679382324,10.0,4,2,2,17026,1,0,1,1,0,1,1.0,1
17027-41-11-1,1,1,69.0,1,0.0,0,0,0,260.458312988281,6.0,5,2,3,17027,0,0,1,1,0,0,0.0,0
17027-57-11-1,1,2,64.0,1,1.0,0,0,0,260.458312988281,9.0,5,2,2,17027,0,0,1,1,0,0,1.0,0
17027-88-11-1,1,1,73.0,1,1.0,0,0,0,260.458312988281,6.0,5,2,1,17027,0,0,1,1,0,0,1.0,0
17028-65-11-1,1,2,73.0,1,0.0,0,0,0,269.367828369141,1.0,2,2,1,17028,0,0,1,1,0,0,0.0,0
17029-90-11-1,1,2,40.0,1,1.0,1,1,0,110.729469299316,6.0,2,2,3,17029,0,0,1,1,0,0,1.0,0
17029-108-11-1,1,2,60.0,1,1.0,0,0,0,110.729469299316,6.0,2,2,2,17029,0,0,1,1,0,0,1.0,0
17029-146-11-1,1,1,49.0,1,0.0,0,0,0,110.729469299316,6.0,2,2,3,17029,0,0,1,1,0,0,0.0,0
17030-11-11-1,1,2,26.0,1,1.0,1,1,0,245.843017578125,7.0,2,2,3,17030,0,0,1,1,0,0,1.0,0
17030-108-11-1,1,1,36.0,1,1.0,1,0,0,245.843017578125,8.0,2,2,3,17030,0,0,1,1,0,0,1.0,0
17031-8-11-1,1,2,45.0,1,0.0,1,0,0,279.305725097656,10.0,4,2,4,17031,0,0,1,1,0,0,0.0,0
17031-48-11-1,1,1,42.0,1,0.0,1,0,0,279.305725097656,6.0,4,2,9,17031,0,0,1,1,0,0,0.0,0
17031-59-11-1,1,1,70.0,1,1.0,0,0,0,279.305725097656,6.0,4,2,3,17031,0,0,1,1,0,0,1.0,0
17032-17-11-1,1,1,68.0,1,1.0,0,0,0,252.901931762695,5.0,5,2,1,17032,0,0,1,1,0,0,1.0,0
17032-33-11-1,1,2,34.0,1,1.0,1,1,0,252.901931762695,6.0,5,2,4,17032,0,0,1,1,0,0,1.0,0
17032-47-11-1,1,1,51.0,1,1.0,0,0,0,252.901931762695,5.0,5,2,5,17032,0,0,1,1,0,0,1.0,0
17032-80-11-1,1,1,62.0,1,0.0,0,0,0,252.901931762695,3.0,5,2,4,17032,0,0,1,1,0,0,0.0,0
17032-96-11-1,1,2,53.0,1,1.0,0,0,0,252.901931762695,3.0,5,2,4,17032,0,0,1,1,0,0,1.0,0
17033-14-11-1,1,2,30.0,1,1.0,1,1,0,256.725830078125,6.0,4,2,7,17033,0,0,1,1,0,0,1.0,0
17033-34-11-1,1,2,49.0,1,1.0,0,0,0,256.725830078125,6.0,4,2,4,17033,0,0,1,1,0,0,1.0,0
17033-47-11-1,1,1,40.0,1,0.0,1,0,0,256.725830078125,7.0,4,2,2,17033,1,0,1,1,0,1,0.0,1
17033-60-11-1,1,2,58.0,1,1.0,0,0,0,256.725830078125,5.0,4,2,1,17033,0,0,1,1,0,0,1.0,0
17034-60-11-1,1,1,39.0,1,1.0,1,1,0,260.458312988281,5.0,2,2,4,17034,0,0,1,1,0,0,1.0,0
17035-9-11-1,1,2,47.0,1,0.0,1,1,0,266.134216308594,8.0,2,2,4,17035,0,0,1,1,0,0,0.0,0
17035-25-11-1,1,2,63.0,1,1.0,0,0,0,266.134216308594,6.0,2,2,2,17035,0,0,1,1,0,0,1.0,0
17035-73-11-1,1,1,69.0,1,1.0,0,0,0,266.134216308594,4.0,2,2,3,17035,0,0,1,1,0,0,1.0,0
17035-90-11-1,1,1,62.0,1,1.0,0,0,0,266.134216308594,8.0,2,2,1,17035,0,0,1,1,0,0,1.0,0
17036-8-11-1,1,1,59.0,1,1.0,0,0,0,110.729469299316,6.0,5,2,7,17036,0,0,1,1,0,0,1.0,0
17036-27-11-1,1,1,54.0,1,0.0,1,0,0,110.729469299316,9.0,5,2,1,17036,0,0,1,1,0,0,0.0,0
17036-44-11-1,1,1,61.0,1,0.0,1,0,0,110.729469299316,10.0,5,2,2,17036,1,0,1,1,0,1,0.0,1
17036-82-11-1,1,1,40.0,1,0.0,0,0,0,110.729469299316,6.0,5,2,2,17036,1,0,1,1,0,1,0.0,1
17037-88-11-1,1,1,57.0,1,1.0,0,0,0,245.843017578125,6.0,2,2,1,17037,0,0,1,1,0,0,1.0,0
17037-111-11-1,1,1,61.0,1,1.0,0,0,0,245.843017578125,6.0,2,2,2,17037,0,0,1,1,0,0,1.0,0
17038-66-11-1,1,1,43.0,1,1.0,1,1,0,262.759490966797,6.0,5,2,6,17038,0,0,1,1,0,0,1.0,0
17039-35-11-1,1,2,41.0,1,0.0,1,1,0,252.901931762695,6.0,2,2,6,17039,0,0,1,1,0,0,0.0,0
17039-56-11-1,1,2,33.0,1,0.0,0,0,0,252.901931762695,7.0,2,2,4,17039,0,0,1,1,0,0,0.0,0
17039-165-11-1,1,1,59.0,1,1.0,0,0,0,252.901931762695,1.0,2,2,1,17039,0,0,1,1,0,0,1.0,0
17040-39-11-1,1,1,44.0,1,1.0,0,0,0,245.843017578125,5.0,4,2,5,17040,0,0,1,1,0,0,1.0,0
17040-71-11-1,1,2,71.0,1,1.0,0,0,0,245.843017578125,4.0,4,2,3,17040,0,0,1,1,0,0,1.0,0
17040-115-11-1,1,2,48.0,1,0.0,1,1,0,245.843017578125,7.0,4,2,2,17040,0,0,1,1,0,0,0.0,0
17041-48-11-1,1,1,62.0,1,0.0,0,0,0,252.901931762695,8.0,5,2,4,17041,0,0,1,1,0,0,0.0,0
17041-91-11-1,1,1,82.0,1,1.0,0,0,0,252.901931762695,4.0,5,2,3,17041,0,0,1,1,0,0,1.0,0
17042-29-11-1,1,2,62.0,1,0.0,0,0,0,256.725830078125,6.0,5,2,3,17042,0,0,1,1,0,0,0.0,0
17042-78-11-1,1,1,53.0,1,0.0,1,0,0,256.725830078125,9.0,5,2,3,17042,0,0,1,1,0,0,0.0,0
17042-129-11-1,1,2,35.0,1,1.0,1,1,0,256.725830078125,6.0,5,2,3,17042,0,0,1,1,0,0,1.0,0
17042-145-11-1,1,1,49.0,1,1.0,1,0,0,256.725830078125,6.0,5,2,3,17042,0,0,1,1,0,0,1.0,0
17043-11-11-1,1,1,34.0,1,1.0,1,1,0,262.759490966797,6.0,2,2,4,17043,0,0,1,1,0,0,1.0,0
17043-65-11-1,1,2,37.0,1,1.0,1,1,0,262.759490966797,10.0,2,2,3,17043,1,0,1,1,0,1,1.0,1
17043-83-11-1,1,1,35.0,1,0.0,1,1,0,262.759490966797,5.0,2,2,5,17043,0,0,1,1,0,0,0.0,0
17044-90-11-1,1,1,84.0,1,0.0,0,0,0,256.725830078125,10.0,5,2,3,17044,0,0,1,1,0,0,0.0,0
17046-9-11-1,1,1,72.0,1,0.0,0,0,0,252.901931762695,5.0,2,2,3,17046,0,0,1,1,0,0,0.0,0
17046-95-11-1,1,2,43.0,1,1.0,1,1,0,252.901931762695,6.0,2,2,4,17046,0,0,1,1,0,0,1.0,0
17046-105-11-1,1,2,49.0,1,1.0,1,1,0,252.901931762695,6.0,2,2,3,17046,0,0,1,1,0,0,1.0,0
17047-97-11-1,1,2,62.0,1,1.0,1,1,0,279.305725097656,9.0,2,2,1,17047,0,0,1,1,0,0,1.0,0
17047-115-11-1,1,1,35.0,1,1.0,1,1,0,279.305725097656,6.0,2,2,5,17047,0,0,1,1,0,0,1.0,0
17048-60-11-1,1,1,64.0,1,1.0,1,1,0,269.367828369141,6.0,4,2,1,17048,0,0,1,1,0,0,1.0,0
17048-77-22-1,1,1,31.0,1,1.0,1,0,0,269.367828369141,6.0,4,2,3,17048,0,0,1,1,0,0,1.0,0
17049-1-11-1,1,1,66.0,1,1.0,0,0,0,256.725830078125,6.0,4,2,2,17049,0,0,1,1,0,0,1.0,0
17049-124-11-1,1,1,41.0,1,0.0,0,0,0,256.725830078125,6.0,4,2,5,17049,0,0,1,1,0,0,0.0,0
17049-149-11-1,1,1,45.0,1,0.0,0,0,0,256.725830078125,5.0,4,2,7,17049,0,0,1,1,0,0,0.0,0
17049-197-11-1,1,1,61.0,1,1.0,0,0,0,256.725830078125,6.0,4,2,8,17049,0,0,1,1,0,0,1.0,0
17050-2-11-1,1,1,54.0,1,0.0,0,0,0,245.843017578125,6.0,5,2,3,17050,0,0,1,1,0,0,0.0,0
17050-18-11-1,1,1,53.0,1,1.0,0,0,0,245.843017578125,6.0,5,2,4,17050,0,0,1,1,0,0,1.0,0
17050-80-11-1,1,1,49.0,1,1.0,0,0,0,245.843017578125,6.0,5,2,1,17050,0,0,1,1,0,0,1.0,0
17050-96-11-1,1,1,39.0,1,0.0,0,0,0,245.843017578125,4.0,5,2,1,17050,0,0,1,1,0,0,0.0,0
17051-91-11-1,1,1,41.0,1,1.0,1,1,0,262.759490966797,8.0,2,2,4,17051,0,0,1,1,0,0,1.0,0
17052-31-11-1,1,1,52.0,1,0.0,0,0,0,245.843017578125,6.0,4,2,5,17052,0,0,1,1,0,0,0.0,0
17052-70-11-1,1,1,66.0,1,0.0,1,1,0,245.843017578125,11.0,4,2,5,17052,0,0,1,1,0,0,0.0,0
17052-110-22-1,1,1,34.0,1,0.0,1,1,0,245.843017578125,6.0,4,2,6,17052,0,0,1,1,0,0,0.0,0
17052-130-12-1,1,1,74.0,1,1.0,0,0,0,245.843017578125,6.0,4,2,2,17052,0,0,1,1,0,0,1.0,0
17052-130-22-1,1,1,26.0,1,1.0,1,1,0,245.843017578125,7.0,4,2,3,17052,0,0,1,1,0,0,1.0,0
17053-11-11-1,1,1,47.0,1,0.0,0,0,0,252.901931762695,8.0,4,2,6,17053,0,0,1,1,0,0,0.0,0
17053-26-11-1,1,2,58.0,1,0.0,1,1,0,252.901931762695,10.0,4,2,2,17053,0,0,1,1,0,0,0.0,0
17053-67-11-1,1,1,30.0,1,1.0,1,1,0,252.901931762695,6.0,4,2,1,17053,0,0,1,1,0,0,1.0,0
17054-4-11-1,1,1,44.0,1,0.0,0,0,0,266.134216308594,8.0,4,2,2,17054,0,0,1,1,0,0,0.0,0
17054-39-11-1,1,1,51.0,1,1.0,0,0,0,266.134216308594,6.0,4,2,4,17054,0,0,1,1,0,0,1.0,0
17054-109-11-1,1,1,36.0,1,1.0,1,0,0,266.134216308594,5.0,4,2,4,17054,0,0,1,1,0,0,1.0,0
17055-7-11-1,1,1,47.0,1,1.0,0,0,0,256.725830078125,6.0,2,2,5,17055,0,0,1,1,0,0,1.0,0
17055-30-11-1,1,2,46.0,1,1.0,0,0,0,256.725830078125,6.0,2,2,3,17055,0,0,1,1,0,0,1.0,0
17055-89-11-1,1,1,55.0,1,1.0,1,1,0,256.725830078125,6.0,2,2,3,17055,0,0,1,1,0,0,1.0,0
17056-3-11-1,1,1,44.0,1,0.0,0,0,0,262.759490966797,6.0,5,2,4,17056,0,0,1,1,0,0,0.0,0
17056-24-11-1,1,1,37.0,1,1.0,1,1,0,262.759490966797,7.0,5,2,4,17056,0,0,1,1,0,0,1.0,0
17056-87-11-1,1,1,60.0,1,1.0,0,0,0,262.759490966797,6.0,5,2,2,17056,0,0,1,1,0,0,1.0,0
17056-107-11-1,1,2,56.0,1,0.0,0,0,0,262.759490966797,8.0,5,2,4,17056,1,0,1,1,0,1,0.0,1
17056-128-11-1,1,2,66.0,1,1.0,0,0,0,262.759490966797,1.0,5,2,1,17056,0,0,1,1,0,0,1.0,0
17070-97-11-1,1,2,26.0,1,1.0,1,1,0,58.4958992004395,6.0,7,2,3,17070,0,0,1,1,0,0,1.0,0
17070-98-11-1,1,2,77.0,1,1.0,0,0,0,58.4958992004395,1.0,7,2,1,17070,0,0,1,1,0,0,1.0,0
17070-99-11-1,1,1,56.0,1,1.0,0,0,0,58.4958992004395,4.0,7,2,5,17070,0,0,1,1,0,0,1.0,0
17070-100-11-1,1,2,50.0,1,1.0,0,0,0,58.4958992004395,5.0,7,2,3,17070,0,0,1,1,0,0,1.0,0
17079-33-11-1,1,1,58.0,1,1.0,0,0,0,60.7330932617188,6.0,7,2,2,17079,0,0,1,1,0,0,1.0,0
17079-34-11-1,1,1,49.0,1,0.0,1,0,0,60.7330932617188,6.0,7,2,3,17079,1,0,1,1,0,1,0.0,1
17079-35-11-1,1,1,66.0,1,1.0,0,0,0,60.7330932617188,3.0,7,2,6,17079,0,0,1,1,0,0,1.0,0
17079-36-11-1,1,1,53.0,1,0.0,0,0,0,60.7330932617188,6.0,7,2,2,17079,1,0,1,1,0,1,0.0,1
17079-160-11-1,1,1,62.0,1,1.0,0,0,0,60.7330932617188,6.0,7,2,1,17079,0,0,1,1,0,0,1.0,0
17079-161-11-1,1,1,59.0,1,1.0,0,0,0,60.7330932617188,4.0,7,2,2,17079,0,0,1,1,0,0,1.0,0
17079-162-11-1,1,1,68.0,1,1.0,0,0,0,60.7330932617188,4.0,7,2,2,17079,0,0,1,1,0,0,1.0,0
17079-163-11-1,1,1,35.0,1,1.0,0,0,0,60.7330932617188,6.0,7,2,3,17079,0,0,1,1,0,0,1.0,0
17081-77-11-1,1,1,27.0,1,0.0,1,1,0,67.3147659301758,6.0,7,2,3,17081,1,0,1,1,0,1,0.0,1
17081-79-11-1,1,1,40.0,1,0.0,1,1,0,67.3147659301758,5.0,7,2,3,17081,0,0,1,1,0,0,0.0,0
17081-80-11-1,1,1,58.0,1,1.0,0,0,0,67.3147659301758,7.0,7,2,3,17081,0,0,1,1,0,0,1.0,0
17081-238-11-1,1,2,38.0,1,0.0,1,1,0,67.3147659301758,4.0,7,2,3,17081,0,0,1,1,0,0,0.0,0
17086-78-11-1,1,1,49.0,1,1.0,0,0,0,58.4958992004395,6.0,7,2,1,17086,0,0,1,1,0,0,1.0,0
17086-84-11-1,1,2,66.0,1,1.0,0,0,0,58.4958992004395,6.0,7,2,1,17086,0,0,1,1,0,0,1.0,0
17087-6-11-1,1,1,65.0,1,1.0,0,0,0,60.7330932617188,4.0,8,2,3,17087,0,0,1,1,0,0,1.0,0
17087-8-11-1,1,1,55.0,1,1.0,1,0,0,60.7330932617188,6.0,8,2,4,17087,0,0,1,1,0,0,1.0,0
17087-73-11-1,1,2,75.0,1,1.0,0,0,0,60.7330932617188,3.0,8,2,2,17087,0,0,1,1,0,0,1.0,0
17087-74-11-1,1,2,65.0,1,1.0,0,0,0,60.7330932617188,3.0,8,2,2,17087,0,0,1,1,0,0,1.0,0
17087-75-11-1,1,1,45.0,1,1.0,1,1,0,60.7330932617188,3.0,8,2,4,17087,0,0,1,1,0,0,1.0,0
17087-76-11-1,1,1,40.0,1,0.0,0,0,0,60.7330932617188,5.0,8,2,6,17087,0,0,1,1,0,0,0.0,0
17088-33-11-1,1,1,42.0,1,1.0,1,0,0,70.7902908325195,5.0,7,2,2,17088,0,0,1,1,0,0,1.0,0
17088-34-11-1,1,1,56.0,1,1.0,0,0,0,70.7902908325195,5.0,7,2,1,17088,0,0,1,1,0,0,1.0,0
17088-288-11-1,1,2,86.0,1,1.0,0,0,0,70.7902908325195,3.0,7,2,1,17088,0,0,1,1,0,0,1.0,0
17096-71-11-1,1,2,45.0,1,1.0,0,0,0,109.454208374023,5.0,2,5,3,17096,0,0,1,1,0,0,1.0,0
17096-85-11-1,1,2,67.0,1,1.0,0,0,0,109.454208374023,6.0,2,5,3,17096,0,0,1,1,0,0,1.0,0
17136-26-11-1,1,1,68.0,1,0.0,0,0,0,37.5068511962891,11.0,2,5,2,17136,0,0,1,1,0,0,0.0,0
17136-162-11-1,1,1,68.0,1,0.0,0,0,0,37.5068511962891,8.0,2,5,5,17136,1,0,1,1,0,1,0.0,1
17138-8-11-1,1,1,60.0,1,1.0,0,0,0,622.70703125,4.0,2,5,4,17138,0,0,1,1,0,0,1.0,0
17138-75-11-1,1,2,31.0,1,0.0,1,0,0,622.70703125,10.0,2,5,1,17138,0,0,1,1,0,0,0.0,0
17140-2-11-1,1,1,42.0,1,0.0,1,0,0,236.832992553711,8.0,2,5,3,17140,1,0,1,1,0,1,0.0,1
17140-83-11-1,1,1,47.0,1,1.0,0,0,0,236.832992553711,5.0,2,5,5,17140,0,0,1,1,0,0,1.0,0
17140-101-11-1,1,1,37.0,1,1.0,0,0,0,236.832992553711,5.0,2,5,5,17140,0,0,1,1,0,0,1.0,0
17140-121-11-1,1,2,21.0,1,0.0,0,0,0,236.832992553711,6.0,2,5,3,17140,0,0,1,1,0,0,0.0,0
17140-141-11-1,1,1,59.0,1,1.0,0,0,0,236.832992553711,8.0,2,5,4,17140,0,0,1,1,0,0,1.0,0
17141-57-11-1,1,1,63.0,1,0.0,1,1,0,22.760082244873,6.0,2,5,3,17141,0,0,1,1,0,0,0.0,0
17141-103-22-1,1,2,35.0,1,1.0,0,0,0,22.760082244873,8.0,2,5,2,17141,0,0,1,1,0,0,1.0,0
17141-114-11-1,1,2,39.0,1,0.0,1,1,0,22.760082244873,11.0,2,5,4,17141,1,0,1,1,0,1,0.0,1
17142-7-11-1,1,2,55.0,1,1.0,1,1,0,203.047714233398,5.0,2,5,4,17142,0,0,1,1,0,0,1.0,0
17142-96-11-1,1,1,38.0,1,0.0,1,1,0,203.047714233398,10.0,2,5,6,17142,0,0,1,1,0,0,0.0,0
17142-158-11-1,1,1,74.0,1,1.0,0,0,0,203.047714233398,6.0,2,5,5,17142,0,0,1,1,0,0,1.0,0
17143-52-11-1,1,2,55.0,1,1.0,0,0,0,270.913330078125,3.0,2,5,5,17143,0,0,1,1,0,0,1.0,0
17143-65-11-1,1,1,67.0,1,0.0,0,0,0,270.913330078125,10.0,2,5,4,17143,0,0,1,1,0,0,0.0,0
17143-99-11-1,1,1,76.0,1,0.0,1,0,0,270.913330078125,6.0,2,5,2,17143,1,0,1,1,0,1,0.0,1
17146-75-11-1,1,2,33.0,1,1.0,0,0,0,203.184997558594,6.0,2,5,4,17146,0,0,1,1,0,0,1.0,0
17146-107-11-1,1,1,62.0,1,0.0,0,0,0,203.184997558594,10.0,2,5,4,17146,0,0,1,1,0,0,0.0,0
17146-138-11-1,1,1,68.0,1,0.0,0,0,0,203.184997558594,10.0,2,5,2,17146,0,0,1,1,0,0,0.0,0
17147-76-11-1,1,1,64.0,1,0.0,0,0,0,203.401779174805,6.0,2,5,6,17147,0,0,1,1,0,0,0.0,0
17147-93-11-1,1,1,45.0,1,0.0,1,0,0,203.401779174805,10.0,2,5,3,17147,0,0,1,1,0,0,0.0,0
17149-11-11-1,1,1,25.0,1,1.0,0,0,0,270.730285644531,6.0,2,5,4,17149,0,0,1,1,0,0,1.0,0
17149-32-11-1,1,2,65.0,1,0.0,1,0,0,270.730285644531,8.0,2,5,6,17149,0,0,1,1,0,0,0.0,0
17149-73-11-1,1,2,36.0,1,0.0,1,1,0,270.730285644531,8.0,2,5,2,17149,0,0,1,1,0,0,0.0,0
17149-93-11-1,1,1,37.0,1,1.0,1,1,0,270.730285644531,6.0,2,5,3,17149,1,0,1,1,0,1,1.0,1
17149-155-11-1,1,1,48.0,1,1.0,0,0,0,270.730285644531,6.0,2,5,7,17149,0,0,1,1,0,0,1.0,0
17150-29-11-1,1,2,71.0,1,1.0,0,0,0,236.832992553711,6.0,2,5,1,17150,0,0,1,1,0,0,1.0,0
17150-118-11-1,1,2,45.0,1,1.0,0,0,0,236.832992553711,6.0,2,5,2,17150,0,0,1,1,0,0,1.0,0
17169-28-11-1,1,1,53.0,1,1.0,0,0,0,585.690063476563,4.0,5,5,3,17169,0,0,1,1,0,0,1.0,0
17169-42-11-1,1,2,67.0,1,0.0,0,0,0,585.690063476563,9.0,5,5,3,17169,0,0,1,1,0,0,0.0,0
17169-57-11-1,1,1,45.0,1,1.0,0,0,0,585.690063476563,6.0,5,5,4,17169,0,0,1,1,0,0,1.0,0
17169-72-11-1,1,1,65.0,1,1.0,1,0,0,585.690063476563,6.0,5,5,2,17169,0,0,1,1,0,0,1.0,0
17169-86-11-1,1,1,78.0,1,1.0,0,0,0,585.690063476563,5.0,5,5,4,17169,0,0,1,1,0,0,1.0,0
17198-38-11-1,1,1,66.0,1,0.0,1,1,0,271.202392578125,10.0,5,5,2,17198,0,0,1,1,0,0,0.0,0
17198-52-11-1,1,1,70.0,1,1.0,1,0,0,271.202392578125,8.0,5,5,2,17198,0,0,1,1,0,0,1.0,0
17198-80-11-1,1,2,62.0,1,1.0,0,0,0,271.202392578125,4.0,5,5,2,17198,0,0,1,1,0,0,1.0,0
17199-12-11-1,1,2,44.0,1,1.0,0,0,0,650.369934082031,3.0,5,5,4,17199,0,0,1,1,0,0,1.0,0
17199-27-11-1,1,1,55.0,1,1.0,0,0,0,650.369934082031,7.0,5,5,1,17199,0,0,1,1,0,0,1.0,0
17199-35-11-1,1,1,86.0,1,1.0,0,0,0,650.369934082031,3.0,5,5,2,17199,0,0,1,1,0,0,1.0,0
17199-42-11-1,1,2,41.0,1,1.0,1,0,0,650.369934082031,5.0,5,5,2,17199,0,0,1,1,0,0,1.0,0
17200-4-11-1,1,1,56.0,1,1.0,1,0,0,270.913330078125,10.0,5,5,4,17200,1,0,1,1,0,1,1.0,1
17200-112-11-1,1,2,57.0,1,1.0,0,0,0,270.913330078125,3.0,5,5,2,17200,0,0,1,1,0,0,1.0,0
17201-11-11-1,1,1,60.0,1,1.0,0,0,0,236.832992553711,4.0,5,5,3,17201,0,0,1,1,0,0,1.0,0
17201-107-11-1,1,2,53.0,1,1.0,0,0,0,236.832992553711,6.0,5,5,2,17201,0,0,1,1,0,0,1.0,0
17202-8-11-1,1,2,79.0,1,1.0,0,0,0,590.938720703125,1.0,5,5,2,17202,0,0,1,1,0,0,1.0,0
17202-20-11-1,1,1,42.0,1,1.0,0,0,0,590.938720703125,6.0,5,5,6,17202,0,0,1,1,0,0,1.0,0
17202-32-11-1,1,2,65.0,1,1.0,0,0,0,590.938720703125,4.0,5,5,1,17202,0,0,1,1,0,0,1.0,0
17202-67-11-1,1,1,57.0,1,0.0,1,0,0,590.938720703125,10.0,5,5,2,17202,0,0,1,1,0,0,0.0,0
17203-25-11-1,1,2,44.0,1,0.0,0,0,0,270.913330078125,7.0,4,5,5,17203,0,0,1,1,0,0,0.0,0
17203-84-11-1,1,2,49.0,1,0.0,1,1,0,270.913330078125,8.0,4,5,5,17203,1,0,1,1,0,1,0.0,1
17203-160-11-1,1,1,59.0,1,1.0,0,0,0,270.913330078125,8.0,4,5,6,17203,0,0,1,1,0,0,1.0,0
17204-41-11-1,1,2,63.0,1,1.0,0,0,0,622.70703125,3.0,5,5,4,17204,0,0,1,1,0,0,1.0,0
17204-60-11-1,1,2,70.0,1,1.0,0,0,0,622.70703125,3.0,5,5,1,17204,0,0,1,1,0,0,1.0,0
17205-6-11-1,1,1,79.0,1,1.0,0,0,0,650.369934082031,3.0,4,5,2,17205,0,0,1,1,0,0,1.0,0
17205-21-11-1,1,1,61.0,1,1.0,0,0,0,650.369934082031,4.0,4,5,3,17205,0,0,1,1,0,0,1.0,0
17205-52-11-1,1,1,84.0,1,1.0,0,0,0,650.369934082031,3.0,4,5,3,17205,0,0,1,1,0,0,1.0,0
17205-67-11-1,1,2,53.0,1,1.0,0,0,0,650.369934082031,4.0,4,5,1,17205,0,0,1,1,0,0,1.0,0
17205-83-11-1,1,2,44.0,1,1.0,0,0,0,650.369934082031,3.0,4,5,3,17205,0,0,1,1,0,0,1.0,0
17206-18-11-1,1,1,60.0,1,0.0,0,0,0,590.938720703125,6.0,5,5,7,17206,0,0,1,1,0,0,0.0,0
17206-48-11-1,1,1,38.0,1,1.0,0,0,0,590.938720703125,6.0,5,5,5,17206,0,0,1,1,0,0,1.0,0
17206-64-11-1,1,1,57.0,1,0.0,0,0,0,590.938720703125,5.0,5,5,6,17206,0,0,1,1,0,0,0.0,0
17206-96-11-1,1,2,37.0,1,1.0,0,0,0,590.938720703125,4.0,5,5,4,17206,0,0,1,1,0,0,1.0,0
17207-38-11-1,1,1,83.0,1,1.0,0,0,0,590.938720703125,5.0,5,5,2,17207,0,0,1,1,0,0,1.0,0
17207-64-11-1,1,2,54.0,1,1.0,0,0,0,590.938720703125,1.0,5,5,2,17207,0,1,1,1,0,0,1.0,0
17207-116-11-1,1,1,77.0,1,1.0,0,0,0,590.938720703125,10.0,5,5,1,17207,0,0,1,1,0,0,1.0,0
17208-26-11-1,1,1,77.0,1,1.0,0,0,0,270.730285644531,7.0,5,5,3,17208,1,0,1,1,0,1,1.0,1
17208-75-11-1,1,1,60.0,1,1.0,0,0,0,270.730285644531,6.0,5,5,6,17208,0,0,1,1,0,0,1.0,0
17208-149-11-1,1,1,72.0,1,1.0,1,1,0,270.730285644531,10.0,5,5,2,17208,1,0,1,1,0,1,1.0,1
17209-47-11-1,1,2,42.0,1,1.0,0,0,0,585.690063476563,6.0,4,5,2,17209,0,0,1,1,0,0,1.0,0
17209-67-11-1,1,2,56.0,1,1.0,1,1,0,585.690063476563,6.0,4,5,1,17209,0,0,1,1,0,0,1.0,0
17209-129-11-1,1,2,54.0,1,1.0,0,0,0,585.690063476563,3.0,4,5,3,17209,0,0,1,1,0,0,1.0,0
17209-148-11-1,1,1,51.0,1,0.0,1,1,0,585.690063476563,6.0,4,5,4,17209,0,0,1,1,0,0,0.0,0
17210-13-11-1,1,1,84.0,1,1.0,1,0,0,590.938720703125,8.0,5,5,2,17210,0,0,1,1,0,0,1.0,0
17210-53-11-1,1,1,78.0,1,1.0,0,0,0,590.938720703125,8.0,5,5,7,17210,0,0,1,1,0,0,1.0,0
17210-69-11-1,1,2,56.0,1,1.0,1,1,0,590.938720703125,6.0,5,5,4,17210,0,0,1,1,0,0,1.0,0
17210-84-11-1,1,1,63.0,1,1.0,1,1,0,590.938720703125,6.0,5,5,4,17210,0,0,1,1,0,0,1.0,0
17212-7-11-1,1,1,84.0,1,1.0,0,0,0,650.369934082031,1.0,5,5,2,17212,0,0,1,1,0,0,1.0,0
17212-16-11-1,1,1,86.0,1,1.0,0,0,0,650.369934082031,3.0,5,5,3,17212,0,0,1,1,0,0,1.0,0
17212-34-11-1,1,1,56.0,1,1.0,0,0,0,650.369934082031,6.0,5,5,1,17212,0,0,1,1,0,0,1.0,0
17212-60-11-1,1,2,52.0,1,0.0,0,0,0,650.369934082031,6.0,5,5,3,17212,0,0,1,1,0,0,0.0,0
17237-26-11-1,1,2,26.0,1,1.0,1,1,0,520.944274902344,9.0,4,7,2,17237,0,0,1,1,0,0,1.0,0
17237-44-11-1,1,1,35.0,1,1.0,0,0,0,520.944274902344,6.0,4,7,4,17237,0,0,1,1,0,0,1.0,0
17237-112-11-1,1,1,54.0,1,0.0,1,0,0,520.944274902344,6.0,4,7,4,17237,0,0,1,1,0,0,0.0,0
17237-129-11-1,1,1,72.0,1,1.0,0,0,0,520.944274902344,4.0,4,7,3,17237,0,0,1,1,0,0,1.0,0
17237-146-11-1,1,1,41.0,1,1.0,1,0,0,520.944274902344,6.0,4,7,3,17237,0,0,1,1,0,0,1.0,0
17238-39-11-1,1,1,56.0,1,1.0,0,0,0,553.325256347656,3.0,5,7,6,17238,0,0,1,1,0,0,1.0,0
17238-54-11-1,1,1,39.0,1,1.0,0,0,0,553.325256347656,4.0,5,7,5,17238,0,0,1,1,0,0,1.0,0
17238-69-11-1,1,2,65.0,1,1.0,0,0,0,553.325256347656,5.0,5,7,1,17238,0,0,1,1,0,0,1.0,0
17239-19-11-1,1,1,54.0,1,0.0,1,0,0,165.732849121094,10.0,4,7,4,17239,0,0,1,1,0,0,0.0,0
17239-39-11-1,1,2,56.0,1,1.0,0,0,0,165.732849121094,6.0,4,7,1,17239,0,0,1,1,0,0,1.0,0
17239-118-11-1,1,1,29.0,1,1.0,1,1,0,165.732849121094,5.0,4,7,4,17239,1,0,1,1,0,1,1.0,1
17240-29-11-1,1,1,45.0,1,1.0,0,0,0,553.325256347656,3.0,5,7,1,17240,0,0,1,1,0,0,1.0,0
17240-62-11-1,1,2,30.0,1,1.0,1,1,0,553.325256347656,7.0,5,7,2,17240,0,0,1,1,0,0,1.0,0
17240-111-11-1,1,1,52.0,1,1.0,1,0,0,553.325256347656,6.0,5,7,2,17240,0,0,1,1,0,0,1.0,0
17241-7-11-1,1,2,63.0,1,1.0,0,0,0,178.119735717773,6.0,4,7,2,17241,0,0,1,1,0,0,1.0,0
17241-32-11-1,1,1,52.0,1,0.0,0,0,0,178.119735717773,6.0,4,7,4,17241,0,0,1,1,0,0,0.0,0
17241-43-11-1,1,1,53.0,1,0.0,0,0,0,178.119735717773,6.0,4,7,2,17241,0,0,1,1,0,0,0.0,0
17242-4-11-1,1,2,58.0,1,1.0,0,0,0,199.004653930664,6.0,4,7,2,17242,0,0,1,1,0,0,1.0,0
17242-20-11-1,1,1,49.0,1,1.0,0,0,0,199.004653930664,6.0,4,7,7,17242,0,0,1,1,0,0,1.0,0
17242-36-11-1,1,1,70.0,1,1.0,0,0,0,199.004653930664,1.0,4,7,2,17242,0,0,1,1,0,0,1.0,0
17242-52-11-1,1,1,41.0,1,1.0,0,0,0,199.004653930664,7.0,4,7,4,17242,0,0,1,1,0,0,1.0,0
17242-97-11-1,1,1,54.0,1,0.0,0,0,0,199.004653930664,5.0,4,7,3,17242,0,0,1,1,0,0,0.0,0
17243-109-11-1,1,2,47.0,1,0.0,0,0,0,520.944152832031,3.0,5,7,2,17243,0,0,1,1,0,0,0.0,0
17243-144-11-1,1,1,43.0,1,1.0,0,0,0,520.944152832031,4.0,5,7,7,17243,0,0,1,1,0,0,1.0,0
17243-161-11-1,1,2,25.0,1,1.0,1,0,0,520.944152832031,6.0,5,7,1,17243,0,0,1,1,0,0,1.0,0
17276-19-11-1,1,1,59.0,1,1.0,0,0,0,234.302917480469,4.0,6,5,2,17276,0,0,1,1,0,0,1.0,0
17276-64-11-1,1,2,56.0,1,0.0,0,0,0,234.302917480469,6.0,6,5,1,17276,0,0,1,1,0,0,0.0,0
17276-77-11-1,1,1,56.0,1,1.0,0,0,0,234.302917480469,6.0,6,5,2,17276,0,0,1,1,0,0,1.0,0
17276-92-11-1,1,1,59.0,1,1.0,0,0,0,234.302917480469,3.0,6,5,2,17276,0,0,1,1,0,0,1.0,0
17276-106-11-1,1,2,37.0,1,1.0,0,0,0,234.302917480469,6.0,6,5,1,17276,0,0,1,1,0,0,1.0,0
17277-74-11-1,1,1,51.0,1,0.0,0,0,0,224.767318725586,8.0,7,5,4,17277,0,0,1,1,0,0,0.0,0
17277-75-11-1,1,1,64.0,1,1.0,0,0,0,224.767318725586,4.0,7,5,2,17277,0,0,1,1,0,0,1.0,0
17277-76-11-1,1,2,59.0,1,1.0,0,0,0,224.767318725586,4.0,7,5,3,17277,0,0,1,1,0,0,1.0,0
17277-342-11-1,1,2,40.0,1,1.0,0,0,0,224.767318725586,3.0,7,5,3,17277,0,0,1,1,0,0,1.0,0
17277-343-11-1,1,1,65.0,1,1.0,0,0,0,224.767318725586,6.0,7,5,4,17277,0,0,1,1,0,0,1.0,0
17277-344-11-1,1,1,27.0,1,1.0,0,0,0,224.767318725586,6.0,7,5,4,17277,0,0,1,1,0,0,1.0,0
17278-77-11-1,1,1,70.0,1,0.0,0,0,0,234.56022644043,5.0,7,5,3,17278,0,0,1,1,0,0,0.0,0
17278-79-11-1,1,1,66.0,1,1.0,0,0,0,234.56022644043,4.0,7,5,5,17278,0,0,1,1,0,0,1.0,0
17278-80-11-1,1,2,35.0,1,1.0,1,0,0,234.56022644043,5.0,7,5,3,17278,0,0,1,1,0,0,1.0,0
17278-387-11-1,1,1,77.0,1,1.0,0,0,0,234.56022644043,4.0,7,5,2,17278,0,0,1,1,0,0,1.0,0
17278-388-11-1,1,2,48.0,1,1.0,0,0,0,234.56022644043,4.0,7,5,2,17278,0,0,1,1,0,0,1.0,0
17278-389-11-1,1,2,78.0,1,1.0,0,0,0,234.56022644043,1.0,7,5,2,17278,0,0,1,1,0,0,1.0,0
17279-25-11-1,1,1,58.0,1,1.0,0,0,0,234.302917480469,3.0,8,5,2,17279,0,0,1,1,0,0,1.0,0
17279-26-11-1,1,1,36.0,1,1.0,0,0,0,234.302917480469,5.0,8,5,7,17279,1,0,1,1,0,1,1.0,1
17279-28-11-1,1,1,53.0,1,1.0,0,0,0,234.302917480469,4.0,8,5,3,17279,0,0,1,1,0,0,1.0,0
17279-88-11-1,1,1,56.0,1,1.0,0,0,0,234.302917480469,3.0,8,5,2,17279,0,0,1,1,0,0,1.0,0
17279-89-11-1,1,2,36.0,1,1.0,0,0,0,234.302917480469,6.0,8,5,4,17279,0,0,1,1,0,0,1.0,0
17279-90-11-1,1,1,60.0,1,1.0,0,0,0,234.302917480469,3.0,8,5,3,17279,0,0,1,1,0,0,1.0,0
17279-91-11-1,1,1,65.0,1,1.0,0,0,0,234.302917480469,3.0,8,5,2,17279,0,0,1,1,0,0,1.0,0
17279-92-11-1,1,1,58.0,1,1.0,0,0,0,234.302917480469,4.0,8,5,2,17279,0,0,1,1,0,0,1.0,0
17280-8-11-1,1,1,52.0,1,1.0,0,0,0,234.56022644043,6.0,6,5,5,17280,0,0,1,1,0,0,1.0,0
17280-28-11-1,1,1,75.0,1,1.0,0,0,0,234.56022644043,6.0,6,5,3,17280,0,0,1,1,0,0,1.0,0
17280-38-11-1,1,1,62.0,1,1.0,1,0,0,234.56022644043,4.0,6,5,3,17280,0,0,1,1,0,0,1.0,0
17280-48-11-1,1,1,56.0,1,1.0,0,0,0,234.56022644043,6.0,6,5,1,17280,0,0,1,1,0,0,1.0,0
17280-69-11-1,1,1,71.0,1,1.0,0,0,0,234.56022644043,10.0,6,5,3,17280,0,0,1,1,0,0,1.0,0
17280-78-11-1,1,1,66.0,1,1.0,0,0,0,234.56022644043,6.0,6,5,3,17280,0,0,1,1,0,0,1.0,0
17280-98-11-1,1,1,46.0,1,0.0,1,1,0,234.56022644043,8.0,6,5,4,17280,0,0,1,1,0,0,0.0,0
17281-17-11-1,1,1,51.0,1,1.0,0,0,0,234.56022644043,1.0,7,5,6,17281,0,0,1,1,0,0,1.0,0
17281-18-11-1,1,1,87.0,1,1.0,0,0,0,234.56022644043,3.0,7,5,3,17281,0,0,1,1,0,0,1.0,0
17281-19-11-1,1,1,54.0,1,1.0,0,0,0,234.56022644043,4.0,7,5,2,17281,0,0,1,1,0,0,1.0,0
17281-85-11-1,1,2,78.0,1,1.0,0,0,0,234.56022644043,1.0,7,5,3,17281,0,0,1,1,0,0,1.0,0
17282-57-11-1,1,1,58.0,1,1.0,0,0,0,224.767318725586,5.0,7,5,4,17282,0,0,1,1,0,0,1.0,0
17282-58-11-1,1,1,69.0,1,1.0,0,0,0,224.767318725586,8.0,7,5,2,17282,1,0,1,1,0,1,1.0,1
17282-59-11-1,1,2,72.0,1,1.0,0,0,0,224.767318725586,5.0,7,5,2,17282,0,0,1,1,0,0,1.0,0
17282-60-11-1,1,2,42.0,1,1.0,0,0,0,224.767318725586,6.0,7,5,4,17282,0,0,1,1,0,0,1.0,0
17282-159-11-1,1,1,56.0,1,1.0,1,0,0,224.767318725586,4.0,7,5,4,17282,0,0,1,1,0,0,1.0,0
17282-161-11-1,1,1,35.0,1,1.0,0,0,0,224.767318725586,5.0,7,5,4,17282,0,0,1,1,0,0,1.0,0
17282-162-11-1,1,1,70.0,1,1.0,0,0,0,224.767318725586,3.0,7,5,2,17282,0,0,1,1,0,0,1.0,0
17282-163-11-1,1,2,70.0,1,1.0,0,0,0,224.767318725586,1.0,7,5,1,17282,0,0,1,1,0,0,1.0,0
17283-18-11-1,1,2,68.0,1,1.0,0,0,0,224.767318725586,3.0,8,5,1,17283,0,0,1,1,0,0,1.0,0
17283-60-11-1,1,2,42.0,1,1.0,1,1,0,224.767318725586,6.0,8,5,3,17283,0,0,1,1,0,0,1.0,0
17283-62-11-1,1,1,63.0,1,0.0,0,0,0,224.767318725586,6.0,8,5,4,17283,0,0,1,1,0,0,0.0,0
17284-10-11-1,1,1,56.0,1,1.0,0,0,0,245.62663269043,5.0,6,5,3,17284,0,0,1,1,0,0,1.0,0
17284-17-11-1,1,1,49.0,1,1.0,0,0,0,245.62663269043,6.0,6,5,5,17284,0,0,1,1,0,0,1.0,0
17284-23-11-1,1,1,69.0,1,1.0,0,0,0,245.62663269043,4.0,6,5,1,17284,0,0,1,1,0,0,1.0,0
17284-29-11-1,1,1,33.0,1,1.0,0,0,0,245.62663269043,5.0,6,5,2,17284,0,0,1,1,0,0,1.0,0
17284-41-11-1,1,2,85.0,1,1.0,0,0,0,245.62663269043,3.0,6,5,1,17284,0,0,1,1,0,0,1.0,0
17284-51-11-1,1,2,75.0,1,1.0,0,0,0,245.62663269043,3.0,6,5,2,17284,0,0,1,1,0,0,1.0,0
17284-57-11-1,1,1,65.0,1,1.0,0,0,0,245.62663269043,6.0,6,5,2,17284,0,0,1,1,0,0,1.0,0
17285-19-11-1,1,2,48.0,1,1.0,0,0,0,224.767318725586,4.0,7,5,1,17285,0,0,1,1,0,0,1.0,0
17285-48-11-1,1,2,69.0,1,1.0,0,0,0,224.767318725586,3.0,7,5,1,17285,0,0,1,1,0,0,1.0,0
17285-50-11-1,1,2,81.0,1,1.0,0,0,0,224.767318725586,1.0,7,5,1,17285,0,0,1,1,0,0,1.0,0
17286-148-11-1,1,2,37.0,1,1.0,0,0,0,234.56022644043,8.0,7,5,4,17286,0,0,1,1,0,0,1.0,0
17286-296-11-1,1,1,75.0,1,1.0,0,0,0,234.56022644043,5.0,7,5,2,17286,0,0,1,1,0,0,1.0,0
17286-298-11-1,1,2,39.0,1,1.0,1,1,0,234.56022644043,6.0,7,5,5,17286,0,0,1,1,0,0,1.0,0
17287-21-11-1,1,1,63.0,1,1.0,0,0,0,224.767318725586,4.0,8,5,2,17287,0,0,1,1,0,0,1.0,0
17287-22-11-1,1,1,41.0,1,1.0,0,0,0,224.767318725586,6.0,8,5,8,17287,0,0,1,1,0,0,1.0,0
17287-23-11-1,1,1,75.0,1,0.0,0,0,0,224.767318725586,3.0,8,5,2,17287,0,0,1,1,0,0,0.0,0
17287-81-11-1,1,1,30.0,1,1.0,0,0,0,224.767318725586,3.0,8,5,6,17287,0,0,1,1,0,0,1.0,0
17287-88-11-1,1,2,38.0,1,1.0,0,0,0,224.767318725586,3.0,8,5,7,17287,0,0,1,1,0,0,1.0,0
17287-89-11-1,1,1,56.0,1,1.0,0,0,0,224.767318725586,4.0,8,5,3,17287,0,1,1,1,0,0,1.0,0
17287-90-11-1,1,1,47.0,1,1.0,0,0,0,224.767318725586,6.0,8,5,8,17287,0,1,1,1,0,0,1.0,0
17311-7-11-1,1,2,44.0,1,1.0,0,0,0,204.325286865234,4.0,8,7,3,17311,0,0,1,1,0,0,1.0,0
17311-8-11-1,1,1,33.0,1,0.0,0,0,0,204.325286865234,6.0,8,7,4,17311,0,0,1,1,0,0,0.0,0
17311-44-11-1,1,1,55.0,1,1.0,0,0,0,204.325286865234,4.0,8,7,2,17311,0,0,1,1,0,0,1.0,0
17311-45-11-1,1,1,70.0,1,0.0,0,0,0,204.325286865234,3.0,8,7,2,17311,0,0,1,1,0,0,0.0,0
17311-46-11-1,1,1,48.0,1,1.0,0,0,0,204.325286865234,5.0,8,7,4,17311,0,0,1,1,0,0,1.0,0
17311-47-11-1,1,2,53.0,1,1.0,0,0,0,204.325286865234,6.0,8,7,3,17311,0,0,1,1,0,0,1.0,0
17315-65-11-1,1,1,73.0,1,1.0,0,0,0,204.325286865234,6.0,7,7,1,17315,0,0,1,1,0,0,1.0,0
17315-66-11-1,1,1,47.0,1,1.0,0,0,0,204.325286865234,4.0,7,7,5,17315,0,0,1,1,0,0,1.0,0
17315-67-11-1,1,1,44.0,1,1.0,0,0,0,204.325286865234,6.0,7,7,5,17315,0,0,1,1,0,0,1.0,0
17315-138-11-1,1,1,51.0,1,1.0,0,0,0,204.325286865234,5.0,7,7,1,17315,0,0,1,1,0,0,1.0,0
17315-139-11-1,1,2,57.0,1,1.0,0,0,0,204.325286865234,3.0,7,7,1,17315,0,0,1,1,0,0,1.0,0
17316-177-11-1,1,1,67.0,1,1.0,0,0,0,222.752792358398,1.0,7,7,2,17316,0,0,1,1,0,0,1.0,0
17316-178-11-1,1,1,29.0,1,1.0,0,0,0,222.752792358398,6.0,7,7,4,17316,0,0,1,1,0,0,1.0,0
17316-179-11-1,1,2,32.0,1,1.0,0,0,0,222.752792358398,6.0,7,7,3,17316,0,0,1,1,0,0,1.0,0
17316-180-11-1,1,1,26.0,1,1.0,0,0,0,222.752792358398,9.0,7,7,3,17316,0,0,1,1,0,0,1.0,0
17316-510-11-1,1,1,44.0,1,1.0,0,0,0,222.752792358398,3.0,7,7,4,17316,0,0,1,1,0,0,1.0,0
17316-512-11-1,1,1,43.0,1,1.0,0,0,0,222.752792358398,5.0,7,7,7,17316,0,0,1,1,0,0,1.0,0
17317-15-11-1,1,1,51.0,1,1.0,0,0,0,204.325286865234,4.0,8,7,5,17317,0,0,1,1,0,0,1.0,0
17317-17-11-1,1,1,48.0,1,1.0,0,0,0,204.325286865234,3.0,8,7,7,17317,0,0,1,1,0,0,1.0,0
17317-108-11-1,1,2,78.0,1,1.0,0,0,0,204.325286865234,1.0,8,7,3,17317,0,0,1,1,0,0,1.0,0
17317-109-11-1,1,1,39.0,1,1.0,0,0,0,204.325286865234,6.0,8,7,5,17317,0,0,1,1,0,0,1.0,0
17317-111-11-1,1,1,40.0,1,1.0,0,0,0,204.325286865234,5.0,8,7,4,17317,0,0,1,1,0,0,1.0,0
17317-113-11-1,1,1,37.0,1,1.0,0,0,0,204.325286865234,6.0,8,7,5,17317,0,0,1,1,0,0,1.0,0
17318-109-11-1,1,1,45.0,1,1.0,0,0,0,204.325286865234,4.0,7,7,5,17318,0,0,1,1,0,0,1.0,0
17318-111-11-1,1,1,73.0,1,1.0,0,0,0,204.325286865234,5.0,7,7,1,17318,0,0,1,1,0,0,1.0,0
17318-112-11-1,1,1,55.0,1,1.0,0,0,0,204.325286865234,5.0,7,7,1,17318,0,0,1,1,0,0,1.0,0
17318-283-11-1,1,1,47.0,1,1.0,0,0,0,204.325286865234,5.0,7,7,5,17318,0,0,1,1,0,0,1.0,0
17318-285-11-1,1,2,74.0,1,1.0,0,0,0,204.325286865234,1.0,7,7,1,17318,0,0,1,1,0,0,1.0,0
17318-286-11-1,1,1,43.0,1,1.0,0,0,0,204.325286865234,5.0,7,7,4,17318,0,0,1,1,0,0,1.0,0
17319-9-11-1,1,1,39.0,1,1.0,0,0,0,222.752792358398,5.0,7,7,4,17319,0,0,1,1,0,0,1.0,0
17319-10-11-1,1,1,31.0,1,1.0,1,1,0,222.752792358398,5.0,7,7,4,17319,0,0,1,1,0,0,1.0,0
17319-11-11-1,1,1,24.0,1,0.0,1,1,0,222.752792358398,6.0,7,7,6,17319,0,0,1,1,0,0,0.0,0
17319-12-11-1,1,1,73.0,1,1.0,0,0,0,222.752792358398,4.0,7,7,1,17319,1,0,1,1,0,1,1.0,1
17319-201-11-1,1,1,66.0,1,1.0,0,0,0,222.752792358398,4.0,7,7,3,17319,0,0,1,1,0,0,1.0,0
17319-202-11-1,1,1,45.0,1,1.0,0,0,0,222.752792358398,7.0,7,7,1,17319,0,0,1,1,0,0,1.0,0
17319-203-11-1,1,1,53.0,1,1.0,0,0,0,222.752792358398,5.0,7,7,5,17319,0,0,1,1,0,0,1.0,0
17320-9-11-1,1,1,35.0,1,1.0,0,0,0,219.604568481445,6.0,8,7,4,17320,0,0,1,1,0,0,1.0,0
17320-10-11-1,1,1,46.0,1,1.0,0,0,0,219.604568481445,3.0,8,7,6,17320,0,0,1,1,0,0,1.0,0
17320-12-11-1,1,1,48.0,1,1.0,0,0,0,219.604568481445,3.0,8,7,5,17320,1,0,1,1,0,1,1.0,1
17320-68-11-1,1,2,36.0,1,1.0,1,1,0,219.604568481445,5.0,8,7,5,17320,1,0,1,1,0,1,1.0,1
17320-69-11-1,1,1,40.0,1,1.0,1,0,0,219.604568481445,5.0,8,7,6,17320,1,0,1,1,0,1,1.0,1
17320-70-11-1,1,1,52.0,1,1.0,0,0,0,219.604568481445,3.0,8,7,4,17320,0,0,1,1,0,0,1.0,0
17320-71-11-1,1,1,75.0,1,1.0,0,0,0,219.604568481445,1.0,8,7,1,17320,0,0,1,1,0,0,1.0,0
17320-72-11-1,1,1,39.0,1,1.0,0,0,0,219.604568481445,4.0,8,7,4,17320,0,0,1,1,0,0,1.0,0
17321-5-11-1,1,1,44.0,1,1.0,0,0,0,222.752792358398,5.0,7,7,4,17321,0,0,1,1,0,0,1.0,0
17321-6-11-1,1,2,32.0,1,1.0,0,0,0,222.752792358398,4.0,7,7,7,17321,0,0,1,1,0,0,1.0,0
17321-7-11-1,1,1,68.0,1,1.0,0,0,0,222.752792358398,6.0,7,7,2,17321,0,0,1,1,0,0,1.0,0
17321-8-11-1,1,1,55.0,1,1.0,0,0,0,222.752792358398,3.0,7,7,4,17321,0,0,1,1,0,0,1.0,0
17321-254-11-1,1,1,31.0,1,1.0,0,0,0,222.752792358398,5.0,7,7,5,17321,0,0,1,1,0,0,1.0,0
17321-255-11-1,1,2,55.0,1,1.0,0,0,0,222.752792358398,3.0,7,7,1,17321,0,0,1,1,0,0,1.0,0
17400-102-11-1,1,1,55.0,1,0.0,1,1,0,58.8208084106445,7.0,1,1,3,17400,1,0,1,1,0,1,0.0,1
17402-20-11-1,1,2,60.0,1,1.0,0,0,0,536.785461425781,3.0,1,1,4,17402,0,0,1,1,0,0,1.0,0
17402-108-11-1,1,2,79.0,1,1.0,0,0,0,536.785461425781,1.0,1,1,2,17402,0,0,1,1,0,0,1.0,0
17403-73-11-1,1,2,21.0,1,1.0,1,1,0,464.02197265625,7.0,1,1,3,17403,0,0,1,1,0,0,1.0,0
17403-106-11-1,1,1,35.0,1,1.0,0,0,0,464.02197265625,8.0,1,1,4,17403,0,0,1,1,0,0,1.0,0
17404-103-11-1,1,1,53.0,1,1.0,0,0,0,386.056427001953,7.0,1,1,3,17404,0,0,1,1,0,0,1.0,0
17405-26-11-1,1,1,25.0,1,0.0,1,1,0,471.747924804688,8.0,1,1,3,17405,0,0,1,1,0,0,0.0,0
17406-12-11-1,1,2,50.0,1,0.0,0,0,0,441.429260253906,8.0,1,1,3,17406,0,0,1,1,0,0,0.0,0
17406-36-11-1,1,2,50.0,1,1.0,0,0,0,441.429260253906,3.0,1,1,5,17406,0,0,1,1,0,0,1.0,0
17406-60-11-1,1,1,62.0,1,0.0,0,0,0,441.429260253906,5.0,1,1,4,17406,0,0,1,1,0,0,0.0,0
17406-84-11-1,1,2,39.0,1,1.0,1,1,0,441.429260253906,4.0,1,1,4,17406,0,0,1,1,0,0,1.0,0
17408-23-11-1,1,1,48.0,1,0.0,1,1,0,540.9833984375,10.0,1,1,5,17408,1,0,1,1,0,1,0.0,1
17408-50-11-1,1,1,46.0,1,0.0,1,1,0,540.9833984375,8.0,1,1,4,17408,0,0,1,1,0,0,0.0,0
17408-97-11-1,1,2,64.0,1,0.0,1,1,0,540.9833984375,8.0,1,1,2,17408,0,0,1,1,0,0,0.0,0
17409-100-11-1,1,2,40.0,1,1.0,0,0,0,570.074829101563,5.0,1,1,6,17409,0,0,1,1,0,0,1.0,0
17409-139-11-1,1,2,52.0,1,1.0,1,0,0,570.074829101563,6.0,1,1,5,17409,0,0,1,1,0,0,1.0,0
17410-27-11-1,1,1,61.0,1,0.0,0,0,0,64.8034973144531,10.0,1,1,4,17410,0,0,1,1,0,0,0.0,0
17410-125-11-1,1,2,67.0,1,0.0,0,0,0,64.8034973144531,6.0,1,1,2,17410,0,0,1,1,0,0,0.0,0
17411-41-11-1,1,1,58.0,1,0.0,0,0,0,464.02197265625,5.0,1,1,3,17411,0,0,1,1,0,0,0.0,0
17412-9-11-1,1,1,50.0,1,1.0,1,1,0,471.747924804688,7.0,1,1,1,17412,0,0,1,1,0,0,1.0,0
17412-27-11-1,1,1,34.0,1,0.0,1,1,0,471.747924804688,6.0,1,1,7,17412,0,0,1,1,0,0,0.0,0
17412-149-11-1,1,1,44.0,1,1.0,1,0,0,471.747924804688,6.0,1,1,4,17412,0,0,1,1,0,0,1.0,0
17413-68-11-1,1,1,35.0,1,1.0,1,1,0,464.02197265625,6.0,1,1,6,17413,0,0,1,1,0,0,1.0,0
17413-83-11-1,1,1,20.0,1,1.0,1,1,0,464.02197265625,6.0,1,1,1,17413,0,0,1,1,0,0,1.0,0
17414-26-11-1,1,1,51.0,1,1.0,1,1,0,441.429260253906,5.0,1,1,7,17414,0,0,1,1,0,0,1.0,0
17414-38-11-1,1,1,35.0,1,0.0,1,1,0,441.429260253906,4.0,1,1,3,17414,0,0,1,1,0,0,0.0,0
17414-52-11-1,1,1,33.0,1,1.0,1,0,0,441.429260253906,6.0,1,1,5,17414,1,0,1,1,0,1,1.0,1
17414-65-11-1,1,2,38.0,1,0.0,0,0,0,441.429260253906,6.0,1,1,4,17414,0,0,1,1,0,0,0.0,0
17414-92-11-1,1,2,29.0,1,1.0,1,1,0,441.429260253906,6.0,1,1,3,17414,0,0,1,1,0,0,1.0,0
17415-20-11-1,1,2,30.0,1,1.0,1,1,0,481.272064208984,6.0,1,1,3,17415,0,0,1,1,0,0,1.0,0
17415-164-11-1,1,1,26.0,1,1.0,0,0,0,481.272064208984,3.0,1,1,4,17415,0,0,1,1,0,0,1.0,0
17417-33-11-1,1,1,28.0,1,0.0,1,1,0,324.376708984375,11.0,1,1,2,17417,1,0,1,1,0,1,0.0,1
17418-41-11-1,1,1,59.0,1,0.0,0,0,0,294.005889892578,11.0,1,1,4,17418,0,0,1,1,0,0,0.0,0
17419-43-11-1,1,2,53.0,1,1.0,0,0,0,540.9833984375,3.0,1,1,13,17419,0,1,1,1,0,0,1.0,0
17419-62-11-1,1,2,57.0,1,1.0,1,1,0,540.9833984375,4.0,1,1,4,17419,0,0,1,1,0,0,1.0,0
17419-121-11-1,1,2,48.0,1,1.0,1,0,0,540.9833984375,4.0,1,1,4,17419,0,0,1,1,0,0,1.0,0
17420-42-11-1,1,1,29.0,1,1.0,1,1,0,570.074829101563,10.0,1,1,2,17420,0,0,1,1,0,0,1.0,0
17420-54-11-1,1,1,69.0,1,1.0,0,0,0,570.074829101563,9.0,1,1,1,17420,0,0,1,1,0,0,1.0,0
17420-79-11-1,1,1,62.0,1,0.0,0,0,0,570.074829101563,6.0,1,1,2,17420,0,0,1,1,0,0,0.0,0
17421-71-11-1,1,1,67.0,1,1.0,0,0,0,536.785461425781,7.0,1,1,5,17421,0,0,1,1,0,0,1.0,0
17421-131-11-1,1,2,58.0,1,1.0,0,0,0,536.785461425781,5.0,1,1,3,17421,0,0,1,1,0,0,1.0,0
17422-18-11-1,1,1,72.0,1,1.0,1,1,0,481.272064208984,10.0,1,1,1,17422,0,1,1,1,0,0,1.0,0
17422-36-11-1,1,2,48.0,1,1.0,1,1,0,481.272064208984,7.0,1,1,7,17422,0,0,1,1,0,0,1.0,0
17422-71-11-1,1,1,41.0,1,1.0,1,1,0,481.272064208984,4.0,1,1,2,17422,0,0,1,1,0,0,1.0,0
17422-89-11-1,1,1,49.0,1,1.0,0,0,0,481.272064208984,5.0,1,1,6,17422,0,0,1,1,0,0,1.0,0
17422-107-11-1,1,2,57.0,1,1.0,1,1,0,481.272064208984,4.0,1,1,1,17422,0,0,1,1,0,0,1.0,0
17423-118-11-1,1,2,56.0,1,1.0,0,0,0,743.291137695313,6.0,1,1,3,17423,0,0,1,1,0,0,1.0,0
17424-38-11-1,1,2,38.0,1,1.0,1,1,0,471.747924804688,3.0,1,1,3,17424,0,0,1,1,0,0,1.0,0
17424-52-11-1,1,2,35.0,1,1.0,1,1,0,471.747924804688,5.0,1,1,3,17424,0,0,1,1,0,0,1.0,0
17424-113-11-1,1,1,31.0,1,0.0,1,1,0,471.747924804688,6.0,1,1,1,17424,0,0,1,1,0,0,0.0,0
17433-14-11-1,1,1,39.0,1,0.0,1,0,0,743.291137695313,8.0,4,1,5,17433,0,0,1,1,0,0,0.0,0
17433-64-11-1,1,1,43.0,1,0.0,1,0,0,743.291137695313,10.0,4,1,4,17433,0,0,1,1,0,0,0.0,0
17433-115-11-1,1,1,49.0,1,0.0,1,1,0,743.291137695313,10.0,4,1,4,17433,0,0,1,1,0,0,0.0,0
17483-1-11-1,1,1,50.0,1,1.0,1,1,0,743.291137695313,5.0,5,1,5,17483,0,0,1,1,0,0,1.0,0
17483-89-11-1,1,1,66.0,1,1.0,0,0,0,743.291137695313,5.0,5,1,2,17483,0,0,1,1,0,0,1.0,0
17484-30-11-1,1,1,51.0,1,1.0,0,0,0,386.056427001953,6.0,5,1,2,17484,1,0,1,1,0,1,1.0,1
17485-99-11-1,1,2,78.0,1,1.0,0,0,0,760.099792480469,3.0,4,1,2,17485,0,0,1,1,0,0,1.0,0
17486-141-11-1,1,1,49.0,1,0.0,1,1,0,481.272064208984,6.0,5,1,5,17486,0,0,1,1,0,0,0.0,0
17487-30-11-1,1,2,52.0,1,0.0,0,0,0,760.099792480469,3.0,4,1,4,17487,0,0,1,1,0,0,0.0,0
17487-64-11-1,1,1,39.0,1,0.0,1,1,0,760.099792480469,10.0,4,1,6,17487,0,0,1,1,0,0,0.0,0
17487-81-11-1,1,2,43.0,1,1.0,1,1,0,760.099792480469,6.0,4,1,3,17487,0,0,1,1,0,0,1.0,0
17487-99-11-1,1,1,24.0,1,0.0,1,1,0,760.099792480469,8.0,4,1,3,17487,0,0,1,1,0,0,0.0,0
17487-116-11-1,1,2,52.0,1,0.0,0,0,0,760.099792480469,3.0,4,1,3,17487,0,0,1,1,0,0,0.0,0
17488-27-11-1,1,2,65.0,1,1.0,0,0,0,441.429260253906,5.0,4,1,2,17488,1,0,1,1,0,1,1.0,1
17488-77-11-1,1,2,44.0,1,1.0,0,0,0,441.429260253906,5.0,4,1,7,17488,0,0,1,1,0,0,1.0,0
17488-93-11-1,1,1,61.0,1,1.0,0,0,0,441.429260253906,5.0,4,1,2,17488,0,0,1,1,0,0,1.0,0
17488-126-11-1,1,1,40.0,1,0.0,0,0,0,441.429260253906,9.0,4,1,4,17488,1,0,1,1,0,1,0.0,1
17491-38-11-1,1,1,85.0,1,0.0,0,0,0,432.502288818359,3.0,5,1,1,17491,0,0,1,1,0,0,0.0,0
17491-55-11-1,1,1,62.0,1,0.0,0,0,0,432.502288818359,6.0,5,1,5,17491,1,0,1,1,0,1,0.0,1
17491-106-11-1,1,1,49.0,1,0.0,1,1,0,432.502288818359,7.0,5,1,4,17491,0,0,1,1,0,0,0.0,0
17493-3-11-1,1,2,64.0,1,1.0,0,0,0,464.02197265625,6.0,3,1,2,17493,0,0,1,1,0,0,1.0,0
17493-13-11-1,1,1,37.0,1,0.0,0,0,0,464.02197265625,5.0,3,1,4,17493,0,0,1,1,0,0,0.0,0
17493-24-11-1,1,1,50.0,1,0.0,1,1,0,464.02197265625,7.0,3,1,2,17493,1,0,1,1,0,1,0.0,1
17493-45-11-1,1,1,64.0,1,1.0,0,0,0,464.02197265625,3.0,3,1,9,17493,0,0,1,1,0,0,1.0,0
17494-67-11-1,1,1,64.0,1,0.0,0,0,0,471.747924804688,5.0,4,1,1,17494,1,0,1,1,0,1,0.0,1
17494-96-11-1,1,1,48.0,1,1.0,1,1,0,471.747924804688,3.0,4,1,5,17494,0,0,1,1,0,0,1.0,0
17495-31-11-1,1,2,40.0,1,1.0,1,1,0,481.272064208984,8.0,5,1,4,17495,0,0,1,1,0,0,1.0,0
17495-71-11-1,1,2,47.0,1,1.0,0,0,0,481.272064208984,6.0,5,1,3,17495,0,0,1,1,0,0,1.0,0
17495-91-11-1,1,1,44.0,1,0.0,0,0,0,481.272064208984,6.0,5,1,5,17495,0,0,1,1,0,0,0.0,0
17495-132-11-1,1,1,45.0,1,1.0,0,0,0,481.272064208984,3.0,5,1,5,17495,0,0,1,1,0,0,1.0,0
17496-53-11-1,1,2,66.0,1,1.0,0,0,0,464.02197265625,3.0,5,1,2,17496,0,0,1,1,0,0,1.0,0
17496-107-11-1,1,1,55.0,1,0.0,0,0,0,464.02197265625,3.0,5,1,7,17496,1,0,1,1,0,1,0.0,1
17498-39-11-1,1,1,64.0,1,1.0,1,0,0,481.272064208984,9.0,3,1,3,17498,0,0,1,1,0,0,1.0,0
17499-23-11-1,1,1,26.0,1,1.0,0,0,0,464.02197265625,6.0,4,1,3,17499,0,0,1,1,0,0,1.0,0
17499-55-11-1,1,1,32.0,1,1.0,1,1,0,464.02197265625,6.0,4,1,7,17499,0,0,1,1,0,0,1.0,0
17499-72-11-1,1,1,69.0,1,1.0,0,0,0,464.02197265625,3.0,4,1,2,17499,0,0,1,1,0,0,1.0,0
17500-3-11-1,1,1,52.0,1,1.0,0,0,0,721.311157226563,8.0,3,1,5,17500,0,0,1,1,0,0,1.0,0
17500-38-11-1,1,1,38.0,1,1.0,1,1,0,721.311157226563,6.0,3,1,4,17500,0,0,1,1,0,0,1.0,0
17500-72-11-1,1,1,71.0,1,0.0,1,1,0,721.311157226563,6.0,3,1,4,17500,0,0,1,1,0,0,0.0,0
17501-19-11-1,1,1,35.0,1,1.0,0,0,0,481.272064208984,5.0,5,1,6,17501,0,0,1,1,0,0,1.0,0
17501-40-11-1,1,2,42.0,1,0.0,1,1,0,481.272064208984,6.0,5,1,4,17501,0,0,1,1,0,0,0.0,0
17501-72-11-1,1,2,32.0,1,1.0,0,0,0,481.272064208984,5.0,5,1,3,17501,0,0,1,1,0,0,1.0,0
17502-28-11-1,1,1,47.0,1,1.0,0,0,0,471.747924804688,3.0,4,1,1,17502,0,0,1,1,0,0,1.0,0
17502-76-11-1,1,1,50.0,1,1.0,0,0,0,471.747924804688,3.0,4,1,5,17502,0,0,1,1,0,0,1.0,0
17507-6-11-1,1,1,58.0,1,1.0,0,0,0,441.429260253906,4.0,3,1,3,17507,0,0,1,1,0,0,1.0,0
17507-20-11-1,1,1,65.0,1,0.0,0,0,0,441.429260253906,8.0,3,1,4,17507,0,0,1,1,0,0,0.0,0
17507-74-11-1,1,1,68.0,1,1.0,0,0,0,441.429260253906,4.0,3,1,1,17507,0,0,1,1,0,0,1.0,0
17520-2-11-1,1,2,48.0,1,1.0,1,1,0,1004.53894042969,3.0,4,4,4,17520,0,0,1,1,0,0,1.0,0
17520-91-11-1,1,1,47.0,1,1.0,0,0,0,1004.53894042969,1.0,4,4,4,17520,0,0,1,1,0,0,1.0,0
17521-1-11-1,1,1,46.0,1,0.0,0,0,0,371.107208251953,6.0,5,4,3,17521,0,0,1,1,0,0,0.0,0
17521-78-11-1,1,1,79.0,1,1.0,0,0,0,371.107208251953,4.0,5,4,3,17521,0,0,1,1,0,0,1.0,0
17522-52-11-1,1,2,49.0,1,1.0,0,0,0,312.826477050781,4.0,5,4,1,17522,0,0,1,1,0,0,1.0,0
17522-95-11-1,1,2,83.0,1,1.0,0,0,0,312.826477050781,3.0,5,4,3,17522,0,0,1,1,0,0,1.0,0
17522-178-11-1,1,1,48.0,1,1.0,0,0,0,312.826477050781,4.0,5,4,2,17522,0,0,1,1,0,0,1.0,0
17523-25-11-1,1,2,46.0,1,1.0,0,0,0,350.246429443359,5.0,4,4,4,17523,0,0,1,1,0,0,1.0,0
17523-44-11-1,1,2,53.0,1,1.0,0,0,0,350.246429443359,1.0,4,4,6,17523,0,0,1,1,0,0,1.0,0
17523-102-11-1,1,1,36.0,1,0.0,0,0,0,350.246429443359,6.0,4,4,4,17523,0,0,1,1,0,0,0.0,0
17523-123-11-1,1,2,80.0,1,1.0,0,0,0,350.246429443359,1.0,4,4,4,17523,0,0,1,1,0,0,1.0,0
17524-2-11-1,1,2,51.0,1,0.0,0,0,0,312.826477050781,5.0,5,4,3,17524,0,0,1,1,0,0,0.0,0
17524-142-11-1,1,1,77.0,1,1.0,0,0,0,312.826477050781,3.0,5,4,2,17524,0,0,1,1,0,0,1.0,0
17535-45-11-1,1,1,49.0,1,0.0,0,0,0,213.918655395508,3.0,8,1,2,17535,0,0,1,1,0,0,0.0,0
17535-46-11-1,1,1,46.0,1,0.0,0,0,0,213.918655395508,1.0,8,1,5,17535,1,0,1,1,0,1,0.0,1
17535-98-11-1,1,1,44.0,1,1.0,1,1,0,213.918655395508,3.0,8,1,5,17535,0,0,1,1,0,0,1.0,0
17535-99-11-1,1,1,30.0,1,1.0,1,0,0,213.918655395508,4.0,8,1,5,17535,0,0,1,1,0,0,1.0,0
17535-100-11-1,1,2,50.0,1,1.0,1,1,0,213.918655395508,5.0,8,1,4,17535,0,0,1,1,0,0,1.0,0
17535-102-11-1,1,1,55.0,1,1.0,0,0,0,213.918655395508,4.0,8,1,3,17535,0,0,1,1,0,0,1.0,0
17561-21-11-1,1,2,79.0,1,1.0,0,0,0,330.644195556641,1.0,6,4,1,17561,0,0,1,1,0,0,1.0,0
17561-61-11-1,1,2,47.0,1,1.0,0,0,0,330.644195556641,5.0,6,4,3,17561,0,0,1,1,0,0,1.0,0
17561-73-11-1,1,1,76.0,1,1.0,0,0,0,330.644195556641,4.0,6,4,2,17561,0,0,1,1,0,0,1.0,0
17561-98-11-1,1,1,63.0,1,1.0,0,0,0,330.644195556641,3.0,6,4,2,17561,0,0,1,1,0,0,1.0,0
17562-18-11-1,1,1,44.0,1,1.0,0,0,0,329.517913818359,4.0,7,4,5,17562,0,0,1,1,0,0,1.0,0
17562-19-11-1,1,1,70.0,1,1.0,0,0,0,329.517913818359,4.0,7,4,3,17562,0,0,1,1,0,0,1.0,0
17562-163-11-1,1,1,49.0,1,1.0,0,0,0,329.517913818359,4.0,7,4,3,17562,0,0,1,1,0,0,1.0,0
17562-164-11-1,1,2,43.0,1,1.0,0,0,0,329.517913818359,4.0,7,4,2,17562,0,0,1,1,0,0,1.0,0
17562-166-11-1,1,1,73.0,1,1.0,0,0,0,329.517913818359,4.0,7,4,2,17562,0,0,1,1,0,0,1.0,0
17563-24-11-1,1,1,86.0,1,1.0,0,0,0,298.335754394531,3.0,7,4,2,17563,0,0,1,1,0,0,1.0,0
17563-294-11-1,1,1,61.0,1,1.0,0,0,0,298.335754394531,5.0,7,4,2,17563,0,0,1,1,0,0,1.0,0
17563-295-11-1,1,1,42.0,1,1.0,0,0,0,298.335754394531,4.0,7,4,4,17563,0,0,1,1,0,0,1.0,0
17563-296-11-1,1,1,69.0,1,1.0,0,0,0,298.335754394531,4.0,7,4,2,17563,0,0,1,1,0,0,1.0,0
17563-297-11-1,1,2,62.0,1,1.0,0,0,0,298.335754394531,1.0,7,4,1,17563,0,0,1,1,0,0,1.0,0
17564-18-11-1,1,1,65.0,1,1.0,0,0,0,330.644195556641,4.0,8,4,2,17564,0,0,1,1,0,0,1.0,0
17564-19-11-1,1,2,84.0,1,1.0,0,0,0,330.644195556641,1.0,8,4,1,17564,0,0,1,1,0,0,1.0,0
17564-21-11-1,1,1,73.0,1,1.0,0,0,0,330.644195556641,4.0,8,4,1,17564,0,0,1,1,0,0,1.0,0
17564-56-11-1,1,1,57.0,1,1.0,0,0,0,330.644195556641,4.0,8,4,6,17564,0,0,1,1,0,0,1.0,0
17564-57-11-1,1,1,65.0,1,1.0,0,0,0,330.644195556641,4.0,8,4,2,17564,0,0,1,1,0,0,1.0,0
17565-13-11-1,1,1,71.0,1,1.0,0,0,0,329.517913818359,3.0,6,4,2,17565,0,0,1,1,0,0,1.0,0
17565-21-11-1,1,2,68.0,1,1.0,0,0,0,329.517913818359,3.0,6,4,2,17565,0,0,1,1,0,0,1.0,0
17565-29-11-1,1,1,78.0,1,1.0,0,0,0,329.517913818359,3.0,6,4,1,17565,0,0,1,1,0,0,1.0,0
17565-47-11-1,1,1,40.0,1,1.0,0,0,0,329.517913818359,6.0,6,4,4,17565,0,0,1,1,0,0,1.0,0
17565-63-11-1,1,1,46.0,1,1.0,0,0,0,329.517913818359,4.0,6,4,4,17565,0,0,1,1,0,0,1.0,0
17565-89-11-1,1,1,48.0,1,1.0,0,0,0,329.517913818359,4.0,6,4,3,17565,0,0,1,1,0,0,1.0,0
17566-159-11-1,1,1,58.0,1,1.0,0,0,0,329.517913818359,3.0,7,4,4,17566,0,0,1,1,0,0,1.0,0
17566-328-11-1,1,2,29.0,1,1.0,1,0,0,329.517913818359,4.0,7,4,4,17566,0,0,1,1,0,0,1.0,0
17566-330-11-1,1,1,41.0,1,1.0,0,0,0,329.517913818359,3.0,7,4,5,17566,0,0,1,1,0,0,1.0,0
17566-331-11-1,1,1,29.0,1,1.0,0,0,0,329.517913818359,4.0,7,4,6,17566,0,0,1,1,0,0,1.0,0
17567-141-11-1,1,1,32.0,1,1.0,0,0,0,298.653198242188,5.0,7,4,5,17567,0,0,1,1,0,0,1.0,0
17567-142-11-1,1,1,59.0,1,1.0,0,0,0,298.653198242188,3.0,7,4,3,17567,0,0,1,1,0,0,1.0,0
17567-293-11-1,1,2,71.0,1,1.0,0,0,0,298.653198242188,1.0,7,4,1,17567,0,0,1,1,0,0,1.0,0
17567-296-11-1,1,1,46.0,1,1.0,0,0,0,298.653198242188,3.0,7,4,7,17567,0,0,1,1,0,0,1.0,0
17567-298-11-1,1,1,46.0,1,1.0,0,0,0,298.653198242188,4.0,7,4,4,17567,0,0,1,1,0,0,1.0,0
17567-299-11-1,1,1,48.0,1,1.0,0,0,0,298.653198242188,3.0,7,4,10,17567,1,0,1,1,0,1,1.0,1
17567-300-11-1,1,1,61.0,1,1.0,0,0,0,298.653198242188,4.0,7,4,3,17567,0,0,1,1,0,0,1.0,0
17568-2-11-1,1,1,28.0,1,1.0,0,0,0,298.653198242188,6.0,7,4,2,17568,0,0,1,1,0,0,1.0,0
17568-3-11-1,1,1,65.0,1,0.0,0,0,0,298.653198242188,4.0,7,4,5,17568,0,0,1,1,0,0,0.0,0
17568-4-11-1,1,1,71.0,1,1.0,0,0,0,298.653198242188,3.0,7,4,2,17568,0,0,1,1,0,0,1.0,0
17568-80-11-1,1,1,45.0,1,1.0,0,0,0,298.653198242188,4.0,7,4,4,17568,0,0,1,1,0,0,1.0,0
17568-81-11-1,1,1,41.0,1,1.0,0,0,0,298.653198242188,6.0,7,4,4,17568,0,0,1,1,0,0,1.0,0
17568-82-11-1,1,1,46.0,1,1.0,0,0,0,298.653198242188,3.0,7,4,5,17568,0,0,1,1,0,0,1.0,0
17568-83-11-1,1,2,67.0,1,1.0,0,0,0,298.653198242188,3.0,7,4,1,17568,0,0,1,1,0,0,1.0,0
17569-17-11-1,1,1,73.0,1,1.0,0,0,0,330.644195556641,3.0,7,4,2,17569,0,0,1,1,0,0,1.0,0
17569-18-11-1,1,1,47.0,1,1.0,0,0,0,330.644195556641,5.0,7,4,2,17569,0,0,1,1,0,0,1.0,0
17569-19-11-1,1,1,29.0,1,1.0,0,0,0,330.644195556641,6.0,7,4,4,17569,0,0,1,1,0,0,1.0,0
17569-20-11-1,1,1,39.0,1,1.0,0,0,0,330.644195556641,4.0,7,4,5,17569,0,0,1,1,0,0,1.0,0
17569-67-11-1,1,1,75.0,1,1.0,0,0,0,330.644195556641,3.0,7,4,2,17569,0,0,1,1,0,0,1.0,0
17569-69-11-1,1,1,43.0,1,1.0,0,0,0,330.644195556641,6.0,7,4,4,17569,0,1,1,1,0,0,1.0,0
17569-71-11-1,1,1,34.0,1,1.0,0,0,0,330.644195556641,6.0,7,4,6,17569,0,0,1,1,0,0,1.0,0
17569-72-11-1,1,1,40.0,1,1.0,0,0,0,330.644195556641,4.0,7,4,4,17569,0,0,1,1,0,0,1.0,0
17571-70-11-1,1,1,45.0,1,1.0,0,0,0,330.644195556641,3.0,7,4,5,17571,0,0,1,1,0,0,1.0,0
17571-71-11-1,1,1,78.0,1,0.0,0,0,0,330.644195556641,3.0,7,4,1,17571,0,0,1,1,0,0,0.0,0
17571-173-11-1,1,1,58.0,1,1.0,0,0,0,330.644195556641,4.0,7,4,6,17571,0,0,1,1,0,0,1.0,0
17571-174-11-1,1,1,48.0,1,1.0,0,0,0,330.644195556641,3.0,7,4,4,17571,0,0,1,1,0,0,1.0,0
17571-176-11-1,1,1,73.0,1,1.0,0,0,0,330.644195556641,3.0,7,4,3,17571,0,0,1,1,0,0,1.0,0
17571-183-11-1,1,1,49.0,1,1.0,0,0,0,330.644195556641,3.0,7,4,8,17571,0,0,1,1,0,0,1.0,0
17634-74-11-1,1,1,62.0,1,1.0,0,0,0,69.7747650146484,8.0,1,1,1,17634,1,0,1,1,0,1,1.0,1
17635-5-11-1,1,1,52.0,1,1.0,0,0,0,153.709045410156,8.0,1,1,4,17635,0,0,1,1,0,0,1.0,0
17635-47-11-1,1,1,40.0,1,1.0,1,1,0,153.709045410156,8.0,1,1,5,17635,0,0,1,1,0,0,1.0,0
17635-87-11-1,1,1,80.0,1,1.0,0,0,0,153.709045410156,4.0,1,1,2,17635,0,0,1,1,0,0,1.0,0
17636-66-11-1,1,1,53.0,1,0.0,1,1,0,349.930969238281,4.0,1,1,3,17636,1,0,1,1,0,1,0.0,1
17638-25-11-1,1,1,53.0,1,1.0,0,0,0,352.401519775391,5.0,1,1,8,17638,0,0,1,1,0,0,1.0,0
17638-62-11-1,1,2,41.0,1,1.0,1,0,0,352.401519775391,5.0,1,1,5,17638,0,0,1,1,0,0,1.0,0
17638-73-11-1,1,1,67.0,1,1.0,0,0,0,352.401519775391,4.0,1,1,3,17638,0,0,1,1,0,0,1.0,0
17639-4-11-1,1,2,71.0,1,1.0,0,0,0,353.312377929688,1.0,1,1,3,17639,0,0,1,1,0,0,1.0,0
17639-12-11-1,1,1,38.0,1,0.0,0,0,0,353.312377929688,6.0,1,1,3,17639,1,0,1,1,0,1,0.0,1
17639-50-11-1,1,1,41.0,1,0.0,1,0,0,353.312377929688,4.0,1,1,4,17639,1,0,1,1,0,1,0.0,1
17640-121-11-1,1,1,68.0,1,0.0,0,0,0,175.202041625977,9.0,1,1,1,17640,0,0,1,1,0,0,0.0,0
17641-3-11-1,1,2,58.0,1,0.0,0,0,0,380.980499267578,11.0,1,1,1,17641,0,0,1,1,0,0,0.0,0
17641-41-11-1,1,1,48.0,1,1.0,0,0,0,380.980499267578,6.0,1,1,3,17641,1,0,1,1,0,1,1.0,1
17641-67-11-1,1,1,80.0,1,0.0,0,0,0,380.980499267578,6.0,1,1,3,17641,0,0,1,1,0,0,0.0,0
17641-118-11-1,1,2,56.0,1,1.0,1,0,0,380.980499267578,6.0,1,1,3,17641,0,0,1,1,0,0,1.0,0
17642-8-11-1,1,1,68.0,1,1.0,0,0,0,171.774810791016,6.0,1,1,4,17642,0,0,1,1,0,0,1.0,0
17642-40-11-1,1,1,44.0,1,1.0,1,0,0,171.774810791016,7.0,1,1,2,17642,0,0,1,1,0,0,1.0,0
17642-106-11-1,1,2,59.0,1,1.0,1,0,0,171.774810791016,5.0,1,1,2,17642,0,0,1,1,0,0,1.0,0
17643-35-12-1,1,1,74.0,1,1.0,0,0,0,411.436889648438,4.0,1,1,3,17643,0,0,1,1,0,0,1.0,0
17643-35-22-1,1,1,32.0,1,1.0,1,1,0,411.436889648438,6.0,1,1,4,17643,0,0,1,1,0,0,1.0,0
17644-22-11-1,1,2,43.0,1,1.0,0,0,0,398.294189453125,5.0,1,1,3,17644,1,0,1,1,0,1,1.0,1
17644-62-11-1,1,1,71.0,1,1.0,0,0,0,398.294189453125,4.0,1,1,2,17644,0,0,1,1,0,0,1.0,0
17644-82-11-1,1,1,39.0,1,1.0,1,1,0,398.294189453125,4.0,1,1,3,17644,0,0,1,1,0,0,1.0,0
17644-121-11-1,1,1,61.0,1,0.0,0,0,0,398.294189453125,6.0,1,1,5,17644,0,0,1,1,0,0,0.0,0
17645-30-11-1,1,2,56.0,1,1.0,0,0,0,535.580261230469,4.0,1,1,3,17645,0,0,1,1,0,0,1.0,0
17645-85-11-1,1,1,47.0,1,1.0,0,0,0,535.580261230469,6.0,1,1,6,17645,0,0,1,1,0,0,1.0,0
17645-122-11-1,1,1,68.0,1,1.0,0,0,0,535.580261230469,5.0,1,1,3,17645,0,0,1,1,0,0,1.0,0
17646-3-11-1,1,1,40.0,1,1.0,1,1,0,398.294189453125,6.0,1,1,3,17646,0,0,1,1,0,0,1.0,0
17646-34-11-1,1,1,63.0,1,1.0,0,0,0,398.294189453125,3.0,1,1,3,17646,0,0,1,1,0,0,1.0,0
17646-45-11-1,1,2,41.0,1,1.0,1,1,0,398.294189453125,5.0,1,1,4,17646,1,0,1,1,0,1,1.0,1
17647-12-11-1,1,1,53.0,1,0.0,0,0,0,84.9340209960938,10.0,1,1,3,17647,1,0,1,1,0,1,0.0,1
17649-59-11-1,1,1,56.0,1,1.0,0,0,0,419.058166503906,6.0,1,1,1,17649,0,0,1,1,0,0,1.0,0
17649-74-11-1,1,1,57.0,1,0.0,1,1,0,419.058166503906,10.0,1,1,6,17649,0,0,1,1,0,0,0.0,0
17649-89-12-1,1,1,73.0,1,0.0,0,0,0,419.058166503906,6.0,1,1,4,17649,0,0,1,1,0,0,0.0,0
17649-89-22-1,1,1,64.0,1,0.0,0,0,0,419.058166503906,6.0,1,1,2,17649,0,0,1,1,0,0,0.0,0
17650-27-11-1,1,2,62.0,1,1.0,0,0,0,175.202041625977,4.0,1,1,2,17650,0,0,1,1,0,0,1.0,0
17650-55-11-1,1,2,29.0,1,0.0,1,1,0,175.202041625977,6.0,1,1,5,17650,1,0,1,1,0,1,0.0,1
17650-85-11-1,1,1,23.0,1,1.0,1,1,0,175.202041625977,6.0,1,1,2,17650,0,0,1,1,0,0,1.0,0
17651-2-11-1,1,1,60.0,1,0.0,1,0,0,352.401550292969,8.0,1,1,2,17651,1,0,1,1,0,1,0.0,1
17651-49-11-1,1,1,58.0,1,1.0,0,0,0,352.401550292969,3.0,1,1,3,17651,0,0,1,1,0,0,1.0,0
17653-9-11-1,1,1,35.0,1,1.0,1,1,0,349.930969238281,10.0,1,1,4,17653,0,0,1,1,0,0,1.0,0
17653-97-11-1,1,1,49.0,1,1.0,1,1,0,349.930969238281,6.0,1,1,4,17653,0,0,1,1,0,0,1.0,0
17695-4-11-1,1,2,67.0,1,1.0,0,0,0,558.744262695313,4.0,4,1,2,17695,0,0,1,1,0,0,1.0,0
17695-24-11-1,1,1,74.0,1,1.0,0,0,0,558.744262695313,4.0,4,1,3,17695,0,0,1,1,0,0,1.0,0
17695-106-11-1,1,2,54.0,1,1.0,0,0,0,558.744262695313,4.0,4,1,2,17695,0,0,1,1,0,0,1.0,0
17695-127-11-1,1,1,53.0,1,0.0,1,0,0,558.744262695313,6.0,4,1,2,17695,1,0,1,1,0,1,0.0,1
17723-69-11-1,1,1,41.0,1,0.0,1,0,0,249.894134521484,8.0,4,1,6,17723,0,0,1,1,0,0,0.0,0
17723-86-11-1,1,1,45.0,1,1.0,1,1,0,249.894134521484,6.0,4,1,6,17723,0,0,1,1,0,0,1.0,0
17723-104-11-1,1,1,36.0,1,0.0,1,0,0,249.894134521484,10.0,4,1,4,17723,0,0,1,1,0,0,0.0,0
17724-30-11-1,1,2,51.0,1,1.0,1,0,0,507.973999023438,8.0,5,1,5,17724,0,0,1,1,0,0,1.0,0
17724-126-11-1,1,1,66.0,1,0.0,0,0,0,507.973999023438,4.0,5,1,2,17724,0,0,1,1,0,0,0.0,0
17724-165-11-1,1,1,52.0,1,1.0,1,1,0,507.973999023438,6.0,5,1,5,17724,0,0,1,1,0,0,1.0,0
17726-11-11-1,1,2,54.0,1,1.0,0,0,0,535.580261230469,3.0,5,1,1,17726,0,0,1,1,0,0,1.0,0
17726-71-11-1,1,1,59.0,1,0.0,0,0,0,535.580261230469,4.0,5,1,1,17726,0,0,1,1,0,0,0.0,0
17727-114-11-1,1,1,49.0,1,0.0,1,0,0,353.312377929688,3.0,5,1,14,17727,0,0,1,1,0,0,0.0,0
17728-64-11-1,1,1,29.0,1,1.0,1,0,0,548.58251953125,6.0,5,1,4,17728,0,0,1,1,0,0,1.0,0
17728-118-11-1,1,1,47.0,1,1.0,0,0,0,548.58251953125,4.0,5,1,5,17728,0,0,1,1,0,0,1.0,0
17729-48-11-1,1,2,60.0,1,1.0,1,0,0,352.401550292969,6.0,5,1,2,17729,0,0,1,1,0,0,1.0,0
17729-64-11-1,1,2,62.0,1,1.0,0,0,0,352.401550292969,5.0,5,1,1,17729,0,0,1,1,0,0,1.0,0
17730-93-11-1,1,2,34.0,1,1.0,1,1,0,548.58251953125,7.0,4,1,3,17730,0,0,1,1,0,0,1.0,0
17732-11-11-1,1,1,54.0,1,1.0,0,0,0,535.580261230469,5.0,5,1,2,17732,1,0,1,1,0,1,1.0,1
17732-23-11-1,1,1,52.0,1,0.0,1,1,0,535.580261230469,10.0,5,1,5,17732,0,0,1,1,0,0,0.0,0
17732-47-11-1,1,1,58.0,1,1.0,1,0,0,535.580261230469,6.0,5,1,4,17732,0,0,1,1,0,0,1.0,0
17733-56-13-1,1,1,41.0,1,1.0,0,0,0,398.294189453125,4.0,5,1,4,17733,0,0,1,1,0,0,1.0,0
17733-56-23-1,1,1,56.0,1,1.0,0,0,0,398.294189453125,6.0,5,1,4,17733,0,0,1,1,0,0,1.0,0
17733-56-33-1,1,1,48.0,1,0.0,0,0,0,398.294189453125,6.0,5,1,3,17733,0,0,1,1,0,0,0.0,0
17733-73-11-1,1,2,49.0,1,0.0,1,0,0,398.294189453125,6.0,5,1,6,17733,0,1,1,1,0,0,0.0,0
17733-108-11-1,1,1,36.0,1,1.0,0,0,0,398.294189453125,8.0,5,1,6,17733,0,1,1,1,0,0,1.0,0
17734-24-11-1,1,1,48.0,1,1.0,0,0,0,558.744262695313,6.0,4,1,4,17734,0,0,1,1,0,0,1.0,0
17734-82-11-1,1,2,41.0,1,1.0,0,0,0,558.744262695313,6.0,4,1,4,17734,0,0,1,1,0,0,1.0,0
17736-40-11-1,1,1,51.0,1,1.0,0,0,0,352.401550292969,4.0,5,1,3,17736,0,0,1,1,0,0,1.0,0
17736-54-11-1,1,1,44.0,1,1.0,1,1,0,352.401550292969,6.0,5,1,7,17736,0,0,1,1,0,0,1.0,0
17736-81-11-1,1,1,51.0,1,0.0,0,0,0,352.401550292969,5.0,5,1,2,17736,0,0,1,1,0,0,0.0,0
17736-94-11-1,1,1,68.0,1,1.0,0,0,0,352.401550292969,5.0,5,1,6,17736,0,0,1,1,0,0,1.0,0
17737-70-11-1,1,1,63.0,1,1.0,0,0,0,349.930969238281,5.0,5,1,1,17737,0,0,1,1,0,0,1.0,0
17737-85-11-1,1,1,63.0,1,0.0,0,0,0,349.930969238281,8.0,5,1,3,17737,0,0,1,1,0,0,0.0,0
17738-19-11-1,1,2,71.0,1,1.0,0,0,0,548.58251953125,6.0,4,1,1,17738,0,0,1,1,0,0,1.0,0
17739-110-11-1,1,1,63.0,1,1.0,0,0,0,507.973999023438,5.0,5,1,2,17739,0,0,1,1,0,0,1.0,0
17739-132-11-1,1,1,45.0,1,1.0,1,0,0,507.973999023438,6.0,5,1,3,17739,0,0,1,1,0,0,1.0,0
17739-155-11-1,1,1,53.0,1,1.0,0,0,0,507.973999023438,6.0,5,1,3,17739,0,0,1,1,0,0,1.0,0
17740-27-11-1,1,2,43.0,1,1.0,0,0,0,558.744262695313,4.0,5,1,5,17740,0,0,1,1,0,0,1.0,0
17740-59-11-1,1,1,49.0,1,1.0,0,0,0,558.744262695313,8.0,5,1,3,17740,0,0,1,1,0,0,1.0,0
17740-75-11-1,1,2,69.0,1,1.0,0,0,0,558.744262695313,1.0,5,1,4,17740,0,0,1,1,0,0,1.0,0
17740-108-11-1,1,1,65.0,1,0.0,0,0,0,558.744262695313,6.0,5,1,1,17740,0,0,1,1,0,0,0.0,0
17740-123-11-1,1,1,65.0,1,1.0,0,0,0,558.744262695313,1.0,5,1,3,17740,0,0,1,1,0,0,1.0,0
17741-2-11-1,1,1,40.0,1,0.0,1,1,0,353.312377929688,6.0,5,1,5,17741,0,0,1,1,0,0,0.0,0
17741-37-11-1,1,1,64.0,1,1.0,0,0,0,353.312377929688,6.0,5,1,5,17741,0,0,1,1,0,0,1.0,0
17741-48-11-1,1,1,76.0,1,1.0,0,0,0,353.312377929688,6.0,5,1,3,17741,0,0,1,1,0,0,1.0,0
17741-71-11-1,1,1,57.0,1,1.0,0,0,0,353.312377929688,5.0,5,1,7,17741,0,0,1,1,0,0,1.0,0
17742-3-11-1,1,1,52.0,1,0.0,1,1,0,535.580261230469,6.0,5,1,3,17742,0,0,1,1,0,0,0.0,0
17742-81-11-1,1,1,62.0,1,1.0,0,0,0,535.580261230469,6.0,5,1,4,17742,0,0,1,1,0,0,1.0,0
17743-28-11-1,1,1,47.0,1,1.0,0,0,0,352.401550292969,4.0,5,1,5,17743,0,1,1,1,0,0,1.0,0
17743-70-11-1,1,1,48.0,1,1.0,0,0,0,352.401550292969,4.0,5,1,5,17743,0,0,1,1,0,0,1.0,0
17743-85-11-1,1,1,48.0,1,1.0,0,0,0,352.401550292969,4.0,5,1,5,17743,0,0,1,1,0,0,1.0,0
17743-99-11-1,1,1,47.0,1,1.0,1,0,0,352.401550292969,6.0,5,1,7,17743,1,0,1,1,0,1,1.0,1
17744-3-11-1,1,1,49.0,1,1.0,0,0,0,349.930969238281,4.0,5,1,5,17744,0,0,1,1,0,0,1.0,0
17744-14-11-1,1,2,61.0,1,1.0,0,0,0,349.930969238281,3.0,5,1,2,17744,0,0,1,1,0,0,1.0,0
17745-8-11-1,1,1,40.0,1,1.0,1,0,0,398.294189453125,5.0,5,1,6,17745,0,0,1,1,0,0,1.0,0
17745-21-11-1,1,1,64.0,1,1.0,0,0,0,398.294189453125,3.0,5,1,10,17745,0,0,1,1,0,0,1.0,0
17745-35-11-1,1,2,44.0,1,1.0,0,0,0,398.294189453125,6.0,5,1,6,17745,0,0,1,1,0,0,1.0,0
17745-61-11-1,1,1,66.0,1,1.0,0,0,0,398.294189453125,4.0,5,1,11,17745,1,0,1,1,0,1,1.0,1
17745-74-11-1,1,1,69.0,1,1.0,0,0,0,398.294189453125,3.0,5,1,2,17745,0,0,1,1,0,0,1.0,0
17745-87-11-1,1,1,32.0,1,1.0,1,0,0,398.294189453125,6.0,5,1,6,17745,1,1,1,1,0,1,1.0,1
17773-81-11-1,1,1,67.0,1,1.0,0,0,0,211.832000732422,3.0,7,1,4,17773,0,0,1,1,0,0,1.0,0
17773-82-11-1,1,2,49.0,1,1.0,0,0,0,211.832000732422,4.0,7,1,2,17773,0,1,1,1,0,0,1.0,0
17773-83-11-1,1,1,70.0,1,1.0,0,0,0,211.832000732422,3.0,7,1,2,17773,0,1,1,1,0,0,1.0,0
17773-84-11-1,1,1,64.0,1,1.0,0,0,0,211.832000732422,4.0,7,1,3,17773,0,0,1,1,0,0,1.0,0
17773-211-11-1,1,1,68.0,1,1.0,1,0,0,211.832000732422,4.0,7,1,7,17773,0,0,1,1,0,0,1.0,0
17773-213-11-1,1,1,62.0,1,1.0,0,0,0,211.832000732422,4.0,7,1,1,17773,0,0,1,1,0,0,1.0,0
17773-217-11-1,1,2,52.0,1,1.0,0,0,0,211.832000732422,6.0,7,1,2,17773,0,0,1,1,0,0,1.0,0
17773-219-11-1,1,2,56.0,1,1.0,0,0,0,211.832000732422,3.0,7,1,2,17773,0,0,1,1,0,0,1.0,0
17774-209-11-1,1,1,71.0,1,1.0,0,0,0,203.965606689453,3.0,7,1,6,17774,0,0,1,1,0,0,1.0,0
17774-210-11-1,1,1,53.0,1,0.0,0,0,0,203.965606689453,4.0,7,1,6,17774,0,0,1,1,0,0,0.0,0
17774-211-11-1,1,2,50.0,1,1.0,0,0,0,203.965606689453,3.0,7,1,3,17774,0,0,1,1,0,0,1.0,0
17774-212-11-1,1,1,53.0,1,1.0,0,0,0,203.965606689453,5.0,7,1,5,17774,0,0,1,1,0,0,1.0,0
17774-558-11-1,1,1,64.0,1,0.0,0,0,0,203.965606689453,6.0,7,1,3,17774,0,0,1,1,0,0,0.0,0
17774-559-11-1,1,1,56.0,1,1.0,0,0,0,203.965606689453,6.0,7,1,5,17774,0,0,1,1,0,0,1.0,0
17774-560-11-1,1,1,72.0,1,1.0,0,0,0,203.965606689453,4.0,7,1,2,17774,0,0,1,1,0,0,1.0,0
17775-33-11-1,1,1,38.0,1,1.0,1,0,0,191.377868652344,6.0,8,1,4,17775,0,0,1,1,0,0,1.0,0
17775-35-11-1,1,1,35.0,1,1.0,0,0,0,191.377868652344,5.0,8,1,1,17775,0,0,1,1,0,0,1.0,0
17775-39-11-1,1,1,49.0,1,1.0,0,0,0,191.377868652344,5.0,8,1,5,17775,0,0,1,1,0,0,1.0,0
17775-81-11-1,1,1,43.0,1,1.0,1,0,0,191.377868652344,8.0,8,1,4,17775,0,0,1,1,0,0,1.0,0
17775-82-11-1,1,1,60.0,1,1.0,0,0,0,191.377868652344,3.0,8,1,2,17775,0,0,1,1,0,0,1.0,0
17775-83-11-1,1,1,40.0,1,1.0,0,0,0,191.377868652344,6.0,8,1,4,17775,0,0,1,1,0,0,1.0,0
17776-61-11-1,1,1,53.0,1,1.0,0,0,0,174.28466796875,5.0,7,1,4,17776,0,0,1,1,0,0,1.0,0
17776-62-11-1,1,2,27.0,1,1.0,0,0,0,174.28466796875,4.0,7,1,6,17776,1,0,1,1,0,1,1.0,1
17776-63-11-1,1,2,39.0,1,1.0,0,0,0,174.28466796875,4.0,7,1,6,17776,0,0,1,1,0,0,1.0,0
17776-64-11-1,1,1,58.0,1,1.0,0,0,0,174.28466796875,5.0,7,1,12,17776,0,0,1,1,0,0,1.0,0
17776-441-11-1,1,2,84.0,1,1.0,0,0,0,174.28466796875,3.0,7,1,10,17776,0,0,1,1,0,0,1.0,0
17776-442-12-1,1,2,60.0,1,1.0,0,0,0,174.28466796875,4.0,7,1,2,17776,1,0,1,1,0,1,1.0,1
17776-442-22-1,1,1,30.0,1,0.0,1,0,0,174.28466796875,10.0,7,1,3,17776,0,0,1,1,0,0,0.0,0
17776-443-11-1,1,1,53.0,1,1.0,0,0,0,174.28466796875,9.0,7,1,7,17776,0,0,1,1,0,0,1.0,0
17776-444-11-1,1,1,57.0,1,0.0,0,0,0,174.28466796875,3.0,7,1,10,17776,0,0,1,1,0,0,0.0,0
17777-125-11-1,1,1,40.0,1,1.0,0,0,0,211.832000732422,4.0,7,1,3,17777,0,0,1,1,0,0,1.0,0
17777-126-11-1,1,2,58.0,1,1.0,0,0,0,211.832000732422,5.0,7,1,2,17777,0,0,1,1,0,0,1.0,0
17777-127-11-1,1,1,36.0,1,0.0,0,0,0,211.832000732422,4.0,7,1,2,17777,0,0,1,1,0,0,0.0,0
17777-409-11-1,1,1,71.0,1,1.0,0,0,0,211.832000732422,4.0,7,1,4,17777,0,0,1,1,0,0,1.0,0
17777-410-11-1,1,1,26.0,1,1.0,1,1,0,211.832000732422,8.0,7,1,4,17777,0,0,1,1,0,0,1.0,0
17777-412-11-1,1,1,58.0,1,1.0,0,0,0,211.832000732422,4.0,7,1,3,17777,1,0,1,1,0,1,1.0,1
17778-17-11-1,1,2,46.0,1,1.0,0,0,0,191.377868652344,6.0,7,1,2,17778,0,0,1,1,0,0,1.0,0
17778-18-11-1,1,1,72.0,1,1.0,0,0,0,191.377868652344,3.0,7,1,2,17778,0,0,1,1,0,0,1.0,0
17778-19-11-1,1,1,45.0,1,0.0,1,0,0,191.377868652344,6.0,7,1,1,17778,0,0,1,1,0,0,0.0,0
17778-113-11-1,1,2,75.0,1,1.0,0,0,0,191.377868652344,1.0,7,1,1,17778,0,0,1,1,0,0,1.0,0
17778-114-11-1,1,1,60.0,1,0.0,1,0,0,191.377868652344,6.0,7,1,5,17778,0,0,1,1,0,0,0.0,0
17779-5-11-1,1,2,63.0,1,1.0,0,0,0,174.28466796875,1.0,7,1,2,17779,0,0,1,1,0,0,1.0,0
17779-6-11-1,1,1,50.0,1,1.0,0,0,0,174.28466796875,6.0,7,1,3,17779,0,0,1,1,0,0,1.0,0
17779-157-11-1,1,1,68.0,1,1.0,0,0,0,174.28466796875,4.0,7,1,1,17779,0,0,1,1,0,0,1.0,0
17779-161-11-1,1,1,58.0,1,1.0,0,0,0,174.28466796875,4.0,7,1,4,17779,0,0,1,1,0,0,1.0,0
17779-163-11-1,1,1,55.0,1,1.0,0,0,0,174.28466796875,8.0,7,1,4,17779,0,0,1,1,0,0,1.0,0
17780-17-11-1,1,1,58.0,1,1.0,0,0,0,191.377868652344,1.0,7,1,1,17780,0,0,1,1,0,0,1.0,0
17780-18-11-1,1,1,36.0,1,0.0,0,0,0,191.377868652344,7.0,7,1,5,17780,0,0,1,1,0,0,0.0,0
17780-20-11-1,1,1,28.0,1,0.0,1,1,0,191.377868652344,7.0,7,1,4,17780,0,0,1,1,0,0,0.0,0
17780-103-11-1,1,2,80.0,1,1.0,0,0,0,191.377868652344,1.0,7,1,2,17780,0,0,1,1,0,0,1.0,0
17802-52-11-1,1,1,77.0,1,0.0,1,0,0,628.049194335938,10.0,1,8,1,17802,0,0,1,1,0,0,0.0,0
17803-13-11-1,1,2,62.0,1,0.0,1,1,0,626.489501953125,10.0,1,8,3,17803,0,0,1,1,0,0,0.0,0
17803-25-11-1,1,1,57.0,1,0.0,1,0,0,626.489501953125,8.0,1,8,5,17803,1,0,1,1,0,1,0.0,1
17803-62-11-1,1,2,73.0,1,1.0,0,0,0,626.489501953125,6.0,1,8,5,17803,0,0,1,1,0,0,1.0,0
17815-5-11-1,1,1,63.0,1,0.0,0,0,0,806.669494628906,10.0,1,8,5,17815,1,0,1,1,0,1,0.0,1
17873-45-11-1,1,1,48.0,1,1.0,1,0,0,1996.37231445313,5.0,1,8,6,17873,0,0,1,1,0,0,1.0,0
17880-65-11-1,1,1,50.0,1,1.0,1,0,0,1180.98107910156,6.0,1,8,3,17880,1,0,1,1,0,1,1.0,1
17880-103-11-1,1,2,42.0,1,1.0,0,0,0,1180.98107910156,6.0,1,8,4,17880,1,0,1,1,0,1,1.0,1
17941-159-11-1,1,1,54.0,1,0.0,1,0,0,517.357238769531,6.0,1,8,3,17941,0,0,1,1,0,0,0.0,0
18021-4-11-1,1,1,50.0,1,0.0,0,0,0,1180.98107910156,6.0,1,8,3,18021,0,0,1,1,0,0,0.0,0
18021-15-11-1,1,1,60.0,1,1.0,0,0,0,1180.98107910156,7.0,1,8,3,18021,0,0,1,1,0,0,1.0,0
18021-57-11-1,1,1,81.0,1,1.0,0,0,0,1180.98107910156,10.0,1,8,2,18021,1,0,1,1,0,1,1.0,1
18169-81-11-1,1,1,49.0,1,0.0,0,0,0,423.391082763672,6.0,1,8,4,18169,1,0,1,1,0,1,0.0,1
18171-111-11-1,1,1,71.0,1,1.0,1,1,0,325.464172363281,8.0,1,8,2,18171,0,0,1,1,0,0,1.0,0
18172-30-11-1,1,1,56.0,1,0.0,1,1,0,519.626647949219,6.0,1,8,4,18172,1,0,1,1,0,1,0.0,1
18172-78-11-1,1,1,39.0,1,1.0,1,1,0,519.626647949219,8.0,1,8,3,18172,0,0,1,1,0,0,1.0,0
18173-5-11-1,1,1,74.0,1,1.0,1,0,0,369.471740722656,10.0,1,8,5,18173,0,0,1,1,0,0,1.0,0
18173-147-11-1,1,1,79.0,1,0.0,1,1,0,369.471740722656,11.0,1,8,4,18173,1,0,1,1,0,1,0.0,1
18177-145-11-1,1,1,63.0,1,1.0,1,1,0,528.211364746094,8.0,1,8,4,18177,0,0,1,1,0,0,1.0,0
18179-43-11-1,1,1,56.0,1,1.0,1,1,0,626.489501953125,6.0,1,8,1,18179,0,0,1,1,0,0,1.0,0
18181-27-11-1,1,2,59.0,1,0.0,0,0,0,582.683776855469,6.0,1,8,1,18181,0,0,1,1,0,0,0.0,0
18181-89-11-1,1,1,49.0,1,0.0,0,0,0,582.683776855469,10.0,1,8,4,18181,0,0,1,1,0,0,0.0,0
18182-202-11-1,1,2,41.0,1,0.0,1,1,0,582.683776855469,10.0,1,8,4,18182,0,0,1,1,0,0,0.0,0
18183-39-11-1,1,1,20.0,1,0.0,1,0,0,1497.27917480469,5.0,1,8,2,18183,0,0,1,1,0,0,0.0,0
18184-9-11-1,1,1,78.0,1,0.0,1,1,0,626.489501953125,4.0,1,8,4,18184,0,0,1,1,0,0,0.0,0
18185-1-11-1,1,2,66.0,1,0.0,0,0,0,628.049194335938,8.0,1,8,1,18185,0,0,1,1,0,0,0.0,0
18187-118-11-1,1,1,46.0,1,0.0,1,1,0,626.489501953125,11.0,1,8,4,18187,0,0,1,1,0,0,0.0,0
18188-94-11-1,1,2,55.0,1,1.0,0,0,0,605.002136230469,6.0,1,8,3,18188,0,0,1,1,0,0,1.0,0
18190-30-11-1,1,1,63.0,1,1.0,0,0,0,1751.19812011719,6.0,1,8,9,18190,0,0,1,1,0,0,1.0,0
18190-59-11-1,1,2,55.0,1,1.0,0,0,0,1751.19812011719,3.0,1,8,5,18190,0,0,1,1,0,0,1.0,0
18190-74-11-1,1,2,58.0,1,1.0,0,0,0,1751.19812011719,6.0,1,8,2,18190,1,0,1,1,0,1,1.0,1
18190-130-11-1,1,1,48.0,1,1.0,0,1,0,1751.19812011719,6.0,1,8,6,18190,0,0,1,1,0,0,1.0,0
18191-23-11-1,1,1,47.0,1,0.0,1,1,0,806.669494628906,8.0,1,8,6,18191,0,0,1,1,0,0,0.0,0
18191-39-11-1,1,1,58.0,1,1.0,0,0,0,806.669494628906,6.0,1,8,2,18191,0,0,1,1,0,0,1.0,0
18192-34-11-1,1,2,36.0,1,0.0,1,0,0,837.39892578125,9.0,1,8,4,18192,0,0,1,1,0,0,0.0,0
18192-81-11-1,1,2,47.0,1,0.0,1,1,0,837.39892578125,8.0,1,8,5,18192,0,1,1,1,0,0,0.0,0
18193-42-11-1,1,1,39.0,1,1.0,0,0,0,1722.59936523438,6.0,1,8,1,18193,0,0,1,1,0,0,1.0,0
18193-82-11-1,1,2,59.0,1,1.0,0,0,0,1722.59936523438,6.0,1,8,1,18193,0,0,1,1,0,0,1.0,0
18193-101-11-1,1,1,51.0,1,1.0,0,0,0,1722.59936523438,6.0,1,8,5,18193,0,0,1,1,0,0,1.0,0
18194-12-11-1,1,1,51.0,1,1.0,0,0,0,806.669494628906,4.0,1,8,3,18194,0,0,1,1,0,0,1.0,0
18194-33-11-1,1,1,63.0,1,1.0,0,0,0,806.669494628906,6.0,1,8,6,18194,0,0,1,1,0,0,1.0,0
18195-109-11-1,1,1,56.0,1,1.0,0,0,0,1722.59936523438,4.0,1,8,5,18195,0,0,1,1,0,0,1.0,0
18196-19-11-1,1,1,42.0,1,0.0,0,0,0,1801.72998046875,5.0,1,8,5,18196,0,0,1,1,0,0,0.0,0
18196-38-11-1,1,1,52.0,1,0.0,1,0,0,1801.72998046875,10.0,1,8,4,18196,0,0,1,1,0,0,0.0,0
18196-56-11-1,1,1,59.0,1,1.0,1,1,0,1801.72998046875,6.0,1,8,7,18196,0,0,1,1,0,0,1.0,0
18197-32-11-1,1,2,43.0,1,1.0,1,1,0,1801.72998046875,8.0,1,8,4,18197,0,0,1,1,0,0,1.0,0
18198-215-11-1,1,2,28.0,1,1.0,1,1,0,692.835510253906,6.0,1,8,4,18198,0,0,1,1,0,0,1.0,0
18198-237-11-1,1,1,40.0,1,1.0,1,1,0,692.835510253906,6.0,1,8,2,18198,0,0,1,1,0,0,1.0,0
18199-3-11-1,1,2,43.0,1,0.0,1,1,0,1801.72998046875,6.0,1,8,3,18199,0,0,1,1,0,0,0.0,0
18199-54-11-1,1,1,65.0,1,1.0,0,0,0,1801.72998046875,6.0,1,8,3,18199,0,0,1,1,0,0,1.0,0
18200-14-11-1,1,2,43.0,1,1.0,1,1,0,1751.19812011719,6.0,1,8,6,18200,0,0,1,1,0,0,1.0,0
18200-67-11-1,1,1,68.0,1,1.0,1,0,0,1751.19812011719,6.0,1,8,10,18200,0,0,1,1,0,0,1.0,0
18200-82-11-1,1,2,58.0,1,1.0,1,1,0,1751.19812011719,6.0,1,8,1,18200,0,0,1,1,0,0,1.0,0
18201-38-11-1,1,2,44.0,1,0.0,0,0,0,776.911682128906,6.0,1,8,5,18201,0,0,1,1,0,0,0.0,0
18201-61-11-1,1,1,38.0,1,0.0,1,0,0,776.911682128906,8.0,1,8,1,18201,1,0,1,1,0,1,0.0,1
18201-151-11-1,1,1,54.0,1,0.0,1,1,0,776.911682128906,6.0,1,8,6,18201,0,0,1,1,0,0,0.0,0
18202-14-11-1,1,2,38.0,1,1.0,0,0,0,1996.37231445313,6.0,1,8,5,18202,0,0,1,1,0,0,1.0,0
18202-31-11-1,1,2,67.0,1,0.0,0,0,0,1996.37231445313,6.0,1,8,2,18202,0,0,1,1,0,0,0.0,0
18202-82-11-1,1,1,44.0,1,1.0,1,0,0,1996.37231445313,6.0,1,8,4,18202,0,0,1,1,0,0,1.0,0
18203-185-11-1,1,2,50.0,1,1.0,1,1,0,776.911682128906,6.0,1,8,3,18203,0,0,1,1,0,0,1.0,0
18203-209-11-1,1,1,32.0,1,0.0,1,1,0,776.911682128906,6.0,1,8,3,18203,0,0,1,1,0,0,0.0,0
18204-14-11-1,1,1,62.0,1,0.0,0,0,0,1751.19812011719,6.0,1,8,4,18204,0,0,1,1,0,0,0.0,0
18204-114-11-1,1,1,50.0,1,0.0,0,0,0,1751.19812011719,5.0,1,8,5,18204,0,0,1,1,0,0,0.0,0
18205-22-11-1,1,1,50.0,1,1.0,1,0,0,1068.19885253906,5.0,1,8,8,18205,0,0,1,1,0,0,1.0,0
18205-36-11-1,1,1,68.0,1,1.0,1,0,0,1068.19885253906,6.0,1,8,4,18205,0,0,1,1,0,0,1.0,0
18205-65-11-1,1,1,50.0,1,1.0,1,1,0,1068.19885253906,3.0,1,8,1,18205,0,0,1,1,0,0,1.0,0
18206-24-11-1,1,2,42.0,1,1.0,1,1,0,1099.81896972656,4.0,1,8,6,18206,1,0,1,1,0,1,1.0,1
18206-64-11-1,1,1,27.0,1,1.0,0,0,0,1099.81896972656,6.0,1,8,7,18206,0,0,1,1,0,0,1.0,0
18206-84-11-1,1,1,65.0,1,1.0,0,0,0,1099.81896972656,5.0,1,8,6,18206,0,0,1,1,0,0,1.0,0
18206-100-11-1,1,1,47.0,1,0.0,1,0,0,1099.81896972656,6.0,1,8,7,18206,0,0,1,1,0,0,0.0,0
18207-5-11-1,1,1,59.0,1,1.0,0,0,0,1113.88488769531,6.0,1,8,9,18207,0,0,1,1,0,0,1.0,0
18207-19-11-1,1,1,53.0,1,0.0,0,0,0,1113.88488769531,6.0,1,8,5,18207,0,0,1,1,0,0,0.0,0
18207-47-11-1,1,1,36.0,1,0.0,1,0,0,1113.88488769531,6.0,1,8,4,18207,0,0,1,1,0,0,0.0,0
18207-61-11-1,1,1,34.0,1,1.0,0,0,0,1113.88488769531,9.0,1,8,3,18207,0,0,1,1,0,0,1.0,0
18207-76-11-1,1,1,54.0,1,1.0,1,0,0,1113.88488769531,3.0,1,8,5,18207,1,0,1,1,0,1,1.0,1
18207-90-11-1,1,2,27.0,1,1.0,1,1,0,1113.88488769531,8.0,1,8,3,18207,0,0,1,1,0,0,1.0,0
18208-24-11-1,1,1,26.0,1,1.0,1,0,0,1180.98107910156,5.0,1,8,3,18208,1,0,1,1,0,1,1.0,1
18208-103-11-1,1,1,47.0,1,1.0,0,0,0,1180.98107910156,6.0,1,8,3,18208,0,0,1,1,0,0,1.0,0
18209-95-11-1,1,2,24.0,1,0.0,1,0,0,1996.37231445313,8.0,1,8,2,18209,0,0,1,1,0,0,0.0,0
18211-7-11-1,1,1,62.0,1,1.0,1,0,0,1099.81896972656,4.0,1,8,3,18211,0,0,1,1,0,0,1.0,0
18211-18-11-1,1,1,53.0,1,1.0,1,1,0,1099.81896972656,6.0,1,8,4,18211,0,0,1,1,0,0,1.0,0
18212-44-11-1,1,1,30.0,1,1.0,1,1,0,1180.98107910156,6.0,1,8,3,18212,0,0,1,1,0,0,1.0,0
18212-61-11-1,1,1,58.0,1,1.0,0,0,0,1180.98107910156,3.0,1,8,3,18212,0,0,1,1,0,0,1.0,0
18213-84-11-1,1,1,71.0,1,1.0,0,0,0,1113.88488769531,3.0,1,8,1,18213,0,0,1,1,0,0,1.0,0
18213-130-11-1,1,2,49.0,1,1.0,1,1,0,1113.88488769531,6.0,1,8,3,18213,0,0,1,1,0,0,1.0,0
18214-42-11-1,1,1,62.0,1,1.0,0,0,0,1099.81896972656,4.0,1,8,2,18214,0,0,1,1,0,0,1.0,0
18214-75-11-1,1,1,43.0,1,1.0,0,0,0,1099.81896972656,4.0,1,8,4,18214,0,0,1,1,0,0,1.0,0
18215-16-11-1,1,1,58.0,1,1.0,0,0,0,1068.19885253906,6.0,1,8,4,18215,0,0,1,1,0,0,1.0,0
18215-66-11-1,1,1,56.0,1,1.0,0,0,0,1068.19885253906,6.0,1,8,3,18215,0,0,1,1,0,0,1.0,0
18215-83-11-1,1,2,49.0,1,1.0,0,0,0,1068.19885253906,6.0,1,8,5,18215,0,0,1,1,0,0,1.0,0
18215-99-11-1,1,1,57.0,1,1.0,0,0,0,1068.19885253906,5.0,1,8,2,18215,0,0,1,1,0,0,1.0,0
18217-65-11-1,1,2,36.0,1,0.0,0,0,0,582.683776855469,10.0,1,8,2,18217,0,0,1,1,0,0,0.0,0
18217-80-11-1,1,2,56.0,1,0.0,0,0,0,582.683776855469,6.0,1,8,4,18217,0,0,1,1,0,0,0.0,0
18217-121-11-1,1,1,72.0,1,0.0,1,1,0,582.683776855469,10.0,1,8,1,18217,0,0,1,1,0,0,0.0,0
18218-88-11-1,1,2,47.0,1,0.0,1,1,0,1497.27917480469,10.0,1,8,3,18218,1,0,1,1,0,1,0.0,1
18221-84-11-1,1,1,55.0,1,0.0,0,0,0,423.391082763672,10.0,1,8,1,18221,0,0,1,1,0,0,0.0,0
18222-29-11-1,1,2,77.0,1,1.0,0,0,0,1351.29748535156,8.0,1,8,3,18222,0,0,1,1,0,0,1.0,0
18223-109-11-1,1,2,28.0,1,1.0,1,1,0,626.489501953125,6.0,1,8,2,18223,0,0,1,1,0,0,1.0,0
18225-66-11-1,1,1,32.0,1,0.0,1,0,0,582.683776855469,10.0,1,8,1,18225,0,0,1,1,0,0,0.0,0
18226-13-11-1,1,1,23.0,1,0.0,1,0,0,1291.94946289063,7.0,1,8,3,18226,1,0,1,1,0,1,0.0,1
18226-50-11-1,1,1,56.0,1,1.0,0,0,0,1291.94946289063,4.0,1,8,4,18226,0,0,1,1,0,0,1.0,0
18226-88-11-1,1,2,60.0,1,1.0,0,0,0,1291.94946289063,6.0,1,8,1,18226,0,0,1,1,0,0,1.0,0
18226-143-11-1,1,1,71.0,1,1.0,1,1,0,1291.94946289063,6.0,1,8,2,18226,0,0,1,1,0,0,1.0,0
18226-181-11-1,1,2,57.0,1,1.0,1,0,0,1291.94946289063,6.0,1,8,1,18226,1,0,1,1,0,1,1.0,1
18228-16-11-1,1,2,60.0,1,1.0,0,0,0,626.489501953125,6.0,1,8,2,18228,0,0,1,1,0,0,1.0,0
18228-171-11-1,1,2,47.0,1,0.0,1,0,0,626.489501953125,10.0,1,8,1,18228,0,0,1,1,0,0,0.0,0
18229-26-11-1,1,2,66.0,1,1.0,1,1,0,605.002136230469,6.0,1,8,2,18229,0,0,1,1,0,0,1.0,0
18229-94-11-1,1,1,59.0,1,0.0,1,1,0,605.002136230469,10.0,1,8,3,18229,0,0,1,1,0,0,0.0,0
18229-144-11-1,1,1,59.0,1,0.0,1,1,0,605.002136230469,6.0,1,8,1,18229,0,0,1,1,0,0,0.0,0
18232-62-11-1,1,1,40.0,1,0.0,0,0,0,1313.39855957031,8.0,1,8,4,18232,1,0,1,1,0,1,0.0,1
18233-101-11-1,1,2,48.0,1,1.0,1,1,0,1291.94946289063,6.0,1,8,9,18233,0,0,1,1,0,0,1.0,0
18234-61-11-1,1,1,67.0,1,1.0,0,0,0,1497.27917480469,5.0,1,8,2,18234,0,0,1,1,0,0,1.0,0
18234-81-11-1,1,1,52.0,1,1.0,1,0,0,1497.27917480469,6.0,1,8,6,18234,0,0,1,1,0,0,1.0,0
18234-101-11-1,1,1,62.0,1,1.0,1,1,0,1497.27917480469,6.0,1,8,3,18234,1,0,1,1,0,1,1.0,1
18234-160-11-1,1,1,50.0,1,1.0,1,1,0,1497.27917480469,5.0,1,8,4,18234,0,0,1,1,0,0,1.0,0
18235-80-11-1,1,1,47.0,1,0.0,1,1,0,1113.884765625,10.0,1,8,2,18235,1,0,1,1,0,1,0.0,1
18235-98-11-1,1,1,36.0,1,0.0,1,1,0,1113.884765625,10.0,1,8,3,18235,0,0,1,1,0,0,0.0,0
18235-151-11-1,1,2,56.0,1,1.0,1,1,0,1113.884765625,6.0,1,8,5,18235,1,0,1,1,0,1,1.0,1
18236-107-11-1,1,2,41.0,1,1.0,1,0,0,369.471740722656,6.0,1,8,4,18236,0,0,1,1,0,0,1.0,0
18237-20-11-1,1,1,30.0,1,0.0,0,0,0,776.911682128906,9.0,1,8,1,18237,0,0,1,1,0,0,0.0,0
18237-34-11-1,1,1,57.0,1,1.0,1,1,0,776.911682128906,6.0,1,8,4,18237,0,0,1,1,0,0,1.0,0
18238-6-11-1,1,1,42.0,1,1.0,0,0,0,1180.98107910156,6.0,1,8,4,18238,0,0,1,1,0,0,1.0,0
18238-15-11-1,1,2,45.0,1,1.0,1,1,0,1180.98107910156,6.0,1,8,3,18238,1,0,1,1,0,1,1.0,1
18238-33-11-1,1,2,55.0,1,1.0,0,0,0,1180.98107910156,3.0,1,8,2,18238,0,0,1,1,0,0,1.0,0
18238-42-11-1,1,1,54.0,1,1.0,0,0,0,1180.98107910156,6.0,1,8,4,18238,0,0,1,1,0,0,1.0,0
18240-29-11-1,1,1,54.0,1,0.0,0,0,0,704.281799316406,6.0,1,8,4,18240,0,0,1,1,0,0,0.0,0
18240-107-11-1,1,2,60.0,1,0.0,0,0,0,704.281799316406,10.0,1,8,2,18240,1,0,1,1,0,1,0.0,1
18240-138-11-1,1,2,55.0,1,0.0,1,1,0,704.281799316406,8.0,1,8,3,18240,0,0,1,1,0,0,0.0,0
18241-16-11-1,1,2,27.0,1,1.0,0,0,0,806.669494628906,6.0,1,8,3,18241,0,0,1,1,0,0,1.0,0
18241-34-11-1,1,2,55.0,1,1.0,0,0,0,806.669494628906,3.0,1,8,3,18241,0,0,1,1,0,0,1.0,0
18241-90-11-1,1,1,53.0,1,0.0,0,0,0,806.669494628906,5.0,1,8,3,18241,0,0,1,1,0,0,0.0,0
18243-65-11-1,1,1,70.0,1,1.0,0,0,0,835.3193359375,4.0,1,8,3,18243,0,0,1,1,0,0,1.0,0
18243-77-11-1,1,2,36.0,1,0.0,0,0,0,835.3193359375,10.0,1,8,6,18243,0,0,1,1,0,0,0.0,0
18245-17-11-1,1,2,56.0,1,1.0,1,0,0,1722.59936523438,6.0,1,8,3,18245,0,0,1,1,0,0,1.0,0
18245-100-11-1,1,1,71.0,1,0.0,0,0,0,1722.59936523438,6.0,1,8,4,18245,1,0,1,1,0,1,0.0,1
18245-141-11-1,1,2,51.0,1,1.0,1,1,0,1722.59936523438,6.0,1,8,4,18245,0,0,1,1,0,0,1.0,0
18246-67-11-1,1,2,64.0,1,1.0,0,0,0,1801.72998046875,5.0,1,8,3,18246,0,0,1,1,0,0,1.0,0
18248-3-11-1,1,2,66.0,1,1.0,0,0,0,837.39892578125,5.0,1,8,3,18248,0,0,1,1,0,0,1.0,0
18248-23-11-1,1,1,53.0,1,0.0,1,0,0,837.39892578125,6.0,1,8,3,18248,0,0,1,1,0,0,0.0,0
18248-61-11-1,1,2,60.0,1,1.0,0,0,0,837.39892578125,6.0,1,8,3,18248,0,0,1,1,0,0,1.0,0
18248-81-11-1,1,1,56.0,1,1.0,1,1,0,837.39892578125,6.0,1,8,4,18248,0,0,1,1,0,0,1.0,0
18248-120-11-1,1,2,76.0,1,1.0,0,0,0,837.39892578125,3.0,1,8,1,18248,0,0,1,1,0,0,1.0,0
18250-33-11-1,1,2,26.0,1,1.0,1,0,0,1996.37231445313,7.0,1,8,2,18250,1,0,1,1,0,1,1.0,1
18250-86-11-1,1,1,31.0,1,1.0,1,1,0,1996.37231445313,3.0,1,8,1,18250,0,0,1,1,0,0,1.0,0
18251-11-11-1,1,2,49.0,1,1.0,0,0,0,1099.81896972656,6.0,1,8,3,18251,0,0,1,1,0,0,1.0,0
18251-47-11-1,1,2,57.0,1,1.0,0,0,0,1099.81896972656,5.0,1,8,4,18251,0,0,1,1,0,0,1.0,0
18251-56-11-1,1,2,49.0,1,1.0,0,0,0,1099.81896972656,4.0,1,8,3,18251,0,0,1,1,0,0,1.0,0
18253-30-11-1,1,2,44.0,1,1.0,0,0,0,1068.19885253906,4.0,1,8,3,18253,0,0,1,1,0,0,1.0,0
18253-83-11-1,1,1,44.0,1,1.0,1,1,0,1068.19885253906,5.0,1,8,4,18253,0,0,1,1,0,0,1.0,0
18253-96-11-1,1,1,49.0,1,1.0,0,0,0,1068.19885253906,6.0,1,8,4,18253,0,0,1,1,0,0,1.0,0
18254-51-11-1,1,1,55.0,1,0.0,0,0,0,1113.88488769531,6.0,1,8,5,18254,0,0,1,1,0,0,0.0,0
18254-74-11-1,1,1,38.0,1,1.0,0,0,0,1113.88488769531,5.0,1,8,6,18254,0,0,1,1,0,0,1.0,0
18255-25-11-1,1,2,43.0,1,1.0,0,0,0,1113.88488769531,4.0,1,8,6,18255,0,0,1,1,0,0,1.0,0
18255-39-11-1,1,1,42.0,1,0.0,0,0,0,1113.88488769531,6.0,1,8,5,18255,0,0,1,1,0,0,0.0,0
18255-53-11-1,1,2,44.0,1,0.0,1,0,0,1113.88488769531,10.0,1,8,4,18255,1,0,1,1,0,1,0.0,1
18255-81-11-1,1,1,37.0,1,1.0,0,0,0,1113.88488769531,6.0,1,8,2,18255,0,0,1,1,0,0,1.0,0
18255-95-11-1,1,1,42.0,1,0.0,1,0,0,1113.88488769531,4.0,1,8,5,18255,0,0,1,1,0,0,0.0,0
18257-7-11-1,1,1,48.0,1,1.0,1,0,0,1751.19812011719,6.0,1,8,4,18257,0,0,1,1,0,0,1.0,0
18257-103-11-1,1,1,41.0,1,1.0,1,1,0,1751.19812011719,6.0,1,8,4,18257,0,0,1,1,0,0,1.0,0
18258-79-11-1,1,1,56.0,1,1.0,0,0,0,1180.98107910156,4.0,1,8,3,18258,0,0,1,1,0,0,1.0,0
18258-101-11-1,1,2,48.0,1,1.0,1,0,0,1180.98107910156,8.0,1,8,3,18258,0,0,1,1,0,0,1.0,0
18259-33-11-1,1,2,50.0,1,1.0,0,0,0,1068.19885253906,6.0,1,8,2,18259,0,0,1,1,0,0,1.0,0
18259-60-11-1,1,1,37.0,1,1.0,0,0,0,1068.19885253906,6.0,1,8,4,18259,0,0,1,1,0,0,1.0,0
18259-74-11-1,1,1,56.0,1,0.0,0,0,0,1068.19885253906,6.0,1,8,2,18259,1,0,1,1,0,1,0.0,1
18260-8-11-1,1,1,40.0,1,1.0,1,0,0,1099.81896972656,3.0,1,8,1,18260,1,0,1,1,0,1,1.0,1
18260-28-11-1,1,2,45.0,1,1.0,1,1,0,1099.81896972656,8.0,1,8,4,18260,0,0,1,1,0,0,1.0,0
18260-48-11-1,1,1,25.0,1,1.0,0,0,0,1099.81896972656,3.0,1,8,3,18260,0,0,1,1,0,0,1.0,0
18263-43-11-1,1,2,54.0,1,1.0,0,0,0,1099.81896972656,4.0,1,8,4,18263,0,0,1,1,0,0,1.0,0
18263-128-11-1,1,2,45.0,1,1.0,1,1,0,1099.81896972656,5.0,1,8,3,18263,0,0,1,1,0,0,1.0,0
18263-129-11-1,1,1,58.0,1,1.0,1,0,0,1099.81896972656,5.0,1,8,1,18263,0,0,1,1,0,0,1.0,0
18263-145-11-1,1,1,34.0,1,0.0,1,1,0,1099.81896972656,6.0,1,8,5,18263,0,0,1,1,0,0,0.0,0
18264-117-11-1,1,2,42.0,1,1.0,1,1,0,1351.29748535156,10.0,1,8,3,18264,0,0,1,1,0,0,1.0,0
18264-177-11-1,1,2,67.0,1,0.0,1,1,0,1351.29748535156,8.0,1,8,2,18264,1,0,1,1,0,1,0.0,1
18264-206-11-1,1,1,64.0,1,0.0,1,0,0,1351.29748535156,8.0,1,8,5,18264,0,0,1,1,0,0,0.0,0
18267-119-11-1,1,1,81.0,1,1.0,1,0,0,325.464172363281,5.0,1,8,2,18267,0,0,1,1,0,0,1.0,0
18270-160-11-1,1,1,41.0,1,0.0,1,1,0,626.489501953125,10.0,1,8,4,18270,0,0,1,1,0,0,0.0,0
18271-5-11-1,1,1,51.0,1,1.0,1,0,0,528.211364746094,9.0,1,8,4,18271,0,0,1,1,0,0,1.0,0
18271-499-11-1,1,2,49.0,1,0.0,1,1,0,528.211364746094,11.0,1,8,3,18271,0,0,1,1,0,0,0.0,0
18273-87-11-1,1,2,51.0,1,1.0,1,0,0,517.357238769531,5.0,1,8,3,18273,0,0,1,1,0,0,1.0,0
18273-159-11-1,1,2,38.0,1,0.0,1,1,0,517.357238769531,5.0,1,8,4,18273,0,0,1,1,0,0,0.0,0
18273-205-11-1,1,2,57.0,1,1.0,0,0,0,517.357238769531,7.0,1,8,2,18273,0,0,1,1,0,0,1.0,0
18276-149-11-1,1,1,76.0,1,0.0,0,0,0,582.683776855469,10.0,1,8,3,18276,0,0,1,1,0,0,0.0,0
18276-167-11-1,1,1,32.0,1,0.0,1,0,0,582.683776855469,8.0,1,8,2,18276,0,0,1,1,0,0,0.0,0
18278-22-11-1,1,2,27.0,1,1.0,1,1,0,1351.29748535156,7.0,1,8,3,18278,0,0,1,1,0,0,1.0,0
18278-79-11-1,1,1,76.0,1,1.0,0,0,0,1351.29748535156,4.0,1,8,1,18278,0,0,1,1,0,0,1.0,0
18278-103-11-1,1,2,51.0,1,0.0,1,1,0,1351.29748535156,10.0,1,8,2,18278,1,0,1,1,0,1,0.0,1
18279-57-11-1,1,1,52.0,1,0.0,1,1,0,1497.27917480469,6.0,1,8,3,18279,1,0,1,1,0,1,0.0,1
18279-94-11-1,1,1,70.0,1,1.0,0,0,0,1497.27917480469,8.0,1,8,3,18279,0,0,1,1,0,0,1.0,0
18283-49-11-1,1,1,60.0,1,0.0,1,1,0,517.357238769531,11.0,1,8,5,18283,1,0,1,1,0,1,0.0,1
18284-19-11-1,1,1,65.0,1,1.0,0,0,0,837.39892578125,6.0,1,8,1,18284,0,0,1,1,0,0,1.0,0
18284-98-11-1,1,2,71.0,1,1.0,0,0,0,837.39892578125,1.0,1,8,2,18284,0,0,1,1,0,0,1.0,0
18284-138-11-1,1,1,60.0,1,1.0,0,0,0,837.39892578125,6.0,1,8,3,18284,0,0,1,1,0,0,1.0,0
18285-66-11-1,1,2,55.0,1,1.0,0,0,0,806.669494628906,6.0,1,8,3,18285,0,0,1,1,0,0,1.0,0
18285-80-11-1,1,1,36.0,1,1.0,1,1,0,806.669494628906,8.0,1,8,6,18285,0,0,1,1,0,0,1.0,0
18287-6-11-1,1,1,48.0,1,0.0,1,0,0,837.39892578125,8.0,1,8,5,18287,0,0,1,1,0,0,0.0,0
18287-68-12-1,1,1,65.0,1,1.0,1,0,0,837.39892578125,6.0,1,8,2,18287,1,0,1,1,0,1,1.0,1
18287-68-22-1,1,1,30.0,1,0.0,0,0,0,837.39892578125,6.0,1,8,4,18287,0,0,1,1,0,0,0.0,0
18287-107-11-1,1,2,55.0,1,0.0,1,0,0,837.39892578125,6.0,1,8,5,18287,0,0,1,1,0,0,0.0,0
18288-59-11-1,1,2,69.0,1,1.0,0,0,0,776.911682128906,6.0,1,8,2,18288,0,0,1,1,0,0,1.0,0
18288-132-11-1,1,2,61.0,1,0.0,0,0,0,776.911682128906,3.0,1,8,1,18288,0,0,1,1,0,0,0.0,0
18289-7-11-1,1,1,52.0,1,0.0,0,0,0,1722.59936523438,6.0,1,8,6,18289,0,0,1,1,0,0,0.0,0
18289-63-11-1,1,2,73.0,1,1.0,0,0,0,1722.59936523438,6.0,1,8,8,18289,1,0,1,1,0,1,1.0,1
18292-18-11-1,1,1,38.0,1,0.0,1,0,0,1722.59936523438,9.0,1,8,3,18292,0,0,1,1,0,0,0.0,0
18292-37-11-1,1,2,74.0,1,0.0,0,0,0,1722.59936523438,5.0,1,8,1,18292,0,0,1,1,0,0,0.0,0
18293-31-11-1,1,1,45.0,1,0.0,0,0,0,1751.19812011719,5.0,1,8,5,18293,0,0,1,1,0,0,0.0,0
18293-89-11-1,1,1,74.0,1,1.0,0,0,0,1751.19812011719,10.0,1,8,2,18293,0,0,1,1,0,0,1.0,0
18293-104-11-1,1,1,61.0,1,1.0,0,0,0,1751.19812011719,6.0,1,8,3,18293,0,0,1,1,0,0,1.0,0
18294-122-11-1,1,2,70.0,1,1.0,0,0,0,835.3193359375,3.0,1,8,3,18294,1,0,1,1,0,1,1.0,1
18294-145-11-1,1,1,75.0,1,1.0,0,0,0,835.3193359375,3.0,1,8,8,18294,0,0,1,1,0,0,1.0,0
18295-40-11-1,1,2,41.0,1,1.0,1,1,0,837.39892578125,4.0,1,8,5,18295,0,0,1,1,0,0,1.0,0
18295-111-11-1,1,2,49.0,1,0.0,1,0,0,837.39892578125,8.0,1,8,9,18295,0,0,1,1,0,0,0.0,0
18296-4-11-1,1,1,56.0,1,0.0,0,0,0,806.669494628906,5.0,1,8,5,18296,0,0,1,1,0,0,0.0,0
18296-24-11-1,1,2,60.0,1,1.0,0,0,0,806.669494628906,6.0,1,8,2,18296,0,0,1,1,0,0,1.0,0
18296-44-11-1,1,1,66.0,1,0.0,1,1,0,806.669494628906,9.0,1,8,4,18296,0,0,1,1,0,0,0.0,0
18296-162-11-1,1,1,56.0,1,0.0,0,0,0,806.669494628906,10.0,1,8,4,18296,1,0,1,1,0,1,0.0,1
18297-7-11-1,1,1,37.0,1,1.0,1,0,0,1099.81896972656,6.0,1,8,3,18297,0,0,1,1,0,0,1.0,0
18297-39-11-1,1,1,73.0,1,1.0,0,0,0,1099.81896972656,6.0,1,8,2,18297,0,0,1,1,0,0,1.0,0
18297-72-11-1,1,1,28.0,1,1.0,1,1,0,1099.81896972656,6.0,1,8,4,18297,0,0,1,1,0,0,1.0,0
18297-105-12-1,1,2,52.0,1,1.0,0,0,0,1099.81896972656,4.0,1,8,5,18297,0,0,1,1,0,0,1.0,0
18297-105-22-1,1,2,31.0,1,1.0,1,1,0,1099.81896972656,4.0,1,8,4,18297,0,0,1,1,0,0,1.0,0
18298-63-11-1,1,1,44.0,1,0.0,1,0,0,1751.19812011719,6.0,1,8,5,18298,1,0,1,1,0,1,0.0,1
18299-9-11-1,1,1,33.0,1,0.0,0,0,0,1099.81896972656,6.0,1,8,3,18299,0,0,1,1,0,0,0.0,0
18299-23-11-1,1,1,35.0,1,0.0,1,0,0,1099.81896972656,6.0,1,8,2,18299,0,0,1,1,0,0,0.0,0
18299-44-11-1,1,1,30.0,1,1.0,1,1,0,1099.81896972656,7.0,1,8,3,18299,0,0,1,1,0,0,1.0,0
18300-32-11-1,1,1,37.0,1,1.0,1,0,0,1113.88488769531,8.0,1,8,4,18300,0,0,1,1,0,0,1.0,0
18300-42-11-1,1,2,55.0,1,1.0,0,0,0,1113.88488769531,6.0,1,8,5,18300,1,0,1,1,0,1,1.0,1
18300-51-11-1,1,1,60.0,1,0.0,0,0,0,1113.88488769531,6.0,1,8,7,18300,0,0,1,1,0,0,0.0,0
18302-25-11-1,1,1,41.0,1,0.0,0,0,0,1068.19885253906,6.0,1,8,4,18302,0,0,1,1,0,0,0.0,0
18302-107-11-1,1,1,52.0,1,0.0,1,0,0,1068.19885253906,8.0,1,8,3,18302,1,0,1,1,0,1,0.0,1
18302-135-11-1,1,1,49.0,1,1.0,0,0,0,1068.19885253906,5.0,1,8,3,18302,0,0,1,1,0,0,1.0,0
18303-32-11-1,1,1,66.0,1,1.0,0,0,0,1113.88488769531,6.0,1,8,3,18303,0,0,1,1,0,0,1.0,0
18305-29-11-1,1,1,70.0,1,1.0,0,0,0,1180.98107910156,5.0,1,8,2,18305,0,0,1,1,0,0,1.0,0
18305-76-11-1,1,1,56.0,1,0.0,0,0,0,1180.98107910156,4.0,1,8,2,18305,1,0,1,1,0,1,0.0,1
18307-7-11-1,1,1,35.0,1,1.0,1,0,0,1180.98107910156,99.0,1,8,6,18307,0,0,1,1,0,0,1.0,0
18307-15-11-1,1,1,49.0,1,0.0,1,1,0,1180.98107910156,6.0,1,8,4,18307,1,0,1,1,0,1,0.0,1
18307-31-11-1,1,2,31.0,1,1.0,0,0,0,1180.98107910156,4.0,1,8,4,18307,0,0,1,1,0,0,1.0,0
18307-56-11-1,1,1,34.0,1,1.0,0,0,0,1180.98107910156,6.0,1,8,2,18307,0,0,1,1,0,0,1.0,0
18309-7-11-1,1,2,41.0,1,1.0,1,0,0,1068.19885253906,4.0,1,8,4,18309,0,0,1,1,0,0,1.0,0
18311-25-11-1,1,2,39.0,1,1.0,1,1,0,1099.81896972656,10.0,1,8,3,18311,0,0,1,1,0,0,1.0,0
18311-51-11-1,1,2,65.0,1,1.0,0,0,0,1099.81896972656,6.0,1,8,1,18311,0,0,1,1,0,0,1.0,0
18311-65-11-1,1,2,53.0,1,1.0,0,0,0,1099.81896972656,6.0,1,8,2,18311,0,0,1,1,0,0,1.0,0
18311-103-11-1,1,1,45.0,1,1.0,0,1,0,1099.81896972656,6.0,1,8,5,18311,0,0,1,1,0,0,1.0,0
18375-8-11-1,1,1,69.0,1,1.0,0,0,0,279.083740234375,3.0,3,2,2,18375,0,0,1,1,0,0,1.0,0
18375-68-12-1,1,1,48.0,1,1.0,1,1,0,279.083740234375,3.0,3,2,5,18375,0,0,1,1,0,0,1.0,0
18375-98-11-1,1,1,71.0,1,1.0,0,0,0,279.083740234375,4.0,3,2,4,18375,0,0,1,1,0,0,1.0,0
18375-111-11-1,1,1,32.0,1,1.0,0,1,0,279.083740234375,6.0,3,2,4,18375,0,0,1,1,0,0,1.0,0
18378-10-11-1,1,1,76.0,1,1.0,0,0,0,279.083740234375,3.0,3,2,2,18378,0,0,1,1,0,0,1.0,0
18378-87-11-1,1,2,43.0,1,1.0,0,0,0,279.083740234375,6.0,3,2,3,18378,0,0,1,1,0,0,1.0,0
18378-126-11-1,1,2,46.0,1,1.0,0,0,0,279.083740234375,1.0,3,2,4,18378,0,0,1,1,0,0,1.0,0
18379-28-11-1,1,1,53.0,1,1.0,0,0,0,229.341110229492,5.0,4,2,2,18379,0,0,1,1,0,0,1.0,0
18379-51-11-1,1,1,68.0,1,1.0,0,0,0,229.341110229492,4.0,4,2,4,18379,0,0,1,1,0,0,1.0,0
18379-117-11-1,1,2,44.0,1,1.0,1,0,0,229.341110229492,6.0,4,2,4,18379,0,0,1,1,0,0,1.0,0
18379-140-11-1,1,2,45.0,1,1.0,0,0,0,229.341110229492,7.0,4,2,3,18379,0,0,1,1,0,0,1.0,0
18398-47-11-1,1,2,36.0,1,1.0,0,0,0,229.341110229492,5.0,3,2,2,18398,0,0,1,1,0,0,1.0,0
18440-41-11-1,1,1,52.0,1,1.0,1,0,0,251.759353637695,6.0,5,2,10,18440,0,0,1,1,0,0,1.0,0
18440-61-11-1,1,1,71.0,1,0.0,0,0,0,251.759353637695,4.0,5,2,3,18440,0,0,1,1,0,0,0.0,0
18441-75-11-1,1,2,60.0,1,1.0,0,0,0,273.552429199219,5.0,2,2,3,18441,1,0,1,1,0,1,1.0,1
18441-95-11-1,1,1,53.0,1,1.0,0,0,0,273.552429199219,5.0,2,2,2,18441,0,0,1,1,0,0,1.0,0
18441-135-11-1,1,2,65.0,1,1.0,0,0,0,273.552429199219,3.0,2,2,1,18441,0,0,1,1,0,0,1.0,0
18456-40-11-1,1,1,76.0,1,1.0,0,0,0,64.7667083740234,4.0,2,2,2,18456,0,0,1,1,0,0,1.0,0
18456-68-11-1,1,2,41.0,1,0.0,1,0,0,64.7667083740234,10.0,2,2,4,18456,0,0,1,1,0,0,0.0,0
18456-78-11-1,1,1,66.0,1,0.0,1,1,0,64.7667083740234,10.0,2,2,2,18456,0,0,1,1,0,0,0.0,0
18456-100-11-1,1,2,24.0,1,0.0,1,1,0,64.7667083740234,10.0,2,2,2,18456,1,0,1,1,0,1,0.0,1
18457-17-11-1,1,2,44.0,1,0.0,1,1,0,239.802093505859,10.0,3,2,3,18457,0,0,1,1,0,0,0.0,0
18457-59-11-1,1,2,47.0,1,1.0,0,0,0,239.802093505859,9.0,3,2,6,18457,0,0,1,1,0,0,1.0,0
18457-80-11-1,1,1,44.0,1,0.0,0,0,0,239.802093505859,10.0,3,2,5,18457,1,0,1,1,0,1,0.0,1
18458-23-11-1,1,2,54.0,1,0.0,1,1,0,77.4939498901367,10.0,2,2,2,18458,0,0,1,1,0,0,0.0,0
18459-51-11-1,1,2,67.0,1,1.0,0,0,0,230.29443359375,6.0,5,2,1,18459,0,0,1,1,0,0,1.0,0
18459-114-11-1,1,2,70.0,1,1.0,0,0,0,230.29443359375,6.0,5,2,2,18459,1,1,1,1,0,1,1.0,1
18460-129-11-1,1,2,56.0,1,1.0,0,0,0,229.341110229492,6.0,3,2,3,18460,0,0,1,1,0,0,1.0,0
18461-113-11-1,1,2,55.0,1,1.0,0,0,0,239.802093505859,4.0,2,2,2,18461,0,0,1,1,0,0,1.0,0
18462-114-11-1,1,1,79.0,1,1.0,0,0,0,273.552429199219,3.0,3,2,1,18462,0,0,1,1,0,0,1.0,0
18462-134-11-1,1,1,50.0,1,1.0,1,1,0,273.552429199219,5.0,3,2,4,18462,0,0,1,1,0,0,1.0,0
18462-154-11-1,1,1,45.0,1,0.0,0,0,0,273.552429199219,6.0,3,2,6,18462,0,0,1,1,0,0,0.0,0
18463-10-11-1,1,1,55.0,1,1.0,1,0,0,273.552429199219,6.0,5,2,5,18463,0,0,1,1,0,0,1.0,0
18463-58-11-1,1,1,58.0,1,0.0,1,0,0,273.552429199219,5.0,5,2,4,18463,1,0,1,1,0,1,0.0,1
18463-85-11-1,1,1,78.0,1,1.0,0,0,0,273.552429199219,6.0,5,2,1,18463,0,0,1,1,0,0,1.0,0
18463-100-11-1,1,1,47.0,1,1.0,0,0,0,273.552429199219,6.0,5,2,5,18463,0,0,1,1,0,0,1.0,0
18466-41-11-1,1,2,61.0,1,1.0,1,0,0,279.083740234375,5.0,5,2,2,18466,0,0,1,1,0,0,1.0,0
18467-85-11-1,1,1,44.0,1,0.0,0,0,0,258.527801513672,6.0,2,2,3,18467,0,0,1,1,0,0,0.0,0
18469-28-11-1,1,1,35.0,1,1.0,0,0,0,229.341110229492,10.0,4,2,3,18469,0,0,1,1,0,0,1.0,0
18469-45-11-1,1,1,53.0,1,0.0,1,1,0,229.341110229492,10.0,4,2,5,18469,0,0,1,1,0,0,0.0,0
18469-79-11-1,1,1,61.0,1,1.0,1,1,0,229.341110229492,4.0,4,2,3,18469,0,0,1,1,0,0,1.0,0
18469-95-12-1,1,1,69.0,1,1.0,0,0,0,229.341110229492,3.0,4,2,2,18469,1,0,1,1,0,1,1.0,1
18470-95-11-1,1,1,68.0,1,1.0,1,1,0,81.5782165527344,10.0,2,2,2,18470,0,0,1,1,0,0,1.0,0
18472-106-11-1,1,2,38.0,1,1.0,0,0,0,258.527801513672,5.0,4,2,4,18472,0,0,1,1,0,0,1.0,0
18473-15-11-1,1,1,50.0,1,1.0,0,0,0,230.29443359375,4.0,3,2,4,18473,0,0,1,1,0,0,1.0,0
18473-62-11-1,1,1,44.0,1,1.0,1,1,0,230.29443359375,6.0,3,2,1,18473,0,0,1,1,0,0,1.0,0
18473-86-11-1,1,1,35.0,1,0.0,0,0,0,230.29443359375,6.0,3,2,5,18473,0,0,1,1,0,0,0.0,0
18473-159-11-1,1,2,37.0,1,1.0,1,1,0,230.29443359375,4.0,3,2,3,18473,0,0,1,1,0,0,1.0,0
18475-3-11-1,1,2,40.0,1,1.0,0,0,0,251.759353637695,6.0,5,2,3,18475,0,0,1,1,0,0,1.0,0
18475-56-11-1,1,2,49.0,1,1.0,1,0,0,251.759353637695,6.0,5,2,7,18475,0,0,1,1,0,0,1.0,0
18475-74-11-1,1,1,59.0,1,0.0,0,0,0,251.759353637695,6.0,5,2,3,18475,0,0,1,1,0,0,0.0,0
18475-110-11-1,1,1,64.0,1,1.0,0,0,0,251.759353637695,6.0,5,2,2,18475,0,0,1,1,0,0,1.0,0
18476-12-11-1,1,1,42.0,1,1.0,1,0,0,273.552429199219,8.0,5,2,1,18476,1,0,1,1,0,1,1.0,1
18476-27-11-1,1,1,63.0,1,1.0,0,0,0,273.552429199219,3.0,5,2,11,18476,0,0,1,1,0,0,1.0,0
18476-88-11-1,1,1,57.0,1,0.0,1,0,0,273.552429199219,3.0,5,2,3,18476,0,0,1,1,0,0,0.0,0
18477-20-11-1,1,2,55.0,1,1.0,0,0,0,279.083740234375,6.0,2,2,6,18477,0,0,1,1,0,0,1.0,0
18477-119-11-1,1,2,39.0,1,1.0,1,1,0,279.083740234375,7.0,2,2,4,18477,0,0,1,1,0,0,1.0,0
18477-139-11-1,1,2,47.0,1,1.0,1,0,0,279.083740234375,3.0,2,2,4,18477,0,0,1,1,0,0,1.0,0
18478-4-11-1,1,2,44.0,1,1.0,0,0,0,273.552429199219,3.0,3,2,3,18478,0,0,1,1,0,0,1.0,0
18478-41-11-1,1,1,66.0,1,1.0,0,0,0,273.552429199219,4.0,3,2,3,18478,0,0,1,1,0,0,1.0,0
18479-26-11-1,1,2,60.0,1,1.0,1,1,0,258.527801513672,3.0,2,2,2,18479,0,0,1,1,0,0,1.0,0
18479-33-11-1,1,1,50.0,1,1.0,1,0,0,258.527801513672,6.0,2,2,1,18479,0,0,1,1,0,0,1.0,0
18479-37-11-1,1,1,68.0,1,1.0,1,0,0,258.527801513672,9.0,2,2,1,18479,0,0,1,1,0,0,1.0,0
18480-165-11-1,1,1,63.0,1,1.0,1,1,0,78.3278121948242,6.0,2,2,2,18480,0,0,1,1,0,0,1.0,0
18482-67-11-1,1,1,55.0,1,0.0,1,1,0,230.29443359375,6.0,2,2,4,18482,0,0,1,1,0,0,0.0,0
18482-119-11-1,1,2,47.0,1,0.0,1,1,0,230.29443359375,8.0,2,2,4,18482,0,0,1,1,0,0,0.0,0
18483-39-11-1,1,2,35.0,1,1.0,1,1,0,239.802093505859,7.0,3,2,2,18483,0,0,1,1,0,0,1.0,0
18483-54-11-1,1,2,38.0,1,0.0,0,0,0,239.802093505859,10.0,3,2,2,18483,1,0,1,1,0,1,0.0,1
18483-82-11-1,1,2,56.0,1,0.0,0,0,0,239.802093505859,7.0,3,2,1,18483,1,0,1,1,0,1,0.0,1
18483-96-11-1,1,2,59.0,1,0.0,1,0,0,239.802093505859,8.0,3,2,5,18483,0,0,1,1,0,0,0.0,0
18483-108-11-1,1,2,49.0,1,1.0,0,0,0,239.802093505859,5.0,3,2,9,18483,0,0,1,1,0,0,1.0,0
18485-13-11-1,1,1,54.0,1,0.0,0,0,0,273.552429199219,5.0,4,2,4,18485,0,0,1,1,0,0,0.0,0
18485-26-11-1,1,1,38.0,1,0.0,0,0,0,273.552429199219,6.0,4,2,4,18485,0,0,1,1,0,0,0.0,0
18486-18-22-1,1,1,41.0,1,1.0,0,0,0,242.733139038086,10.0,2,2,3,18486,0,0,1,1,0,0,1.0,0
18486-37-11-1,1,2,60.0,1,0.0,0,0,0,242.733139038086,3.0,2,2,9,18486,0,0,1,1,0,0,0.0,0
18486-93-11-1,1,2,38.0,1,0.0,0,0,0,242.733139038086,10.0,2,2,2,18486,0,0,1,1,0,0,0.0,0
18486-112-11-1,1,1,69.0,1,1.0,0,0,0,242.733139038086,1.0,2,2,2,18486,0,0,1,1,0,0,1.0,0
18486-131-11-1,1,1,53.0,1,1.0,0,0,0,242.733139038086,5.0,2,2,4,18486,0,0,1,1,0,0,1.0,0
18487-16-11-1,1,2,44.0,1,1.0,1,0,0,230.29443359375,4.0,3,2,2,18487,0,0,1,1,0,0,1.0,0
18487-52-11-1,1,1,53.0,1,0.0,1,0,0,230.29443359375,5.0,3,2,4,18487,1,0,1,1,0,1,0.0,1
18487-108-11-1,1,1,65.0,1,1.0,0,0,0,230.29443359375,4.0,3,2,3,18487,1,0,1,1,0,1,1.0,1
18487-126-11-1,1,2,58.0,1,1.0,0,0,0,230.29443359375,6.0,3,2,3,18487,0,0,1,1,0,0,1.0,0
18488-48-11-1,1,2,46.0,1,1.0,0,0,0,229.341110229492,4.0,5,2,3,18488,0,0,1,1,0,0,1.0,0
18489-15-11-1,1,2,77.0,1,1.0,0,0,0,258.527801513672,3.0,5,2,1,18489,0,0,1,1,0,0,1.0,0
18489-109-11-1,1,1,45.0,1,1.0,1,0,0,258.527801513672,6.0,5,2,6,18489,0,0,1,1,0,0,1.0,0
18489-124-11-1,1,2,60.0,1,0.0,1,0,0,258.527801513672,10.0,5,2,2,18489,0,0,1,1,0,0,0.0,0
18490-15-11-1,1,1,52.0,1,1.0,0,0,0,279.083740234375,6.0,3,2,2,18490,0,0,1,1,0,0,1.0,0
18490-24-11-1,1,1,39.0,1,1.0,0,0,0,279.083740234375,5.0,3,2,4,18490,0,0,1,1,0,0,1.0,0
18490-73-11-1,1,1,34.0,1,0.0,0,0,0,279.083740234375,6.0,3,2,4,18490,1,0,1,1,0,1,0.0,1
18491-110-11-1,1,2,64.0,1,1.0,0,0,0,258.527801513672,5.0,2,2,2,18491,0,0,1,1,0,0,1.0,0
18491-132-11-1,1,2,22.0,1,0.0,1,0,0,258.527801513672,7.0,2,2,3,18491,0,0,1,1,0,0,0.0,0
18491-153-11-1,1,2,41.0,1,1.0,1,0,0,258.527801513672,4.0,2,2,4,18491,0,0,1,1,0,0,1.0,0
18507-35-11-1,1,1,76.0,1,0.0,0,0,0,750.430114746094,6.0,5,5,2,18507,0,0,1,1,0,0,0.0,0
18507-49-11-1,1,2,67.0,1,1.0,0,0,0,750.430114746094,3.0,5,5,1,18507,0,0,1,1,0,0,1.0,0
18507-65-11-1,1,1,69.0,1,1.0,0,0,0,750.430114746094,6.0,5,5,7,18507,0,0,1,1,0,0,1.0,0
18507-78-11-1,1,2,65.0,1,0.0,0,0,0,750.430114746094,11.0,5,5,3,18507,0,0,1,1,0,0,0.0,0
18507-103-11-1,1,1,53.0,1,1.0,1,0,0,750.430114746094,6.0,5,5,3,18507,0,0,1,1,0,0,1.0,0
18508-75-11-1,1,2,41.0,1,0.0,0,0,0,91.2478942871094,6.0,5,5,5,18508,0,0,1,1,0,0,0.0,0
18508-97-11-1,1,1,70.0,1,1.0,0,0,0,91.2478942871094,10.0,5,5,1,18508,0,0,1,1,0,0,1.0,0
18508-138-11-1,1,1,41.0,1,0.0,0,0,0,91.2478942871094,8.0,5,5,1,18508,0,0,1,1,0,0,0.0,0
18508-161-12-1,1,1,63.0,1,0.0,0,0,0,91.2478942871094,4.0,5,5,6,18508,0,0,1,1,0,0,0.0,0
18517-18-11-1,1,1,44.0,1,1.0,0,0,0,111.045082092285,5.0,7,2,5,18517,0,0,1,1,0,0,1.0,0
18517-20-11-1,1,1,76.0,1,1.0,0,0,0,111.045082092285,6.0,7,2,4,18517,0,0,1,1,0,0,1.0,0
18517-81-11-1,1,1,58.0,1,1.0,0,0,0,111.045082092285,5.0,7,2,4,18517,0,0,1,1,0,0,1.0,0
18517-83-11-1,1,1,43.0,1,1.0,0,0,0,111.045082092285,4.0,7,2,6,18517,0,0,1,1,0,0,1.0,0
18517-84-11-1,1,2,34.0,1,1.0,1,0,0,111.045082092285,6.0,7,2,3,18517,0,0,1,1,0,0,1.0,0
18519-1-11-1,1,1,71.0,1,1.0,0,0,0,96.3474807739258,6.0,8,2,4,18519,0,0,1,1,0,0,1.0,0
18519-4-11-1,1,1,81.0,1,1.0,0,0,0,96.3474807739258,4.0,8,2,2,18519,0,0,1,1,0,0,1.0,0
18519-15-11-1,1,2,62.0,1,1.0,1,1,0,96.3474807739258,5.0,8,2,4,18519,0,0,1,1,0,0,1.0,0
18519-16-11-1,1,2,39.0,1,1.0,1,1,0,96.3474807739258,5.0,8,2,4,18519,0,0,1,1,0,0,1.0,0
18519-17-11-1,1,1,50.0,1,1.0,0,0,0,96.3474807739258,6.0,8,2,2,18519,0,0,1,1,0,0,1.0,0
18520-9-11-1,1,1,48.0,1,1.0,0,0,0,110.872856140137,6.0,6,2,5,18520,0,0,1,1,0,0,1.0,0
18520-53-11-1,1,1,66.0,1,1.0,0,0,0,110.872856140137,5.0,6,2,2,18520,0,0,1,1,0,0,1.0,0
18521-9-11-1,1,1,50.0,1,1.0,0,0,0,100.032318115234,6.0,7,2,4,18521,0,0,1,1,0,0,1.0,0
18521-166-11-1,1,2,34.0,1,1.0,0,0,0,100.032318115234,6.0,7,2,3,18521,0,0,1,1,0,0,1.0,0
18521-167-11-1,1,2,51.0,1,1.0,0,0,0,100.032318115234,3.0,7,2,3,18521,0,0,1,1,0,0,1.0,0
18522-33-11-1,1,1,46.0,1,1.0,1,0,0,100.032318115234,6.0,7,2,3,18522,1,0,1,1,0,1,1.0,1
18522-34-11-1,1,1,48.0,1,1.0,0,0,0,100.032318115234,8.0,7,2,5,18522,0,0,1,1,0,0,1.0,0
18522-35-11-1,1,1,50.0,1,1.0,1,0,0,100.032318115234,4.0,7,2,3,18522,0,0,1,1,0,0,1.0,0
18522-36-11-1,1,1,90.0,1,1.0,0,0,0,100.032318115234,6.0,7,2,1,18522,0,0,1,1,0,0,1.0,0
18522-101-11-1,1,1,63.0,1,1.0,1,0,0,100.032318115234,6.0,7,2,1,18522,0,0,1,1,0,0,1.0,0
18522-102-11-1,1,2,28.0,1,1.0,1,0,0,100.032318115234,6.0,7,2,2,18522,0,0,1,1,0,0,1.0,0
18522-104-11-1,1,2,50.0,1,1.0,0,0,0,100.032318115234,1.0,7,2,3,18522,0,0,1,1,0,0,1.0,0
18523-42-11-1,1,1,58.0,1,1.0,0,0,0,111.045082092285,5.0,8,2,9,18523,0,0,1,1,0,0,1.0,0
18523-43-11-1,1,1,87.0,1,1.0,0,0,0,111.045082092285,3.0,8,2,2,18523,0,0,1,1,0,0,1.0,0
18523-44-11-1,1,1,64.0,1,1.0,0,0,0,111.045082092285,6.0,8,2,1,18523,0,0,1,1,0,0,1.0,0
18523-87-11-1,1,1,49.0,1,1.0,0,0,0,111.045082092285,6.0,8,2,4,18523,0,0,1,1,0,0,1.0,0
18523-93-11-1,1,1,65.0,1,1.0,0,0,0,111.045082092285,5.0,8,2,2,18523,0,0,1,1,0,0,1.0,0
18523-96-11-1,1,2,51.0,1,1.0,0,0,0,111.045082092285,6.0,8,2,3,18523,0,0,1,1,0,0,1.0,0
18523-97-11-1,1,1,31.0,1,0.0,1,1,0,111.045082092285,9.0,8,2,4,18523,0,0,1,1,0,0,0.0,0
18526-13-11-1,1,2,41.0,1,0.0,1,1,0,100.032318115234,8.0,6,2,3,18526,0,0,1,1,0,0,0.0,0
18526-22-11-1,1,2,40.0,1,1.0,0,0,0,100.032318115234,6.0,6,2,3,18526,0,0,1,1,0,0,1.0,0
18526-37-11-1,1,2,69.0,1,1.0,0,0,0,100.032318115234,5.0,6,2,2,18526,0,0,1,1,0,0,1.0,0
18526-61-11-1,1,2,59.0,1,1.0,0,0,0,100.032318115234,4.0,6,2,1,18526,0,0,1,1,0,0,1.0,0
18526-93-11-1,1,1,82.0,1,1.0,0,0,0,100.032318115234,4.0,6,2,1,18526,0,0,1,1,0,0,1.0,0
18529-45-11-1,1,2,72.0,1,1.0,0,0,0,96.3474807739258,4.0,7,2,1,18529,0,0,1,1,0,0,1.0,0
18529-46-11-1,1,1,73.0,1,1.0,0,0,0,96.3474807739258,3.0,7,2,1,18529,0,0,1,1,0,0,1.0,0
18529-48-11-1,1,1,41.0,1,1.0,0,0,0,96.3474807739258,3.0,7,2,1,18529,0,0,1,1,0,0,1.0,0
18529-114-11-1,1,1,65.0,1,1.0,0,0,0,96.3474807739258,3.0,7,2,3,18529,0,0,1,1,0,0,1.0,0
18529-115-11-1,1,2,48.0,1,1.0,0,0,0,96.3474807739258,8.0,7,2,3,18529,0,0,1,1,0,0,1.0,0
18530-71-11-1,1,2,76.0,1,0.0,0,0,0,110.872856140137,4.0,7,2,1,18530,0,0,1,1,0,0,0.0,0
18530-72-11-1,1,1,79.0,1,1.0,0,0,0,110.872856140137,3.0,7,2,1,18530,0,0,1,1,0,0,1.0,0
18530-202-11-1,1,1,79.0,1,1.0,0,0,0,110.872856140137,4.0,7,2,1,18530,0,0,1,1,0,0,1.0,0
18530-203-11-1,1,1,58.0,1,1.0,0,0,0,110.872856140137,1.0,7,2,5,18530,0,0,1,1,0,0,1.0,0
18530-204-11-1,1,1,62.0,1,1.0,0,0,0,110.872856140137,4.0,7,2,5,18530,0,0,1,1,0,0,1.0,0
18530-205-11-1,1,2,55.0,1,1.0,1,1,0,110.872856140137,6.0,7,2,7,18530,0,0,1,1,0,0,1.0,0
18545-19-11-1,1,1,82.0,1,1.0,0,0,0,127.043327331543,4.0,6,5,1,18545,0,0,1,1,0,0,1.0,0
18545-31-11-1,1,1,42.0,1,1.0,0,0,0,127.043327331543,6.0,6,5,4,18545,1,0,1,1,0,1,1.0,1
18545-37-11-1,1,1,69.0,1,1.0,0,0,0,127.043327331543,6.0,6,5,2,18545,0,0,1,1,0,0,1.0,0
18545-44-11-1,1,1,65.0,1,1.0,0,0,0,127.043327331543,6.0,6,5,2,18545,0,0,1,1,0,0,1.0,0
18545-63-11-1,1,2,82.0,1,1.0,0,0,0,127.043327331543,4.0,6,5,1,18545,0,0,1,1,0,0,1.0,0
18547-7-11-1,1,2,29.0,1,0.0,1,0,0,127.415306091309,8.0,6,5,2,18547,0,0,1,1,0,0,0.0,0
18547-31-11-1,1,1,65.0,1,1.0,0,0,0,127.415306091309,6.0,6,5,2,18547,0,0,1,1,0,0,1.0,0
18547-43-11-1,1,1,68.0,1,1.0,0,0,0,127.415306091309,4.0,6,5,2,18547,0,0,1,1,0,0,1.0,0
18547-66-11-1,1,1,65.0,1,1.0,0,0,0,127.415306091309,4.0,6,5,2,18547,0,0,1,1,0,0,1.0,0
18547-100-11-1,1,1,62.0,1,1.0,1,0,0,127.415306091309,4.0,6,5,1,18547,0,0,1,1,0,0,1.0,0
18550-45-11-1,1,2,64.0,1,1.0,0,0,0,120.713737487793,5.0,7,5,3,18550,0,0,1,1,0,0,1.0,0
18550-75-11-1,1,1,86.0,1,1.0,0,0,0,120.713737487793,4.0,7,5,3,18550,0,0,1,1,0,0,1.0,0
18554-10-11-1,1,2,35.0,1,1.0,0,0,0,127.043327331543,6.0,6,5,3,18554,0,0,1,1,0,0,1.0,0
18554-28-11-1,1,1,55.0,1,1.0,0,0,0,127.043327331543,9.0,6,5,5,18554,0,0,1,1,0,0,1.0,0
18554-43-11-1,1,1,29.0,1,1.0,1,1,0,127.043327331543,8.0,6,5,1,18554,0,0,1,1,0,0,1.0,0
18554-48-11-1,1,1,51.0,1,1.0,0,0,0,127.043327331543,3.0,6,5,2,18554,0,0,1,1,0,0,1.0,0
18554-59-11-1,1,1,67.0,1,1.0,0,0,0,127.043327331543,4.0,6,5,5,18554,0,0,1,1,0,0,1.0,0
18555-3-11-1,1,1,43.0,1,0.0,0,0,0,111.873802185059,6.0,6,5,4,18555,0,0,1,1,0,0,0.0,0
18555-19-11-1,1,2,72.0,1,1.0,0,0,0,111.873802185059,4.0,6,5,2,18555,0,0,1,1,0,0,1.0,0
18555-84-11-1,1,1,83.0,1,1.0,0,0,0,111.873802185059,6.0,6,5,2,18555,0,0,1,1,0,0,1.0,0
18555-95-11-1,1,1,33.0,1,1.0,0,0,0,111.873802185059,6.0,6,5,5,18555,0,0,1,1,0,0,1.0,0
18555-105-11-1,1,1,52.0,1,1.0,0,0,0,111.873802185059,5.0,6,5,2,18555,0,0,1,1,0,0,1.0,0
18556-1-11-1,1,1,60.0,1,1.0,0,0,0,127.043327331543,5.0,8,5,2,18556,0,0,1,1,0,0,1.0,0
18556-2-11-1,1,1,39.0,1,1.0,0,0,0,127.043327331543,6.0,8,5,4,18556,0,0,1,1,0,0,1.0,0
18556-4-11-1,1,1,56.0,1,1.0,0,0,0,127.043327331543,4.0,8,5,2,18556,0,0,1,1,0,0,1.0,0
18556-42-11-1,1,1,44.0,1,1.0,0,0,0,127.043327331543,3.0,8,5,6,18556,0,0,1,1,0,0,1.0,0
18556-43-11-1,1,2,31.0,1,1.0,1,0,0,127.043327331543,3.0,8,5,5,18556,0,0,1,1,0,0,1.0,0
18557-6-11-1,1,1,51.0,1,1.0,0,0,0,111.873802185059,5.0,6,5,3,18557,0,0,1,1,0,0,1.0,0
18557-22-11-1,1,1,65.0,1,1.0,0,0,0,111.873802185059,4.0,6,5,3,18557,0,0,1,1,0,0,1.0,0
18557-30-11-1,1,1,42.0,1,1.0,0,0,0,111.873802185059,5.0,6,5,2,18557,0,0,1,1,0,0,1.0,0
18557-46-11-1,1,2,86.0,1,1.0,0,0,0,111.873802185059,1.0,6,5,1,18557,0,0,1,1,0,0,1.0,0
18557-70-11-1,1,2,75.0,1,1.0,0,0,0,111.873802185059,4.0,6,5,1,18557,0,0,1,1,0,0,1.0,0
18557-78-11-1,1,1,74.0,1,0.0,0,0,0,111.873802185059,4.0,6,5,2,18557,0,0,1,1,0,0,0.0,0
18558-61-11-1,1,1,68.0,1,1.0,1,0,0,120.713737487793,4.0,7,5,1,18558,0,0,1,1,0,0,1.0,0
18558-64-11-1,1,2,37.0,1,1.0,0,0,0,120.713737487793,6.0,7,5,4,18558,0,0,1,1,0,0,1.0,0
18558-163-11-1,1,1,38.0,1,1.0,1,0,0,120.713737487793,6.0,7,5,4,18558,0,0,1,1,0,0,1.0,0
18558-164-11-1,1,1,38.0,1,1.0,1,0,0,120.713737487793,4.0,7,5,5,18558,0,0,1,1,0,0,1.0,0
18558-166-11-1,1,1,48.0,1,1.0,1,0,0,120.713737487793,5.0,7,5,7,18558,0,0,1,1,0,0,1.0,0
18558-167-11-1,1,1,52.0,1,1.0,0,0,0,120.713737487793,4.0,7,5,4,18558,0,0,1,1,0,0,1.0,0
18559-16-11-1,1,2,31.0,1,1.0,1,0,0,120.713737487793,5.0,6,5,3,18559,0,0,1,1,0,0,1.0,0
18559-26-11-1,1,2,30.0,1,1.0,0,0,0,120.713737487793,6.0,6,5,5,18559,0,0,1,1,0,0,1.0,0
18559-35-11-1,1,2,43.0,1,1.0,1,1,0,120.713737487793,5.0,6,5,5,18559,0,0,1,1,0,0,1.0,0
18559-70-11-1,1,1,58.0,1,1.0,0,0,0,120.713737487793,6.0,6,5,3,18559,0,0,1,1,0,0,1.0,0
18559-79-11-1,1,1,70.0,1,1.0,0,0,0,120.713737487793,5.0,6,5,3,18559,0,0,1,1,0,0,1.0,0
18559-97-11-1,1,1,87.0,1,1.0,0,0,0,120.713737487793,4.0,6,5,2,18559,0,0,1,1,0,0,1.0,0
18559-106-11-1,1,1,79.0,1,1.0,0,0,0,120.713737487793,4.0,6,5,2,18559,0,0,1,1,0,0,1.0,0
18561-17-11-1,1,1,54.0,1,1.0,0,0,0,120.713737487793,5.0,8,5,1,18561,0,0,1,1,0,0,1.0,0
18561-34-11-1,1,1,42.0,1,1.0,0,0,0,120.713737487793,6.0,8,5,3,18561,0,0,1,1,0,0,1.0,0
18626-10-11-1,1,1,59.0,1,1.0,0,0,0,2.0168514251709,9.0,2,7,1,18626,0,1,1,1,0,0,1.0,0
18629-115-11-1,1,1,60.0,1,0.0,0,0,0,216.212554931641,3.0,2,7,2,18629,0,0,1,1,0,0,0.0,0
18629-154-11-1,1,2,56.0,1,0.0,0,0,0,216.212554931641,6.0,2,7,3,18629,0,0,1,1,0,0,0.0,0
18631-5-11-1,1,1,33.0,1,1.0,0,0,0,368.891326904297,5.0,2,7,2,18631,0,0,1,1,0,0,1.0,0
18631-104-11-1,1,2,58.0,1,1.0,0,0,0,368.891326904297,6.0,2,7,4,18631,0,0,1,1,0,0,1.0,0
18632-2-11-1,1,1,40.0,1,1.0,0,0,0,336.464050292969,5.0,2,7,3,18632,0,0,1,1,0,0,1.0,0
18632-44-11-1,1,1,20.0,1,1.0,1,0,0,336.464050292969,6.0,2,7,2,18632,0,0,1,1,0,0,1.0,0
18633-79-11-1,1,2,49.0,1,1.0,0,0,0,248.533477783203,6.0,2,7,9,18633,0,0,1,1,0,0,1.0,0
18634-44-11-1,1,1,75.0,1,0.0,0,0,0,248.533477783203,6.0,2,7,6,18634,0,0,1,1,0,0,0.0,0
18634-154-11-1,1,2,37.0,1,1.0,1,1,0,248.533477783203,8.0,2,7,6,18634,0,0,1,1,0,0,1.0,0
18637-16-11-1,1,2,32.0,1,1.0,0,0,0,252.348052978516,6.0,2,7,4,18637,1,0,1,1,0,1,1.0,1
18637-79-11-1,1,2,51.0,1,1.0,0,0,0,252.348052978516,3.0,2,7,2,18637,0,0,1,1,0,0,1.0,0
18637-100-11-1,1,2,51.0,1,0.0,1,1,0,252.348052978516,11.0,2,7,4,18637,0,0,1,1,0,0,0.0,0
18637-122-11-1,1,1,62.0,1,1.0,0,0,0,252.348052978516,3.0,2,7,6,18637,0,0,1,1,0,0,1.0,0
18638-4-11-1,1,1,51.0,1,1.0,0,0,0,319.969940185547,6.0,2,7,2,18638,0,0,1,1,0,0,1.0,0
18638-67-11-1,1,1,66.0,1,1.0,0,0,0,319.969940185547,4.0,2,7,8,18638,0,0,1,1,0,0,1.0,0
18639-134-11-1,1,2,34.0,1,0.0,0,0,0,310.821502685547,4.0,2,7,7,18639,0,0,1,1,0,0,0.0,0
18640-5-11-1,1,1,45.0,1,1.0,0,0,0,319.969940185547,4.0,2,7,5,18640,0,1,1,1,0,0,1.0,0
18640-59-11-1,1,1,68.0,1,1.0,0,0,0,319.969940185547,6.0,2,7,4,18640,0,0,1,1,0,0,1.0,0
18641-19-11-1,1,2,62.0,1,0.0,1,1,0,2.0168514251709,9.0,2,7,3,18641,1,0,1,1,0,1,0.0,1
18641-42-11-1,1,1,78.0,1,0.0,0,0,0,2.0168514251709,6.0,2,7,2,18641,0,0,1,1,0,0,0.0,0
18641-65-11-1,1,2,72.0,1,1.0,0,0,0,2.0168514251709,7.0,2,7,4,18641,0,0,1,1,0,0,1.0,0
18642-50-11-1,1,1,44.0,1,0.0,0,0,0,1.84358322620392,8.0,2,7,7,18642,0,0,1,1,0,0,0.0,0
18643-79-11-1,1,1,48.0,1,1.0,0,0,0,276.668487548828,6.0,2,7,4,18643,0,0,1,1,0,0,1.0,0
18643-127-11-1,1,1,52.0,1,0.0,0,0,0,276.668487548828,7.0,2,7,2,18643,0,0,1,1,0,0,0.0,0
18644-20-11-1,1,1,51.0,1,1.0,1,0,0,1.47723639011383,5.0,2,7,4,18644,0,0,1,1,0,0,1.0,0
18644-97-11-1,1,1,55.0,1,1.0,0,0,0,1.47723639011383,5.0,2,7,4,18644,0,0,1,1,0,0,1.0,0
18645-51-11-1,1,1,69.0,1,1.0,0,0,0,239.977447509766,3.0,2,7,6,18645,0,0,1,1,0,0,1.0,0
18645-64-11-1,1,2,46.0,1,1.0,0,0,0,239.977447509766,5.0,2,7,8,18645,0,0,1,1,0,0,1.0,0
18645-76-11-1,1,1,50.0,1,1.0,1,0,0,239.977447509766,6.0,2,7,4,18645,0,1,1,1,0,0,1.0,0
18647-8-11-1,1,1,31.0,1,0.0,0,0,0,288.283416748047,6.0,2,7,7,18647,0,1,1,1,0,0,0.0,0
18647-45-11-1,1,2,65.0,1,1.0,0,0,0,288.283416748047,3.0,2,7,6,18647,0,0,1,1,0,0,1.0,0
18647-101-11-1,1,2,72.0,1,1.0,0,0,0,288.283416748047,3.0,2,7,11,18647,0,0,1,1,0,0,1.0,0
18648-66-11-1,1,1,40.0,1,1.0,0,0,0,310.821502685547,6.0,2,7,4,18648,0,1,1,1,0,0,1.0,0
18648-99-11-1,1,1,42.0,1,0.0,1,1,0,310.821502685547,8.0,2,7,5,18648,0,0,1,1,0,0,0.0,0
18682-56-11-1,1,1,54.0,1,1.0,0,0,0,336.464050292969,3.0,3,7,5,18682,0,0,1,1,0,0,1.0,0
18682-71-11-1,1,1,66.0,1,0.0,0,0,0,336.464050292969,5.0,3,7,2,18682,0,0,1,1,0,0,0.0,0
18686-6-11-1,1,1,40.0,1,1.0,0,0,0,319.969940185547,6.0,4,7,5,18686,0,0,1,1,0,0,1.0,0
18686-25-11-1,1,1,60.0,1,0.0,0,0,0,319.969940185547,10.0,4,7,3,18686,1,1,1,1,0,1,0.0,1
18686-45-11-1,1,2,45.0,1,1.0,0,0,0,319.969940185547,6.0,4,7,5,18686,0,0,1,1,0,0,1.0,0
18686-63-11-1,1,1,44.0,1,1.0,0,0,0,319.969940185547,6.0,4,7,6,18686,0,0,1,1,0,0,1.0,0
18686-83-11-1,1,1,48.0,1,1.0,0,0,0,319.969940185547,5.0,4,7,6,18686,0,1,1,1,0,0,1.0,0
18686-141-11-1,1,1,41.0,1,1.0,0,0,0,319.969940185547,6.0,4,7,5,18686,0,1,1,1,0,0,1.0,0
18694-18-11-1,1,2,44.0,1,0.0,0,0,0,288.283416748047,8.0,5,7,5,18694,0,0,1,1,0,0,0.0,0
18694-76-11-1,1,1,51.0,1,1.0,0,0,0,288.283416748047,5.0,5,7,5,18694,0,0,1,1,0,0,1.0,0
18695-25-11-1,1,1,58.0,1,1.0,0,0,0,2.58999967575073,8.0,3,7,2,18695,0,0,1,1,0,0,1.0,0
18695-78-11-1,1,1,44.0,1,1.0,0,0,0,2.58999967575073,6.0,3,7,6,18695,0,0,1,1,0,0,1.0,0
18695-91-11-1,1,1,58.0,1,0.0,1,0,0,2.58999967575073,8.0,3,7,3,18695,0,0,1,1,0,0,0.0,0
18696-66-11-1,1,2,60.0,1,1.0,0,0,0,352.194152832031,4.0,5,7,4,18696,0,1,1,1,0,0,1.0,0
18697-50-11-1,1,1,44.0,1,1.0,0,0,0,310.821502685547,5.0,4,7,7,18697,0,0,1,1,0,0,1.0,0
18697-67-11-1,1,1,39.0,1,1.0,0,0,0,310.821502685547,6.0,4,7,6,18697,0,0,1,1,0,0,1.0,0
18697-85-11-1,1,1,90.0,1,1.0,0,0,0,310.821502685547,4.0,4,7,2,18697,0,0,1,1,0,0,1.0,0
18698-43-11-1,1,1,53.0,1,0.0,0,0,0,336.464050292969,8.0,5,7,3,18698,0,0,1,1,0,0,0.0,0
18698-58-11-1,1,1,46.0,1,1.0,0,0,0,336.464050292969,4.0,5,7,4,18698,0,0,1,1,0,0,1.0,0
18698-85-11-1,1,1,46.0,1,0.0,0,0,0,336.464050292969,5.0,5,7,6,18698,0,0,1,1,0,0,0.0,0
18698-112-11-1,1,1,47.0,1,1.0,0,0,0,336.464050292969,4.0,5,7,2,18698,0,0,1,1,0,0,1.0,0
18700-60-11-1,1,1,38.0,1,1.0,0,0,0,336.464050292969,6.0,5,7,4,18700,1,0,1,1,0,1,1.0,1
18702-11-11-1,1,1,61.0,1,1.0,0,0,0,319.969940185547,3.0,5,7,11,18702,0,0,1,1,0,0,1.0,0
18702-99-11-1,1,1,82.0,1,1.0,0,0,0,319.969940185547,3.0,5,7,2,18702,0,0,1,1,0,0,1.0,0
18703-24-11-1,1,2,50.0,1,1.0,0,0,0,332.408843994141,5.0,3,7,4,18703,0,0,1,1,0,0,1.0,0
18703-66-11-1,1,1,51.0,1,1.0,0,0,0,332.408843994141,5.0,3,7,4,18703,0,0,1,1,0,0,1.0,0
18703-87-11-1,1,2,44.0,1,1.0,0,0,0,332.408843994141,4.0,3,7,3,18703,0,0,1,1,0,0,1.0,0
18703-107-11-1,1,2,59.0,1,1.0,0,0,0,332.408843994141,5.0,3,7,8,18703,0,0,1,1,0,0,1.0,0
18703-128-11-1,1,1,60.0,1,0.0,0,0,0,332.408843994141,7.0,3,7,2,18703,0,0,1,1,0,0,0.0,0
18704-16-11-1,1,1,20.0,1,1.0,1,0,0,310.821502685547,7.0,3,7,2,18704,0,0,1,1,0,0,1.0,0
18704-70-11-1,1,2,54.0,1,1.0,0,0,0,310.821502685547,3.0,3,7,12,18704,0,0,1,1,0,0,1.0,0
18704-106-11-1,1,1,31.0,1,1.0,1,0,0,310.821502685547,6.0,3,7,3,18704,0,0,1,1,0,0,1.0,0
18705-10-11-1,1,1,41.0,1,1.0,0,0,0,319.969940185547,3.0,4,7,7,18705,0,1,1,1,0,0,1.0,0
18705-55-11-1,1,1,50.0,1,1.0,0,0,0,319.969940185547,3.0,4,7,5,18705,0,0,1,1,0,0,1.0,0
18707-9-11-1,1,1,33.0,1,1.0,0,0,0,288.283416748047,4.0,5,7,3,18707,0,0,1,1,0,0,1.0,0
18707-23-11-1,1,2,73.0,1,1.0,0,0,0,288.283416748047,1.0,5,7,1,18707,0,0,1,1,0,0,1.0,0
18707-54-11-1,1,1,46.0,1,1.0,0,0,0,288.283416748047,3.0,5,7,7,18707,0,0,1,1,0,0,1.0,0
18707-70-11-1,1,1,29.0,1,1.0,0,0,0,288.283416748047,3.0,5,7,4,18707,0,0,1,1,0,0,1.0,0
18737-144-11-1,1,1,55.0,1,0.0,0,0,0,122.162826538086,9.0,7,7,6,18737,0,0,1,1,0,0,0.0,0
18737-307-11-1,1,2,34.0,1,1.0,0,0,0,122.162826538086,5.0,7,7,5,18737,0,0,1,1,0,0,1.0,0
18737-310-11-1,1,2,47.0,1,1.0,1,0,0,122.162826538086,5.0,7,7,2,18737,0,0,1,1,0,0,1.0,0
18739-18-11-1,1,1,61.0,1,1.0,0,0,0,138.448913574219,5.0,8,7,3,18739,0,0,1,1,0,0,1.0,0
18739-19-11-1,1,1,55.0,1,1.0,1,0,0,138.448913574219,5.0,8,7,1,18739,0,0,1,1,0,0,1.0,0
18739-20-11-1,1,1,33.0,1,1.0,0,0,0,138.448913574219,6.0,8,7,5,18739,0,0,1,1,0,0,1.0,0
18739-69-11-1,1,1,39.0,1,1.0,0,0,0,138.448913574219,3.0,8,7,5,18739,0,0,1,1,0,0,1.0,0
18739-70-11-1,1,1,61.0,1,1.0,0,0,0,138.448913574219,4.0,8,7,2,18739,0,0,1,1,0,0,1.0,0
18739-71-11-1,1,1,41.0,1,1.0,0,0,0,138.448913574219,5.0,8,7,6,18739,0,0,1,1,0,0,1.0,0
18739-72-11-1,1,1,65.0,1,1.0,0,0,0,138.448913574219,6.0,8,7,1,18739,0,0,1,1,0,0,1.0,0
18759-310-11-1,1,1,47.0,1,1.0,0,0,0,140.97265625,4.0,7,7,6,18759,0,0,1,1,0,0,1.0,0
18759-313-11-1,1,1,54.0,1,1.0,0,0,0,140.97265625,5.0,7,7,6,18759,0,0,1,1,0,0,1.0,0
18759-314-11-1,1,1,36.0,1,1.0,0,0,0,140.97265625,5.0,7,7,5,18759,0,0,1,1,0,0,1.0,0
18760-78-11-1,1,2,60.0,1,1.0,0,0,0,140.97265625,3.0,7,7,3,18760,0,1,1,1,0,0,1.0,0
18760-80-11-1,1,1,60.0,1,1.0,0,0,0,140.97265625,3.0,7,7,1,18760,0,0,1,1,0,0,1.0,0
18760-254-11-1,1,1,43.0,1,1.0,0,0,0,140.97265625,4.0,7,7,3,18760,0,0,1,1,0,0,1.0,0
18761-13-11-1,1,1,46.0,1,1.0,0,0,0,146.038772583008,6.0,7,7,7,18761,0,0,1,1,0,0,1.0,0
18761-15-11-1,1,1,36.0,1,1.0,0,0,0,146.038772583008,5.0,7,7,6,18761,0,0,1,1,0,0,1.0,0
18761-16-11-1,1,1,83.0,1,1.0,0,0,0,146.038772583008,3.0,7,7,2,18761,0,0,1,1,0,0,1.0,0
18761-140-11-1,1,1,55.0,1,1.0,0,0,0,146.038772583008,4.0,7,7,2,18761,0,0,1,1,0,0,1.0,0
18761-142-11-1,1,1,47.0,1,1.0,0,0,0,146.038772583008,3.0,7,7,7,18761,0,0,1,1,0,0,1.0,0
18761-143-11-1,1,1,75.0,1,1.0,0,0,0,146.038772583008,4.0,7,7,4,18761,0,0,1,1,0,0,1.0,0
18762-94-11-1,1,1,62.0,1,1.0,0,0,0,122.162826538086,3.0,8,7,2,18762,0,0,1,1,0,0,1.0,0
18762-97-11-1,1,2,29.0,1,1.0,0,0,0,122.162826538086,5.0,8,7,4,18762,0,0,1,1,0,0,1.0,0
18762-99-11-1,1,1,36.0,1,1.0,0,0,0,122.162826538086,5.0,8,7,2,18762,0,0,1,1,0,0,1.0,0
18763-25-11-1,1,2,75.0,1,1.0,0,0,0,146.038772583008,4.0,8,7,2,18763,0,0,1,1,0,0,1.0,0
18763-27-11-1,1,1,42.0,1,1.0,0,0,0,146.038772583008,4.0,8,7,4,18763,0,0,1,1,0,0,1.0,0
18763-28-11-1,1,1,58.0,1,1.0,0,0,0,146.038772583008,4.0,8,7,2,18763,0,0,1,1,0,0,1.0,0
18763-70-11-1,1,1,37.0,1,1.0,0,0,0,146.038772583008,3.0,8,7,6,18763,0,0,1,1,0,0,1.0,0
18763-73-11-1,1,1,40.0,1,1.0,0,0,0,146.038772583008,6.0,8,7,7,18763,0,0,1,1,0,0,1.0,0
18764-33-11-1,1,2,60.0,1,1.0,0,0,0,138.448913574219,5.0,8,7,3,18764,0,0,1,1,0,0,1.0,0
18764-34-11-1,1,1,75.0,1,1.0,0,0,0,138.448913574219,3.0,8,7,11,18764,0,0,1,1,0,0,1.0,0
18764-35-11-1,1,1,59.0,1,1.0,0,0,0,138.448913574219,4.0,8,7,6,18764,0,0,1,1,0,0,1.0,0
18764-36-11-1,1,1,68.0,1,1.0,0,0,0,138.448913574219,3.0,8,7,2,18764,0,0,1,1,0,0,1.0,0
18764-92-11-1,1,1,63.0,1,1.0,0,0,0,138.448913574219,6.0,8,7,6,18764,0,0,1,1,0,0,1.0,0
18764-94-11-1,1,1,60.0,1,1.0,0,0,0,138.448913574219,6.0,8,7,1,18764,0,0,1,1,0,0,1.0,0
18764-96-11-1,1,1,43.0,1,1.0,0,0,0,138.448913574219,3.0,8,7,7,18764,0,0,1,1,0,0,1.0,0
18765-8-11-1,1,1,35.0,1,1.0,0,0,0,138.448913574219,6.0,6,7,5,18765,0,0,1,1,0,0,1.0,0
18765-22-11-1,1,1,54.0,1,0.0,0,0,0,138.448913574219,5.0,6,7,7,18765,0,1,1,1,0,0,0.0,0
18765-36-11-1,1,1,42.0,1,1.0,0,0,0,138.448913574219,4.0,6,7,9,18765,0,0,1,1,0,0,1.0,0
18765-119-11-1,1,1,53.0,1,1.0,0,0,0,138.448913574219,5.0,6,7,4,18765,0,0,1,1,0,0,1.0,0
18766-40-11-1,1,1,75.0,1,1.0,0,0,0,122.162826538086,5.0,7,7,2,18766,0,0,1,1,0,0,1.0,0
18766-132-11-1,1,1,61.0,1,1.0,0,0,0,122.162826538086,4.0,7,7,7,18766,0,0,1,1,0,0,1.0,0
18766-133-11-1,1,1,52.0,1,1.0,0,0,0,122.162826538086,9.0,7,7,2,18766,0,0,1,1,0,0,1.0,0
18766-136-11-1,1,1,44.0,1,1.0,0,0,0,122.162826538086,3.0,7,7,6,18766,0,0,1,1,0,0,1.0,0
18767-97-11-1,1,1,50.0,1,1.0,0,0,0,140.97265625,6.0,7,7,3,18767,0,0,1,1,0,0,1.0,0
18767-98-11-1,1,1,38.0,1,1.0,0,0,0,140.97265625,4.0,7,7,6,18767,0,0,1,1,0,0,1.0,0
18767-99-11-1,1,1,53.0,1,1.0,0,0,0,140.97265625,4.0,7,7,3,18767,0,0,1,1,0,0,1.0,0
18767-100-11-1,1,1,76.0,1,1.0,0,0,0,140.97265625,3.0,7,7,3,18767,0,0,1,1,0,0,1.0,0
18767-194-11-1,1,1,61.0,1,1.0,0,0,0,140.97265625,3.0,7,7,1,18767,0,0,1,1,0,0,1.0,0
18767-195-11-1,1,1,58.0,1,1.0,0,0,0,140.97265625,5.0,7,7,7,18767,0,0,1,1,0,0,1.0,0
18768-37-11-1,1,1,71.0,1,1.0,0,0,0,138.448913574219,3.0,7,7,4,18768,0,0,1,1,0,0,1.0,0
18768-40-11-1,1,2,44.0,1,1.0,0,0,0,138.448913574219,1.0,7,7,3,18768,0,0,1,1,0,0,1.0,0
18768-237-11-1,1,1,63.0,1,1.0,0,0,0,138.448913574219,3.0,7,7,3,18768,0,0,1,1,0,0,1.0,0
18768-238-11-1,1,1,43.0,1,1.0,0,0,0,138.448913574219,8.0,7,7,5,18768,0,0,1,1,0,0,1.0,0
18768-241-11-1,1,1,57.0,1,1.0,0,0,0,138.448913574219,6.0,7,7,3,18768,0,0,1,1,0,0,1.0,0
18769-2-11-1,1,1,70.0,1,1.0,0,0,0,146.038772583008,3.0,8,7,6,18769,0,0,1,1,0,0,1.0,0
18769-4-11-1,1,1,34.0,1,1.0,0,0,0,146.038772583008,5.0,8,7,5,18769,0,0,1,1,0,0,1.0,0
18769-102-11-1,1,1,55.0,1,1.0,0,0,0,146.038772583008,4.0,8,7,6,18769,0,0,1,1,0,0,1.0,0
18769-104-11-1,1,1,42.0,1,1.0,0,0,0,146.038772583008,4.0,8,7,8,18769,0,0,1,1,0,0,1.0,0
18769-105-11-1,1,1,30.0,1,1.0,0,0,0,146.038772583008,6.0,8,7,7,18769,0,0,1,1,0,0,1.0,0
18769-106-11-1,1,1,71.0,1,1.0,0,0,0,146.038772583008,4.0,8,7,2,18769,0,0,1,1,0,0,1.0,0
18772-62-11-1,1,1,49.0,1,1.0,0,0,0,138.448913574219,4.0,7,7,4,18772,0,0,1,1,0,0,1.0,0
18772-64-11-1,1,1,61.0,1,1.0,0,0,0,138.448913574219,6.0,7,7,2,18772,0,0,1,1,0,0,1.0,0
18772-186-11-1,1,1,45.0,1,1.0,0,0,0,138.448913574219,4.0,7,7,9,18772,0,0,1,1,0,0,1.0,0
18772-188-11-1,1,1,50.0,1,1.0,0,0,0,138.448913574219,3.0,7,7,7,18772,0,0,1,1,0,0,1.0,0
18772-190-11-1,1,1,57.0,1,1.0,0,0,0,138.448913574219,3.0,7,7,9,18772,0,0,1,1,0,0,1.0,0
18772-191-11-1,1,1,37.0,1,1.0,0,0,0,138.448913574219,4.0,7,7,7,18772,0,0,1,1,0,0,1.0,0
18772-192-11-1,1,1,47.0,1,1.0,0,0,0,138.448913574219,4.0,7,7,3,18772,0,0,1,1,0,0,1.0,0
18773-77-11-1,1,1,47.0,1,1.0,0,0,0,122.162826538086,1.0,8,7,9,18773,0,0,1,1,0,0,1.0,0
18773-113-11-1,1,1,63.0,1,1.0,0,0,0,122.162826538086,3.0,8,7,3,18773,0,1,1,1,0,0,1.0,0
18773-114-11-1,1,1,32.0,1,1.0,1,0,0,122.162826538086,4.0,8,7,9,18773,0,0,1,1,0,0,1.0,0
18774-17-11-1,1,1,44.0,1,1.0,0,0,0,146.038772583008,4.0,8,7,5,18774,0,0,1,1,0,0,1.0,0
18774-18-11-1,1,1,42.0,1,1.0,0,0,0,146.038772583008,6.0,8,7,5,18774,0,0,1,1,0,0,1.0,0
18774-19-11-1,1,1,65.0,1,1.0,0,0,0,146.038772583008,5.0,8,7,3,18774,0,0,1,1,0,0,1.0,0
18774-20-11-1,1,1,41.0,1,1.0,0,0,0,146.038772583008,6.0,8,7,7,18774,0,0,1,1,0,0,1.0,0
18774-107-11-1,1,1,44.0,1,1.0,0,0,0,146.038772583008,5.0,8,7,7,18774,0,0,1,1,0,0,1.0,0
18774-108-11-1,1,1,56.0,1,1.0,0,0,0,146.038772583008,4.0,8,7,3,18774,0,0,1,1,0,0,1.0,0
18775-21-11-1,1,1,75.0,1,1.0,0,0,0,140.97265625,5.0,8,7,3,18775,0,0,1,1,0,0,1.0,0
18775-24-11-1,1,1,44.0,1,1.0,0,0,0,140.97265625,4.0,8,7,4,18775,0,0,1,1,0,0,1.0,0
18775-77-11-1,1,1,33.0,1,1.0,0,0,0,140.97265625,4.0,8,7,4,18775,0,0,1,1,0,0,1.0,0
18775-80-11-1,1,1,52.0,1,1.0,0,0,0,140.97265625,4.0,8,7,4,18775,0,0,1,1,0,0,1.0,0
18816-68-11-1,1,2,50.0,1,1.0,0,0,0,6.33280086517334,6.0,3,7,3,18816,1,1,1,1,0,1,1.0,1
18816-117-11-1,1,2,51.0,1,1.0,0,0,0,6.33280086517334,4.0,3,7,3,18816,0,0,1,1,0,0,1.0,0
18817-30-11-1,1,1,63.0,1,0.0,0,0,0,8.16054725646973,4.0,3,7,6,18817,0,0,1,1,0,0,0.0,0
18817-105-11-1,1,1,52.0,1,0.0,1,1,0,8.16054725646973,11.0,3,7,1,18817,1,0,1,1,0,1,0.0,1
18818-81-11-1,1,1,70.0,1,0.0,0,0,0,6.74129438400269,5.0,3,7,1,18818,0,0,1,1,0,0,0.0,0
18818-159-11-1,1,1,48.0,1,1.0,1,0,0,6.74129438400269,10.0,3,7,1,18818,1,0,1,1,0,1,1.0,1
18819-42-11-1,1,1,61.0,1,0.0,0,0,0,6.84510326385498,4.0,3,7,7,18819,0,0,1,1,0,0,0.0,0
18819-92-11-1,1,1,58.0,1,1.0,0,0,0,6.84510326385498,1.0,3,7,7,18819,0,0,1,1,0,0,1.0,0
18819-109-11-1,1,1,56.0,1,1.0,0,0,0,6.84510326385498,4.0,3,7,2,18819,0,0,1,1,0,0,1.0,0
18821-111-11-1,1,1,39.0,1,1.0,1,1,0,139.874649047852,5.0,3,7,3,18821,0,0,1,1,0,0,1.0,0
18822-33-11-1,1,2,23.0,1,0.0,1,1,0,152.892623901367,7.0,3,7,2,18822,0,0,1,1,0,0,0.0,0
18823-126-11-1,1,1,38.0,1,0.0,1,0,0,134.134735107422,7.0,3,7,5,18823,0,0,1,1,0,0,0.0,0
18824-19-11-1,1,1,34.0,1,1.0,1,1,0,6.33280086517334,9.0,3,7,5,18824,0,0,1,1,0,0,1.0,0
18824-43-11-1,1,2,45.0,1,0.0,1,0,0,6.33280086517334,9.0,3,7,5,18824,0,0,1,1,0,0,0.0,0
18824-88-11-1,1,2,52.0,1,0.0,0,0,0,6.33280086517334,5.0,3,7,5,18824,0,0,1,1,0,0,0.0,0
18825-92-11-1,1,1,47.0,1,1.0,0,0,0,134.134735107422,3.0,3,7,3,18825,0,0,1,1,0,0,1.0,0
18826-30-11-1,1,1,58.0,1,0.0,0,0,0,141.611740112305,3.0,3,7,6,18826,0,0,1,1,0,0,0.0,0
18826-139-11-1,1,1,36.0,1,1.0,0,0,0,141.611740112305,6.0,3,7,4,18826,0,0,1,1,0,0,1.0,0
18827-40-11-1,1,2,48.0,1,0.0,0,0,0,203.856826782227,6.0,3,7,4,18827,0,0,1,1,0,0,0.0,0
18827-53-11-1,1,1,36.0,1,1.0,0,0,0,203.856826782227,6.0,3,7,4,18827,0,0,1,1,0,0,1.0,0
18834-17-11-1,1,1,37.0,1,1.0,0,0,0,188.815643310547,6.0,5,7,4,18834,0,0,1,1,0,0,1.0,0
18834-83-11-1,1,1,42.0,1,1.0,0,0,0,188.815643310547,6.0,5,7,4,18834,0,0,1,1,0,0,1.0,0
18834-108-11-1,1,1,34.0,1,1.0,1,0,0,188.815643310547,6.0,5,7,5,18834,0,0,1,1,0,0,1.0,0
18852-18-11-1,1,1,25.0,1,1.0,0,0,0,178.846298217773,7.0,5,7,3,18852,0,0,1,1,0,0,1.0,0
18853-4-11-1,1,1,71.0,1,1.0,0,0,0,10.8807287216187,10.0,5,7,2,18853,0,0,1,1,0,0,1.0,0
18853-43-11-1,1,1,47.0,1,1.0,0,0,0,10.8807287216187,6.0,5,7,5,18853,0,0,1,1,0,0,1.0,0
18853-63-11-1,1,1,40.0,1,0.0,0,0,0,10.8807287216187,10.0,5,7,4,18853,1,0,1,1,0,1,0.0,1
18853-97-11-1,1,1,37.0,1,0.0,0,0,0,10.8807287216187,10.0,5,7,4,18853,0,0,1,1,0,0,0.0,0
18855-34-11-1,1,1,43.0,1,1.0,0,0,0,186.499542236328,3.0,5,7,5,18855,0,0,1,1,0,0,1.0,0
18855-74-11-1,1,1,33.0,1,0.0,0,0,0,186.499542236328,6.0,5,7,3,18855,0,0,1,1,0,0,0.0,0
18855-93-11-1,1,1,45.0,1,1.0,0,0,0,186.499542236328,5.0,5,7,2,18855,1,0,1,1,0,1,1.0,1
18855-151-11-1,1,1,63.0,1,1.0,0,0,0,186.499542236328,3.0,5,7,2,18855,0,0,1,1,0,0,1.0,0
18857-35-11-1,1,1,47.0,1,1.0,0,0,0,8.44373416900635,4.0,5,7,4,18857,0,0,1,1,0,0,1.0,0
18857-64-11-1,1,2,57.0,1,0.0,0,0,0,8.44373416900635,6.0,5,7,2,18857,0,0,1,1,0,0,0.0,0
18857-78-11-1,1,1,71.0,1,0.0,0,0,0,8.44373416900635,6.0,5,7,3,18857,1,0,1,1,0,1,0.0,1
18858-50-11-1,1,2,56.0,1,1.0,0,0,0,188.815643310547,6.0,5,7,1,18858,0,0,1,1,0,0,1.0,0
18858-63-11-1,1,2,30.0,1,1.0,0,0,0,188.815643310547,6.0,5,7,5,18858,1,0,1,1,0,1,1.0,1
18858-77-11-1,1,1,53.0,1,1.0,1,0,0,188.815643310547,4.0,5,7,3,18858,0,0,1,1,0,0,1.0,0
18858-92-11-1,1,2,37.0,1,1.0,0,0,0,188.815643310547,5.0,5,7,8,18858,0,0,1,1,0,0,1.0,0
18866-55-11-1,1,2,34.0,1,0.0,1,1,0,25.9930801391602,8.0,7,7,3,18866,1,0,1,1,0,1,0.0,1
18866-169-11-1,1,1,30.0,1,1.0,0,0,0,25.9930801391602,6.0,7,7,3,18866,0,0,1,1,0,0,1.0,0
18866-172-11-1,1,2,29.0,1,1.0,0,0,0,25.9930801391602,6.0,7,7,7,18866,0,0,1,1,0,0,1.0,0
18866-179-11-1,1,2,55.0,1,1.0,0,0,0,25.9930801391602,4.0,7,7,2,18866,1,0,1,1,0,1,1.0,1
18866-182-11-1,1,1,37.0,1,1.0,0,0,0,25.9930801391602,6.0,7,7,6,18866,0,0,1,1,0,0,1.0,0
18876-67-11-1,1,2,28.0,1,1.0,1,0,0,37.8531341552734,9.0,6,7,3,18876,0,0,1,1,0,0,1.0,0
18876-105-11-1,1,1,78.0,1,1.0,0,0,0,37.8531341552734,6.0,6,7,1,18876,0,0,1,1,0,0,1.0,0
18878-13-11-1,1,2,38.0,1,1.0,1,0,0,30.5452194213867,6.0,7,7,6,18878,0,0,1,1,0,0,1.0,0
18878-16-11-1,1,1,30.0,1,1.0,0,0,0,30.5452194213867,9.0,7,7,4,18878,1,0,1,1,0,1,1.0,1
18878-76-11-1,1,2,82.0,1,1.0,0,0,0,30.5452194213867,1.0,7,7,2,18878,0,0,1,1,0,0,1.0,0
18878-82-11-1,1,1,61.0,1,1.0,0,0,0,30.5452194213867,4.0,7,7,5,18878,1,0,1,1,0,1,1.0,1
18879-29-11-1,1,1,53.0,1,1.0,0,0,0,30.7856330871582,4.0,8,7,4,18879,0,0,1,1,0,0,1.0,0
18879-67-11-1,1,1,63.0,1,1.0,0,0,0,30.7856330871582,5.0,8,7,1,18879,0,0,1,1,0,0,1.0,0
18880-59-11-1,1,1,39.0,1,1.0,0,0,0,30.5452194213867,6.0,6,7,5,18880,0,0,1,1,0,0,1.0,0
18880-80-11-1,1,1,66.0,1,1.0,0,0,0,30.5452194213867,8.0,6,7,2,18880,0,0,1,1,0,0,1.0,0
18880-89-11-1,1,1,45.0,1,1.0,0,0,0,30.5452194213867,6.0,6,7,6,18880,0,0,1,1,0,0,1.0,0
18880-91-11-1,1,2,56.0,1,1.0,0,0,0,30.5452194213867,1.0,6,7,2,18880,0,0,1,1,0,0,1.0,0
18913-82-11-1,1,1,48.0,1,0.0,1,0,0,9.56130599975586,6.0,3,3,4,18913,0,0,1,1,0,0,0.0,0
18924-40-11-1,1,1,59.0,1,0.0,1,1,0,159.888946533203,8.0,3,3,1,18924,0,0,1,1,0,0,0.0,0
18924-127-11-1,1,2,64.0,1,1.0,0,0,0,159.888946533203,3.0,3,3,4,18924,0,0,1,1,0,0,1.0,0
18924-142-11-1,1,2,64.0,1,0.0,0,0,0,159.888946533203,8.0,3,3,1,18924,1,0,1,1,0,1,0.0,1
18925-20-11-1,1,2,55.0,1,1.0,0,0,0,48.0916862487793,6.0,3,3,2,18925,0,0,1,1,0,0,1.0,0
18926-19-11-1,1,1,49.0,1,0.0,0,0,0,70.3078994750977,6.0,3,3,8,18926,0,0,1,1,0,0,0.0,0
18926-51-11-1,1,1,30.0,1,0.0,1,1,0,70.3078994750977,9.0,3,3,1,18926,0,1,1,1,0,0,0.0,0
18926-116-11-1,1,1,60.0,1,0.0,0,0,0,70.3078994750977,6.0,3,3,4,18926,0,0,1,1,0,0,0.0,0
18926-132-11-1,1,2,43.0,1,1.0,0,0,0,70.3078994750977,5.0,3,3,5,18926,1,0,1,1,0,1,1.0,1
18927-8-11-1,1,2,35.0,1,1.0,1,1,0,75.6163787841797,5.0,3,3,5,18927,0,0,1,1,0,0,1.0,0
18929-24-11-1,1,2,57.0,1,1.0,1,0,0,44.5170021057129,4.0,3,3,3,18929,0,0,1,1,0,0,1.0,0
18930-53-11-1,1,2,52.0,1,1.0,0,0,0,75.6163787841797,6.0,3,3,4,18930,0,0,1,1,0,0,1.0,0
18930-81-11-1,1,2,51.0,1,1.0,0,0,0,75.6163787841797,5.0,3,3,1,18930,0,0,1,1,0,0,1.0,0
18932-3-11-1,1,1,39.0,1,1.0,0,0,0,77.1939468383789,6.0,3,3,4,18932,0,0,1,1,0,0,1.0,0
18932-51-11-1,1,2,40.0,1,0.0,1,1,0,77.1939468383789,7.0,3,3,3,18932,1,0,1,1,0,1,0.0,1
18932-86-11-1,1,2,46.0,1,1.0,0,0,0,77.1939468383789,6.0,3,3,3,18932,0,0,1,1,0,0,1.0,0
18932-97-11-1,1,1,71.0,1,1.0,0,0,0,77.1939468383789,3.0,3,3,1,18932,0,0,1,1,0,0,1.0,0
18933-74-11-1,1,2,66.0,1,1.0,0,0,0,36.0687637329102,5.0,3,3,2,18933,1,0,1,1,0,1,1.0,1
18933-105-11-1,1,1,49.0,1,1.0,1,1,0,36.0687637329102,11.0,3,3,2,18933,0,0,1,1,0,0,1.0,0
18934-43-11-1,1,2,41.0,1,1.0,0,0,0,79.1032638549805,6.0,3,3,3,18934,0,0,1,1,0,0,1.0,0
18934-85-11-1,1,1,66.0,1,1.0,0,0,0,79.1032638549805,6.0,3,3,1,18934,0,0,1,1,0,0,1.0,0
18936-26-11-1,1,2,54.0,1,0.0,0,0,0,163.951263427734,8.0,3,3,3,18936,1,0,1,1,0,1,0.0,1
18936-64-11-1,1,1,55.0,1,1.0,0,0,0,163.951263427734,6.0,3,3,8,18936,0,0,1,1,0,0,1.0,0
18936-83-11-1,1,1,33.0,1,0.0,1,1,0,163.951263427734,6.0,3,3,1,18936,1,0,1,1,0,1,0.0,1
18936-119-11-1,1,1,44.0,1,1.0,0,0,0,163.951263427734,6.0,3,3,4,18936,0,0,1,1,0,0,1.0,0
18939-38-11-1,1,1,49.0,1,0.0,1,0,0,46.4304962158203,6.0,3,3,6,18939,0,0,1,1,0,0,0.0,0
18939-168-11-1,1,2,65.0,1,1.0,0,0,0,46.4304962158203,6.0,3,3,5,18939,0,0,1,1,0,0,1.0,0
18958-73-11-1,1,2,51.0,1,1.0,1,1,0,36.7196617126465,9.0,3,3,1,18958,1,0,1,1,0,1,1.0,1
18964-42-11-1,1,1,55.0,1,0.0,0,0,0,10.3246688842773,8.0,3,3,4,18964,0,0,1,1,0,0,0.0,0
18971-114-11-1,1,1,50.0,1,1.0,0,0,0,77.1939468383789,6.0,3,3,5,18971,0,0,1,1,0,0,1.0,0
18987-35-11-1,1,1,42.0,1,0.0,1,1,0,154.616088867188,6.0,3,3,4,18987,0,0,1,1,0,0,0.0,0
18987-64-11-1,1,2,43.0,1,0.0,1,1,0,154.616088867188,6.0,3,3,2,18987,1,0,1,1,0,1,0.0,1
18987-90-11-1,1,1,57.0,1,1.0,1,1,0,154.616088867188,6.0,3,3,3,18987,0,0,1,1,0,0,1.0,0
18988-40-11-1,1,1,58.0,1,0.0,1,1,0,46.4304962158203,6.0,3,3,5,18988,0,0,1,1,0,0,0.0,0
18988-71-11-1,1,1,62.0,1,0.0,0,0,0,46.4304962158203,5.0,3,3,2,18988,1,0,1,1,0,1,0.0,1
18988-86-11-1,1,1,37.0,1,0.0,1,1,0,46.4304962158203,10.0,3,3,2,18988,1,0,1,1,0,1,0.0,1
18988-102-11-1,1,1,55.0,1,0.0,0,0,0,46.4304962158203,5.0,3,3,4,18988,0,0,1,1,0,0,0.0,0
18989-6-11-1,1,1,33.0,1,0.0,1,0,0,70.3078994750977,6.0,5,3,4,18989,0,0,1,1,0,0,0.0,0
18989-49-11-1,1,2,29.0,1,1.0,1,1,0,70.3078994750977,7.0,5,3,2,18989,0,0,1,1,0,0,1.0,0
18990-101-11-1,1,1,42.0,1,0.0,1,1,0,11.4610080718994,6.0,3,3,1,18990,1,0,1,1,0,1,0.0,1
18991-86-11-1,1,1,49.0,1,0.0,1,1,0,52.6860694885254,6.0,3,3,4,18991,0,0,1,1,0,0,0.0,0
18991-140-11-1,1,1,69.0,1,1.0,0,0,0,52.6860694885254,5.0,3,3,4,18991,0,0,1,1,0,0,1.0,0
18992-6-11-1,1,2,58.0,1,0.0,0,0,0,48.0916862487793,5.0,3,3,2,18992,0,0,1,1,0,0,0.0,0
18992-22-11-1,1,2,42.0,1,0.0,1,1,0,48.0916862487793,10.0,3,3,3,18992,0,0,1,1,0,0,0.0,0
18992-72-11-1,1,1,54.0,1,0.0,1,0,0,48.0916862487793,10.0,3,3,1,18992,0,0,1,1,0,0,0.0,0
18993-40-11-1,1,2,45.0,1,1.0,1,1,0,79.1032638549805,5.0,3,3,6,18993,0,0,1,1,0,0,1.0,0
18996-137-11-1,1,1,47.0,1,0.0,1,1,0,37.693042755127,8.0,3,3,4,18996,0,0,1,1,0,0,0.0,0
18997-71-11-1,1,1,81.0,1,0.0,0,0,0,44.5170021057129,4.0,3,3,2,18997,0,0,1,1,0,0,0.0,0
18997-90-11-1,1,2,64.0,1,1.0,0,0,0,44.5170021057129,1.0,3,3,1,18997,0,0,1,1,0,0,1.0,0
18999-41-11-1,1,1,69.0,1,1.0,0,0,0,163.951263427734,4.0,3,3,1,18999,0,0,1,1,0,0,1.0,0
18999-73-11-1,1,2,58.0,1,0.0,0,0,0,163.951263427734,8.0,3,3,2,18999,1,0,1,1,0,1,0.0,1
18999-90-11-1,1,2,49.0,1,1.0,1,0,0,163.951263427734,6.0,3,3,3,18999,0,0,1,1,0,0,1.0,0
19000-43-11-1,1,1,52.0,1,1.0,0,0,0,75.6163787841797,6.0,5,3,2,19000,0,0,1,1,0,0,1.0,0
19000-106-11-1,1,1,32.0,1,1.0,1,1,0,75.6163787841797,6.0,5,3,2,19000,0,0,1,1,0,0,1.0,0
19000-119-11-1,1,1,72.0,1,1.0,0,0,0,75.6163787841797,6.0,5,3,1,19000,0,0,1,1,0,0,1.0,0
19011-1-11-1,1,1,57.0,1,1.0,0,0,0,362.890258789063,8.0,5,6,1,19011,0,0,1,1,0,0,1.0,0
19011-48-11-1,1,1,47.0,1,1.0,0,0,0,362.890258789063,6.0,5,6,4,19011,1,0,1,1,0,1,1.0,1
19011-63-11-1,1,1,46.0,1,0.0,0,0,0,362.890258789063,6.0,5,6,4,19011,1,0,1,1,0,1,0.0,1
19015-398-11-1,1,1,58.0,1,1.0,0,0,0,64.7771530151367,6.0,7,3,1,19015,0,0,1,1,0,0,1.0,0
19015-399-11-1,1,1,70.0,1,1.0,0,0,0,64.7771530151367,4.0,7,3,2,19015,0,0,1,1,0,0,1.0,0
19016-13-11-1,1,1,35.0,1,0.0,1,1,0,49.3895874023438,9.0,8,3,2,19016,0,0,1,1,0,0,0.0,0
19016-91-11-1,1,1,64.0,1,1.0,0,0,0,49.3895874023438,6.0,8,3,1,19016,0,0,1,1,0,0,1.0,0
19016-92-11-1,1,2,61.0,1,1.0,0,0,0,49.3895874023438,5.0,8,3,3,19016,0,0,1,1,0,0,1.0,0
19016-93-11-1,1,2,45.0,1,1.0,0,0,0,49.3895874023438,8.0,8,3,2,19016,0,0,1,1,0,0,1.0,0
19036-15-11-1,1,1,70.0,1,1.0,0,0,0,60.3140525817871,5.0,6,6,2,19036,0,0,1,1,0,0,1.0,0
19036-52-11-1,1,1,67.0,1,1.0,0,0,0,60.3140525817871,6.0,6,6,1,19036,0,0,1,1,0,0,1.0,0
19037-344-11-1,1,1,60.0,1,1.0,0,0,0,58.5972557067871,4.0,7,6,3,19037,0,0,1,1,0,0,1.0,0
19037-346-11-1,1,1,64.0,1,1.0,0,0,0,58.5972557067871,3.0,7,6,2,19037,0,0,1,1,0,0,1.0,0
19037-347-11-1,1,1,61.0,1,1.0,0,0,0,58.5972557067871,4.0,7,6,3,19037,0,0,1,1,0,0,1.0,0
19037-349-11-1,1,2,48.0,1,1.0,0,0,0,58.5972557067871,3.0,7,6,1,19037,0,0,1,1,0,0,1.0,0
19040-13-11-1,1,2,74.0,1,1.0,0,0,0,58.1926612854004,1.0,7,6,1,19040,0,0,1,1,0,0,1.0,0
19040-16-11-1,1,2,66.0,1,1.0,0,0,0,58.1926612854004,1.0,7,6,1,19040,0,0,1,1,0,0,1.0,0
19040-262-11-1,1,2,61.0,1,1.0,0,0,0,58.1926612854004,4.0,7,6,2,19040,0,0,1,1,0,0,1.0,0
19040-263-11-1,1,1,46.0,1,0.0,0,0,0,58.1926612854004,5.0,7,6,4,19040,1,0,1,1,0,1,0.0,1
19040-268-11-1,1,1,78.0,1,1.0,0,0,0,58.1926612854004,1.0,7,6,2,19040,0,1,1,1,0,0,1.0,0
19041-9-11-1,1,2,74.0,1,1.0,0,0,0,58.5972557067871,3.0,6,6,1,19041,0,0,1,1,0,0,1.0,0
19041-32-11-1,1,1,70.0,1,1.0,0,0,0,58.5972557067871,5.0,6,6,1,19041,0,0,1,1,0,0,1.0,0
19041-44-11-1,1,2,58.0,1,1.0,1,0,0,58.5972557067871,6.0,6,6,1,19041,0,0,1,1,0,0,1.0,0
19041-78-11-1,1,1,70.0,1,1.0,0,0,0,58.5972557067871,4.0,6,6,1,19041,0,0,1,1,0,0,1.0,0
19041-124-11-1,1,2,87.0,1,1.0,0,0,0,58.5972557067871,8.0,6,6,1,19041,0,0,1,1,0,0,1.0,0
19041-136-11-1,1,1,72.0,1,1.0,0,0,0,58.5972557067871,5.0,6,6,1,19041,0,0,1,1,0,0,1.0,0
19042-1-11-1,1,2,46.0,1,0.0,0,0,0,60.3140525817871,6.0,7,6,3,19042,0,0,1,1,0,0,0.0,0
19042-2-11-1,1,2,63.0,1,1.0,0,0,0,60.3140525817871,4.0,7,6,1,19042,0,0,1,1,0,0,1.0,0
19042-3-11-1,1,1,55.0,1,1.0,0,0,0,60.3140525817871,6.0,7,6,3,19042,1,0,1,1,0,1,1.0,1
19042-142-11-1,1,1,64.0,1,0.0,0,0,0,60.3140525817871,6.0,7,6,5,19042,0,0,1,1,0,0,0.0,0
19042-143-11-1,1,2,76.0,1,1.0,0,0,0,60.3140525817871,3.0,7,6,2,19042,0,0,1,1,0,0,1.0,0
19043-13-11-1,1,1,70.0,1,1.0,0,0,0,58.1926612854004,4.0,8,6,1,19043,0,0,1,1,0,0,1.0,0
19043-45-11-1,1,1,61.0,1,1.0,0,0,0,58.1926612854004,4.0,8,6,1,19043,0,0,1,1,0,0,1.0,0
19043-47-11-1,1,1,47.0,1,1.0,0,0,0,58.1926612854004,3.0,8,6,5,19043,0,0,1,1,0,0,1.0,0
19044-29-11-1,1,1,59.0,1,1.0,0,0,0,58.1926498413086,4.0,6,6,2,19044,0,0,1,1,0,0,1.0,0
19044-37-11-1,1,1,35.0,1,1.0,0,0,0,58.1926498413086,7.0,6,6,4,19044,0,0,1,1,0,0,1.0,0
19044-49-11-1,1,1,59.0,1,1.0,0,0,0,58.1926498413086,5.0,6,6,2,19044,0,0,1,1,0,0,1.0,0
19044-52-11-1,1,2,58.0,1,1.0,0,0,0,58.1926498413086,2.0,6,6,1,19044,0,0,1,1,0,0,1.0,0
19044-71-11-1,1,1,26.0,1,1.0,1,0,0,58.1926498413086,5.0,6,6,3,19044,0,0,1,1,0,0,1.0,0
19045-149-11-1,1,1,64.0,1,1.0,0,0,0,66.9560089111328,4.0,7,6,3,19045,0,0,1,1,0,0,1.0,0
19045-151-11-1,1,1,61.0,1,1.0,0,0,0,66.9560089111328,6.0,7,6,2,19045,1,0,1,1,0,1,1.0,1
19045-152-11-1,1,2,69.0,1,1.0,0,0,0,66.9560089111328,4.0,7,6,2,19045,0,0,1,1,0,0,1.0,0
19045-156-11-1,1,1,61.0,1,1.0,0,0,0,66.9560089111328,5.0,7,6,4,19045,0,0,1,1,0,0,1.0,0
19071-10-11-1,1,1,50.0,1,0.0,1,0,0,11.817195892334,9.0,3,5,3,19071,0,0,1,1,0,0,0.0,0
19071-60-11-1,1,1,34.0,1,0.0,1,0,0,11.817195892334,10.0,3,5,3,19071,0,0,1,1,0,0,0.0,0
19071-127-11-1,1,2,50.0,1,0.0,1,1,0,11.817195892334,8.0,3,5,1,19071,0,0,1,1,0,0,0.0,0
19072-5-11-1,1,1,61.0,1,1.0,0,0,0,10.6803092956543,5.0,3,5,2,19072,0,0,1,1,0,0,1.0,0
19072-21-11-1,1,1,40.0,1,1.0,1,0,0,10.6803092956543,7.0,3,5,6,19072,0,0,1,1,0,0,1.0,0
19072-52-11-1,1,1,53.0,1,1.0,0,0,0,10.6803092956543,6.0,3,5,4,19072,0,0,1,1,0,0,1.0,0
19072-115-11-1,1,1,50.0,1,0.0,1,1,0,10.6803092956543,11.0,3,5,4,19072,1,0,1,1,0,1,0.0,1
19075-14-11-1,1,1,55.0,1,0.0,0,0,0,200.92463684082,6.0,3,5,6,19075,0,0,1,1,0,0,0.0,0
19075-65-11-1,1,2,44.0,1,1.0,0,0,0,200.92463684082,6.0,3,5,2,19075,0,0,1,1,0,0,1.0,0
19075-82-11-1,1,1,50.0,1,1.0,0,0,0,200.92463684082,6.0,3,5,4,19075,1,0,1,1,0,1,1.0,1
19076-7-11-1,1,1,54.0,1,0.0,0,0,0,274.666229248047,6.0,3,5,9,19076,0,0,1,1,0,0,0.0,0
19076-47-11-1,1,1,44.0,1,1.0,0,0,0,274.666229248047,3.0,3,5,4,19076,0,0,1,1,0,0,1.0,0
19076-56-11-1,1,1,44.0,1,0.0,0,0,0,274.666229248047,6.0,3,5,5,19076,0,0,1,1,0,0,0.0,0
19076-66-11-1,1,1,61.0,1,1.0,0,0,0,274.666229248047,5.0,3,5,4,19076,0,0,1,1,0,0,1.0,0
19077-34-11-1,1,1,39.0,1,0.0,1,0,0,25.4850120544434,8.0,3,5,1,19077,0,0,1,1,0,0,0.0,0
19077-75-11-1,1,1,32.0,1,1.0,1,1,0,25.4850120544434,10.0,3,5,1,19077,0,0,1,1,0,0,1.0,0
19079-71-11-1,1,1,49.0,1,0.0,0,0,0,184.501342773438,7.0,3,5,4,19079,0,0,1,1,0,0,0.0,0
19079-111-11-1,1,2,67.0,1,1.0,0,0,0,184.501342773438,4.0,3,5,1,19079,0,0,1,1,0,0,1.0,0
19087-30-11-1,1,1,52.0,1,0.0,1,0,0,267.899505615234,11.0,5,5,2,19087,1,0,1,1,0,1,0.0,1
19087-66-11-1,1,1,53.0,1,0.0,0,0,0,267.899505615234,11.0,5,5,1,19087,0,0,1,1,0,0,0.0,0
19087-84-11-1,1,1,38.0,1,0.0,1,1,0,267.899505615234,6.0,5,5,2,19087,0,0,1,1,0,0,0.0,0
19087-117-11-1,1,2,39.0,1,0.0,0,0,0,267.899505615234,8.0,5,5,3,19087,0,0,1,1,0,0,0.0,0
19103-18-11-1,1,1,67.0,1,0.0,0,0,0,246.001800537109,5.0,5,5,6,19103,0,0,1,1,0,0,0.0,0
19103-41-11-1,1,1,51.0,1,0.0,0,0,0,246.001800537109,6.0,5,5,5,19103,1,0,1,1,0,1,0.0,1
19103-53-11-1,1,1,44.0,1,0.0,1,1,0,246.001800537109,8.0,5,5,4,19103,0,0,1,1,0,0,0.0,0
19103-64-11-1,1,2,39.0,1,1.0,1,1,0,246.001800537109,6.0,5,5,3,19103,0,0,1,1,0,0,1.0,0
19104-6-11-1,1,1,56.0,1,0.0,0,0,0,263.214721679688,10.0,5,5,4,19104,0,0,1,1,0,0,0.0,0
19104-34-11-1,1,1,45.0,1,1.0,0,0,0,263.214721679688,4.0,5,5,8,19104,0,0,1,1,0,0,1.0,0
19104-47-11-1,1,1,76.0,1,1.0,0,0,0,263.214721679688,3.0,5,5,1,19104,0,0,1,1,0,0,1.0,0
19104-61-11-1,1,1,51.0,1,1.0,0,0,0,263.214721679688,6.0,5,5,1,19104,0,0,1,1,0,0,1.0,0
19104-89-11-1,1,2,77.0,1,0.0,0,0,0,263.214721679688,3.0,5,5,1,19104,0,0,1,1,0,0,0.0,0
19105-42-11-1,1,2,53.0,1,0.0,0,0,0,246.001800537109,6.0,5,5,2,19105,0,0,1,1,0,0,0.0,0
19105-49-11-1,1,1,53.0,1,0.0,0,0,0,246.001800537109,10.0,5,5,3,19105,0,0,1,1,0,0,0.0,0
19106-79-11-1,1,1,79.0,1,1.0,0,0,0,263.214721679688,3.0,5,5,2,19106,0,0,1,1,0,0,1.0,0
19106-93-11-1,1,1,73.0,1,1.0,0,0,0,263.214721679688,3.0,5,5,2,19106,0,0,1,1,0,0,1.0,0
19106-116-11-1,1,1,74.0,1,1.0,0,0,0,263.214721679688,4.0,5,5,5,19106,0,0,1,1,0,0,1.0,0
19107-50-11-1,1,1,59.0,1,1.0,0,0,0,246.001800537109,3.0,5,5,3,19107,0,0,1,1,0,0,1.0,0
19127-10-11-1,1,1,57.0,1,1.0,0,0,0,97.9522552490234,3.0,5,7,1,19127,0,0,1,1,0,0,1.0,0
19127-30-11-1,1,1,44.0,1,1.0,0,0,0,97.9522552490234,3.0,5,7,7,19127,0,0,1,1,0,0,1.0,0
19127-56-11-1,1,2,39.0,1,1.0,1,1,0,97.9522552490234,6.0,5,7,4,19127,0,0,1,1,0,0,1.0,0
19127-75-11-1,1,1,78.0,1,1.0,0,0,0,97.9522552490234,1.0,5,7,2,19127,0,0,1,1,0,0,1.0,0
19129-5-11-1,1,1,89.0,1,1.0,0,0,0,97.9522552490234,1.0,5,7,2,19129,0,0,1,1,0,0,1.0,0
19129-22-11-1,1,2,38.0,1,1.0,1,1,0,97.9522552490234,6.0,5,7,4,19129,0,0,1,1,0,0,1.0,0
19129-39-11-1,1,2,64.0,1,1.0,0,0,0,97.9522552490234,4.0,5,7,1,19129,0,0,1,1,0,0,1.0,0
19129-54-11-1,1,2,51.0,1,1.0,1,1,0,97.9522552490234,5.0,5,7,4,19129,0,1,1,1,0,0,1.0,0
19129-105-11-1,1,2,36.0,1,1.0,1,1,0,97.9522552490234,6.0,5,7,4,19129,1,0,1,1,0,1,1.0,1
19130-11-11-1,1,2,37.0,1,0.0,1,1,0,99.2518920898438,9.0,5,7,3,19130,0,0,1,1,0,0,0.0,0
19130-46-11-1,1,2,51.0,1,0.0,0,0,0,99.2518920898438,3.0,5,7,5,19130,0,0,1,1,0,0,0.0,0
19131-9-11-1,1,1,46.0,1,0.0,1,0,0,97.9522552490234,10.0,5,7,3,19131,1,0,1,1,0,1,0.0,1
19131-19-11-1,1,2,59.0,1,1.0,0,0,0,97.9522552490234,3.0,5,7,1,19131,1,0,1,1,0,1,1.0,1
19131-38-11-1,1,1,41.0,1,1.0,0,0,0,97.9522552490234,5.0,5,7,4,19131,0,0,1,1,0,0,1.0,0
19131-47-11-1,1,2,46.0,1,1.0,0,0,0,97.9522552490234,5.0,5,7,4,19131,1,0,1,1,0,1,1.0,1
19131-57-11-1,1,1,50.0,1,1.0,0,0,0,97.9522552490234,4.0,5,7,6,19131,0,0,1,1,0,0,1.0,0
19143-6-11-1,1,1,42.0,1,1.0,0,0,0,85.195182800293,6.0,7,5,6,19143,0,0,1,1,0,0,1.0,0
19143-7-11-1,1,1,48.0,1,1.0,0,0,0,85.195182800293,8.0,7,5,4,19143,0,0,1,1,0,0,1.0,0
19143-8-11-1,1,1,31.0,1,1.0,0,0,0,85.195182800293,6.0,7,5,3,19143,0,0,1,1,0,0,1.0,0
19143-68-11-1,1,1,35.0,1,1.0,0,0,0,85.195182800293,8.0,7,5,4,19143,0,0,1,1,0,0,1.0,0
19143-69-11-1,1,1,31.0,1,1.0,0,0,0,85.195182800293,6.0,7,5,4,19143,0,0,1,1,0,0,1.0,0
19143-70-11-1,1,1,51.0,1,1.0,0,0,0,85.195182800293,5.0,7,5,3,19143,0,0,1,1,0,0,1.0,0
19143-71-11-1,1,2,29.0,1,1.0,1,1,0,85.195182800293,9.0,7,5,3,19143,0,0,1,1,0,0,1.0,0
19151-19-11-1,1,1,50.0,1,1.0,0,0,0,85.195182800293,4.0,6,5,4,19151,0,0,1,1,0,0,1.0,0
19151-26-11-1,1,1,32.0,1,1.0,0,0,0,85.195182800293,6.0,6,5,7,19151,0,0,1,1,0,0,1.0,0
19151-47-11-1,1,1,37.0,1,1.0,1,0,0,85.195182800293,5.0,6,5,6,19151,0,0,1,1,0,0,1.0,0
19151-71-11-1,1,1,79.0,1,1.0,0,0,0,85.195182800293,6.0,6,5,2,19151,0,0,1,1,0,0,1.0,0
19151-93-11-1,1,1,71.0,1,1.0,1,0,0,85.195182800293,5.0,6,5,2,19151,0,0,1,1,0,0,1.0,0
19152-33-11-1,1,1,77.0,1,1.0,0,0,0,85.195182800293,3.0,7,5,2,19152,0,0,1,1,0,0,1.0,0
19152-35-11-1,1,1,73.0,1,1.0,0,0,0,85.195182800293,4.0,7,5,1,19152,0,0,1,1,0,0,1.0,0
19152-36-11-1,1,1,36.0,1,1.0,1,1,0,85.195182800293,8.0,7,5,3,19152,0,0,1,1,0,0,1.0,0
19152-38-11-1,1,2,68.0,1,1.0,0,0,0,85.195182800293,3.0,7,5,2,19152,0,0,1,1,0,0,1.0,0
19152-158-11-1,1,2,44.0,1,1.0,0,0,0,85.195182800293,4.0,7,5,3,19152,0,0,1,1,0,0,1.0,0
19153-9-11-1,1,1,41.0,1,1.0,0,0,0,85.195182800293,4.0,7,5,6,19153,0,0,1,1,0,0,1.0,0
19153-10-11-1,1,1,37.0,1,1.0,1,0,0,85.195182800293,5.0,7,5,4,19153,0,0,1,1,0,0,1.0,0
19153-11-11-1,1,1,63.0,1,1.0,0,0,0,85.195182800293,4.0,7,5,1,19153,0,0,1,1,0,0,1.0,0
19153-12-11-1,1,1,37.0,1,1.0,1,0,0,85.195182800293,4.0,7,5,4,19153,0,0,1,1,0,0,1.0,0
19153-141-11-1,1,1,33.0,1,0.0,1,1,0,85.195182800293,6.0,7,5,1,19153,0,0,1,1,0,0,0.0,0
19153-143-11-1,1,1,60.0,1,1.0,0,0,0,85.195182800293,3.0,7,5,1,19153,0,0,1,1,0,0,1.0,0
19153-149-11-1,1,1,41.0,1,1.0,0,0,0,85.195182800293,3.0,7,5,9,19153,0,0,1,1,0,0,1.0,0
19154-38-11-1,1,1,49.0,1,1.0,0,0,0,89.3568115234375,4.0,8,5,4,19154,0,0,1,1,0,0,1.0,0
19154-39-11-1,1,1,52.0,1,1.0,0,0,0,89.3568115234375,4.0,8,5,3,19154,0,0,1,1,0,0,1.0,0
19154-85-11-1,1,1,78.0,1,1.0,0,0,0,89.3568115234375,3.0,8,5,2,19154,0,0,1,1,0,0,1.0,0
19154-86-11-1,1,1,58.0,1,1.0,0,0,0,89.3568115234375,4.0,8,5,1,19154,0,0,1,1,0,0,1.0,0
19167-21-11-1,1,1,51.0,1,1.0,0,0,0,81.6817626953125,3.0,8,7,7,19167,0,1,1,1,0,0,1.0,0
19167-22-11-1,1,1,45.0,1,1.0,0,0,0,81.6817626953125,6.0,8,7,4,19167,0,0,1,1,0,0,1.0,0
19167-23-11-1,1,1,42.0,1,1.0,0,0,0,81.6817626953125,4.0,8,7,1,19167,0,0,1,1,0,0,1.0,0
19167-24-11-1,1,1,31.0,1,1.0,1,0,0,81.6817626953125,6.0,8,7,3,19167,0,0,1,1,0,0,1.0,0
19167-39-11-1,1,2,44.0,1,1.0,0,0,0,81.6817626953125,6.0,8,7,2,19167,0,0,1,1,0,0,1.0,0
19167-42-11-1,1,2,69.0,1,1.0,0,0,0,81.6817626953125,5.0,8,7,1,19167,0,0,1,1,0,0,1.0,0
19167-44-11-1,1,1,84.0,1,1.0,0,0,0,81.6817626953125,4.0,8,7,1,19167,0,0,1,1,0,0,1.0,0
19174-128-11-1,1,2,34.0,1,1.0,0,0,0,69.2695999145508,6.0,7,7,4,19174,0,0,1,1,0,0,1.0,0
19174-295-11-1,1,1,35.0,1,1.0,0,0,0,69.2695999145508,5.0,7,7,4,19174,0,0,1,1,0,0,1.0,0
19175-9-11-1,1,2,74.0,1,1.0,0,0,0,89.9795684814453,4.0,8,7,2,19175,0,0,1,1,0,0,1.0,0
19175-10-11-1,1,1,52.0,1,1.0,0,0,0,89.9795684814453,5.0,8,7,4,19175,0,0,1,1,0,0,1.0,0
19175-12-11-1,1,1,32.0,1,1.0,0,0,0,89.9795684814453,5.0,8,7,3,19175,0,0,1,1,0,0,1.0,0
19175-56-11-1,1,2,87.0,1,1.0,0,0,0,89.9795684814453,1.0,8,7,3,19175,0,0,1,1,0,0,1.0,0
19175-58-11-1,1,2,70.0,1,1.0,0,0,0,89.9795684814453,1.0,8,7,1,19175,0,0,1,1,0,0,1.0,0
19175-60-11-1,1,2,49.0,1,1.0,0,0,0,89.9795684814453,4.0,8,7,2,19175,0,0,1,1,0,0,1.0,0
19176-102-11-1,1,1,38.0,1,1.0,0,0,0,79.4743881225586,9.0,7,7,4,19176,0,0,1,1,0,0,1.0,0
19176-103-11-1,1,1,37.0,1,1.0,0,0,0,79.4743881225586,5.0,7,7,5,19176,0,0,1,1,0,0,1.0,0
19176-104-11-1,1,1,58.0,1,1.0,0,0,0,79.4743881225586,3.0,7,7,2,19176,0,0,1,1,0,0,1.0,0
19176-214-11-1,1,1,42.0,1,1.0,0,0,0,79.4743881225586,4.0,7,7,6,19176,0,0,1,1,0,0,1.0,0
19176-215-11-1,1,1,40.0,1,1.0,0,0,0,79.4743881225586,6.0,7,7,8,19176,0,0,1,1,0,0,1.0,0
19176-216-11-1,1,1,42.0,1,1.0,0,0,0,79.4743881225586,4.0,7,7,1,19176,0,0,1,1,0,0,1.0,0
19177-53-11-1,1,1,46.0,1,1.0,0,0,0,69.2695999145508,4.0,8,7,8,19177,0,0,1,1,0,0,1.0,0
19177-133-11-1,1,1,28.0,1,1.0,0,0,0,69.2695999145508,6.0,8,7,5,19177,0,0,1,1,0,0,1.0,0
19177-134-11-1,1,1,73.0,1,1.0,0,0,0,69.2695999145508,4.0,8,7,1,19177,0,0,1,1,0,0,1.0,0
19177-139-11-1,1,1,50.0,1,1.0,0,0,0,69.2695999145508,6.0,8,7,5,19177,0,0,1,1,0,0,1.0,0
19178-65-11-1,1,1,56.0,1,0.0,1,1,0,79.4743881225586,8.0,6,7,1,19178,1,0,1,1,0,1,0.0,1
19178-100-11-1,1,1,27.0,1,0.0,1,1,0,79.4743881225586,6.0,6,7,1,19178,1,0,1,1,0,1,0.0,1
19178-118-11-1,1,1,38.0,1,1.0,0,0,0,79.4743881225586,6.0,6,7,4,19178,1,0,1,1,0,1,1.0,1
19179-45-11-1,1,1,47.0,1,1.0,0,0,0,69.2695999145508,1.0,8,7,2,19179,0,0,1,1,0,0,1.0,0
19179-47-11-1,1,1,46.0,1,1.0,0,0,0,69.2695999145508,1.0,8,7,1,19179,0,0,1,1,0,0,1.0,0
19179-109-11-1,1,1,33.0,1,1.0,0,0,0,69.2695999145508,4.0,8,7,4,19179,0,0,1,1,0,0,1.0,0
19179-110-11-1,1,1,34.0,1,0.0,0,0,0,69.2695999145508,4.0,8,7,5,19179,0,0,1,1,0,0,0.0,0
19214-86-11-1,1,1,63.0,1,1.0,0,0,0,132.955825805664,1.0,2,1,2,19214,1,0,1,1,0,1,1.0,1
19225-6-11-1,1,2,53.0,1,0.0,1,0,0,66.4425430297852,11.0,2,1,2,19225,1,0,1,1,0,1,0.0,1
19227-24-11-1,1,1,35.0,1,1.0,1,1,0,134.861068725586,3.0,2,1,5,19227,0,0,1,1,0,0,1.0,0
19228-20-11-1,1,1,68.0,1,0.0,0,0,0,134.861068725586,6.0,2,1,8,19228,0,0,1,1,0,0,0.0,0
19229-16-11-1,1,1,32.0,1,1.0,0,0,0,438.287170410156,8.0,2,1,4,19229,0,0,1,1,0,0,1.0,0
19229-104-11-1,1,1,44.0,1,1.0,0,0,0,438.287170410156,7.0,2,1,5,19229,0,0,1,1,0,0,1.0,0
19230-66-11-1,1,1,34.0,1,0.0,0,0,0,31.4724235534668,10.0,2,1,3,19230,1,0,1,1,0,1,0.0,1
19231-6-11-1,1,1,49.0,1,1.0,0,0,0,309.849792480469,4.0,2,1,2,19231,0,0,1,1,0,0,1.0,0
19231-17-11-1,1,1,57.0,1,0.0,1,1,0,309.849792480469,6.0,2,1,5,19231,0,0,1,1,0,0,0.0,0
19232-74-11-1,1,2,58.0,1,1.0,1,1,0,136.3798828125,8.0,2,1,2,19232,1,0,1,1,0,1,1.0,1
19232-110-11-1,1,2,73.0,1,1.0,0,0,0,136.3798828125,3.0,2,1,1,19232,0,0,1,1,0,0,1.0,0
19233-54-11-1,1,1,54.0,1,1.0,0,0,0,448.992218017578,7.0,2,1,2,19233,0,0,1,1,0,0,1.0,0
19233-66-11-1,1,1,57.0,1,1.0,1,1,0,448.992218017578,8.0,2,1,1,19233,0,0,1,1,0,0,1.0,0
19234-6-11-1,1,1,43.0,1,1.0,1,0,0,443.361114501953,3.0,2,1,4,19234,0,0,1,1,0,0,1.0,0
19234-87-11-1,1,1,45.0,1,1.0,1,0,0,443.361114501953,10.0,2,1,4,19234,0,0,1,1,0,0,1.0,0
19234-100-11-1,1,1,45.0,1,1.0,1,1,0,443.361114501953,4.0,2,1,5,19234,0,0,1,1,0,0,1.0,0
19235-57-11-1,1,2,51.0,1,0.0,1,0,0,130.88557434082,8.0,2,1,3,19235,0,0,1,1,0,0,0.0,0
19238-75-11-1,1,1,51.0,1,1.0,0,0,0,305.072631835938,6.0,2,1,5,19238,0,0,1,1,0,0,1.0,0
19238-91-11-1,1,1,72.0,1,1.0,0,0,0,305.072631835938,5.0,2,1,8,19238,0,0,1,1,0,0,1.0,0
19239-26-11-1,1,2,69.0,1,1.0,0,0,0,450.152923583984,1.0,2,1,6,19239,0,0,1,1,0,0,1.0,0
19239-42-11-1,1,2,34.0,1,1.0,0,0,0,450.152923583984,5.0,2,1,4,19239,0,0,1,1,0,0,1.0,0
19239-108-11-1,1,1,64.0,1,1.0,1,0,0,450.152923583984,4.0,2,1,6,19239,1,0,1,1,0,1,1.0,1
19240-61-11-1,1,2,41.0,1,1.0,0,0,0,461.202239990234,6.0,2,1,3,19240,0,0,1,1,0,0,1.0,0
19240-79-11-1,1,2,46.0,1,1.0,1,1,0,461.202239990234,6.0,2,1,4,19240,0,0,1,1,0,0,1.0,0
19240-114-11-1,1,1,42.0,1,1.0,1,0,0,461.202239990234,5.0,2,1,4,19240,0,0,1,1,0,0,1.0,0
19240-132-11-1,1,1,69.0,1,1.0,1,0,0,461.202239990234,6.0,2,1,3,19240,0,0,1,1,0,0,1.0,0
19313-17-11-1,1,1,33.0,1,0.0,1,1,0,448.992218017578,6.0,4,1,5,19313,0,0,1,1,0,0,0.0,0
19313-87-11-1,1,1,27.0,1,1.0,1,1,0,448.992218017578,7.0,4,1,3,19313,1,0,1,1,0,1,1.0,1
19313-99-11-1,1,1,42.0,1,1.0,1,1,0,448.992218017578,4.0,4,1,6,19313,0,0,1,1,0,0,1.0,0
19319-13-11-1,1,1,50.0,1,0.0,0,0,0,177.274429321289,7.0,2,1,5,19319,0,0,1,1,0,0,0.0,0
19319-63-11-1,1,1,32.0,1,1.0,0,0,0,177.274429321289,6.0,2,1,3,19319,0,0,1,1,0,0,1.0,0
19319-113-11-1,1,1,81.0,1,1.0,0,0,0,177.274429321289,1.0,2,1,4,19319,0,0,1,1,0,0,1.0,0
19339-13-11-1,1,1,62.0,1,0.0,1,0,0,88.5900573730469,6.0,3,1,1,19339,0,0,1,1,0,0,0.0,0
19339-124-11-1,1,1,62.0,1,0.0,0,0,0,88.5900573730469,8.0,3,1,4,19339,1,0,1,1,0,1,0.0,1
19340-65-11-1,1,1,52.0,1,0.0,1,1,0,438.287170410156,6.0,5,1,5,19340,0,0,1,1,0,0,0.0,0
19341-49-11-1,1,1,31.0,1,1.0,1,1,0,181.83984375,6.0,5,1,4,19341,0,0,1,1,0,0,1.0,0
19341-83-11-1,1,2,68.0,1,1.0,0,0,0,181.83984375,6.0,5,1,4,19341,0,0,1,1,0,0,1.0,0
19342-69-12-1,1,1,51.0,1,1.0,0,0,0,179.814758300781,5.0,2,1,5,19342,0,0,1,1,0,0,1.0,0
19342-86-11-1,1,1,59.0,1,0.0,0,0,0,179.814758300781,6.0,2,1,5,19342,0,0,1,1,0,0,0.0,0
19342-103-11-1,1,1,54.0,1,1.0,0,0,0,179.814758300781,6.0,2,1,6,19342,0,0,1,1,0,0,1.0,0
19344-2-11-1,1,1,57.0,1,1.0,0,0,0,420.560729980469,4.0,4,1,4,19344,0,0,1,1,0,0,1.0,0
19344-21-11-1,1,1,48.0,1,1.0,0,0,0,420.560729980469,6.0,4,1,3,19344,0,0,1,1,0,0,1.0,0
19344-87-11-1,1,1,47.0,1,0.0,1,1,0,420.560729980469,6.0,4,1,4,19344,0,0,1,1,0,0,0.0,0
19344-109-11-1,1,2,44.0,1,1.0,0,0,0,420.560729980469,3.0,4,1,5,19344,0,0,1,1,0,0,1.0,0
19344-130-11-1,1,1,39.0,1,1.0,1,1,0,420.560729980469,6.0,4,1,4,19344,0,0,1,1,0,0,1.0,0
19345-22-11-1,1,2,46.0,1,1.0,0,0,0,443.361114501953,6.0,4,1,2,19345,0,0,1,1,0,0,1.0,0
19345-48-11-1,1,1,63.0,1,1.0,1,0,0,443.361114501953,5.0,4,1,3,19345,0,0,1,1,0,0,1.0,0
19345-61-11-1,1,1,57.0,1,1.0,1,0,0,443.361114501953,6.0,4,1,5,19345,0,0,1,1,0,0,1.0,0
19345-73-11-1,1,1,43.0,1,1.0,0,0,0,443.361114501953,6.0,4,1,6,19345,0,0,1,1,0,0,1.0,0
19345-86-11-1,1,1,62.0,1,1.0,0,0,0,443.361114501953,5.0,4,1,2,19345,0,0,1,1,0,0,1.0,0
19346-11-11-1,1,1,41.0,1,1.0,1,1,0,406.763519287109,6.0,4,1,4,19346,0,0,1,1,0,0,1.0,0
19346-23-11-1,1,1,58.0,1,0.0,1,0,0,406.763519287109,10.0,4,1,2,19346,0,0,1,1,0,0,0.0,0
19346-80-11-1,1,2,38.0,1,0.0,1,0,0,406.763519287109,10.0,4,1,2,19346,0,0,1,1,0,0,0.0,0
19347-131-11-1,1,2,51.0,1,1.0,0,0,0,413.133056640625,6.0,3,1,2,19347,0,0,1,1,0,0,1.0,0
19348-18-11-1,1,1,34.0,1,1.0,1,0,0,461.202239990234,6.0,3,1,5,19348,0,0,1,1,0,0,1.0,0
19348-46-11-1,1,1,46.0,1,0.0,0,0,0,461.202239990234,5.0,3,1,4,19348,0,0,1,1,0,0,0.0,0
19348-74-11-1,1,1,40.0,1,0.0,0,0,0,461.202239990234,6.0,3,1,5,19348,0,0,1,1,0,0,0.0,0
19350-67-11-1,1,2,78.0,1,1.0,0,0,0,448.992218017578,1.0,4,1,1,19350,0,0,1,1,0,0,1.0,0
19350-105-11-1,1,2,68.0,1,1.0,0,0,0,448.992218017578,4.0,4,1,4,19350,0,0,1,1,0,0,1.0,0
19350-124-11-1,1,1,44.0,1,1.0,0,0,0,448.992218017578,3.0,4,1,6,19350,0,0,1,1,0,0,1.0,0
19351-10-11-1,1,1,36.0,1,1.0,0,0,0,450.152923583984,5.0,4,1,5,19351,0,0,1,1,0,0,1.0,0
19351-77-11-1,1,2,39.0,1,1.0,0,0,0,450.152923583984,4.0,4,1,2,19351,0,0,1,1,0,0,1.0,0
19351-92-11-1,1,1,48.0,1,1.0,0,0,0,450.152923583984,5.0,4,1,5,19351,0,0,1,1,0,0,1.0,0
19351-109-11-1,1,2,66.0,1,1.0,0,0,0,450.152923583984,3.0,4,1,3,19351,0,0,1,1,0,0,1.0,0
19352-11-11-1,1,2,43.0,1,1.0,1,1,0,181.83984375,6.0,2,1,6,19352,0,0,1,1,0,0,1.0,0
19352-91-11-1,1,1,67.0,1,1.0,0,0,0,181.83984375,4.0,2,1,5,19352,0,0,1,1,0,0,1.0,0
19352-111-11-1,1,1,69.0,1,1.0,0,0,0,181.83984375,9.0,2,1,3,19352,0,0,1,1,0,0,1.0,0
19353-10-11-1,1,1,69.0,1,1.0,0,0,0,413.133056640625,5.0,5,1,4,19353,0,0,1,1,0,0,1.0,0
19353-117-11-1,1,2,65.0,1,1.0,0,0,0,413.133056640625,8.0,5,1,1,19353,0,0,1,1,0,0,1.0,0
19353-138-11-1,1,1,41.0,1,1.0,1,1,0,413.133056640625,5.0,5,1,4,19353,0,0,1,1,0,0,1.0,0
19353-179-11-1,1,2,47.0,1,1.0,1,1,0,413.133056640625,6.0,5,1,5,19353,1,0,1,1,0,1,1.0,1
19356-20-11-1,1,1,29.0,1,1.0,0,0,0,450.152923583984,3.0,4,1,5,19356,0,0,1,1,0,0,1.0,0
19356-43-11-1,1,1,50.0,1,1.0,0,0,0,450.152923583984,6.0,4,1,4,19356,0,0,1,1,0,0,1.0,0
19356-63-11-1,1,1,39.0,1,1.0,1,0,0,450.152923583984,6.0,4,1,4,19356,1,0,1,1,0,1,1.0,1
19356-86-11-1,1,1,62.0,1,1.0,0,0,0,450.152923583984,4.0,4,1,2,19356,0,0,1,1,0,0,1.0,0
19356-130-11-1,1,2,34.0,1,1.0,1,1,0,450.152923583984,8.0,4,1,1,19356,1,0,1,1,0,1,1.0,1
19356-152-11-1,1,1,58.0,1,1.0,0,0,0,450.152923583984,6.0,4,1,2,19356,0,0,1,1,0,0,1.0,0
19357-26-11-1,1,1,35.0,1,1.0,0,0,0,443.361114501953,6.0,3,1,5,19357,0,0,1,1,0,0,1.0,0
19357-89-11-1,1,1,39.0,1,1.0,0,0,0,443.361114501953,8.0,3,1,4,19357,0,0,1,1,0,0,1.0,0
19357-109-11-1,1,2,23.0,1,0.0,1,1,0,443.361114501953,7.0,3,1,1,19357,0,0,1,1,0,0,0.0,0
19358-122-11-1,1,1,40.0,1,0.0,0,0,0,461.202239990234,6.0,3,1,4,19358,0,0,1,1,0,0,0.0,0
19358-147-12-1,1,1,67.0,1,1.0,0,0,0,461.202239990234,3.0,3,1,5,19358,0,0,1,1,0,0,1.0,0
19358-147-22-1,1,1,39.0,1,0.0,0,0,0,461.202239990234,3.0,3,1,4,19358,0,0,1,1,0,0,0.0,0
19359-54-11-1,1,1,61.0,1,1.0,0,0,0,413.133056640625,6.0,5,1,4,19359,0,0,1,1,0,0,1.0,0
19361-14-11-1,1,1,56.0,1,1.0,0,0,0,448.992218017578,4.0,5,1,3,19361,0,0,1,1,0,0,1.0,0
19361-38-11-1,1,2,30.0,1,1.0,1,1,0,448.992218017578,6.0,5,1,2,19361,1,0,1,1,0,1,1.0,1
19361-62-11-1,1,1,61.0,1,0.0,0,0,0,448.992218017578,3.0,5,1,3,19361,0,0,1,1,0,0,0.0,0
19361-74-11-1,1,2,49.0,1,1.0,0,0,0,448.992218017578,4.0,5,1,4,19361,0,0,1,1,0,0,1.0,0
19362-10-11-1,1,1,69.0,1,1.0,0,0,0,461.202239990234,3.0,4,1,3,19362,0,0,1,1,0,0,1.0,0
19362-24-11-1,1,2,53.0,1,1.0,0,0,0,461.202239990234,3.0,4,1,1,19362,0,0,1,1,0,0,1.0,0
19362-38-11-1,1,1,71.0,1,1.0,0,0,0,461.202239990234,3.0,4,1,3,19362,0,0,1,1,0,0,1.0,0
19362-79-11-1,1,1,30.0,1,0.0,0,0,0,461.202239990234,5.0,4,1,3,19362,1,0,1,1,0,1,0.0,1
19362-93-11-1,1,1,55.0,1,0.0,0,0,0,461.202239990234,3.0,4,1,3,19362,0,0,1,1,0,0,0.0,0
19363-10-11-1,1,1,64.0,1,1.0,0,0,0,443.361114501953,5.0,5,1,8,19363,0,0,1,1,0,0,1.0,0
19363-26-11-1,1,1,44.0,1,1.0,0,0,0,443.361114501953,3.0,5,1,4,19363,0,0,1,1,0,0,1.0,0
19363-59-11-1,1,1,64.0,1,0.0,0,0,0,443.361114501953,8.0,5,1,4,19363,0,0,1,1,0,0,0.0,0
19364-9-11-1,1,1,53.0,1,1.0,1,1,0,438.287170410156,6.0,3,1,5,19364,1,0,1,1,0,1,1.0,1
19364-127-11-1,1,1,71.0,1,0.0,1,1,0,438.287170410156,5.0,3,1,3,19364,0,0,1,1,0,0,0.0,0
19365-66-11-1,1,1,58.0,1,0.0,1,1,0,179.814758300781,8.0,2,1,5,19365,1,0,1,1,0,1,0.0,1
19365-84-11-1,1,1,63.0,1,0.0,0,0,0,179.814758300781,5.0,2,1,2,19365,0,0,1,1,0,0,0.0,0
19366-145-11-1,1,1,71.0,1,1.0,0,0,0,406.763519287109,6.0,3,1,2,19366,0,0,1,1,0,0,1.0,0
19367-1-11-1,1,1,62.0,1,1.0,0,0,0,461.202239990234,3.0,4,1,5,19367,0,0,1,1,0,0,1.0,0
19367-22-11-1,1,1,58.0,1,1.0,0,0,0,461.202239990234,3.0,4,1,2,19367,0,0,1,1,0,0,1.0,0
19367-63-11-1,1,1,58.0,1,1.0,0,0,0,461.202239990234,6.0,4,1,3,19367,0,0,1,1,0,0,1.0,0
19368-6-11-1,1,2,37.0,1,1.0,0,0,0,443.361114501953,6.0,2,1,2,19368,0,0,1,1,0,0,1.0,0
19368-56-11-1,1,2,77.0,1,1.0,0,0,0,443.361114501953,3.0,2,1,6,19368,0,0,1,1,0,0,1.0,0
19368-90-11-1,1,1,25.0,1,1.0,1,1,0,443.361114501953,9.0,2,1,1,19368,1,0,1,1,0,1,1.0,1
19368-107-11-1,1,2,81.0,1,1.0,0,0,0,443.361114501953,3.0,2,1,1,19368,0,0,1,1,0,0,1.0,0
19369-137-11-1,1,1,49.0,1,1.0,0,0,0,450.152923583984,6.0,5,1,3,19369,0,0,1,1,0,0,1.0,0
19370-18-11-1,1,1,39.0,1,0.0,0,0,0,448.992218017578,4.0,5,1,6,19370,1,0,1,1,0,1,0.0,1
19370-40-11-1,1,2,48.0,1,1.0,0,0,0,448.992218017578,1.0,5,1,5,19370,0,0,1,1,0,0,1.0,0
19370-83-11-1,1,1,56.0,1,1.0,0,0,0,448.992218017578,3.0,5,1,1,19370,0,0,1,1,0,0,1.0,0
19370-105-11-1,1,1,50.0,1,0.0,1,0,0,448.992218017578,4.0,5,1,1,19370,0,0,1,1,0,0,0.0,0
19370-127-11-1,1,2,57.0,1,1.0,0,0,0,448.992218017578,3.0,5,1,5,19370,0,0,1,1,0,0,1.0,0
19370-149-11-1,1,1,57.0,1,0.0,0,0,0,448.992218017578,5.0,5,1,4,19370,0,0,1,1,0,0,0.0,0
19371-4-11-1,1,2,47.0,1,1.0,1,1,0,450.152923583984,5.0,3,1,7,19371,0,0,1,1,0,0,1.0,0
19371-21-11-1,1,2,47.0,1,1.0,1,1,0,450.152923583984,4.0,3,1,3,19371,1,0,1,1,0,1,1.0,1
19371-39-11-1,1,1,43.0,1,1.0,1,1,0,450.152923583984,6.0,3,1,1,19371,0,0,1,1,0,0,1.0,0
19371-54-11-1,1,1,41.0,1,0.0,1,0,0,450.152923583984,6.0,3,1,5,19371,0,0,1,1,0,0,0.0,0
19371-90-11-1,1,1,48.0,1,1.0,1,0,0,450.152923583984,4.0,3,1,3,19371,1,0,1,1,0,1,1.0,1
19371-108-11-1,1,2,43.0,1,1.0,0,0,0,450.152923583984,5.0,3,1,5,19371,0,0,1,1,0,0,1.0,0
19373-45-11-1,1,1,63.0,1,1.0,0,0,0,443.361114501953,4.0,4,1,7,19373,0,0,1,1,0,0,1.0,0
19373-56-11-1,1,1,46.0,1,1.0,0,0,0,443.361114501953,7.0,4,1,7,19373,0,0,1,1,0,0,1.0,0
19373-70-11-1,1,2,65.0,1,1.0,0,0,0,443.361114501953,1.0,4,1,4,19373,0,0,1,1,0,0,1.0,0
19374-1-12-1,1,1,52.0,1,1.0,0,0,0,461.202239990234,3.0,5,1,3,19374,0,0,1,1,0,0,1.0,0
19374-1-22-1,1,1,31.0,1,1.0,0,0,0,461.202239990234,3.0,5,1,4,19374,0,0,1,1,0,0,1.0,0
19374-22-11-1,1,1,78.0,1,1.0,0,0,0,461.202239990234,3.0,5,1,2,19374,0,0,1,1,0,0,1.0,0
19374-64-11-1,1,2,59.0,1,1.0,0,0,0,461.202239990234,4.0,5,1,4,19374,0,0,1,1,0,0,1.0,0
19374-85-11-1,1,1,44.0,1,1.0,0,0,0,461.202239990234,3.0,5,1,4,19374,0,0,1,1,0,0,1.0,0
19374-107-11-1,1,1,44.0,1,1.0,0,0,0,461.202239990234,3.0,5,1,4,19374,0,0,1,1,0,0,1.0,0
19410-150-11-1,1,1,55.0,1,1.0,0,0,0,269.857238769531,6.0,7,1,6,19410,0,0,1,1,0,0,1.0,0
19410-152-11-1,1,1,56.0,1,1.0,0,0,0,269.857238769531,5.0,7,1,3,19410,0,0,1,1,0,0,1.0,0
19410-473-11-1,1,1,27.0,1,0.0,1,1,0,269.857238769531,8.0,7,1,3,19410,0,0,1,1,0,0,0.0,0
19410-474-11-1,1,1,42.0,1,0.0,0,0,0,269.857238769531,6.0,7,1,6,19410,0,0,1,1,0,0,0.0,0
19410-475-11-1,1,1,64.0,1,0.0,0,0,0,269.857238769531,6.0,7,1,2,19410,0,0,1,1,0,0,0.0,0
19410-476-11-1,1,1,32.0,1,1.0,1,1,0,269.857238769531,6.0,7,1,4,19410,0,0,1,1,0,0,1.0,0
19411-69-11-1,1,1,39.0,1,1.0,0,0,0,239.833038330078,4.0,7,1,6,19411,0,0,1,1,0,0,1.0,0
19411-70-11-1,1,1,75.0,1,1.0,0,0,0,239.833038330078,3.0,7,1,2,19411,0,0,1,1,0,0,1.0,0
19411-71-11-1,1,1,84.0,1,1.0,0,0,0,239.833038330078,3.0,7,1,1,19411,0,0,1,1,0,0,1.0,0
19411-72-11-1,1,1,93.0,1,1.0,0,0,0,239.833038330078,1.0,7,1,1,19411,0,0,1,1,0,0,1.0,0
19411-280-11-1,1,1,74.0,1,1.0,0,0,0,239.833038330078,3.0,7,1,2,19411,0,0,1,1,0,0,1.0,0
19411-282-11-1,1,2,59.0,1,1.0,0,0,0,239.833038330078,3.0,7,1,1,19411,0,0,1,1,0,0,1.0,0
19411-283-11-1,1,1,53.0,1,1.0,0,0,0,239.833038330078,3.0,7,1,8,19411,0,0,1,1,0,0,1.0,0
19412-1-11-1,1,1,59.0,1,1.0,0,0,0,239.833038330078,3.0,6,1,3,19412,0,0,1,1,0,0,1.0,0
19412-16-11-1,1,1,54.0,1,1.0,0,0,0,239.833038330078,4.0,6,1,3,19412,0,0,1,1,0,0,1.0,0
19412-31-11-1,1,1,48.0,1,1.0,0,0,0,239.833038330078,6.0,6,1,1,19412,0,0,1,1,0,0,1.0,0
19412-47-11-1,1,2,55.0,1,1.0,0,0,0,239.833038330078,1.0,6,1,2,19412,0,0,1,1,0,0,1.0,0
19412-77-11-1,1,1,77.0,1,1.0,0,0,0,239.833038330078,3.0,6,1,1,19412,0,0,1,1,0,0,1.0,0
19412-92-11-1,1,1,28.0,1,1.0,0,0,0,239.833038330078,6.0,6,1,4,19412,0,0,1,1,0,0,1.0,0
19412-138-11-1,1,1,84.0,1,1.0,0,0,0,239.833038330078,3.0,6,1,1,19412,0,0,1,1,0,0,1.0,0
19413-245-11-1,1,1,27.0,1,1.0,0,0,0,279.848693847656,5.0,7,1,3,19413,0,0,1,1,0,0,1.0,0
19413-248-11-1,1,1,56.0,1,1.0,0,0,0,279.848693847656,3.0,7,1,1,19413,0,0,1,1,0,0,1.0,0
19413-538-11-1,1,1,37.0,1,1.0,0,0,0,279.848693847656,4.0,7,1,4,19413,0,0,1,1,0,0,1.0,0
19414-92-11-1,1,1,44.0,1,1.0,1,0,0,279.848693847656,3.0,7,1,6,19414,0,0,1,1,0,0,1.0,0
19414-179-11-1,1,2,45.0,1,0.0,0,0,0,279.848693847656,8.0,7,1,6,19414,0,0,1,1,0,0,0.0,0
19414-180-11-1,1,1,46.0,1,1.0,0,0,0,279.848693847656,3.0,7,1,8,19414,0,0,1,1,0,0,1.0,0
19414-181-11-1,1,1,58.0,1,1.0,0,0,0,279.848693847656,3.0,7,1,2,19414,0,0,1,1,0,0,1.0,0
19414-183-11-1,1,1,53.0,1,1.0,0,0,0,279.848693847656,5.0,7,1,3,19414,0,0,1,1,0,0,1.0,0
19414-184-11-1,1,1,79.0,1,1.0,1,0,0,279.848693847656,3.0,7,1,5,19414,0,0,1,1,0,0,1.0,0
19415-81-11-1,1,1,39.0,1,1.0,0,0,0,269.857238769531,6.0,7,1,6,19415,0,0,1,1,0,0,1.0,0
19415-83-11-1,1,1,38.0,1,1.0,1,1,0,269.857238769531,5.0,7,1,4,19415,0,0,1,1,0,0,1.0,0
19415-84-11-1,1,1,40.0,1,1.0,0,0,0,269.857238769531,5.0,7,1,6,19415,0,0,1,1,0,0,1.0,0
19415-172-11-1,1,2,38.0,1,0.0,0,0,0,269.857238769531,4.0,7,1,3,19415,0,0,1,1,0,0,0.0,0
19415-173-11-1,1,1,39.0,1,1.0,0,0,0,269.857238769531,3.0,7,1,4,19415,0,0,1,1,0,0,1.0,0
19415-174-11-1,1,2,42.0,1,1.0,0,0,0,269.857238769531,3.0,7,1,5,19415,0,0,1,1,0,0,1.0,0
19415-175-11-1,1,2,34.0,1,1.0,0,0,0,269.857238769531,4.0,7,1,6,19415,0,0,1,1,0,0,1.0,0
19416-23-11-1,1,2,67.0,1,1.0,0,0,0,247.069030761719,3.0,8,1,1,19416,0,0,1,1,0,0,1.0,0
19416-67-11-1,1,1,49.0,1,1.0,0,0,0,247.069030761719,4.0,8,1,8,19416,1,0,1,1,0,1,1.0,1
19416-68-11-1,1,1,46.0,1,1.0,1,0,0,247.069030761719,4.0,8,1,6,19416,0,0,1,1,0,0,1.0,0
19416-69-11-1,1,1,76.0,1,1.0,0,0,0,247.069030761719,3.0,8,1,2,19416,0,0,1,1,0,0,1.0,0
19416-70-11-1,1,1,48.0,1,1.0,0,0,0,247.069030761719,3.0,8,1,5,19416,0,0,1,1,0,0,1.0,0
19425-105-11-1,1,1,56.0,1,1.0,0,0,0,265.810089111328,4.0,7,4,3,19425,0,0,1,1,0,0,1.0,0
19425-106-11-1,1,1,25.0,1,1.0,0,0,0,265.810089111328,6.0,7,4,4,19425,0,0,1,1,0,0,1.0,0
19425-107-11-1,1,1,46.0,1,1.0,0,0,0,265.810089111328,1.0,7,4,4,19425,0,0,1,1,0,0,1.0,0
19425-108-11-1,1,1,68.0,1,1.0,0,0,0,265.810089111328,3.0,7,4,4,19425,0,0,1,1,0,0,1.0,0
19425-258-11-1,1,1,40.0,1,1.0,0,0,0,265.810089111328,1.0,7,4,13,19425,0,0,1,1,0,0,1.0,0
19425-259-11-1,1,1,72.0,1,1.0,0,0,0,265.810089111328,3.0,7,4,1,19425,0,0,1,1,0,0,1.0,0
19425-260-11-1,1,1,28.0,1,1.0,0,0,0,265.810089111328,3.0,7,4,5,19425,0,0,1,1,0,0,1.0,0
19425-261-11-1,1,2,67.0,1,1.0,0,0,0,265.810089111328,1.0,7,4,1,19425,0,0,1,1,0,0,1.0,0
19431-98-11-1,1,1,80.0,1,1.0,0,0,0,273.35302734375,3.0,7,4,5,19431,0,0,1,1,0,0,1.0,0
19431-99-11-1,1,1,49.0,1,1.0,0,0,0,273.35302734375,1.0,7,4,3,19431,0,0,1,1,0,0,1.0,0
19431-210-11-1,1,1,39.0,1,0.0,0,0,0,273.35302734375,4.0,7,4,4,19431,0,0,1,1,0,0,0.0,0
19431-213-11-1,1,1,44.0,1,1.0,0,0,0,273.35302734375,3.0,7,4,4,19431,0,0,1,1,0,0,1.0,0
19431-216-11-1,1,1,73.0,1,1.0,0,0,0,273.35302734375,3.0,7,4,4,19431,0,0,1,1,0,0,1.0,0
19431-217-11-1,1,2,32.0,1,1.0,0,0,0,273.35302734375,6.0,7,4,2,19431,0,0,1,1,0,0,1.0,0
19432-7-11-1,1,1,83.0,1,1.0,0,0,0,315.063629150391,5.0,8,4,1,19432,0,0,1,1,0,0,1.0,0
19432-8-11-1,1,2,83.0,1,1.0,0,0,0,315.063629150391,3.0,8,4,1,19432,0,0,1,1,0,0,1.0,0
19432-40-11-1,1,1,63.0,1,0.0,0,0,0,315.063629150391,4.0,8,4,4,19432,0,0,1,1,0,0,0.0,0
19432-41-11-1,1,1,79.0,1,1.0,0,0,0,315.063629150391,3.0,8,4,3,19432,0,0,1,1,0,0,1.0,0
19432-42-11-1,1,1,49.0,1,0.0,0,0,0,315.063629150391,5.0,8,4,1,19432,0,0,1,1,0,0,0.0,0
19432-43-11-1,1,2,65.0,1,1.0,0,0,0,315.063629150391,4.0,8,4,2,19432,0,0,1,1,0,0,1.0,0
19432-44-11-1,1,1,53.0,1,0.0,0,0,0,315.063629150391,5.0,8,4,3,19432,0,0,1,1,0,0,0.0,0
19433-41-11-1,1,1,82.0,1,1.0,0,0,0,292.938568115234,3.0,7,4,3,19433,0,0,1,1,0,0,1.0,0
19433-42-11-1,1,1,51.0,1,1.0,0,0,0,292.938568115234,3.0,7,4,7,19433,0,0,1,1,0,0,1.0,0
19433-43-11-1,1,1,68.0,1,1.0,0,0,0,292.938568115234,4.0,7,4,3,19433,0,0,1,1,0,0,1.0,0
19433-202-11-1,1,1,42.0,1,1.0,0,0,0,292.938568115234,4.0,7,4,3,19433,0,0,1,1,0,0,1.0,0
19433-206-11-1,1,1,53.0,1,0.0,0,0,0,292.938568115234,7.0,7,4,4,19433,0,0,1,1,0,0,0.0,0
19433-207-11-1,1,1,63.0,1,1.0,0,0,0,292.938568115234,4.0,7,4,2,19433,0,0,1,1,0,0,1.0,0
19434-13-11-1,1,1,28.0,1,1.0,0,0,0,315.063629150391,5.0,8,4,3,19434,0,0,1,1,0,0,1.0,0
19434-83-11-1,1,2,59.0,1,1.0,0,0,0,315.063629150391,1.0,8,4,2,19434,0,0,1,1,0,0,1.0,0
19434-87-11-1,1,2,46.0,1,1.0,0,0,0,315.063629150391,3.0,8,4,4,19434,0,0,1,1,0,0,1.0,0
19434-88-11-1,1,1,29.0,1,1.0,0,0,0,315.063629150391,4.0,8,4,4,19434,0,0,1,1,0,0,1.0,0
19435-97-11-1,1,1,52.0,1,1.0,0,0,0,292.938568115234,3.0,7,4,2,19435,0,0,1,1,0,0,1.0,0
19435-98-11-1,1,1,47.0,1,1.0,0,0,0,292.938568115234,6.0,7,4,2,19435,0,0,1,1,0,0,1.0,0
19435-100-11-1,1,1,43.0,1,1.0,0,0,0,292.938568115234,4.0,7,4,3,19435,0,0,1,1,0,0,1.0,0
19435-248-11-1,1,2,47.0,1,1.0,0,0,0,292.938568115234,3.0,7,4,3,19435,0,0,1,1,0,0,1.0,0
19435-249-11-1,1,1,49.0,1,1.0,0,0,0,292.938568115234,3.0,7,4,4,19435,0,0,1,1,0,0,1.0,0
19435-250-11-1,1,1,60.0,1,1.0,0,0,0,292.938568115234,4.0,7,4,2,19435,0,0,1,1,0,0,1.0,0
19435-251-11-1,1,1,44.0,1,1.0,0,0,0,292.938568115234,1.0,7,4,1,19435,0,0,1,1,0,0,1.0,0
19455-2-11-1,1,2,68.0,1,0.0,0,0,0,3.43246388435364,10.0,2,6,3,19455,0,0,1,1,0,0,0.0,0
19455-15-11-1,1,2,47.0,1,1.0,0,0,0,3.43246388435364,6.0,2,6,5,19455,0,0,1,1,0,0,1.0,0
19455-28-11-1,1,2,41.0,1,1.0,1,0,0,3.43246388435364,4.0,2,6,3,19455,0,0,1,1,0,0,1.0,0
19455-67-11-1,1,1,29.0,1,1.0,0,0,0,3.43246388435364,8.0,2,6,1,19455,0,0,1,1,0,0,1.0,0
19455-80-11-1,1,2,25.0,1,0.0,1,1,0,3.43246388435364,7.0,2,6,2,19455,0,0,1,1,0,0,0.0,0
19457-57-11-1,1,2,67.0,1,1.0,0,0,0,743.897094726563,4.0,2,6,1,19457,0,0,1,1,0,0,1.0,0
19457-144-11-1,1,2,47.0,1,1.0,0,0,0,743.897094726563,6.0,2,6,5,19457,0,0,1,1,0,0,1.0,0
19458-41-11-1,1,2,66.0,1,1.0,0,0,0,337.222442626953,6.0,2,6,2,19458,0,0,1,1,0,0,1.0,0
19458-120-11-1,1,1,69.0,1,0.0,1,1,0,337.222442626953,10.0,2,6,3,19458,0,0,1,1,0,0,0.0,0
19458-131-11-1,1,2,58.0,1,1.0,1,1,0,337.222442626953,9.0,2,6,3,19458,0,0,1,1,0,0,1.0,0
19458-148-11-1,1,2,67.0,1,0.0,0,0,0,337.222442626953,10.0,2,6,4,19458,0,0,1,1,0,0,0.0,0
19459-61-11-1,1,2,69.0,1,1.0,1,0,0,730.606994628906,6.0,2,6,5,19459,0,0,1,1,0,0,1.0,0
19459-76-11-1,1,1,57.0,1,1.0,1,0,0,730.606994628906,9.0,2,6,3,19459,1,1,1,1,0,1,1.0,1
19461-99-11-1,1,1,50.0,1,1.0,0,0,0,1135.78857421875,4.0,2,6,2,19461,0,0,1,1,0,0,1.0,0
19509-119-11-1,1,1,60.0,1,1.0,0,0,0,1072.21057128906,6.0,5,6,3,19509,0,0,1,1,0,0,1.0,0
19509-141-11-1,1,2,59.0,1,1.0,0,0,0,1072.21057128906,1.0,5,6,2,19509,0,0,1,1,0,0,1.0,0
19512-9-11-1,1,2,55.0,1,1.0,1,0,0,167.970611572266,6.0,2,6,2,19512,0,0,1,1,0,0,1.0,0
19514-23-11-1,1,1,52.0,1,1.0,0,0,0,1072.21057128906,6.0,5,6,4,19514,0,0,1,1,0,0,1.0,0
19514-39-11-1,1,1,63.0,1,1.0,1,0,0,1072.21057128906,5.0,5,6,6,19514,0,0,1,1,0,0,1.0,0
19514-73-11-1,1,1,57.0,1,1.0,0,0,0,1072.21057128906,8.0,5,6,2,19514,0,0,1,1,0,0,1.0,0
19514-106-11-1,1,1,69.0,1,0.0,0,0,0,1072.21057128906,6.0,5,6,3,19514,1,0,1,1,0,1,0.0,1
19516-8-11-1,1,2,44.0,1,1.0,0,0,0,449.629943847656,4.0,2,6,4,19516,0,0,1,1,0,0,1.0,0
19516-108-11-1,1,1,44.0,1,1.0,0,0,0,449.629943847656,4.0,2,6,4,19516,0,0,1,1,0,0,1.0,0
19517-7-11-1,1,2,29.0,1,1.0,0,0,0,446.930328369141,6.0,5,6,2,19517,0,0,1,1,0,0,1.0,0
19517-60-11-1,1,2,61.0,1,1.0,0,0,0,446.930328369141,4.0,5,6,2,19517,0,0,1,1,0,0,1.0,0
19517-100-11-1,1,1,53.0,1,1.0,0,0,0,446.930328369141,8.0,5,6,4,19517,0,0,1,1,0,0,1.0,0
19518-3-11-1,1,1,32.0,1,1.0,1,1,0,14.1710605621338,9.0,2,6,2,19518,0,0,1,1,0,0,1.0,0
19518-62-11-1,1,2,68.0,1,1.0,0,0,0,14.1710605621338,6.0,2,6,3,19518,0,0,1,1,0,0,1.0,0
19519-66-11-1,1,1,41.0,1,1.0,1,1,0,156.012939453125,6.0,5,6,5,19519,0,0,1,1,0,0,1.0,0
19520-13-11-1,1,1,26.0,1,0.0,1,0,0,974.142639160156,8.0,5,6,2,19520,0,0,1,1,0,0,0.0,0
19520-33-11-1,1,1,23.0,1,1.0,1,1,0,974.142639160156,8.0,5,6,3,19520,0,0,1,1,0,0,1.0,0
19520-77-11-1,1,1,34.0,1,1.0,0,0,0,974.142639160156,5.0,5,6,4,19520,0,0,1,1,0,0,1.0,0
19520-126-11-1,1,1,50.0,1,0.0,0,0,0,974.142639160156,4.0,5,6,1,19520,0,0,1,1,0,0,0.0,0
19521-9-11-1,1,2,26.0,1,1.0,1,1,0,1072.21057128906,6.0,5,6,3,19521,0,0,1,1,0,0,1.0,0
19521-59-11-1,1,2,61.0,1,1.0,0,0,0,1072.21057128906,4.0,5,6,3,19521,0,0,1,1,0,0,1.0,0
19521-93-11-1,1,2,54.0,1,1.0,0,0,0,1072.21057128906,6.0,5,6,2,19521,0,0,1,1,0,0,1.0,0
19523-9-11-1,1,1,34.0,1,1.0,0,0,0,974.142639160156,6.0,5,6,4,19523,0,0,1,1,0,0,1.0,0
19523-26-11-1,1,1,34.0,1,0.0,1,1,0,974.142639160156,5.0,5,6,4,19523,0,0,1,1,0,0,0.0,0
19523-60-11-1,1,1,64.0,1,1.0,0,0,0,974.142639160156,4.0,5,6,2,19523,0,0,1,1,0,0,1.0,0
19523-77-11-1,1,1,68.0,1,1.0,0,0,0,974.142639160156,3.0,5,6,2,19523,0,0,1,1,0,0,1.0,0
19523-93-11-1,1,1,63.0,1,1.0,0,0,0,974.142639160156,4.0,5,6,4,19523,0,0,1,1,0,0,1.0,0
19523-110-11-1,1,2,49.0,1,1.0,0,0,0,974.142639160156,3.0,5,6,2,19523,0,0,1,1,0,0,1.0,0
19524-10-11-1,1,1,55.0,1,1.0,0,0,0,446.930328369141,4.0,2,6,6,19524,0,0,1,1,0,0,1.0,0
19524-35-11-1,1,2,58.0,1,1.0,1,0,0,446.930328369141,7.0,2,6,2,19524,1,0,1,1,0,1,1.0,1
19524-51-11-1,1,2,36.0,1,1.0,0,0,0,446.930328369141,9.0,2,6,3,19524,1,0,1,1,0,1,1.0,1
19524-114-11-1,1,1,63.0,1,0.0,0,0,0,446.930328369141,9.0,2,6,3,19524,0,0,1,1,0,0,0.0,0
19525-1-11-1,1,2,55.0,1,1.0,0,0,0,1135.78857421875,7.0,2,6,4,19525,0,0,1,1,0,0,1.0,0
19525-41-11-1,1,1,57.0,1,1.0,0,0,0,1135.78857421875,4.0,2,6,5,19525,0,0,1,1,0,0,1.0,0
19526-33-11-1,1,1,42.0,1,1.0,0,0,0,457.385894775391,6.0,5,6,5,19526,0,0,1,1,0,0,1.0,0
19527-90-11-1,1,1,74.0,1,0.0,0,0,0,991.86279296875,10.0,5,6,5,19527,0,0,1,1,0,0,0.0,0
19527-110-11-1,1,1,60.0,1,0.0,1,1,0,991.86279296875,8.0,5,6,1,19527,0,0,1,1,0,0,0.0,0
19528-121-11-1,1,2,49.0,1,1.0,0,0,0,991.86279296875,4.0,5,6,2,19528,0,0,1,1,0,0,1.0,0
19529-29-11-1,1,2,44.0,1,0.0,1,1,0,1072.21057128906,6.0,5,6,5,19529,0,0,1,1,0,0,0.0,0
19534-18-11-1,1,2,42.0,1,1.0,0,0,0,974.142639160156,1.0,2,6,4,19534,1,0,1,1,0,1,1.0,1
19534-29-11-1,1,1,52.0,1,1.0,0,0,0,974.142639160156,6.0,2,6,4,19534,0,0,1,1,0,0,1.0,0
19534-92-11-1,1,2,55.0,1,1.0,0,0,0,974.142639160156,3.0,2,6,2,19534,0,0,1,1,0,0,1.0,0
19585-13-11-1,1,1,67.0,1,1.0,0,0,0,319.367858886719,5.0,8,6,3,19585,0,0,1,1,0,0,1.0,0
19585-16-11-1,1,2,46.0,1,0.0,0,0,0,319.367858886719,5.0,8,6,4,19585,1,0,1,1,0,1,0.0,1
19585-68-11-1,1,1,64.0,1,1.0,0,0,0,319.367858886719,6.0,8,6,3,19585,0,0,1,1,0,0,1.0,0
19585-69-11-1,1,1,52.0,1,1.0,0,0,0,319.367858886719,5.0,8,6,5,19585,0,0,1,1,0,0,1.0,0
19585-70-11-1,1,1,79.0,1,1.0,0,0,0,319.367858886719,3.0,8,6,3,19585,0,0,1,1,0,0,1.0,0
19585-71-11-1,1,1,62.0,1,1.0,0,0,0,319.367858886719,4.0,8,6,2,19585,0,0,1,1,0,0,1.0,0
19585-72-11-1,1,2,47.0,1,1.0,0,0,0,319.367858886719,3.0,8,6,4,19585,0,0,1,1,0,0,1.0,0
19589-76-11-1,1,1,81.0,1,1.0,0,0,0,339.290557861328,1.0,7,6,2,19589,0,0,1,1,0,0,1.0,0
19589-191-11-1,1,2,62.0,1,1.0,0,0,0,339.290557861328,5.0,7,6,1,19589,0,0,1,1,0,0,1.0,0
19589-192-11-1,1,2,37.0,1,1.0,0,0,0,339.290557861328,6.0,7,6,3,19589,0,0,1,1,0,0,1.0,0
19589-193-11-1,1,2,78.0,1,1.0,0,0,0,339.290557861328,2.0,7,6,1,19589,0,0,1,1,0,0,1.0,0
19589-194-11-1,1,1,39.0,1,1.0,0,0,0,339.290557861328,6.0,7,6,6,19589,0,0,1,1,0,0,1.0,0
19589-195-11-1,1,1,48.0,1,1.0,0,0,0,339.290557861328,4.0,7,6,4,19589,0,0,1,1,0,0,1.0,0
19589-196-11-1,1,2,75.0,1,1.0,0,0,0,339.290557861328,1.0,7,6,1,19589,0,0,1,1,0,0,1.0,0
19593-428-11-1,1,2,48.0,1,1.0,0,0,0,351.317138671875,3.0,7,6,2,19593,0,0,1,1,0,0,1.0,0
19593-429-11-1,1,1,46.0,1,0.0,0,0,0,351.317138671875,8.0,7,6,5,19593,0,0,1,1,0,0,0.0,0
19593-430-11-1,1,1,41.0,1,1.0,0,0,0,351.317138671875,5.0,7,6,5,19593,0,0,1,1,0,0,1.0,0
19593-432-11-1,1,2,78.0,1,0.0,0,0,0,351.317138671875,1.0,7,6,1,19593,0,0,1,1,0,0,0.0,0
19593-436-11-1,1,1,50.0,1,1.0,0,0,0,351.317138671875,4.0,7,6,6,19593,0,0,1,1,0,0,1.0,0
19593-441-11-1,1,2,34.0,1,0.0,0,0,0,351.317138671875,7.0,7,6,4,19593,0,0,1,1,0,0,0.0,0
19594-69-11-1,1,2,56.0,1,1.0,0,0,0,319.367858886719,3.0,7,6,5,19594,0,0,1,1,0,0,1.0,0
19594-70-11-1,1,2,47.0,1,1.0,0,0,0,319.367858886719,3.0,7,6,5,19594,0,0,1,1,0,0,1.0,0
19594-71-11-1,1,1,65.0,1,1.0,0,0,0,319.367858886719,4.0,7,6,2,19594,0,0,1,1,0,0,1.0,0
19594-72-11-1,1,2,68.0,1,0.0,0,0,0,319.367858886719,3.0,7,6,3,19594,0,0,1,1,0,0,0.0,0
19594-198-11-1,1,1,61.0,1,1.0,0,0,0,319.367858886719,5.0,7,6,5,19594,0,0,1,1,0,0,1.0,0
19594-200-11-1,1,2,63.0,1,1.0,0,0,0,319.367858886719,4.0,7,6,1,19594,0,0,1,1,0,0,1.0,0
19594-201-11-1,1,1,54.0,1,1.0,0,0,0,319.367858886719,4.0,7,6,1,19594,0,0,1,1,0,0,1.0,0
19594-204-11-1,1,2,30.0,1,1.0,0,0,0,319.367858886719,6.0,7,6,3,19594,0,0,1,1,0,0,1.0,0
19595-5-11-1,1,2,45.0,1,1.0,0,0,0,339.290557861328,6.0,7,6,3,19595,1,0,1,1,0,1,1.0,1
19595-6-11-1,1,2,71.0,1,1.0,0,0,0,339.290557861328,1.0,7,6,1,19595,0,0,1,1,0,0,1.0,0
19595-189-11-1,1,2,73.0,1,1.0,0,0,0,339.290557861328,1.0,7,6,1,19595,0,0,1,1,0,0,1.0,0
19595-196-11-1,1,2,46.0,1,1.0,0,0,0,339.290557861328,4.0,7,6,1,19595,0,0,1,1,0,0,1.0,0
19596-208-11-1,1,1,53.0,1,1.0,0,0,0,329.765197753906,5.0,7,6,2,19596,0,0,1,1,0,0,1.0,0
19596-444-11-1,1,1,65.0,1,1.0,0,0,0,329.765197753906,4.0,7,6,2,19596,0,0,1,1,0,0,1.0,0
19596-447-11-1,1,1,74.0,1,1.0,0,0,0,329.765197753906,4.0,7,6,2,19596,0,0,1,1,0,0,1.0,0
19596-449-11-1,1,2,72.0,1,1.0,0,0,0,329.765197753906,3.0,7,6,1,19596,0,0,1,1,0,0,1.0,0
19596-452-11-1,1,1,67.0,1,1.0,0,0,0,329.765197753906,4.0,7,6,2,19596,0,0,1,1,0,0,1.0,0
19597-29-11-1,1,1,70.0,1,1.0,0,0,0,319.367858886719,3.0,7,6,2,19597,0,0,1,1,0,0,1.0,0
19597-147-11-1,1,2,49.0,1,1.0,0,0,0,319.367858886719,6.0,7,6,4,19597,0,0,1,1,0,0,1.0,0
19597-151-11-1,1,1,76.0,1,1.0,0,0,0,319.367858886719,3.0,7,6,2,19597,0,0,1,1,0,0,1.0,0
19597-153-11-1,1,1,80.0,1,1.0,0,0,0,319.367858886719,4.0,7,6,2,19597,0,0,1,1,0,0,1.0,0
19598-52-11-1,1,2,58.0,1,1.0,0,0,0,329.765197753906,3.0,8,6,2,19598,0,0,1,1,0,0,1.0,0
19598-53-11-1,1,1,70.0,1,1.0,0,0,0,329.765197753906,1.0,8,6,1,19598,0,0,1,1,0,0,1.0,0
19598-55-11-1,1,2,61.0,1,1.0,0,0,0,329.765197753906,3.0,8,6,2,19598,0,0,1,1,0,0,1.0,0
19599-8-11-1,1,2,69.0,1,1.0,0,0,0,351.317138671875,4.0,8,6,1,19599,0,0,1,1,0,0,1.0,0
19599-10-11-1,1,1,85.0,1,1.0,0,0,0,351.317138671875,3.0,8,6,2,19599,0,0,1,1,0,0,1.0,0
19599-47-11-1,1,1,74.0,1,1.0,0,0,0,351.317138671875,3.0,8,6,1,19599,0,0,1,1,0,0,1.0,0
19599-50-11-1,1,1,59.0,1,1.0,0,0,0,351.317138671875,5.0,8,6,2,19599,0,0,1,1,0,0,1.0,0
19599-53-11-1,1,1,73.0,1,1.0,0,0,0,351.317138671875,4.0,8,6,1,19599,0,0,1,1,0,0,1.0,0
19600-10-11-1,1,1,71.0,1,1.0,0,0,0,339.290557861328,3.0,6,6,3,19600,0,0,1,1,0,0,1.0,0
19600-27-11-1,1,1,29.0,1,0.0,0,0,0,339.290557861328,8.0,6,6,2,19600,0,0,1,1,0,0,0.0,0
19600-62-11-1,1,1,51.0,1,1.0,0,0,0,339.290557861328,8.0,6,6,5,19600,1,0,1,1,0,1,1.0,1
19600-108-11-1,1,2,60.0,1,1.0,0,0,0,339.290557861328,4.0,6,6,1,19600,1,0,1,1,0,1,1.0,1
19600-190-11-1,1,2,61.0,1,1.0,0,0,0,339.290557861328,5.0,6,6,1,19600,0,0,1,1,0,0,1.0,0
19601-18-11-1,1,1,57.0,1,1.0,0,0,0,329.765197753906,4.0,7,6,1,19601,0,0,1,1,0,0,1.0,0
19601-65-11-1,1,1,66.0,1,1.0,0,0,0,329.765197753906,6.0,7,6,3,19601,0,0,1,1,0,0,1.0,0
19601-77-11-1,1,1,52.0,1,1.0,0,0,0,329.765197753906,3.0,7,6,4,19601,0,0,1,1,0,0,1.0,0
19601-78-11-1,1,1,61.0,1,1.0,0,0,0,329.765197753906,4.0,7,6,2,19601,0,0,1,1,0,0,1.0,0
19601-79-11-1,1,2,71.0,1,1.0,0,0,0,329.765197753906,1.0,7,6,1,19601,0,0,1,1,0,0,1.0,0
19602-31-11-1,1,1,82.0,1,1.0,0,0,0,351.317138671875,3.0,7,6,2,19602,0,0,1,1,0,0,1.0,0
19602-161-11-1,1,1,32.0,1,1.0,0,0,0,351.317138671875,8.0,7,6,4,19602,0,0,1,1,0,0,1.0,0
19602-162-11-1,1,1,58.0,1,1.0,0,0,0,351.317138671875,9.0,7,6,2,19602,0,0,1,1,0,0,1.0,0
19602-163-11-1,1,1,66.0,1,1.0,0,0,0,351.317138671875,6.0,7,6,2,19602,0,0,1,1,0,0,1.0,0
19602-164-11-1,1,1,40.0,1,1.0,1,1,0,351.317138671875,8.0,7,6,4,19602,0,0,1,1,0,0,1.0,0
19602-167-11-1,1,1,56.0,1,1.0,0,0,0,351.317138671875,6.0,7,6,5,19602,0,0,1,1,0,0,1.0,0
19602-168-11-1,1,2,56.0,1,1.0,0,0,0,351.317138671875,3.0,7,6,2,19602,0,0,1,1,0,0,1.0,0
19603-65-11-1,1,2,81.0,1,1.0,0,0,0,351.317138671875,1.0,7,6,1,19603,0,0,1,1,0,0,1.0,0
19603-66-11-1,1,2,80.0,1,1.0,0,0,0,351.317138671875,1.0,7,6,1,19603,0,0,1,1,0,0,1.0,0
19603-68-11-1,1,2,61.0,1,1.0,0,0,0,351.317138671875,3.0,7,6,1,19603,0,0,1,1,0,0,1.0,0
19603-136-11-1,1,1,70.0,1,1.0,0,0,0,351.317138671875,3.0,7,6,2,19603,0,0,1,1,0,0,1.0,0
19603-137-11-1,1,2,72.0,1,1.0,0,0,0,351.317138671875,1.0,7,6,1,19603,0,0,1,1,0,0,1.0,0
19603-144-11-1,1,2,77.0,1,1.0,0,0,0,351.317138671875,1.0,7,6,2,19603,0,0,1,1,0,0,1.0,0
19603-145-11-1,1,1,80.0,1,1.0,0,0,0,351.317138671875,3.0,7,6,4,19603,0,0,1,1,0,0,1.0,0
19604-300-11-1,1,1,72.0,1,1.0,0,0,0,319.367858886719,3.0,7,6,2,19604,0,0,1,1,0,0,1.0,0
19605-245-11-1,1,2,30.0,1,1.0,0,0,0,329.765197753906,6.0,7,6,4,19605,0,0,1,1,0,0,1.0,0
19605-248-11-1,1,1,71.0,1,1.0,0,0,0,329.765197753906,4.0,7,6,2,19605,0,0,1,1,0,0,1.0,0
19605-486-11-1,1,1,68.0,1,1.0,0,0,0,329.765197753906,4.0,7,6,2,19605,0,0,1,1,0,0,1.0,0
19605-494-11-1,1,1,66.0,1,1.0,0,0,0,329.765197753906,5.0,7,6,2,19605,0,0,1,1,0,0,1.0,0
19605-505-11-1,1,1,41.0,1,1.0,0,0,0,329.765197753906,6.0,7,6,3,19605,0,0,1,1,0,0,1.0,0
19607-31-11-1,1,2,42.0,1,1.0,0,0,0,329.765197753906,6.0,7,6,3,19607,0,0,1,1,0,0,1.0,0
19607-142-11-1,1,1,74.0,1,1.0,0,0,0,329.765197753906,3.0,7,6,2,19607,0,0,1,1,0,0,1.0,0
19607-145-11-1,1,1,69.0,1,1.0,0,0,0,329.765197753906,3.0,7,6,1,19607,0,0,1,1,0,0,1.0,0
19607-146-11-1,1,1,43.0,1,1.0,0,0,0,329.765197753906,5.0,7,6,2,19607,0,0,1,1,0,0,1.0,0
19607-148-11-1,1,2,62.0,1,1.0,0,0,0,329.765197753906,4.0,7,6,2,19607,0,0,1,1,0,0,1.0,0
19608-149-11-1,1,2,68.0,1,1.0,0,0,0,319.367858886719,2.0,7,6,1,19608,0,0,1,1,0,0,1.0,0
19608-150-11-1,1,2,75.0,1,1.0,0,0,0,319.367858886719,1.0,7,6,1,19608,0,0,1,1,0,0,1.0,0
19608-151-11-1,1,1,76.0,1,1.0,0,0,0,319.367858886719,4.0,7,6,2,19608,0,0,1,1,0,0,1.0,0
19608-153-11-1,1,1,57.0,1,1.0,0,0,0,319.367858886719,5.0,7,6,5,19608,0,0,1,1,0,0,1.0,0
19608-156-11-1,1,2,73.0,1,1.0,0,0,0,319.367858886719,1.0,7,6,1,19608,0,0,1,1,0,0,1.0,0
19608-157-11-1,1,2,72.0,1,1.0,0,0,0,319.367858886719,1.0,7,6,1,19608,0,0,1,1,0,0,1.0,0
19609-41-11-1,1,1,36.0,1,1.0,0,0,0,339.290557861328,6.0,7,6,7,19609,0,0,1,1,0,0,1.0,0
19609-42-11-1,1,1,56.0,1,1.0,0,0,0,339.290557861328,4.0,7,6,3,19609,0,0,1,1,0,0,1.0,0
19609-43-11-1,1,1,29.0,1,1.0,1,1,0,339.290557861328,6.0,7,6,5,19609,0,0,1,1,0,0,1.0,0
19609-239-11-1,1,2,52.0,1,1.0,0,0,0,339.290557861328,4.0,7,6,2,19609,0,0,1,1,0,0,1.0,0
19609-240-11-1,1,1,31.0,1,1.0,0,0,0,339.290557861328,4.0,7,6,4,19609,0,0,1,1,0,0,1.0,0
19609-241-11-1,1,1,34.0,1,1.0,0,0,0,339.290557861328,6.0,7,6,4,19609,0,0,1,1,0,0,1.0,0
19609-246-11-1,1,1,59.0,1,1.0,0,0,0,339.290557861328,3.0,7,6,1,19609,0,0,1,1,0,0,1.0,0
19610-89-11-1,1,2,55.0,1,1.0,0,0,0,339.290557861328,4.0,7,6,3,19610,0,0,1,1,0,0,1.0,0
19610-90-11-1,1,1,78.0,1,1.0,0,0,0,339.290557861328,4.0,7,6,2,19610,0,0,1,1,0,0,1.0,0
19610-91-11-1,1,1,64.0,1,1.0,0,0,0,339.290557861328,4.0,7,6,3,19610,0,0,1,1,0,0,1.0,0
19610-223-11-1,1,1,75.0,1,1.0,0,0,0,339.290557861328,4.0,7,6,2,19610,0,0,1,1,0,0,1.0,0
19610-227-11-1,1,1,69.0,1,1.0,0,0,0,339.290557861328,3.0,7,6,2,19610,0,0,1,1,0,0,1.0,0
19610-233-11-1,1,1,79.0,1,1.0,0,0,0,339.290557861328,3.0,7,6,1,19610,0,0,1,1,0,0,1.0,0
19611-25-11-1,1,1,66.0,1,1.0,0,0,0,351.317138671875,4.0,7,6,2,19611,0,0,1,1,0,0,1.0,0
19611-26-11-1,1,1,51.0,1,0.0,1,0,0,351.317138671875,6.0,7,6,4,19611,0,0,1,1,0,0,0.0,0
19611-134-11-1,1,2,38.0,1,1.0,0,0,0,351.317138671875,5.0,7,6,5,19611,0,0,1,1,0,0,1.0,0
19611-135-11-1,1,2,53.0,1,1.0,0,0,0,351.317138671875,3.0,7,6,3,19611,0,0,1,1,0,0,1.0,0
19611-137-11-1,1,1,43.0,1,1.0,0,0,0,351.317138671875,6.0,7,6,7,19611,0,0,1,1,0,0,1.0,0
19611-138-11-1,1,1,82.0,1,1.0,0,0,0,351.317138671875,3.0,7,6,2,19611,0,0,1,1,0,0,1.0,0
19611-140-11-1,1,1,68.0,1,1.0,0,0,0,351.317138671875,2.0,7,6,2,19611,0,0,1,1,0,0,1.0,0
19612-65-11-1,1,1,39.0,1,1.0,0,0,0,339.290557861328,6.0,8,6,3,19612,0,0,1,1,0,0,1.0,0
19612-67-11-1,1,1,52.0,1,1.0,0,0,0,339.290557861328,6.0,8,6,4,19612,0,0,1,1,0,0,1.0,0
19612-68-11-1,1,1,68.0,1,1.0,0,0,0,339.290557861328,4.0,8,6,2,19612,0,0,1,1,0,0,1.0,0
19612-70-11-1,1,1,60.0,1,1.0,0,0,0,339.290557861328,3.0,8,6,2,19612,0,0,1,1,0,0,1.0,0
19612-71-11-1,1,1,64.0,1,1.0,0,0,0,339.290557861328,5.0,8,6,1,19612,0,0,1,1,0,0,1.0,0
19622-61-11-1,1,1,86.0,1,1.0,0,0,0,452.752777099609,10.0,7,7,4,19622,0,0,1,1,0,0,1.0,0
19622-149-11-1,1,2,62.0,1,1.0,0,0,0,452.752777099609,4.0,7,7,1,19622,0,0,1,1,0,0,1.0,0
19622-150-11-1,1,2,51.0,1,1.0,0,0,0,452.752777099609,4.0,7,7,3,19622,0,0,1,1,0,0,1.0,0
19622-152-11-1,1,2,45.0,1,1.0,0,0,0,452.752777099609,4.0,7,7,2,19622,0,0,1,1,0,0,1.0,0
19622-154-11-1,1,2,46.0,1,1.0,0,0,0,452.752777099609,5.0,7,7,2,19622,0,0,1,1,0,0,1.0,0
19622-155-11-1,1,1,45.0,1,1.0,0,0,0,452.752777099609,4.0,7,7,4,19622,0,0,1,1,0,0,1.0,0
19623-43-11-1,1,1,51.0,1,1.0,0,0,0,288.857360839844,3.0,3,7,6,19623,0,0,1,1,0,0,1.0,0
19623-66-11-1,1,1,32.0,1,1.0,1,0,0,288.857360839844,6.0,3,7,5,19623,0,0,1,1,0,0,1.0,0
19639-38-11-1,1,2,36.0,1,0.0,1,1,0,90.1862564086914,4.0,3,7,2,19639,0,0,1,1,0,0,0.0,0
19639-117-11-1,1,2,70.0,1,0.0,0,0,0,90.1862564086914,3.0,3,7,1,19639,0,0,1,1,0,0,0.0,0
19640-37-11-1,1,1,32.0,1,1.0,1,1,0,114.153594970703,6.0,3,7,3,19640,0,0,1,1,0,0,1.0,0
19640-75-11-1,1,1,50.0,1,1.0,0,0,0,114.153594970703,4.0,3,7,5,19640,0,0,1,1,0,0,1.0,0
19642-35-11-1,1,1,27.0,1,0.0,1,1,0,370.189361572266,5.0,3,7,4,19642,0,0,1,1,0,0,0.0,0
19642-72-11-1,1,1,53.0,1,1.0,0,0,0,370.189361572266,3.0,3,7,5,19642,0,0,1,1,0,0,1.0,0
19642-108-11-1,1,1,44.0,1,1.0,0,0,0,370.189361572266,3.0,3,7,5,19642,1,0,1,1,0,1,1.0,1
19644-5-11-1,1,1,63.0,1,1.0,0,0,0,90.1862564086914,5.0,3,7,1,19644,0,0,1,1,0,0,1.0,0
19644-22-11-1,1,2,51.0,1,1.0,0,0,0,90.1862564086914,5.0,3,7,3,19644,0,0,1,1,0,0,1.0,0
19644-39-11-1,1,1,93.0,1,1.0,0,0,0,90.1862564086914,3.0,3,7,7,19644,0,0,1,1,0,0,1.0,0
19652-16-11-1,1,2,55.0,1,1.0,1,1,0,370.189361572266,3.0,5,7,2,19652,0,0,1,1,0,0,1.0,0
19652-38-11-1,1,2,77.0,1,1.0,0,0,0,370.189361572266,3.0,5,7,2,19652,0,0,1,1,0,0,1.0,0
19652-102-11-1,1,2,54.0,1,0.0,0,0,0,370.189361572266,6.0,5,7,2,19652,0,0,1,1,0,0,0.0,0
19652-123-11-1,1,1,52.0,1,1.0,0,0,0,370.189361572266,3.0,5,7,4,19652,0,0,1,1,0,0,1.0,0
19652-145-11-1,1,1,67.0,1,1.0,0,0,0,370.189361572266,4.0,5,7,2,19652,0,0,1,1,0,0,1.0,0
19676-32-11-1,1,2,66.0,1,0.0,0,0,0,117.02108001709,8.0,4,7,1,19676,1,0,1,1,0,1,0.0,1
19676-70-11-1,1,2,72.0,1,1.0,0,0,0,117.02108001709,8.0,4,7,2,19676,0,0,1,1,0,0,1.0,0
19677-103-11-1,1,1,44.0,1,1.0,0,0,0,408.255523681641,4.0,4,7,4,19677,0,0,1,1,0,0,1.0,0
19678-13-11-1,1,2,34.0,1,1.0,0,0,0,424.970977783203,3.0,5,7,4,19678,0,0,1,1,0,0,1.0,0
19678-48-12-1,1,1,46.0,1,1.0,0,0,0,424.970977783203,4.0,5,7,3,19678,0,0,1,1,0,0,1.0,0
19678-48-22-1,1,1,27.0,1,1.0,0,0,0,424.970977783203,4.0,5,7,3,19678,0,0,1,1,0,0,1.0,0
19679-41-11-1,1,1,34.0,1,0.0,1,0,0,120.248344421387,8.0,5,7,3,19679,0,0,1,1,0,0,0.0,0
19679-123-11-1,1,1,69.0,1,1.0,1,0,0,120.248344421387,6.0,5,7,3,19679,0,0,1,1,0,0,1.0,0
19679-144-11-1,1,2,56.0,1,1.0,0,0,0,120.248344421387,4.0,5,7,2,19679,0,0,1,1,0,0,1.0,0
19679-184-11-1,1,2,42.0,1,1.0,1,1,0,120.248344421387,3.0,5,7,2,19679,0,0,1,1,0,0,1.0,0
19680-13-11-1,1,1,47.0,1,1.0,0,0,0,408.255523681641,3.0,5,7,4,19680,0,0,1,1,0,0,1.0,0
19680-72-11-1,1,1,51.0,1,0.0,0,0,0,408.255523681641,4.0,5,7,4,19680,0,0,1,1,0,0,0.0,0
19680-100-11-1,1,1,46.0,1,1.0,0,0,0,408.255523681641,6.0,5,7,4,19680,0,0,1,1,0,0,1.0,0
19680-129-11-1,1,1,40.0,1,1.0,0,0,0,408.255523681641,3.0,5,7,4,19680,0,0,1,1,0,0,1.0,0
19681-5-11-1,1,1,49.0,1,1.0,1,1,0,424.970977783203,5.0,5,7,4,19681,1,0,1,1,0,1,1.0,1
19681-58-11-1,1,1,49.0,1,1.0,0,0,0,424.970977783203,4.0,5,7,7,19681,0,0,1,1,0,0,1.0,0
19681-85-11-1,1,1,47.0,1,1.0,0,0,0,424.970977783203,4.0,5,7,6,19681,0,0,1,1,0,0,1.0,0
19682-50-11-1,1,1,77.0,1,1.0,0,0,0,370.189361572266,3.0,5,7,5,19682,0,0,1,1,0,0,1.0,0
19682-133-11-1,1,1,59.0,1,1.0,0,0,0,370.189361572266,4.0,5,7,8,19682,0,0,1,1,0,0,1.0,0
19683-45-11-1,1,2,70.0,1,1.0,0,0,0,120.248344421387,5.0,5,7,2,19683,0,0,1,1,0,0,1.0,0
19683-85-11-1,1,1,59.0,1,1.0,0,0,0,120.248344421387,5.0,5,7,2,19683,1,1,1,1,0,1,1.0,1
19684-29-11-1,1,1,55.0,1,1.0,1,1,0,385.143157958984,3.0,4,7,3,19684,0,0,1,1,0,0,1.0,0
19684-85-11-1,1,1,46.0,1,1.0,1,0,0,385.143157958984,1.0,4,7,6,19684,0,0,1,1,0,0,1.0,0
19710-27-11-1,1,1,53.0,1,1.0,0,0,0,142.552352905273,4.0,6,7,7,19710,0,0,1,1,0,0,1.0,0
19710-37-11-1,1,1,70.0,1,1.0,0,0,0,142.552352905273,6.0,6,7,4,19710,0,0,1,1,0,0,1.0,0
19710-65-11-1,1,1,37.0,1,0.0,0,0,0,142.552352905273,9.0,6,7,4,19710,0,0,1,1,0,0,0.0,0
19710-92-11-1,1,1,66.0,1,0.0,0,0,0,142.552352905273,8.0,6,7,4,19710,0,0,1,1,0,0,0.0,0
19711-117-11-1,1,1,44.0,1,1.0,0,0,0,150.03825378418,6.0,7,7,5,19711,1,0,1,1,0,1,1.0,1
19711-118-11-1,1,1,39.0,1,1.0,0,0,0,150.03825378418,3.0,7,7,5,19711,0,0,1,1,0,0,1.0,0
19711-119-11-1,1,1,47.0,1,1.0,0,0,0,150.03825378418,4.0,7,7,4,19711,0,0,1,1,0,0,1.0,0
19711-283-11-1,1,1,59.0,1,1.0,0,0,0,150.03825378418,3.0,7,7,3,19711,0,0,1,1,0,0,1.0,0
19711-288-11-1,1,1,69.0,1,1.0,0,0,0,150.03825378418,6.0,7,7,1,19711,0,0,1,1,0,0,1.0,0
19712-110-11-1,1,1,45.0,1,1.0,0,0,0,179.83235168457,6.0,7,7,1,19712,0,0,1,1,0,0,1.0,0
19712-113-11-1,1,1,59.0,1,1.0,0,0,0,179.83235168457,3.0,7,7,4,19712,0,0,1,1,0,0,1.0,0
19712-229-11-1,1,1,39.0,1,1.0,0,0,0,179.83235168457,3.0,7,7,4,19712,0,0,1,1,0,0,1.0,0
19712-230-11-1,1,1,56.0,1,1.0,0,0,0,179.83235168457,4.0,7,7,3,19712,0,0,1,1,0,0,1.0,0
19712-233-11-1,1,1,32.0,1,1.0,0,0,0,179.83235168457,4.0,7,7,5,19712,1,0,1,1,0,1,1.0,1
19712-234-11-1,1,1,33.0,1,0.0,0,0,0,179.83235168457,6.0,7,7,4,19712,0,1,1,1,0,0,0.0,0
19713-116-11-1,1,1,61.0,1,1.0,0,0,0,162.846343994141,4.0,7,7,4,19713,0,0,1,1,0,0,1.0,0
19713-302-11-1,1,1,48.0,1,0.0,0,0,0,162.846343994141,4.0,7,7,3,19713,0,0,1,1,0,0,0.0,0
19713-303-11-1,1,1,24.0,1,0.0,1,1,0,162.846343994141,4.0,7,7,3,19713,0,0,1,1,0,0,0.0,0
19713-305-11-1,1,1,42.0,1,1.0,0,0,0,162.846343994141,4.0,7,7,6,19713,0,0,1,1,0,0,1.0,0
19713-306-11-1,1,1,33.0,1,0.0,0,0,0,162.846343994141,4.0,7,7,4,19713,0,0,1,1,0,0,0.0,0
19713-307-11-1,1,2,26.0,1,1.0,1,0,0,162.846343994141,3.0,7,7,2,19713,0,0,1,1,0,0,1.0,0
19713-308-11-1,1,1,23.0,1,1.0,0,0,0,162.846343994141,4.0,7,7,3,19713,0,0,1,1,0,0,1.0,0
19714-53-11-1,1,1,41.0,1,1.0,0,0,0,179.83235168457,3.0,8,7,5,19714,0,0,1,1,0,0,1.0,0
19714-112-11-1,1,1,31.0,1,1.0,0,0,0,179.83235168457,3.0,8,7,4,19714,0,0,1,1,0,0,1.0,0
19714-115-11-1,1,1,61.0,1,1.0,1,0,0,179.83235168457,1.0,8,7,1,19714,0,0,1,1,0,0,1.0,0
19715-36-11-1,1,1,71.0,1,1.0,0,0,0,150.03825378418,3.0,7,7,1,19715,0,0,1,1,0,0,1.0,0
19715-115-11-1,1,2,57.0,1,0.0,0,0,0,150.03825378418,4.0,7,7,5,19715,0,0,1,1,0,0,0.0,0
19715-116-11-1,1,1,81.0,1,1.0,0,0,0,150.03825378418,3.0,7,7,2,19715,0,0,1,1,0,0,1.0,0
19715-117-11-1,1,1,39.0,1,1.0,0,0,0,150.03825378418,3.0,7,7,4,19715,0,0,1,1,0,0,1.0,0
19715-118-11-1,1,2,60.0,1,1.0,0,0,0,150.03825378418,3.0,7,7,2,19715,0,0,1,1,0,0,1.0,0
19715-119-11-1,1,1,83.0,1,1.0,0,0,0,150.03825378418,3.0,7,7,2,19715,0,0,1,1,0,0,1.0,0
19715-120-11-1,1,1,85.0,1,1.0,0,0,0,150.03825378418,4.0,7,7,2,19715,0,0,1,1,0,0,1.0,0
19716-86-11-1,1,2,75.0,1,1.0,0,0,0,162.846343994141,1.0,7,7,1,19716,0,0,1,1,0,0,1.0,0
19716-87-11-1,1,2,50.0,1,1.0,1,0,0,162.846343994141,3.0,7,7,1,19716,0,0,1,1,0,0,1.0,0
19716-88-11-1,1,1,23.0,1,1.0,0,0,0,162.846343994141,3.0,7,7,4,19716,0,0,1,1,0,0,1.0,0
19716-193-11-1,1,1,71.0,1,1.0,0,0,0,162.846343994141,1.0,7,7,2,19716,0,0,1,1,0,0,1.0,0
19716-195-11-1,1,1,53.0,1,1.0,0,0,0,162.846343994141,3.0,7,7,4,19716,0,0,1,1,0,0,1.0,0
19716-196-11-1,1,1,42.0,1,1.0,0,0,0,162.846343994141,6.0,7,7,2,19716,0,0,1,1,0,0,1.0,0
19717-45-11-1,1,1,64.0,1,1.0,0,0,0,179.83235168457,3.0,8,7,2,19717,0,0,1,1,0,0,1.0,0
19717-46-11-1,1,2,52.0,1,0.0,0,0,0,179.83235168457,6.0,8,7,3,19717,0,0,1,1,0,0,0.0,0
19717-48-11-1,1,1,48.0,1,1.0,0,0,0,179.83235168457,6.0,8,7,5,19717,0,0,1,1,0,0,1.0,0
19717-127-11-1,1,2,58.0,1,1.0,0,0,0,179.83235168457,1.0,8,7,5,19717,0,0,1,1,0,0,1.0,0
19717-136-11-1,1,1,39.0,1,1.0,0,0,0,179.83235168457,6.0,8,7,6,19717,0,0,1,1,0,0,1.0,0
19750-20-11-1,1,1,44.0,1,1.0,0,0,0,87.7658081054688,3.0,2,7,3,19750,0,0,1,1,0,0,1.0,0
19750-48-11-1,1,1,33.0,1,1.0,1,0,0,87.7658081054688,6.0,2,7,5,19750,0,0,1,1,0,0,1.0,0
19750-62-11-1,1,2,60.0,1,1.0,0,0,0,87.7658081054688,6.0,2,7,4,19750,0,0,1,1,0,0,1.0,0
19751-51-11-1,1,2,62.0,1,1.0,1,0,0,90.1862564086914,6.0,2,7,2,19751,0,0,1,1,0,0,1.0,0
19751-84-11-1,1,1,25.0,1,1.0,0,1,0,90.1862564086914,6.0,2,7,4,19751,0,0,1,1,0,0,1.0,0
19751-102-12-1,1,1,55.0,1,1.0,0,0,0,90.1862564086914,5.0,2,7,5,19751,0,0,1,1,0,0,1.0,0
19751-102-22-1,1,2,32.0,1,1.0,1,1,0,90.1862564086914,7.0,2,7,4,19751,0,0,1,1,0,0,1.0,0
19753-12-11-1,1,2,39.0,1,1.0,0,0,0,114.153594970703,5.0,2,7,3,19753,0,0,1,1,0,0,1.0,0
19753-26-11-1,1,1,32.0,1,0.0,0,0,0,114.153594970703,8.0,2,7,2,19753,0,0,1,1,0,0,0.0,0
19754-36-11-1,1,2,59.0,1,1.0,1,1,0,87.7658081054688,6.0,2,7,7,19754,0,0,1,1,0,0,1.0,0
19754-102-11-1,1,1,49.0,1,1.0,0,0,0,87.7658081054688,8.0,2,7,4,19754,0,0,1,1,0,0,1.0,0
19755-73-11-1,1,2,72.0,1,1.0,0,0,0,96.3287353515625,4.0,2,7,2,19755,0,0,1,1,0,0,1.0,0
19756-19-11-1,1,2,70.0,1,1.0,0,0,0,120.248344421387,1.0,2,7,1,19756,0,0,1,1,0,0,1.0,0
19756-66-11-1,1,1,62.0,1,1.0,1,0,0,120.248344421387,6.0,2,7,3,19756,0,0,1,1,0,0,1.0,0
19756-81-11-1,1,2,57.0,1,0.0,1,1,0,120.248344421387,8.0,2,7,4,19756,0,0,1,1,0,0,0.0,0
19756-96-11-1,1,1,38.0,1,0.0,1,0,0,120.248344421387,6.0,2,7,5,19756,0,0,1,1,0,0,0.0,0
19759-39-11-1,1,1,47.0,1,0.0,1,0,0,306.191650390625,6.0,2,7,5,19759,0,0,1,1,0,0,0.0,0
19760-51-11-1,1,1,63.0,1,1.0,0,0,0,370.189361572266,6.0,2,7,3,19760,0,0,1,1,0,0,1.0,0
19760-77-11-1,1,2,56.0,1,1.0,0,0,0,370.189361572266,3.0,2,7,2,19760,0,0,1,1,0,0,1.0,0
19760-102-11-1,1,1,26.0,1,0.0,1,1,0,370.189361572266,8.0,2,7,4,19760,1,0,1,1,0,1,0.0,1
19783-76-11-1,1,1,77.0,1,1.0,0,0,0,120.248344421387,4.0,5,7,4,19783,0,0,1,1,0,0,1.0,0
19783-88-11-1,1,2,59.0,1,1.0,1,0,0,120.248344421387,6.0,5,7,4,19783,0,0,1,1,0,0,1.0,0
19783-100-11-1,1,2,35.0,1,1.0,1,1,0,120.248344421387,7.0,5,7,2,19783,1,0,1,1,0,1,1.0,1
19783-111-11-1,1,2,33.0,1,1.0,0,0,0,120.248344421387,3.0,5,7,2,19783,0,0,1,1,0,0,1.0,0
19786-6-11-1,1,2,58.0,1,1.0,1,0,0,117.02108001709,10.0,5,7,1,19786,0,0,1,1,0,0,1.0,0
19786-35-11-1,1,1,80.0,1,0.0,1,1,0,117.02108001709,6.0,5,7,2,19786,0,0,1,1,0,0,0.0,0
19787-3-11-1,1,1,65.0,1,1.0,0,0,0,120.248344421387,3.0,5,7,2,19787,1,0,1,1,0,1,1.0,1
19787-10-11-1,1,1,62.0,1,1.0,0,0,0,120.248344421387,3.0,5,7,3,19787,0,0,1,1,0,0,1.0,0
19788-22-11-1,1,2,56.0,1,1.0,0,0,0,424.970977783203,5.0,5,7,2,19788,0,0,1,1,0,0,1.0,0
19788-73-11-1,1,1,35.0,1,1.0,1,0,0,424.970977783203,4.0,5,7,3,19788,0,0,1,1,0,0,1.0,0
19788-105-11-1,1,1,43.0,1,0.0,0,0,0,424.970977783203,6.0,5,7,1,19788,0,0,1,1,0,0,0.0,0
19788-122-11-1,1,1,54.0,1,0.0,0,0,0,424.970977783203,4.0,5,7,2,19788,0,0,1,1,0,0,0.0,0
19789-7-11-1,1,1,76.0,1,1.0,0,0,0,370.189361572266,3.0,5,7,2,19789,0,0,1,1,0,0,1.0,0
19789-31-11-1,1,2,34.0,1,0.0,1,0,0,370.189361572266,10.0,5,7,3,19789,1,0,1,1,0,1,0.0,1
19789-42-11-1,1,1,71.0,1,1.0,0,0,0,370.189361572266,10.0,5,7,2,19789,0,0,1,1,0,0,1.0,0
19789-78-11-1,1,1,60.0,1,1.0,0,0,0,370.189361572266,4.0,5,7,1,19789,0,0,1,1,0,0,1.0,0
19790-19-11-1,1,1,38.0,1,1.0,1,0,0,408.255523681641,8.0,5,7,4,19790,0,0,1,1,0,0,1.0,0
19790-35-11-1,1,1,63.0,1,1.0,1,0,0,408.255523681641,5.0,5,7,2,19790,0,0,1,1,0,0,1.0,0
19790-50-11-1,1,1,62.0,1,1.0,1,0,0,408.255523681641,4.0,5,7,3,19790,1,0,1,1,0,1,1.0,1
19790-83-11-1,1,1,40.0,1,1.0,0,0,0,408.255523681641,6.0,5,7,3,19790,0,0,1,1,0,0,1.0,0
19790-99-11-1,1,2,79.0,1,1.0,0,0,0,408.255523681641,3.0,5,7,1,19790,0,0,1,1,0,0,1.0,0
19791-7-11-1,1,1,27.0,1,1.0,0,0,0,370.189361572266,6.0,4,7,3,19791,0,0,1,1,0,0,1.0,0
19791-19-11-1,1,1,51.0,1,1.0,0,0,0,370.189361572266,6.0,4,7,3,19791,1,0,1,1,0,1,1.0,1
19791-42-11-1,1,1,65.0,1,1.0,0,0,0,370.189361572266,4.0,4,7,2,19791,0,0,1,1,0,0,1.0,0
19791-54-11-1,1,1,61.0,1,1.0,0,0,0,370.189361572266,3.0,4,7,5,19791,0,0,1,1,0,0,1.0,0
19791-78-11-1,1,2,59.0,1,1.0,0,0,0,370.189361572266,4.0,4,7,1,19791,1,0,1,1,0,1,1.0,1
19792-2-11-1,1,1,68.0,1,1.0,0,0,0,385.143157958984,8.0,5,7,2,19792,0,0,1,1,0,0,1.0,0
19792-42-11-1,1,1,49.0,1,0.0,0,0,0,385.143157958984,3.0,5,7,1,19792,0,0,1,1,0,0,0.0,0
19792-60-11-1,1,2,49.0,1,0.0,0,0,0,385.143157958984,8.0,5,7,3,19792,1,0,1,1,0,1,0.0,1
19793-21-11-1,1,1,69.0,1,1.0,0,0,0,424.970977783203,4.0,5,7,2,19793,0,1,1,1,0,0,1.0,0
19793-30-12-1,1,1,48.0,1,1.0,0,0,0,424.970977783203,4.0,5,7,3,19793,0,0,1,1,0,0,1.0,0
19793-30-22-1,1,1,24.0,1,1.0,1,0,0,424.970977783203,6.0,5,7,4,19793,0,0,1,1,0,0,1.0,0
19793-41-11-1,1,1,75.0,1,0.0,0,0,0,424.970977783203,4.0,5,7,2,19793,0,0,1,1,0,0,0.0,0
19793-76-11-1,1,1,22.0,1,0.0,1,0,0,424.970977783203,8.0,5,7,1,19793,0,0,1,1,0,0,0.0,0
19799-148-11-1,1,2,36.0,1,1.0,0,0,0,150.03825378418,4.0,7,7,5,19799,0,0,1,1,0,0,1.0,0
19799-311-11-1,1,2,35.0,1,1.0,0,0,0,150.03825378418,5.0,7,7,4,19799,0,0,1,1,0,0,1.0,0
19799-312-11-1,1,1,33.0,1,1.0,0,0,0,150.03825378418,3.0,7,7,4,19799,0,0,1,1,0,0,1.0,0
19799-313-11-1,1,1,56.0,1,1.0,0,0,0,150.03825378418,6.0,7,7,3,19799,0,0,1,1,0,0,1.0,0
19816-211-11-1,1,1,56.0,1,0.0,0,0,0,142.552352905273,5.0,7,7,6,19816,0,0,1,1,0,0,0.0,0
19816-212-11-1,1,1,43.0,1,1.0,0,0,0,142.552352905273,4.0,7,7,3,19816,0,0,1,1,0,0,1.0,0
19816-696-11-1,1,1,44.0,1,1.0,0,0,0,142.552352905273,3.0,7,7,5,19816,0,0,1,1,0,0,1.0,0
19816-697-11-1,1,1,25.0,1,1.0,0,0,0,142.552352905273,3.0,7,7,6,19816,0,0,1,1,0,0,1.0,0
19816-698-11-1,1,1,50.0,1,1.0,0,0,0,142.552352905273,3.0,7,7,3,19816,0,0,1,1,0,0,1.0,0
19817-14-11-1,1,2,75.0,1,1.0,0,0,0,179.83235168457,3.0,7,7,3,19817,0,0,1,1,0,0,1.0,0
19817-15-11-1,1,1,52.0,1,1.0,0,0,0,179.83235168457,3.0,7,7,3,19817,0,0,1,1,0,0,1.0,0
19817-109-11-1,1,2,28.0,1,1.0,0,0,0,179.83235168457,6.0,7,7,3,19817,0,1,1,1,0,0,1.0,0
19817-110-11-1,1,1,41.0,1,1.0,0,0,0,179.83235168457,4.0,7,7,3,19817,0,0,1,1,0,0,1.0,0
19817-112-11-1,1,1,32.0,1,0.0,0,0,0,179.83235168457,6.0,7,7,5,19817,0,0,1,1,0,0,0.0,0
19818-11-11-1,1,1,23.0,1,1.0,1,0,0,179.83235168457,6.0,6,7,4,19818,1,0,1,1,0,1,1.0,1
19818-20-11-1,1,1,64.0,1,1.0,0,0,0,179.83235168457,4.0,6,7,2,19818,0,0,1,1,0,0,1.0,0
19818-45-11-1,1,2,82.0,1,1.0,0,0,0,179.83235168457,4.0,6,7,1,19818,0,0,1,1,0,0,1.0,0
19818-70-11-1,1,1,66.0,1,1.0,0,0,0,179.83235168457,4.0,6,7,3,19818,1,0,1,1,0,1,1.0,1
19818-79-11-1,1,2,55.0,1,1.0,0,0,0,179.83235168457,4.0,6,7,3,19818,0,1,1,1,0,0,1.0,0
19819-115-11-1,1,1,45.0,1,1.0,0,0,0,179.83235168457,4.0,7,7,6,19819,0,0,1,1,0,0,1.0,0
19819-246-11-1,1,2,42.0,1,1.0,0,0,0,179.83235168457,6.0,7,7,2,19819,0,0,1,1,0,0,1.0,0
19819-247-11-1,1,1,32.0,1,1.0,0,0,0,179.83235168457,3.0,7,7,4,19819,0,0,1,1,0,0,1.0,0
19819-251-11-1,1,1,49.0,1,1.0,0,0,0,179.83235168457,5.0,7,7,7,19819,0,0,1,1,0,0,1.0,0
19820-5-11-1,1,1,36.0,1,1.0,0,0,0,150.03825378418,5.0,8,7,5,19820,0,0,1,1,0,0,1.0,0
19820-6-11-1,1,1,55.0,1,1.0,0,0,0,150.03825378418,4.0,8,7,3,19820,0,0,1,1,0,0,1.0,0
19820-7-11-1,1,1,80.0,1,1.0,0,0,0,150.03825378418,3.0,8,7,1,19820,0,0,1,1,0,0,1.0,0
19820-8-11-1,1,1,38.0,1,1.0,0,0,0,150.03825378418,6.0,8,7,4,19820,0,0,1,1,0,0,1.0,0
19820-31-11-1,1,1,78.0,1,1.0,0,0,0,150.03825378418,3.0,8,7,2,19820,0,0,1,1,0,0,1.0,0
19820-32-11-1,1,1,26.0,1,1.0,0,0,0,150.03825378418,3.0,8,7,3,19820,0,0,1,1,0,0,1.0,0
19820-33-11-1,1,1,63.0,1,1.0,0,0,0,150.03825378418,7.0,8,7,7,19820,0,0,1,1,0,0,1.0,0
19820-34-11-1,1,1,39.0,1,0.0,0,0,0,150.03825378418,6.0,8,7,3,19820,1,0,1,1,0,1,0.0,1
19821-5-11-1,1,1,48.0,1,1.0,0,0,0,142.552352905273,3.0,7,7,5,19821,0,0,1,1,0,0,1.0,0
19821-7-11-1,1,1,76.0,1,1.0,0,0,0,142.552352905273,3.0,7,7,4,19821,0,0,1,1,0,0,1.0,0
19821-8-11-1,1,1,56.0,1,1.0,0,0,0,142.552352905273,4.0,7,7,2,19821,0,0,1,1,0,0,1.0,0
19821-92-11-1,1,2,43.0,1,1.0,0,0,0,142.552352905273,6.0,7,7,5,19821,0,0,1,1,0,0,1.0,0
19821-96-11-1,1,1,62.0,1,1.0,0,0,0,142.552352905273,3.0,7,7,2,19821,0,0,1,1,0,0,1.0,0
19822-25-11-1,1,1,72.0,1,1.0,0,0,0,162.846343994141,3.0,8,7,6,19822,0,0,1,1,0,0,1.0,0
19822-26-11-1,1,1,67.0,1,1.0,0,0,0,162.846343994141,4.0,8,7,2,19822,0,0,1,1,0,0,1.0,0
19822-27-11-1,1,1,44.0,1,1.0,0,0,0,162.846343994141,4.0,8,7,3,19822,0,0,1,1,0,0,1.0,0
19822-28-11-1,1,1,55.0,1,0.0,0,0,0,162.846343994141,1.0,8,7,3,19822,0,0,1,1,0,0,0.0,0
19822-98-11-1,1,1,67.0,1,0.0,0,0,0,162.846343994141,4.0,8,7,7,19822,0,0,1,1,0,0,0.0,0
19846-95-11-1,1,1,52.0,1,1.0,1,0,0,37.6664161682129,6.0,2,3,1,19846,0,0,1,1,0,0,1.0,0
19898-18-11-1,1,2,39.0,1,1.0,1,0,0,39.1590385437012,4.0,2,3,3,19898,0,0,1,1,0,0,1.0,0
19908-116-11-1,1,2,39.0,1,1.0,0,0,0,403.299835205078,6.0,2,3,3,19908,1,0,1,1,0,1,1.0,1
19908-139-11-1,1,1,69.0,1,1.0,0,0,0,403.299835205078,4.0,2,3,4,19908,0,0,1,1,0,0,1.0,0
19931-69-11-1,1,1,50.0,1,0.0,1,0,0,6.80903673171997,8.0,2,3,2,19931,1,0,1,1,0,1,0.0,1
19932-38-11-1,1,1,69.0,1,1.0,1,1,0,7.10971641540527,9.0,2,3,3,19932,0,0,1,1,0,0,1.0,0
19933-43-11-1,1,2,46.0,1,1.0,0,0,0,7.39355611801147,6.0,2,3,4,19933,0,0,1,1,0,0,1.0,0
19935-84-11-1,1,1,24.0,1,1.0,1,0,0,374.294494628906,6.0,2,3,1,19935,0,0,1,1,0,0,1.0,0
19935-100-11-1,1,2,75.0,1,1.0,0,0,0,374.294494628906,3.0,2,3,1,19935,0,0,1,1,0,0,1.0,0
19936-31-11-1,1,1,41.0,1,1.0,0,0,0,39.1590385437012,5.0,2,3,5,19936,0,0,1,1,0,0,1.0,0
19936-74-11-1,1,1,54.0,1,1.0,0,0,0,39.1590385437012,6.0,2,3,4,19936,0,0,1,1,0,0,1.0,0
19936-104-11-1,1,2,27.0,1,0.0,1,1,0,39.1590385437012,10.0,2,3,2,19936,1,0,1,1,0,1,0.0,1
19937-15-11-1,1,1,62.0,1,0.0,1,0,0,37.8614120483398,11.0,2,3,4,19937,0,0,1,1,0,0,0.0,0
19937-27-11-1,1,2,48.0,1,1.0,0,0,0,37.8614120483398,3.0,2,3,3,19937,0,0,1,1,0,0,1.0,0
19937-60-12-1,1,2,45.0,1,0.0,1,1,0,37.8614120483398,8.0,2,3,2,19937,0,0,1,1,0,0,0.0,0
19937-74-22-1,1,1,31.0,1,1.0,1,0,0,37.8614120483398,8.0,2,3,1,19937,0,0,1,1,0,0,1.0,0
19938-74-11-1,1,1,61.0,1,1.0,0,0,0,396.512878417969,4.0,2,3,3,19938,0,0,1,1,0,0,1.0,0
19938-135-11-1,1,2,50.0,1,1.0,0,0,0,396.512878417969,7.0,2,3,1,19938,0,0,1,1,0,0,1.0,0
19939-3-11-1,1,2,37.0,1,1.0,1,1,0,37.8614120483398,4.0,2,3,4,19939,0,0,1,1,0,0,1.0,0
19939-73-11-1,1,2,59.0,1,1.0,0,0,0,37.8614120483398,5.0,2,3,2,19939,0,0,1,1,0,0,1.0,0
19939-85-11-1,1,1,33.0,1,1.0,1,0,0,37.8614120483398,6.0,2,3,3,19939,0,0,1,1,0,0,1.0,0
19940-4-11-1,1,1,42.0,1,0.0,1,0,0,402.642974853516,7.0,2,3,4,19940,0,0,1,1,0,0,0.0,0
19940-16-11-1,1,1,39.0,1,1.0,0,0,0,402.642974853516,99.0,2,3,4,19940,0,0,1,1,0,0,1.0,0
19940-84-11-1,1,1,66.0,1,1.0,1,0,0,402.642974853516,4.0,2,3,4,19940,0,0,1,1,0,0,1.0,0
19940-97-11-1,1,2,43.0,1,1.0,1,0,0,402.642974853516,3.0,2,3,5,19940,0,0,1,1,0,0,1.0,0
19941-28-11-1,1,2,57.0,1,1.0,0,0,0,37.6664161682129,3.0,2,3,4,19941,0,0,1,1,0,0,1.0,0
19942-59-11-1,1,1,35.0,1,0.0,1,1,0,37.2270202636719,6.0,2,3,4,19942,0,0,1,1,0,0,0.0,0
19942-90-11-1,1,2,29.0,1,1.0,0,0,0,37.2270202636719,5.0,2,3,4,19942,0,0,1,1,0,0,1.0,0
19945-73-11-1,1,1,48.0,1,1.0,1,1,0,91.4872741699219,7.0,2,3,1,19945,0,0,1,1,0,0,1.0,0
19946-62-11-1,1,1,54.0,1,1.0,0,0,0,81.9341430664063,9.0,2,3,3,19946,1,0,1,1,0,1,1.0,1
19947-55-11-1,1,1,52.0,1,1.0,0,0,0,76.5313110351563,6.0,2,3,2,19947,0,0,1,1,0,0,1.0,0
19947-73-11-1,1,1,51.0,1,1.0,0,0,0,76.5313110351563,6.0,2,3,5,19947,0,0,1,1,0,0,1.0,0
19948-24-11-1,1,2,46.0,1,1.0,1,0,0,374.294494628906,6.0,2,3,2,19948,0,0,1,1,0,0,1.0,0
19949-4-11-1,1,2,36.0,1,1.0,0,0,0,403.299835205078,5.0,2,3,4,19949,0,0,1,1,0,0,1.0,0
19949-19-11-1,1,2,50.0,1,1.0,1,0,0,403.299835205078,4.0,2,3,3,19949,0,0,1,1,0,0,1.0,0
19950-13-11-1,1,1,43.0,1,1.0,0,0,0,396.512878417969,6.0,2,3,4,19950,0,0,1,1,0,0,1.0,0
19950-32-11-1,1,1,52.0,1,1.0,0,0,0,396.512878417969,6.0,2,3,1,19950,0,0,1,1,0,0,1.0,0
19950-128-11-1,1,1,55.0,1,1.0,1,0,0,396.512878417969,6.0,2,3,2,19950,0,0,1,1,0,0,1.0,0
19952-15-11-1,1,1,55.0,1,1.0,0,0,0,402.642974853516,4.0,2,3,2,19952,0,0,1,1,0,0,1.0,0
19952-37-11-1,1,1,51.0,1,1.0,0,0,0,402.642974853516,6.0,2,3,2,19952,0,0,1,1,0,0,1.0,0
19952-78-11-1,1,1,53.0,1,1.0,0,0,0,402.642974853516,7.0,2,3,6,19952,1,0,1,1,0,1,1.0,1
19952-140-11-1,1,1,43.0,1,1.0,0,0,0,402.642974853516,6.0,2,3,5,19952,0,0,1,1,0,0,1.0,0
19954-34-11-1,1,2,61.0,1,1.0,0,0,0,37.2270202636719,4.0,2,3,1,19954,0,0,1,1,0,0,1.0,0
19954-65-11-1,1,2,42.0,1,1.0,0,0,0,37.2270202636719,5.0,2,3,4,19954,0,0,1,1,0,0,1.0,0
19955-15-11-1,1,1,45.0,1,0.0,1,1,0,37.8614120483398,6.0,2,3,5,19955,1,0,1,1,0,1,0.0,1
19955-23-11-1,1,1,39.0,1,1.0,1,1,0,37.8614120483398,6.0,2,3,3,19955,0,0,1,1,0,0,1.0,0
19955-43-11-1,1,1,50.0,1,0.0,1,1,0,37.8614120483398,10.0,2,3,3,19955,0,0,1,1,0,0,0.0,0
19956-39-11-1,1,1,43.0,1,1.0,0,0,0,39.1590385437012,6.0,2,3,2,19956,1,0,1,1,0,1,1.0,1
19956-62-11-1,1,2,53.0,1,1.0,0,0,0,39.1590385437012,3.0,2,3,2,19956,0,0,1,1,0,0,1.0,0
19956-93-11-1,1,1,59.0,1,1.0,1,0,0,39.1590385437012,8.0,2,3,2,19956,0,0,1,1,0,0,1.0,0
19958-9-11-1,1,2,58.0,1,1.0,0,0,0,67.7467269897461,6.0,2,3,1,19958,0,0,1,1,0,0,1.0,0
19960-37-11-1,1,1,51.0,1,0.0,0,0,0,13.0441837310791,6.0,2,3,4,19960,0,0,1,1,0,0,0.0,0
19960-53-11-1,1,1,45.0,1,0.0,1,0,0,13.0441837310791,10.0,2,3,3,19960,1,0,1,1,0,1,0.0,1
19961-25-11-1,1,2,57.0,1,1.0,0,0,0,403.299835205078,3.0,2,3,2,19961,0,0,1,1,0,0,1.0,0
19961-111-11-1,1,2,57.0,1,1.0,0,0,0,403.299835205078,3.0,2,3,5,19961,0,0,1,1,0,0,1.0,0
19961-143-12-1,1,1,69.0,1,0.0,0,0,0,403.299835205078,4.0,2,3,3,19961,0,0,1,1,0,0,0.0,0
19962-35-11-1,1,2,34.0,1,1.0,0,0,0,102.041748046875,6.0,2,3,3,19962,0,0,1,1,0,0,1.0,0
19962-150-11-1,1,1,56.0,1,1.0,0,0,0,102.041748046875,5.0,2,3,2,19962,0,0,1,1,0,0,1.0,0
19963-29-11-1,1,1,53.0,1,1.0,0,0,0,37.8614120483398,7.0,2,3,2,19963,1,0,1,1,0,1,1.0,1
19963-72-11-1,1,1,46.0,1,1.0,1,1,0,37.8614120483398,7.0,2,3,3,19963,0,0,1,1,0,0,1.0,0
19963-94-11-1,1,2,46.0,1,1.0,0,0,0,37.8614120483398,4.0,2,3,3,19963,0,0,1,1,0,0,1.0,0
19963-138-11-1,1,2,41.0,1,1.0,0,0,0,37.8614120483398,5.0,2,3,3,19963,0,0,1,1,0,0,1.0,0
19965-75-11-1,1,2,44.0,1,1.0,0,0,0,39.1590385437012,5.0,2,3,2,19965,0,0,1,1,0,0,1.0,0
19965-85-11-1,1,1,43.0,1,0.0,1,1,0,39.1590385437012,10.0,2,3,1,19965,1,0,1,1,0,1,0.0,1
19966-16-11-1,1,1,31.0,1,1.0,1,1,0,37.6664161682129,6.0,2,3,5,19966,0,0,1,1,0,0,1.0,0
19966-39-11-1,1,1,54.0,1,0.0,0,0,0,37.6664161682129,6.0,2,3,4,19966,0,0,1,1,0,0,0.0,0
19967-14-11-1,1,1,57.0,1,1.0,0,0,0,39.1590385437012,6.0,2,3,1,19967,0,0,1,1,0,0,1.0,0
19986-10-11-1,1,2,35.0,1,0.0,0,0,0,37.6664161682129,7.0,5,3,4,19986,0,0,1,1,0,0,0.0,0
19986-90-11-1,1,1,35.0,1,0.0,0,0,0,37.6664161682129,10.0,5,3,1,19986,0,1,1,1,0,0,0.0,0
19986-127-11-1,1,2,54.0,1,1.0,1,1,0,37.6664161682129,9.0,5,3,4,19986,0,0,1,1,0,0,1.0,0
19992-30-11-1,1,2,68.0,1,1.0,0,0,0,37.2270202636719,3.0,5,3,1,19992,0,0,1,1,0,0,1.0,0
19992-59-11-1,1,2,35.0,1,0.0,0,0,0,37.2270202636719,7.0,5,3,3,19992,0,0,1,1,0,0,0.0,0
19997-23-11-1,1,1,45.0,1,1.0,0,0,0,37.8614120483398,4.0,5,3,5,19997,0,0,1,1,0,0,1.0,0
19997-84-11-1,1,1,54.0,1,1.0,0,0,0,37.8614120483398,6.0,5,3,1,19997,1,0,1,1,0,1,1.0,1
20005-10-11-1,1,2,38.0,1,1.0,0,0,0,96.5937805175781,8.0,5,6,3,20005,0,0,1,1,0,0,1.0,0
20005-78-11-1,1,1,46.0,1,1.0,0,0,0,96.5937805175781,3.0,5,6,1,20005,0,0,1,1,0,0,1.0,0
20005-130-11-1,1,1,58.0,1,1.0,0,0,0,96.5937805175781,3.0,5,6,1,20005,0,0,1,1,0,0,1.0,0
20008-67-11-1,1,2,26.0,1,0.0,1,1,0,59.435863494873,10.0,7,3,2,20008,1,0,1,1,0,1,0.0,1
20008-68-11-1,1,1,85.0,1,1.0,0,0,0,59.435863494873,6.0,7,3,2,20008,0,0,1,1,0,0,1.0,0
20024-10-11-1,1,1,44.0,1,1.0,0,0,0,38.9397811889648,6.0,6,3,5,20024,0,0,1,1,0,0,1.0,0
20024-40-11-1,1,2,50.0,1,0.0,1,1,0,38.9397811889648,5.0,6,3,6,20024,0,0,1,1,0,0,0.0,0
20024-80-11-1,1,1,39.0,1,1.0,0,0,0,38.9397811889648,5.0,6,3,5,20024,0,0,1,1,0,0,1.0,0
20024-90-11-1,1,1,28.0,1,0.0,1,1,0,38.9397811889648,8.0,6,3,3,20024,0,0,1,1,0,0,0.0,0
20025-10-11-1,1,1,46.0,1,0.0,0,0,0,38.9397811889648,6.0,7,3,1,20025,0,0,1,1,0,0,0.0,0
20029-29-11-1,1,1,23.0,1,1.0,1,1,0,33.7579002380371,6.0,7,3,1,20029,0,0,1,1,0,0,1.0,0
20029-32-11-1,1,1,71.0,1,1.0,0,0,0,33.7579002380371,3.0,7,3,1,20029,0,0,1,1,0,0,1.0,0
20029-359-11-1,1,2,59.0,1,1.0,0,0,0,33.7579002380371,6.0,7,3,2,20029,0,0,1,1,0,0,1.0,0
20030-46-11-1,1,1,80.0,1,1.0,0,0,0,35.9491271972656,4.0,7,3,2,20030,0,0,1,1,0,0,1.0,0
20030-47-11-1,1,2,54.0,1,1.0,1,0,0,35.9491271972656,5.0,7,3,2,20030,0,0,1,1,0,0,1.0,0
20030-128-11-1,1,2,42.0,1,1.0,0,0,0,35.9491271972656,5.0,7,3,3,20030,1,0,1,1,0,1,1.0,1
20030-131-11-1,1,1,60.0,1,1.0,0,0,0,35.9491271972656,4.0,7,3,2,20030,1,0,1,1,0,1,1.0,1
20030-137-11-1,1,2,34.0,1,1.0,1,0,0,35.9491271972656,6.0,7,3,2,20030,0,0,1,1,0,0,1.0,0
20030-138-11-1,1,1,42.0,1,1.0,1,0,0,35.9491271972656,6.0,7,3,1,20030,0,0,1,1,0,0,1.0,0
20030-139-11-1,1,1,83.0,1,1.0,0,0,0,35.9491271972656,3.0,7,3,1,20030,0,0,1,1,0,0,1.0,0
20040-7-11-1,1,2,54.0,1,1.0,0,0,0,140.455703735352,4.0,6,6,4,20040,0,0,1,1,0,0,1.0,0
20040-21-11-1,1,1,60.0,1,1.0,0,0,0,140.455703735352,6.0,6,6,2,20040,0,0,1,1,0,0,1.0,0
20040-62-11-1,1,2,35.0,1,0.0,1,1,0,140.455703735352,6.0,6,6,3,20040,0,0,1,1,0,0,0.0,0
20040-143-11-1,1,1,51.0,1,1.0,0,0,0,140.455703735352,4.0,6,6,1,20040,0,0,1,1,0,0,1.0,0
20041-11-11-1,1,2,90.0,1,1.0,0,0,0,123.075790405273,3.0,6,6,1,20041,0,0,1,1,0,0,1.0,0
20041-43-11-1,1,2,45.0,1,1.0,0,0,0,123.075790405273,3.0,6,6,5,20041,0,0,1,1,0,0,1.0,0
20041-65-11-1,1,2,85.0,1,1.0,0,0,0,123.075790405273,1.0,6,6,2,20041,0,0,1,1,0,0,1.0,0
20041-87-11-1,1,2,74.0,1,0.0,0,0,0,123.075790405273,3.0,6,6,2,20041,0,0,1,1,0,0,0.0,0
20041-99-11-1,1,1,75.0,1,1.0,0,0,0,123.075790405273,6.0,6,6,1,20041,0,0,1,1,0,0,1.0,0
20055-22-11-1,1,1,44.0,1,0.0,1,1,0,156.323059082031,8.0,3,1,4,20055,0,0,1,1,0,0,0.0,0
20055-43-11-1,1,1,39.0,1,1.0,0,0,0,156.323059082031,7.0,3,1,6,20055,0,0,1,1,0,0,1.0,0
20055-106-11-1,1,1,50.0,1,1.0,0,0,0,156.323059082031,5.0,3,1,4,20055,0,0,1,1,0,0,1.0,0
20082-2-11-1,1,1,56.0,1,0.0,0,0,0,12.350079536438,5.0,3,1,4,20082,0,0,1,1,0,0,0.0,0
20082-56-11-1,1,2,69.0,1,0.0,0,0,0,12.350079536438,6.0,3,1,3,20082,0,0,1,1,0,0,0.0,0
20082-99-11-1,1,1,32.0,1,1.0,1,1,0,12.350079536438,6.0,3,1,5,20082,0,0,1,1,0,0,1.0,0
20083-26-11-1,1,1,41.0,1,0.0,1,1,0,12.0586652755737,8.0,3,1,3,20083,0,0,1,1,0,0,0.0,0
20083-52-11-1,1,2,48.0,1,0.0,1,1,0,12.0586652755737,10.0,3,1,4,20083,0,0,1,1,0,0,0.0,0
20083-84-11-1,1,1,67.0,1,1.0,0,0,0,12.0586652755737,10.0,3,1,2,20083,0,0,1,1,0,0,1.0,0
20084-58-12-1,1,2,73.0,1,1.0,0,0,0,16.0782203674316,3.0,3,1,1,20084,0,0,1,1,0,0,1.0,0
20085-90-11-1,1,1,63.0,1,1.0,0,0,0,77.8799209594727,3.0,3,1,12,20085,0,0,1,1,0,0,1.0,0
20085-111-11-1,1,1,57.0,1,0.0,0,0,0,77.8799209594727,10.0,3,1,3,20085,1,0,1,1,0,1,0.0,1
20085-133-11-1,1,1,59.0,1,1.0,0,0,0,77.8799209594727,5.0,3,1,4,20085,0,0,1,1,0,0,1.0,0
20086-15-11-1,1,1,67.0,1,1.0,0,0,0,153.613662719727,6.0,3,1,6,20086,0,0,1,1,0,0,1.0,0
20086-33-11-1,1,1,58.0,1,1.0,0,0,0,153.613662719727,5.0,3,1,2,20086,0,0,1,1,0,0,1.0,0
20086-67-11-1,1,2,44.0,1,1.0,0,0,0,153.613662719727,7.0,3,1,4,20086,0,0,1,1,0,0,1.0,0
20086-102-11-1,1,1,52.0,1,1.0,0,0,0,153.613662719727,3.0,3,1,5,20086,0,0,1,1,0,0,1.0,0
20087-120-11-1,1,1,40.0,1,0.0,1,0,0,11.5712652206421,7.0,3,1,2,20087,0,0,1,1,0,0,0.0,0
20088-11-11-1,1,1,50.0,1,1.0,0,0,0,63.4822082519531,8.0,3,1,5,20088,0,0,1,1,0,0,1.0,0
20088-15-11-1,1,1,54.0,1,0.0,0,0,0,63.4822082519531,7.0,3,1,2,20088,0,0,1,1,0,0,0.0,0
20088-67-11-1,1,2,32.0,1,0.0,1,0,0,63.4822082519531,8.0,3,1,4,20088,0,0,1,1,0,0,0.0,0
20088-95-11-1,1,1,65.0,1,1.0,0,0,0,63.4822082519531,3.0,3,1,4,20088,0,0,1,1,0,0,1.0,0
20088-122-11-1,1,1,43.0,1,0.0,0,0,0,63.4822082519531,6.0,3,1,4,20088,0,0,1,1,0,0,0.0,0
20088-150-11-1,1,1,72.0,1,0.0,0,0,0,63.4822082519531,10.0,3,1,8,20088,0,0,1,1,0,0,0.0,0
20090-11-11-1,1,1,36.0,1,0.0,1,0,0,159.17366027832,6.0,3,1,5,20090,0,0,1,1,0,0,0.0,0
20090-27-11-1,1,1,41.0,1,1.0,1,0,0,159.17366027832,4.0,3,1,7,20090,0,0,1,1,0,0,1.0,0
20090-54-11-1,1,1,69.0,1,0.0,0,0,0,159.17366027832,6.0,3,1,2,20090,0,0,1,1,0,0,0.0,0
20090-108-11-1,1,2,42.0,1,0.0,1,1,0,159.17366027832,10.0,3,1,3,20090,0,0,1,1,0,0,0.0,0
20091-1-11-1,1,2,48.0,1,1.0,1,0,0,152.566970825195,7.0,3,1,2,20091,0,0,1,1,0,0,1.0,0
20091-15-11-1,1,1,53.0,1,0.0,0,0,0,152.566970825195,8.0,3,1,2,20091,0,0,1,1,0,0,0.0,0
20091-72-11-1,1,2,28.0,1,1.0,1,1,0,152.566970825195,8.0,3,1,3,20091,0,0,1,1,0,0,1.0,0
20091-87-11-1,1,1,46.0,1,1.0,0,0,0,152.566970825195,6.0,3,1,3,20091,0,0,1,1,0,0,1.0,0
20093-82-11-1,1,1,49.0,1,0.0,1,1,0,12.0586652755737,10.0,3,1,4,20093,0,0,1,1,0,0,0.0,0
20093-104-11-1,1,2,29.0,1,1.0,1,1,0,12.0586652755737,8.0,3,1,3,20093,0,0,1,1,0,0,1.0,0
20095-24-11-1,1,1,69.0,1,1.0,0,0,0,153.613662719727,4.0,3,1,7,20095,0,0,1,1,0,0,1.0,0
20095-48-11-1,1,2,67.0,1,1.0,0,0,0,153.613662719727,3.0,3,1,2,20095,1,0,1,1,0,1,1.0,1
20095-73-11-1,1,2,54.0,1,1.0,0,0,0,153.613662719727,3.0,3,1,3,20095,0,1,1,1,0,0,1.0,0
20095-86-11-1,1,1,39.0,1,1.0,1,1,0,153.613662719727,7.0,3,1,3,20095,1,1,1,1,0,1,1.0,1
20096-8-11-1,1,1,36.0,1,0.0,0,0,0,159.17366027832,6.0,3,1,6,20096,0,0,1,1,0,0,0.0,0
20096-46-11-1,1,1,39.0,1,0.0,1,1,0,159.17366027832,9.0,3,1,3,20096,0,0,1,1,0,0,0.0,0
20096-65-11-1,1,1,35.0,1,1.0,1,1,0,159.17366027832,8.0,3,1,1,20096,0,0,1,1,0,0,1.0,0
20131-8-11-1,1,1,37.0,1,1.0,1,0,0,159.17366027832,6.0,5,1,4,20131,0,0,1,1,0,0,1.0,0
20131-22-11-1,1,2,38.0,1,1.0,1,1,0,159.17366027832,8.0,5,1,4,20131,1,0,1,1,0,1,1.0,1
20131-35-11-1,1,1,46.0,1,1.0,0,0,0,159.17366027832,6.0,5,1,5,20131,0,0,1,1,0,0,1.0,0
20131-62-11-1,1,1,68.0,1,1.0,0,0,0,159.17366027832,2.0,5,1,2,20131,0,0,1,1,0,0,1.0,0
20143-92-11-1,1,2,56.0,1,0.0,1,1,0,16.4667720794678,8.0,4,1,2,20143,1,0,1,1,0,1,0.0,1
20143-111-11-1,1,1,57.0,1,0.0,0,0,0,16.4667720794678,8.0,4,1,1,20143,0,0,1,1,0,0,0.0,0
20144-70-11-1,1,1,39.0,1,1.0,0,0,0,152.566970825195,6.0,4,1,1,20144,0,1,1,1,0,0,1.0,0
20144-88-11-1,1,1,29.0,1,1.0,0,0,0,152.566970825195,8.0,4,1,6,20144,0,0,1,1,0,0,1.0,0
20145-33-11-1,1,2,35.0,1,1.0,0,0,0,156.323059082031,5.0,4,1,4,20145,0,0,1,1,0,0,1.0,0
20145-69-11-1,1,1,56.0,1,1.0,0,0,0,156.323059082031,3.0,4,1,1,20145,0,0,1,1,0,0,1.0,0
20145-89-11-1,1,1,56.0,1,1.0,0,0,0,156.323059082031,4.0,4,1,3,20145,0,0,1,1,0,0,1.0,0
20145-125-11-1,1,1,46.0,1,0.0,0,0,0,156.323059082031,6.0,4,1,3,20145,1,0,1,1,0,1,0.0,1
20146-28-11-1,1,1,38.0,1,1.0,0,1,0,153.613662719727,7.0,5,1,1,20146,0,0,1,1,0,0,1.0,0
20146-58-11-1,1,1,38.0,1,1.0,1,1,0,153.613662719727,5.0,5,1,4,20146,0,0,1,1,0,0,1.0,0
20146-89-11-1,1,1,74.0,1,0.0,0,0,0,153.613662719727,6.0,5,1,2,20146,1,0,1,1,0,1,0.0,1
20147-24-11-1,1,2,46.0,1,1.0,0,0,0,159.17366027832,4.0,5,1,4,20147,0,0,1,1,0,0,1.0,0
20147-39-11-1,1,1,51.0,1,1.0,0,0,0,159.17366027832,6.0,5,1,5,20147,0,0,1,1,0,0,1.0,0
20147-68-11-1,1,1,49.0,1,1.0,0,0,0,159.17366027832,5.0,5,1,4,20147,0,0,1,1,0,0,1.0,0
20147-129-11-1,1,1,79.0,1,0.0,0,0,0,159.17366027832,3.0,5,1,1,20147,0,0,1,1,0,0,0.0,0
20149-35-11-1,1,2,73.0,1,1.0,0,0,0,156.323059082031,1.0,5,1,4,20149,0,0,1,1,0,0,1.0,0
20149-49-11-1,1,2,57.0,1,1.0,0,0,0,156.323059082031,4.0,5,1,2,20149,0,0,1,1,0,0,1.0,0
20149-73-11-1,1,2,40.0,1,1.0,0,0,0,156.323059082031,6.0,5,1,3,20149,0,0,1,1,0,0,1.0,0
20149-90-11-1,1,1,54.0,1,1.0,0,0,0,156.323059082031,3.0,5,1,4,20149,1,0,1,1,0,1,1.0,1
20150-6-11-1,1,1,52.0,1,1.0,0,0,0,152.566970825195,5.0,5,1,4,20150,0,0,1,1,0,0,1.0,0
20150-37-11-1,1,2,63.0,1,1.0,1,0,0,152.566970825195,4.0,5,1,3,20150,0,0,1,1,0,0,1.0,0
20150-47-11-1,1,1,42.0,1,0.0,1,0,0,152.566970825195,10.0,5,1,4,20150,0,0,1,1,0,0,0.0,0
20150-57-11-1,1,1,72.0,1,1.0,0,0,0,152.566970825195,3.0,5,1,1,20150,0,0,1,1,0,0,1.0,0
20152-18-11-1,1,1,43.0,1,0.0,1,1,0,153.613662719727,8.0,4,1,5,20152,1,0,1,1,0,1,0.0,1
20152-28-11-1,1,1,52.0,1,1.0,0,0,0,153.613662719727,8.0,4,1,4,20152,0,0,1,1,0,0,1.0,0
20152-49-11-1,1,1,39.0,1,1.0,1,1,0,153.613662719727,6.0,4,1,3,20152,0,0,1,1,0,0,1.0,0
20152-67-11-1,1,1,64.0,1,1.0,0,0,0,153.613662719727,3.0,4,1,2,20152,0,0,1,1,0,0,1.0,0
20153-9-11-1,1,1,58.0,1,0.0,0,0,0,153.613662719727,10.0,5,1,1,20153,1,0,1,1,0,1,0.0,1
20153-32-11-1,1,1,61.0,1,1.0,0,0,0,153.613662719727,6.0,5,1,2,20153,0,0,1,1,0,0,1.0,0
20153-118-11-1,1,2,39.0,1,1.0,1,1,0,153.613662719727,6.0,5,1,1,20153,0,0,1,1,0,0,1.0,0
20154-71-11-1,1,1,32.0,1,1.0,0,0,0,156.323059082031,6.0,5,1,2,20154,1,0,1,1,0,1,1.0,1
20154-82-11-1,1,1,73.0,1,1.0,0,0,0,156.323059082031,5.0,5,1,2,20154,0,0,1,1,0,0,1.0,0
20155-72-11-1,1,1,73.0,1,1.0,0,0,0,159.17366027832,3.0,4,1,2,20155,0,0,1,1,0,0,1.0,0
20155-127-11-1,1,1,46.0,1,1.0,0,0,0,159.17366027832,3.0,4,1,7,20155,0,0,1,1,0,0,1.0,0
20156-17-11-1,1,1,42.0,1,1.0,0,0,0,152.566986083984,3.0,4,1,5,20156,0,0,1,1,0,0,1.0,0
20156-26-11-1,1,2,59.0,1,1.0,0,0,0,152.566986083984,6.0,4,1,1,20156,0,0,1,1,0,0,1.0,0
20156-34-11-1,1,1,49.0,1,1.0,0,0,0,152.566986083984,6.0,4,1,5,20156,1,0,1,1,0,1,1.0,1
20156-50-11-1,1,1,45.0,1,1.0,0,0,0,152.566986083984,4.0,4,1,5,20156,0,0,1,1,0,0,1.0,0
20157-8-11-1,1,1,61.0,1,1.0,1,1,0,159.17366027832,4.0,4,1,2,20157,0,0,1,1,0,0,1.0,0
20157-48-11-1,1,1,48.0,1,1.0,0,0,0,159.17366027832,6.0,4,1,7,20157,0,0,1,1,0,0,1.0,0
20157-57-11-1,1,1,57.0,1,1.0,0,0,0,159.17366027832,4.0,4,1,5,20157,0,0,1,1,0,0,1.0,0
20164-13-11-1,1,1,51.0,1,1.0,0,0,0,8.09498119354248,6.0,8,1,5,20164,0,0,1,1,0,0,1.0,0
20164-14-11-1,1,1,63.0,1,1.0,0,0,0,8.09498119354248,4.0,8,1,2,20164,0,0,1,1,0,0,1.0,0
20164-15-11-1,1,2,44.0,1,1.0,0,0,0,8.09498119354248,6.0,8,1,2,20164,0,0,1,1,0,0,1.0,0
20164-16-11-1,1,1,42.0,1,1.0,0,0,0,8.09498119354248,9.0,8,1,4,20164,0,0,1,1,0,0,1.0,0
20164-33-11-1,1,2,69.0,1,1.0,0,0,0,8.09498119354248,3.0,8,1,1,20164,0,0,1,1,0,0,1.0,0
20170-6-11-1,1,1,50.0,1,1.0,0,0,0,10.0506200790405,6.0,8,1,4,20170,0,0,1,1,0,0,1.0,0
20170-7-11-1,1,2,75.0,1,1.0,0,0,0,10.0506200790405,3.0,8,1,1,20170,0,0,1,1,0,0,1.0,0
20170-8-11-1,1,2,77.0,1,1.0,0,0,0,10.0506200790405,3.0,8,1,2,20170,0,0,1,1,0,0,1.0,0
20170-22-11-1,1,1,48.0,1,1.0,0,0,0,10.0506200790405,4.0,8,1,6,20170,0,0,1,1,0,0,1.0,0
20170-23-11-1,1,2,84.0,1,0.0,0,0,0,10.0506200790405,3.0,8,1,3,20170,0,0,1,1,0,0,0.0,0
20170-29-11-1,1,2,55.0,1,1.0,0,0,0,10.0506200790405,4.0,8,1,2,20170,0,0,1,1,0,0,1.0,0
20176-97-11-1,1,1,54.0,1,1.0,0,0,0,12.1126728057861,4.0,7,1,5,20176,0,1,1,1,0,0,1.0,0
20176-100-11-1,1,1,54.0,1,1.0,0,0,0,12.1126728057861,4.0,7,1,1,20176,0,0,1,1,0,0,1.0,0
20176-101-11-1,1,1,37.0,1,1.0,0,0,0,12.1126728057861,3.0,7,1,1,20176,0,0,1,1,0,0,1.0,0
20176-102-11-1,1,1,59.0,1,1.0,0,0,0,12.1126728057861,5.0,7,1,3,20176,0,0,1,1,0,0,1.0,0
20176-107-11-1,1,1,49.0,1,0.0,0,0,0,12.1126728057861,4.0,7,1,5,20176,0,0,1,1,0,0,0.0,0
20179-26-11-1,1,1,92.0,1,1.0,0,0,0,15.8074188232422,3.0,7,1,2,20179,0,0,1,1,0,0,1.0,0
20179-27-11-1,1,1,43.0,1,0.0,0,0,0,15.8074188232422,6.0,7,1,5,20179,0,0,1,1,0,0,0.0,0
20179-155-11-1,1,2,64.0,1,1.0,0,0,0,15.8074188232422,5.0,7,1,1,20179,0,0,1,1,0,0,1.0,0
20179-157-11-1,1,1,82.0,1,1.0,0,0,0,15.8074188232422,3.0,7,1,2,20179,0,0,1,1,0,0,1.0,0
20179-158-11-1,1,1,68.0,1,1.0,0,0,0,15.8074188232422,4.0,7,1,2,20179,0,0,1,1,0,0,1.0,0
20179-159-11-1,1,1,35.0,1,1.0,0,0,0,15.8074188232422,6.0,7,1,5,20179,0,0,1,1,0,0,1.0,0
20179-160-11-1,1,1,40.0,1,0.0,1,1,0,15.8074188232422,6.0,7,1,4,20179,0,0,1,1,0,0,0.0,0
20180-1-11-1,1,1,64.0,1,1.0,0,0,0,8.09498119354248,3.0,8,1,1,20180,0,0,1,1,0,0,1.0,0
20180-4-11-1,1,1,55.0,1,1.0,1,0,0,8.09498119354248,4.0,8,1,2,20180,0,0,1,1,0,0,1.0,0
20180-21-11-1,1,1,33.0,1,1.0,0,0,0,8.09498119354248,5.0,8,1,5,20180,0,0,1,1,0,0,1.0,0
20180-22-11-1,1,1,60.0,1,1.0,0,0,0,8.09498119354248,6.0,8,1,2,20180,0,0,1,1,0,0,1.0,0
20180-23-11-1,1,1,54.0,1,1.0,0,0,0,8.09498119354248,4.0,8,1,1,20180,0,0,1,1,0,0,1.0,0
20180-24-11-1,1,1,63.0,1,1.0,0,0,0,8.09498119354248,3.0,8,1,1,20180,0,0,1,1,0,0,1.0,0
20251-28-11-1,1,2,47.0,1,0.0,1,1,0,163.267272949219,6.0,2,7,3,20251,0,0,1,1,0,0,0.0,0
20251-78-11-1,1,1,44.0,1,0.0,1,1,0,163.267272949219,11.0,2,7,4,20251,0,0,1,1,0,0,0.0,0
20251-113-11-1,1,1,62.0,1,1.0,0,0,0,163.267272949219,5.0,2,7,10,20251,0,0,1,1,0,0,1.0,0
20252-55-11-1,1,1,56.0,1,1.0,0,0,0,26.9456214904785,6.0,2,7,4,20252,0,0,1,1,0,0,1.0,0
20252-108-11-1,1,2,65.0,1,0.0,0,0,0,26.9456214904785,6.0,2,7,2,20252,0,0,1,1,0,0,0.0,0
20253-53-11-1,1,1,57.0,1,1.0,1,1,0,150.053176879883,7.0,2,7,2,20253,0,0,1,1,0,0,1.0,0
20253-92-11-1,1,1,53.0,1,0.0,1,1,0,150.053176879883,6.0,2,7,4,20253,1,0,1,1,0,1,0.0,1
20254-9-11-1,1,1,53.0,1,1.0,1,1,0,28.5290813446045,8.0,2,7,4,20254,0,0,1,1,0,0,1.0,0
20254-28-11-1,1,2,33.0,1,1.0,1,1,0,28.5290813446045,7.0,2,7,4,20254,0,0,1,1,0,0,1.0,0
20254-66-11-1,1,1,32.0,1,0.0,1,1,0,28.5290813446045,6.0,2,7,1,20254,1,0,1,1,0,1,0.0,1
20254-85-11-1,1,2,60.0,1,0.0,1,1,0,28.5290813446045,10.0,2,7,3,20254,0,0,1,1,0,0,0.0,0
20254-125-11-1,1,1,49.0,1,0.0,1,1,0,28.5290813446045,6.0,2,7,5,20254,0,0,1,1,0,0,0.0,0
20255-23-11-1,1,1,44.0,1,0.0,0,0,0,26.9456214904785,5.0,2,7,4,20255,0,0,1,1,0,0,0.0,0
20255-39-11-1,1,1,43.0,1,1.0,0,0,0,26.9456214904785,4.0,2,7,3,20255,1,1,1,1,0,1,1.0,1
20256-13-11-1,1,2,35.0,1,1.0,1,0,0,36.4323997497559,6.0,2,7,3,20256,0,0,1,1,0,0,1.0,0
20256-47-11-1,1,1,42.0,1,1.0,0,0,0,36.4323997497559,7.0,2,7,6,20256,0,0,1,1,0,0,1.0,0
20256-64-11-1,1,1,69.0,1,1.0,0,0,0,36.4323997497559,3.0,2,7,2,20256,0,0,1,1,0,0,1.0,0
20256-81-11-1,1,2,49.0,1,1.0,1,1,0,36.4323997497559,7.0,2,7,1,20256,0,0,1,1,0,0,1.0,0
20256-115-11-1,1,1,38.0,1,1.0,0,0,0,36.4323997497559,4.0,2,7,5,20256,0,1,1,1,0,0,1.0,0
20257-70-11-1,1,1,40.0,1,1.0,1,1,0,37.3885345458984,5.0,2,7,5,20257,0,1,1,1,0,0,1.0,0
20257-89-11-1,1,2,31.0,1,1.0,1,0,0,37.3885345458984,7.0,2,7,6,20257,0,0,1,1,0,0,1.0,0
20257-108-11-1,1,1,30.0,1,1.0,0,0,0,37.3885345458984,4.0,2,7,5,20257,0,0,1,1,0,0,1.0,0
20258-133-11-1,1,2,56.0,1,1.0,0,0,0,220.54541015625,4.0,2,7,3,20258,0,0,1,1,0,0,1.0,0
20259-15-11-1,1,1,43.0,1,1.0,1,0,0,27.3242988586426,8.0,2,7,2,20259,0,0,1,1,0,0,1.0,0
20259-64-11-1,1,1,72.0,1,1.0,0,0,0,27.3242988586426,4.0,2,7,2,20259,0,0,1,1,0,0,1.0,0
20259-96-11-1,1,1,62.0,1,1.0,0,0,0,27.3242988586426,8.0,2,7,2,20259,0,0,1,1,0,0,1.0,0
20260-71-11-1,1,2,65.0,1,1.0,1,0,0,26.9456214904785,3.0,2,7,1,20260,0,0,1,1,0,0,1.0,0
20261-52-11-1,1,1,39.0,1,1.0,1,1,0,167.575805664063,3.0,2,7,5,20261,0,0,1,1,0,0,1.0,0
20261-64-11-1,1,1,33.0,1,1.0,1,1,0,167.575805664063,8.0,2,7,3,20261,0,0,1,1,0,0,1.0,0
20261-76-11-1,1,1,53.0,1,0.0,0,0,0,167.575805664063,10.0,2,7,4,20261,0,0,1,1,0,0,0.0,0
20262-6-11-1,1,2,39.0,1,0.0,1,1,0,165.409057617188,7.0,2,7,5,20262,0,0,1,1,0,0,0.0,0
20262-22-11-1,1,1,64.0,1,1.0,0,0,0,165.409057617188,4.0,2,7,2,20262,0,0,1,1,0,0,1.0,0
20262-39-11-1,1,2,21.0,1,1.0,1,1,0,165.409057617188,7.0,2,7,1,20262,1,0,1,1,0,1,1.0,1
20262-54-11-1,1,1,57.0,1,1.0,1,1,0,165.409057617188,8.0,2,7,4,20262,1,0,1,1,0,1,1.0,1
20262-104-11-1,1,2,45.0,1,0.0,1,0,0,165.409057617188,7.0,2,7,4,20262,0,0,1,1,0,0,0.0,0
20263-26-11-1,1,2,52.0,1,0.0,0,0,0,150.053176879883,3.0,2,7,3,20263,0,0,1,1,0,0,0.0,0
20263-39-11-1,1,1,57.0,1,1.0,0,0,0,150.053176879883,4.0,2,7,5,20263,0,0,1,1,0,0,1.0,0
20264-16-11-1,1,2,47.0,1,1.0,1,0,0,220.54541015625,6.0,2,7,6,20264,0,0,1,1,0,0,1.0,0
20264-83-11-1,1,1,32.0,1,1.0,0,0,0,220.54541015625,9.0,2,7,4,20264,0,0,1,1,0,0,1.0,0
20264-128-11-1,1,1,50.0,1,1.0,0,0,0,220.54541015625,4.0,2,7,1,20264,0,0,1,1,0,0,1.0,0
20264-150-11-1,1,2,41.0,1,0.0,1,1,0,220.54541015625,8.0,2,7,4,20264,0,0,1,1,0,0,0.0,0
20265-41-11-1,1,1,54.0,1,1.0,1,1,0,217.689697265625,8.0,2,7,3,20265,0,0,1,1,0,0,1.0,0
20265-68-11-1,1,1,42.0,1,1.0,1,1,0,217.689697265625,6.0,2,7,2,20265,0,0,1,1,0,0,1.0,0
20265-81-11-1,1,1,32.0,1,1.0,1,0,0,217.689697265625,6.0,2,7,3,20265,0,0,1,1,0,0,1.0,0
20267-4-11-1,1,1,40.0,1,1.0,0,0,0,37.3885345458984,6.0,2,7,5,20267,0,0,1,1,0,0,1.0,0
20267-49-11-1,1,1,43.0,1,1.0,0,0,0,37.3885345458984,6.0,2,7,10,20267,0,0,1,1,0,0,1.0,0
20268-77-11-1,1,2,42.0,1,1.0,1,1,0,150.053176879883,6.0,2,7,4,20268,0,0,1,1,0,0,1.0,0
20268-110-11-1,1,1,49.0,1,0.0,0,0,0,150.053176879883,4.0,2,7,3,20268,0,0,1,1,0,0,0.0,0
20270-5-11-1,1,1,43.0,1,0.0,1,1,0,167.575805664063,6.0,2,7,3,20270,0,0,1,1,0,0,0.0,0
20270-24-11-1,1,1,57.0,1,1.0,1,0,0,167.575805664063,6.0,2,7,8,20270,0,0,1,1,0,0,1.0,0
20270-61-11-1,1,2,57.0,1,1.0,0,0,0,167.575805664063,5.0,2,7,3,20270,0,0,1,1,0,0,1.0,0
20270-99-11-1,1,1,50.0,1,0.0,1,1,0,167.575805664063,8.0,2,7,3,20270,0,0,1,1,0,0,0.0,0
20270-118-11-1,1,2,45.0,1,1.0,1,1,0,167.575805664063,3.0,2,7,2,20270,0,0,1,1,0,0,1.0,0
20271-55-11-1,1,1,37.0,1,1.0,1,1,0,165.409057617188,6.0,2,7,4,20271,0,0,1,1,0,0,1.0,0
20271-101-11-1,1,2,50.0,1,0.0,1,0,0,165.409057617188,11.0,2,7,4,20271,0,0,1,1,0,0,0.0,0
20272-52-11-1,1,2,39.0,1,1.0,0,0,0,217.689697265625,5.0,2,7,5,20272,0,0,1,1,0,0,1.0,0
20272-69-11-1,1,2,43.0,1,1.0,1,1,0,217.689697265625,6.0,2,7,3,20272,0,0,1,1,0,0,1.0,0
20273-59-11-1,1,2,39.0,1,1.0,0,0,0,220.54541015625,4.0,2,7,5,20273,0,0,1,1,0,0,1.0,0
20273-76-11-1,1,1,42.0,1,1.0,1,1,0,220.54541015625,8.0,2,7,5,20273,0,1,1,1,0,0,1.0,0
20273-95-11-1,1,2,49.0,1,1.0,1,1,0,220.54541015625,5.0,2,7,5,20273,0,0,1,1,0,0,1.0,0
20273-144-11-1,1,1,40.0,1,1.0,0,0,0,220.54541015625,4.0,2,7,8,20273,0,0,1,1,0,0,1.0,0
20274-25-11-1,1,2,47.0,1,1.0,1,0,0,223.434417724609,3.0,2,7,5,20274,1,1,1,1,0,1,1.0,1
20274-60-11-1,1,1,51.0,1,1.0,0,0,0,223.434417724609,6.0,2,7,5,20274,0,0,1,1,0,0,1.0,0
20274-95-11-1,1,1,22.0,1,1.0,1,0,0,223.434417724609,7.0,2,7,2,20274,0,0,1,1,0,0,1.0,0
20275-86-11-1,1,1,66.0,1,1.0,0,0,0,200.070892333984,5.0,2,7,3,20275,0,0,1,1,0,0,1.0,0
20275-122-11-1,1,2,35.0,1,1.0,0,0,0,200.070892333984,4.0,2,7,5,20275,1,0,1,1,0,1,1.0,1
20275-139-11-1,1,1,54.0,1,1.0,0,0,0,200.070892333984,5.0,2,7,5,20275,0,0,1,1,0,0,1.0,0
20293-20-11-1,1,1,46.0,1,1.0,0,0,0,220.54541015625,3.0,4,7,3,20293,1,0,1,1,0,1,1.0,1
20293-34-11-1,1,2,41.0,1,1.0,0,0,0,220.54541015625,1.0,4,7,2,20293,0,0,1,1,0,0,1.0,0
20293-46-11-1,1,1,80.0,1,0.0,0,0,0,220.54541015625,4.0,4,7,2,20293,0,0,1,1,0,0,0.0,0
20293-74-11-1,1,2,24.0,1,1.0,1,1,0,220.54541015625,5.0,4,7,4,20293,0,0,1,1,0,0,1.0,0
20293-101-11-1,1,1,42.0,1,0.0,1,1,0,220.54541015625,7.0,4,7,1,20293,0,0,1,1,0,0,0.0,0
20306-27-11-1,1,1,69.0,1,1.0,0,0,0,200.070892333984,5.0,5,7,1,20306,0,0,1,1,0,0,1.0,0
20306-96-11-1,1,2,38.0,1,1.0,0,0,0,200.070892333984,6.0,5,7,4,20306,0,0,1,1,0,0,1.0,0
20308-10-11-1,1,2,58.0,1,1.0,0,0,0,217.689697265625,1.0,5,7,4,20308,0,0,1,1,0,0,1.0,0
20308-31-11-1,1,2,43.0,1,1.0,0,0,0,217.689697265625,3.0,5,7,4,20308,1,0,1,1,0,1,1.0,1
20308-93-11-1,1,2,62.0,1,1.0,0,0,0,217.689697265625,4.0,5,7,1,20308,1,0,1,1,0,1,1.0,1
20308-114-22-1,1,2,31.0,1,1.0,1,0,0,217.689697265625,6.0,5,7,4,20308,0,0,1,1,0,0,1.0,0
20308-134-11-1,1,1,28.0,1,1.0,0,0,0,217.689697265625,5.0,5,7,4,20308,0,0,1,1,0,0,1.0,0
20310-16-11-1,1,1,57.0,1,1.0,0,0,0,223.434417724609,3.0,5,7,4,20310,1,0,1,1,0,1,1.0,1
20310-37-11-1,1,1,42.0,1,1.0,0,0,0,223.434417724609,4.0,5,7,9,20310,0,0,1,1,0,0,1.0,0
20310-58-11-1,1,1,44.0,1,1.0,0,0,0,223.434417724609,3.0,5,7,3,20310,0,0,1,1,0,0,1.0,0
20310-79-11-1,1,1,39.0,1,1.0,0,0,0,223.434417724609,6.0,5,7,3,20310,1,0,1,1,0,1,1.0,1
20310-120-11-1,1,1,47.0,1,1.0,0,0,0,223.434417724609,6.0,5,7,5,20310,0,0,1,1,0,0,1.0,0
20311-4-11-1,1,1,29.0,1,1.0,0,0,0,217.689697265625,5.0,4,7,4,20311,0,0,1,1,0,0,1.0,0
20311-90-11-1,1,1,57.0,1,1.0,0,0,0,217.689697265625,4.0,4,7,7,20311,1,0,1,1,0,1,1.0,1
20311-133-11-1,1,2,40.0,1,1.0,1,1,0,217.689697265625,3.0,4,7,4,20311,1,0,1,1,0,1,1.0,1
20312-5-11-1,1,1,49.0,1,1.0,0,0,0,200.070892333984,3.0,5,7,5,20312,0,1,1,1,0,0,1.0,0
20312-33-11-1,1,2,47.0,1,1.0,0,0,0,200.070892333984,3.0,5,7,3,20312,0,0,1,1,0,0,1.0,0
20312-76-11-1,1,2,45.0,1,1.0,0,0,0,200.070892333984,3.0,5,7,3,20312,0,0,1,1,0,0,1.0,0
20313-1-11-1,1,1,43.0,1,1.0,1,0,0,220.54541015625,6.0,5,7,4,20313,0,0,1,1,0,0,1.0,0
20313-21-11-1,1,2,55.0,1,1.0,0,0,0,220.54541015625,4.0,5,7,3,20313,0,1,1,1,0,0,1.0,0
20313-60-11-1,1,1,43.0,1,1.0,1,0,0,220.54541015625,5.0,5,7,6,20313,0,0,1,1,0,0,1.0,0
20313-80-11-1,1,1,35.0,1,0.0,1,0,0,220.54541015625,4.0,5,7,3,20313,0,0,1,1,0,0,0.0,0
20313-99-11-1,1,2,31.0,1,1.0,0,0,0,220.54541015625,7.0,5,7,4,20313,0,0,1,1,0,0,1.0,0
20314-10-11-1,1,1,73.0,1,1.0,0,0,0,200.070892333984,3.0,4,7,2,20314,0,0,1,1,0,0,1.0,0
20314-22-11-1,1,1,31.0,1,1.0,0,0,0,200.070892333984,6.0,4,7,2,20314,0,0,1,1,0,0,1.0,0
20314-57-11-1,1,2,53.0,1,1.0,0,0,0,200.070892333984,4.0,4,7,2,20314,0,0,1,1,0,0,1.0,0
20314-80-11-1,1,1,62.0,1,1.0,0,0,0,200.070892333984,3.0,4,7,4,20314,0,0,1,1,0,0,1.0,0
20315-4-11-1,1,2,47.0,1,1.0,0,0,0,223.434417724609,6.0,4,7,3,20315,0,0,1,1,0,0,1.0,0
20315-24-11-1,1,1,46.0,1,1.0,0,0,0,223.434417724609,3.0,4,7,6,20315,0,0,1,1,0,0,1.0,0
20315-28-11-1,1,1,57.0,1,1.0,0,0,0,223.434417724609,6.0,4,7,4,20315,0,0,1,1,0,0,1.0,0
20315-34-11-1,1,2,48.0,1,0.0,1,1,0,223.434417724609,8.0,4,7,4,20315,1,0,1,1,0,1,0.0,1
20315-41-11-1,1,2,44.0,1,1.0,0,0,0,223.434417724609,6.0,4,7,4,20315,1,0,1,1,0,1,1.0,1
20316-34-11-1,1,2,44.0,1,1.0,0,0,0,223.434417724609,6.0,5,7,4,20316,1,0,1,1,0,1,1.0,1
20316-77-11-1,1,1,73.0,1,1.0,0,0,0,223.434417724609,9.0,5,7,1,20316,0,0,1,1,0,0,1.0,0
20316-119-11-1,1,1,41.0,1,1.0,0,0,0,223.434417724609,6.0,5,7,5,20316,0,0,1,1,0,0,1.0,0
20316-140-11-1,1,2,57.0,1,0.0,0,0,0,223.434417724609,10.0,5,7,1,20316,1,0,1,1,0,1,0.0,1
20334-101-11-1,1,1,49.0,1,1.0,0,0,0,74.6622085571289,5.0,7,7,3,20334,0,0,1,1,0,0,1.0,0
20334-103-11-1,1,1,62.0,1,1.0,0,0,0,74.6622085571289,4.0,7,7,6,20334,0,0,1,1,0,0,1.0,0
20334-247-11-1,1,1,68.0,1,1.0,0,0,0,74.6622085571289,4.0,7,7,1,20334,0,0,1,1,0,0,1.0,0
20334-249-11-1,1,2,40.0,1,1.0,0,0,0,74.6622085571289,5.0,7,7,4,20334,0,0,1,1,0,0,1.0,0
20334-250-11-1,1,1,67.0,1,1.0,0,0,0,74.6622085571289,3.0,7,7,2,20334,0,0,1,1,0,0,1.0,0
20335-16-11-1,1,1,34.0,1,1.0,0,0,0,74.6622085571289,3.0,7,7,8,20335,0,0,1,1,0,0,1.0,0
20335-128-11-1,1,1,60.0,1,1.0,0,0,0,74.6622085571289,6.0,7,7,1,20335,0,0,1,1,0,0,1.0,0
20335-129-11-1,1,1,77.0,1,1.0,0,0,0,74.6622085571289,1.0,7,7,3,20335,0,0,1,1,0,0,1.0,0
20340-14-11-1,1,1,38.0,1,1.0,0,0,0,78.8669052124023,3.0,7,7,4,20340,0,0,1,1,0,0,1.0,0
20340-15-11-1,1,2,51.0,1,1.0,0,0,0,78.8669052124023,3.0,7,7,1,20340,0,0,1,1,0,0,1.0,0
20340-16-11-1,1,1,59.0,1,1.0,0,0,0,78.8669052124023,4.0,7,7,4,20340,0,0,1,1,0,0,1.0,0
20340-91-11-1,1,1,77.0,1,1.0,0,0,0,78.8669052124023,4.0,7,7,2,20340,0,0,1,1,0,0,1.0,0
20340-92-11-1,1,2,44.0,1,1.0,1,1,0,78.8669052124023,6.0,7,7,7,20340,1,0,1,1,0,1,1.0,1
20346-9-11-1,1,1,33.0,1,1.0,0,0,0,65.1257705688477,4.0,7,7,4,20346,0,0,1,1,0,0,1.0,0
20346-12-11-1,1,1,43.0,1,1.0,0,0,0,65.1257705688477,5.0,7,7,3,20346,0,0,1,1,0,0,1.0,0
20346-123-11-1,1,1,69.0,1,0.0,0,0,0,65.1257705688477,5.0,7,7,3,20346,0,0,1,1,0,0,0.0,0
20346-124-11-1,1,1,36.0,1,1.0,0,0,0,65.1257705688477,1.0,7,7,2,20346,1,0,1,1,0,1,1.0,1
20348-29-11-1,1,1,56.0,1,1.0,0,0,0,78.8669052124023,5.0,8,7,3,20348,0,0,1,1,0,0,1.0,0
20348-30-11-1,1,2,56.0,1,1.0,0,0,0,78.8669052124023,3.0,8,7,1,20348,0,0,1,1,0,0,1.0,0
20348-31-11-1,1,1,46.0,1,1.0,0,0,0,78.8669052124023,6.0,8,7,1,20348,0,0,1,1,0,0,1.0,0
20349-1-11-1,1,2,48.0,1,1.0,0,0,0,71.8758087158203,1.0,8,7,3,20349,0,0,1,1,0,0,1.0,0
20349-7-11-1,1,1,36.0,1,1.0,0,0,0,71.8758087158203,3.0,8,7,1,20349,0,0,1,1,0,0,1.0,0
20349-8-11-1,1,1,40.0,1,1.0,0,0,0,71.8758087158203,6.0,8,7,6,20349,0,0,1,1,0,0,1.0,0
20349-38-11-1,1,1,61.0,1,1.0,0,0,0,71.8758087158203,10.0,8,7,4,20349,0,0,1,1,0,0,1.0,0
20349-41-11-1,1,1,51.0,1,1.0,0,0,0,71.8758087158203,6.0,8,7,5,20349,0,0,1,1,0,0,1.0,0
20350-10-11-1,1,2,27.0,1,1.0,0,0,0,71.8758087158203,4.0,7,7,4,20350,0,0,1,1,0,0,1.0,0
20350-111-11-1,1,1,57.0,1,1.0,0,0,0,71.8758087158203,3.0,7,7,1,20350,0,0,1,1,0,0,1.0,0
20350-112-11-1,1,1,25.0,1,1.0,0,0,0,71.8758087158203,8.0,7,7,3,20350,0,0,1,1,0,0,1.0,0
20350-113-11-1,1,1,67.0,1,1.0,0,0,0,71.8758087158203,5.0,7,7,2,20350,0,0,1,1,0,0,1.0,0
20351-29-11-1,1,1,42.0,1,1.0,0,0,0,65.1257705688477,3.0,7,7,4,20351,0,0,1,1,0,0,1.0,0
20351-32-11-1,1,2,29.0,1,1.0,0,0,0,65.1257705688477,3.0,7,7,7,20351,0,0,1,1,0,0,1.0,0
20351-142-11-1,1,1,35.0,1,1.0,0,0,0,65.1257705688477,1.0,7,7,7,20351,0,0,1,1,0,0,1.0,0
20351-144-11-1,1,1,27.0,1,1.0,0,0,0,65.1257705688477,3.0,7,7,2,20351,0,0,1,1,0,0,1.0,0
20352-1-11-1,1,2,73.0,1,1.0,0,0,0,74.6622085571289,1.0,8,7,3,20352,0,0,1,1,0,0,1.0,0
20352-3-11-1,1,1,46.0,1,1.0,0,0,0,74.6622085571289,6.0,8,7,9,20352,0,0,1,1,0,0,1.0,0
20352-4-11-1,1,1,44.0,1,1.0,0,0,0,74.6622085571289,6.0,8,7,1,20352,0,0,1,1,0,0,1.0,0
20352-64-11-1,1,1,69.0,1,1.0,0,0,0,74.6622085571289,5.0,8,7,2,20352,0,0,1,1,0,0,1.0,0
20352-66-11-1,1,1,44.0,1,1.0,0,0,0,74.6622085571289,6.0,8,7,2,20352,0,0,1,1,0,0,1.0,0
20355-1-11-1,1,1,26.0,1,1.0,0,0,0,71.8758087158203,3.0,7,7,4,20355,0,0,1,1,0,0,1.0,0
20355-2-11-1,1,1,20.0,1,1.0,0,0,0,71.8758087158203,3.0,7,7,3,20355,0,0,1,1,0,0,1.0,0
20355-4-11-1,1,1,40.0,1,1.0,0,0,0,71.8758087158203,3.0,7,7,9,20355,0,0,1,1,0,0,1.0,0
20355-122-11-1,1,1,32.0,1,1.0,0,0,0,71.8758087158203,1.0,7,7,7,20355,0,0,1,1,0,0,1.0,0
20355-123-11-1,1,1,34.0,1,1.0,0,0,0,71.8758087158203,1.0,7,7,8,20355,0,0,1,1,0,0,1.0,0
20356-13-11-1,1,2,69.0,1,1.0,0,0,0,65.1257705688477,3.0,8,7,2,20356,0,0,1,1,0,0,1.0,0
20356-14-11-1,1,1,82.0,1,1.0,0,0,0,65.1257705688477,3.0,8,7,4,20356,0,0,1,1,0,0,1.0,0
20356-15-11-1,1,1,52.0,1,1.0,0,0,0,65.1257705688477,4.0,8,7,5,20356,0,0,1,1,0,0,1.0,0
20356-16-11-1,1,1,40.0,1,1.0,0,0,0,65.1257705688477,5.0,8,7,6,20356,0,0,1,1,0,0,1.0,0
20356-98-11-1,1,2,38.0,1,1.0,0,0,0,65.1257705688477,3.0,8,7,4,20356,0,0,1,1,0,0,1.0,0
20356-102-11-1,1,1,38.0,1,1.0,0,0,0,65.1257705688477,7.0,8,7,5,20356,1,0,1,1,0,1,1.0,1
20356-103-11-1,1,1,28.0,1,1.0,0,0,0,65.1257705688477,6.0,8,7,2,20356,0,0,1,1,0,0,1.0,0
20356-104-11-1,1,1,71.0,1,1.0,0,0,0,65.1257705688477,3.0,8,7,2,20356,0,0,1,1,0,0,1.0,0
20506-7-11-1,1,2,45.0,1,1.0,1,0,0,295.487091064453,4.0,1,6,3,20506,0,0,1,1,0,0,1.0,0
20506-39-11-1,1,2,53.0,1,1.0,1,1,0,295.487091064453,7.0,1,6,3,20506,0,0,1,1,0,0,1.0,0
20506-55-11-1,1,1,56.0,1,1.0,1,0,0,295.487091064453,6.0,1,6,4,20506,1,0,1,1,0,1,1.0,1
20506-71-11-1,1,2,35.0,1,1.0,1,0,0,295.487091064453,6.0,1,6,5,20506,1,0,1,1,0,1,1.0,1
20517-9-11-1,1,1,47.0,1,0.0,0,0,0,60.419605255127,10.0,3,5,4,20517,0,0,1,1,0,0,0.0,0
20517-57-11-1,1,1,52.0,1,1.0,0,0,0,60.419605255127,6.0,3,5,4,20517,0,0,1,1,0,0,1.0,0
20517-68-11-1,1,1,39.0,1,0.0,0,0,0,60.419605255127,8.0,3,5,5,20517,0,0,1,1,0,0,0.0,0
20517-80-11-1,1,1,42.0,1,0.0,1,1,0,60.419605255127,6.0,3,5,6,20517,0,0,1,1,0,0,0.0,0
20528-2-11-1,1,1,43.0,1,1.0,0,0,0,171.927291870117,5.0,4,3,7,20528,0,0,1,1,0,0,1.0,0
20528-15-11-1,1,1,40.0,1,1.0,0,0,0,171.927291870117,6.0,4,3,3,20528,0,0,1,1,0,0,1.0,0
20528-29-11-1,1,1,37.0,1,0.0,1,0,0,171.927291870117,6.0,4,3,3,20528,0,0,1,1,0,0,0.0,0
20528-54-11-1,1,2,70.0,1,1.0,0,0,0,171.927291870117,3.0,4,3,7,20528,0,0,1,1,0,0,1.0,0
20528-79-11-1,1,2,30.0,1,1.0,1,1,0,171.927291870117,6.0,4,3,4,20528,0,0,1,1,0,0,1.0,0
20540-57-11-1,1,1,50.0,1,1.0,0,0,0,96.3474807739258,3.0,8,2,1,20540,0,0,1,1,0,0,1.0,0
20540-58-11-1,1,2,67.0,1,1.0,0,0,0,96.3474807739258,7.0,8,2,1,20540,0,0,1,1,0,0,1.0,0
20540-59-11-1,1,1,67.0,1,1.0,0,0,0,96.3474807739258,5.0,8,2,11,20540,0,0,1,1,0,0,1.0,0
20540-73-11-1,1,1,68.0,1,0.0,0,0,0,96.3474807739258,4.0,8,2,2,20540,0,0,1,1,0,0,0.0,0
20550-6-11-1,1,2,54.0,1,1.0,1,1,0,582.683776855469,6.0,1,8,2,20550,1,0,1,1,0,1,1.0,1
20550-27-11-1,1,1,51.0,1,1.0,0,0,0,582.683776855469,8.0,1,8,4,20550,0,0,1,1,0,0,1.0,0
20550-91-11-1,1,1,62.0,1,1.0,0,0,0,582.683776855469,6.0,1,8,4,20550,0,0,1,1,0,0,1.0,0
20563-53-11-1,1,1,61.0,1,1.0,0,0,0,89.3568115234375,4.0,7,5,6,20563,0,0,1,1,0,0,1.0,0
20563-54-11-1,1,1,43.0,1,1.0,0,0,0,89.3568115234375,3.0,7,5,4,20563,0,0,1,1,0,0,1.0,0
20563-55-11-1,1,1,44.0,1,1.0,0,0,0,89.3568115234375,3.0,7,5,4,20563,0,0,1,1,0,0,1.0,0
20563-56-11-1,1,1,57.0,1,1.0,0,0,0,89.3568115234375,3.0,7,5,3,20563,0,0,1,1,0,0,1.0,0
20563-153-11-1,1,1,74.0,1,1.0,0,0,0,89.3568115234375,4.0,7,5,1,20563,0,0,1,1,0,0,1.0,0
20563-154-11-1,1,1,50.0,1,1.0,0,0,0,89.3568115234375,4.0,7,5,5,20563,0,0,1,1,0,0,1.0,0
20563-155-11-1,1,1,43.0,1,1.0,0,0,0,89.3568115234375,6.0,7,5,6,20563,0,0,1,1,0,0,1.0,0
20563-156-11-1,1,1,62.0,1,1.0,0,0,0,89.3568115234375,5.0,7,5,3,20563,0,0,1,1,0,0,1.0,0
20564-9-11-1,1,1,52.0,1,1.0,0,0,0,250.901733398438,5.0,2,2,7,20564,0,0,1,1,0,0,1.0,0
20564-25-11-1,1,1,25.0,1,0.0,1,1,0,250.901733398438,8.0,2,2,2,20564,0,0,1,1,0,0,0.0,0
20564-41-11-1,1,1,76.0,1,1.0,0,0,0,250.901733398438,6.0,2,2,6,20564,0,0,1,1,0,0,1.0,0
20564-73-11-1,1,1,60.0,1,1.0,0,0,0,250.901733398438,6.0,2,2,2,20564,0,0,1,1,0,0,1.0,0
20566-39-11-1,1,1,38.0,1,1.0,0,0,0,150.620132446289,3.0,7,5,4,20566,0,0,1,1,0,0,1.0,0
20566-40-11-1,1,1,36.0,1,1.0,0,0,0,150.620132446289,5.0,7,5,4,20566,0,0,1,1,0,0,1.0,0
20566-83-11-1,1,1,41.0,1,1.0,1,1,0,150.620132446289,8.0,7,5,7,20566,0,0,1,1,0,0,1.0,0
20566-84-11-1,1,2,69.0,1,1.0,0,0,0,150.620132446289,1.0,7,5,1,20566,0,0,1,1,0,0,1.0,0
20566-85-11-1,1,1,43.0,1,1.0,0,0,0,150.620132446289,4.0,7,5,6,20566,0,0,1,1,0,0,1.0,0
20566-86-11-1,1,1,62.0,1,1.0,0,0,0,150.620132446289,4.0,7,5,3,20566,0,0,1,1,0,0,1.0,0
20566-87-11-1,1,1,51.0,1,1.0,0,0,0,150.620132446289,4.0,7,5,4,20566,1,0,1,1,0,1,1.0,1
20566-88-11-1,1,1,35.0,1,1.0,0,0,0,150.620132446289,6.0,7,5,6,20566,0,0,1,1,0,0,1.0,0
20567-9-11-1,1,2,61.0,1,1.0,0,0,0,169.707336425781,8.0,6,5,3,20567,0,0,1,1,0,0,1.0,0
20567-41-11-1,1,1,57.0,1,1.0,0,0,0,169.707336425781,1.0,6,5,2,20567,0,0,1,1,0,0,1.0,0
20567-49-11-1,1,1,86.0,1,0.0,0,0,0,169.707336425781,10.0,6,5,2,20567,0,0,1,1,0,0,0.0,0
20567-73-11-1,1,1,35.0,1,1.0,0,0,0,169.707336425781,7.0,6,5,1,20567,0,0,1,1,0,0,1.0,0
20568-4-11-1,1,2,46.0,1,1.0,0,0,0,280.348297119141,3.0,1,6,3,20568,1,0,1,1,0,1,1.0,1
20568-55-11-1,1,2,57.0,1,0.0,0,0,0,280.348297119141,10.0,1,6,4,20568,0,0,1,1,0,0,0.0,0
20568-124-11-1,1,1,55.0,1,1.0,0,0,0,280.348297119141,6.0,1,6,4,20568,0,0,1,1,0,0,1.0,0
20569-36-11-1,1,1,49.0,1,1.0,1,0,0,46.4304733276367,5.0,3,3,4,20569,0,0,1,1,0,0,1.0,0
20569-54-11-1,1,1,58.0,1,0.0,0,0,0,46.4304733276367,6.0,3,3,3,20569,1,0,1,1,0,1,0.0,1
20569-106-11-1,1,1,37.0,1,1.0,1,1,0,46.4304733276367,8.0,3,3,4,20569,1,0,1,1,0,1,1.0,1
20572-21-11-1,1,1,43.0,1,1.0,0,0,0,276.668487548828,6.0,2,7,2,20572,0,0,1,1,0,0,1.0,0
20572-32-12-1,1,1,64.0,1,1.0,0,0,0,276.668487548828,4.0,2,7,4,20572,0,0,1,1,0,0,1.0,0
20572-54-11-1,1,1,30.0,1,0.0,1,1,0,276.668487548828,6.0,2,7,2,20572,0,0,1,1,0,0,0.0,0
20572-65-11-1,1,1,61.0,1,1.0,0,0,0,276.668487548828,4.0,2,7,10,20572,0,0,1,1,0,0,1.0,0
20579-53-11-1,1,1,45.0,1,1.0,1,1,0,150.508880615234,4.0,3,3,4,20579,0,0,1,1,0,0,1.0,0
20579-94-11-1,1,1,20.0,1,1.0,1,1,0,150.508880615234,6.0,3,3,1,20579,1,0,1,1,0,1,1.0,1
20588-24-11-1,1,2,37.0,1,1.0,0,0,0,396.512878417969,7.0,2,3,3,20588,0,0,1,1,0,0,1.0,0
20588-49-11-1,1,2,41.0,1,0.0,1,1,0,396.512878417969,6.0,2,3,3,20588,0,0,1,1,0,0,0.0,0
20592-81-11-1,1,1,29.0,1,1.0,1,1,0,410.718353271484,3.0,2,5,4,20592,0,0,1,1,0,0,1.0,0
20595-25-11-1,1,1,63.0,1,1.0,0,0,0,140.304168701172,3.0,8,4,6,20595,0,0,1,1,0,0,1.0,0
20595-26-11-1,1,1,46.0,1,1.0,0,0,0,140.304168701172,4.0,8,4,3,20595,0,0,1,1,0,0,1.0,0
20595-27-11-1,1,1,52.0,1,1.0,0,0,0,140.304168701172,6.0,8,4,6,20595,0,0,1,1,0,0,1.0,0
20595-28-11-1,1,2,83.0,1,1.0,0,0,0,140.304168701172,1.0,8,4,1,20595,0,0,1,1,0,0,1.0,0
20595-97-11-1,1,1,68.0,1,0.0,0,0,0,140.304168701172,6.0,8,4,1,20595,0,0,1,1,0,0,0.0,0
20595-99-11-1,1,1,71.0,1,1.0,0,0,0,140.304168701172,3.0,8,4,2,20595,0,0,1,1,0,0,1.0,0
20595-100-11-1,1,1,40.0,1,1.0,0,0,0,140.304168701172,6.0,8,4,5,20595,0,0,1,1,0,0,1.0,0
20595-101-11-1,1,1,60.0,1,1.0,0,0,0,140.304168701172,3.0,8,4,1,20595,0,0,1,1,0,0,1.0,0
20597-5-11-1,1,1,56.0,1,1.0,0,0,0,127.415306091309,4.0,8,5,3,20597,0,0,1,1,0,0,1.0,0
20597-45-11-1,1,1,79.0,1,1.0,0,0,0,127.415306091309,4.0,8,5,2,20597,0,0,1,1,0,0,1.0,0
20597-46-11-1,1,1,62.0,1,0.0,0,0,0,127.415306091309,6.0,8,5,1,20597,0,1,1,1,0,0,0.0,0
20597-50-11-1,1,1,77.0,1,1.0,0,0,0,127.415306091309,4.0,8,5,2,20597,0,0,1,1,0,0,1.0,0
20604-1-11-1,1,1,70.0,1,1.0,0,0,0,98.3941040039063,3.0,7,2,2,20604,0,0,1,1,0,0,1.0,0
20604-2-11-1,1,1,62.0,1,1.0,0,0,0,98.3941040039063,3.0,7,2,3,20604,0,0,1,1,0,0,1.0,0
20604-3-11-1,1,1,59.0,1,1.0,0,0,0,98.3941040039063,3.0,7,2,5,20604,0,0,1,1,0,0,1.0,0
20604-4-11-1,1,1,61.0,1,1.0,0,0,0,98.3941040039063,4.0,7,2,6,20604,0,0,1,1,0,0,1.0,0
20604-109-11-1,1,1,70.0,1,1.0,0,0,0,98.3941040039063,3.0,7,2,1,20604,0,0,1,1,0,0,1.0,0
20604-110-11-1,1,1,58.0,1,1.0,0,0,0,98.3941040039063,4.0,7,2,2,20604,0,0,1,1,0,0,1.0,0
20604-111-11-1,1,1,64.0,1,1.0,0,0,0,98.3941040039063,4.0,7,2,4,20604,0,0,1,1,0,0,1.0,0
20604-112-11-1,1,1,47.0,1,1.0,0,0,0,98.3941040039063,3.0,7,2,8,20604,0,0,1,1,0,0,1.0,0
20606-7-11-1,1,1,73.0,1,1.0,0,0,0,149.580154418945,11.0,6,5,1,20606,0,0,1,1,0,0,1.0,0
20606-28-11-1,1,1,56.0,1,1.0,0,0,0,149.580154418945,6.0,6,5,4,20606,0,0,1,1,0,0,1.0,0
20606-113-11-1,1,2,63.0,1,1.0,0,0,0,149.580154418945,1.0,6,5,3,20606,0,0,1,1,0,0,1.0,0
20607-77-11-1,1,1,66.0,1,1.0,0,0,0,149.580154418945,3.0,7,5,2,20607,0,0,1,1,0,0,1.0,0
20607-78-11-1,1,2,30.0,1,1.0,0,0,0,149.580154418945,6.0,7,5,4,20607,0,0,1,1,0,0,1.0,0
20607-80-11-1,1,1,45.0,1,1.0,1,1,0,149.580154418945,5.0,7,5,3,20607,0,0,1,1,0,0,1.0,0
20607-178-11-1,1,1,54.0,1,1.0,0,0,0,149.580154418945,4.0,7,5,2,20607,0,0,1,1,0,0,1.0,0
20607-179-11-1,1,2,57.0,1,1.0,0,0,0,149.580154418945,4.0,7,5,2,20607,0,0,1,1,0,0,1.0,0
20607-182-11-1,1,2,60.0,1,1.0,0,0,0,149.580154418945,3.0,7,5,2,20607,0,0,1,1,0,0,1.0,0
20607-183-11-1,1,2,75.0,1,1.0,0,0,0,149.580154418945,1.0,7,5,1,20607,0,0,1,1,0,0,1.0,0
20611-24-11-1,1,2,53.0,1,0.0,1,0,0,242.733139038086,8.0,2,2,1,20611,1,0,1,1,0,1,0.0,1
20611-72-11-1,1,2,59.0,1,1.0,1,0,0,242.733139038086,10.0,2,2,1,20611,0,0,1,1,0,0,1.0,0
20611-89-11-1,1,1,51.0,1,1.0,1,1,0,242.733139038086,3.0,2,2,5,20611,0,0,1,1,0,0,1.0,0
20616-73-11-1,1,1,50.0,1,1.0,0,0,0,84.2815246582031,5.0,7,5,4,20616,0,0,1,1,0,0,1.0,0
20616-74-11-1,1,1,78.0,1,0.0,0,0,0,84.2815246582031,4.0,7,5,1,20616,0,0,1,1,0,0,0.0,0
20616-76-11-1,1,2,51.0,1,1.0,0,0,0,84.2815246582031,3.0,7,5,3,20616,0,0,1,1,0,0,1.0,0
20616-145-11-1,1,1,48.0,1,1.0,0,0,0,84.2815246582031,3.0,7,5,3,20616,0,0,1,1,0,0,1.0,0
20616-146-11-1,1,1,75.0,1,1.0,0,0,0,84.2815246582031,3.0,7,5,2,20616,0,0,1,1,0,0,1.0,0
20616-149-11-1,1,2,42.0,1,1.0,0,0,0,84.2815246582031,3.0,7,5,5,20616,0,0,1,1,0,0,1.0,0
20616-151-11-1,1,2,85.0,1,1.0,0,0,0,84.2815246582031,1.0,7,5,1,20616,0,0,1,1,0,0,1.0,0
20616-152-11-1,1,1,72.0,1,1.0,0,0,0,84.2815246582031,4.0,7,5,2,20616,0,0,1,1,0,0,1.0,0
20618-14-11-1,1,1,28.0,1,0.0,0,0,0,142.552352905273,5.0,8,7,4,20618,1,0,1,1,0,1,0.0,1
20618-15-11-1,1,1,31.0,1,1.0,0,0,0,142.552352905273,6.0,8,7,3,20618,0,0,1,1,0,0,1.0,0
20618-63-11-1,1,1,39.0,1,1.0,0,0,0,142.552352905273,3.0,8,7,6,20618,0,0,1,1,0,0,1.0,0
20618-64-11-1,1,1,58.0,1,1.0,0,0,0,142.552352905273,1.0,8,7,3,20618,0,0,1,1,0,0,1.0,0
20618-65-11-1,1,1,32.0,1,1.0,0,0,0,142.552352905273,4.0,8,7,4,20618,0,1,1,1,0,0,1.0,0
20618-66-11-1,1,1,55.0,1,1.0,0,0,0,142.552352905273,5.0,8,7,3,20618,0,0,1,1,0,0,1.0,0
20618-67-11-1,1,1,28.0,1,1.0,0,0,0,142.552352905273,6.0,8,7,3,20618,0,0,1,1,0,0,1.0,0
20618-68-11-1,1,1,44.0,1,1.0,0,0,0,142.552352905273,5.0,8,7,4,20618,0,0,1,1,0,0,1.0,0
20620-13-11-1,1,1,31.0,1,1.0,1,1,0,153.613662719727,6.0,4,1,4,20620,0,0,1,1,0,0,1.0,0
20620-73-11-1,1,2,59.0,1,1.0,0,0,0,153.613662719727,4.0,4,1,1,20620,0,0,1,1,0,0,1.0,0
20622-99-11-1,1,1,43.0,1,0.0,1,0,0,38.0387725830078,9.0,4,7,4,20622,1,0,1,1,0,1,0.0,1
20623-33-11-1,1,1,38.0,1,1.0,0,0,0,217.689697265625,5.0,4,7,5,20623,0,0,1,1,0,0,1.0,0
20631-4-11-1,1,1,34.0,1,1.0,1,1,0,1113.88488769531,9.0,1,8,4,20631,0,0,1,1,0,0,1.0,0
20631-60-11-1,1,2,26.0,1,0.0,1,1,0,1113.88488769531,7.0,1,8,3,20631,1,0,1,1,0,1,0.0,1
20648-15-11-1,1,2,31.0,1,1.0,0,0,0,37.2270202636719,5.0,5,3,3,20648,0,1,1,1,0,0,1.0,0
20648-81-11-1,1,1,62.0,1,1.0,0,0,0,37.2270202636719,4.0,5,3,3,20648,0,0,1,1,0,0,1.0,0
20648-146-11-1,1,2,42.0,1,1.0,0,0,0,37.2270202636719,4.0,5,3,3,20648,0,0,1,1,0,0,1.0,0
