id_persona,jefe_hogar,sexo,edad,ocupado,trabajador_informal,tiene_billetera,usa_billetera,credito_formal_2024,factor_expansion,nivel_educativo,estrato,dominio,miembros_hogar,conglomerado,ingreso_percapita_2024,gasto_percapita_2024,credito_formal_2025,ingreso_percapita_2025,gasto_percapita_2025,razon_no_credito,razon_demanda,razon_deuda,razon_intereses,razon_costos,razon_requisitos,razon_infocorp,razon_otro,tiene_barrera_credito,credito_informal_2025,nuevo_credito_formal
15014-25-11-1,1,2,39.0,1,1.0,1,1,0,69.4570999145508,7.0,4,4,4,15014,4260.55712890625,3842.056640625,1,6646.53369140625,4938.5087890625,10.0,0,0,0,0,1,0,0,1,1,1
15020-88-11-1,1,2,49.0,1,0.0,1,0,0,79.8167572021484,8.0,4,4,1,15020,15377.0,18058.73828125,0,33420.85546875,27278.095703125,8.0,0,0,1,0,0,0,0,1,0,0
15021-59-11-1,1,1,48.0,1,0.0,1,1,0,102.967529296875,8.0,4,4,5,15021,26133.7125,20010.0296875,0,21892.986328125,20018.39453125,7.0,0,1,0,0,0,0,0,1,0,0
15058-20-11-1,1,1,66.0,1,0.0,0,0,0,271.278656005859,6.0,5,7,3,15058,13531.0703125,16979.75,0,13968.89453125,10224.008463541666,8.0,0,0,1,0,0,0,0,1,0,0
15058-52-11-1,1,1,38.0,1,1.0,1,0,0,271.278656005859,6.0,5,7,5,15058,3426.112890625,5864.0984375,0,7123.97578125,7672.9203125,8.0,0,0,1,0,0,0,0,1,0,0
15058-68-11-1,1,1,30.0,1,1.0,0,0,0,271.278656005859,8.0,5,7,2,15058,16051.103515625,13413.9013671875,0,21291.50390625,14643.9521484375,10.0,0,0,0,0,1,0,0,1,0,0
15062-4-11-1,1,2,89.0,1,1.0,0,0,0,138.394668579102,3.0,5,7,2,15062,6866.2001953125,5162.8671875,0,26902.28515625,27479.8359375,8.0,0,0,1,0,0,0,0,1,0,0
15062-14-11-1,1,1,62.0,1,0.0,0,0,0,138.394668579102,5.0,5,7,3,15062,7658.647786458333,9193.192057291666,0,7462.649088541667,5773.716796875,8.0,0,0,1,0,0,0,0,1,0,0
15062-27-11-1,1,2,43.0,1,1.0,0,0,0,138.394668579102,3.0,5,7,3,15062,4515.880208333333,3185.5807291666665,0,4132.6533203125,4550.653645833333,8.0,0,0,1,0,0,0,0,1,0,0
15062-71-11-1,1,1,47.0,1,0.0,0,0,0,138.394668579102,6.0,5,7,1,15062,20180.607421875,14064.58984375,0,25171.361328125,15325.2724609375,8.0,0,0,1,0,0,0,0,1,0,0
15063-122-11-1,1,2,44.0,1,1.0,1,1,0,163.678207397461,5.0,5,7,3,15063,11044.919270833334,11459.587239583334,0,24315.20052083333,15517.5546875,8.0,0,0,1,0,0,0,0,1,0,0
15064-89-11-1,1,2,38.0,1,1.0,0,0,0,283.740692138672,3.0,5,7,3,15064,8177.853515625,9833.091796875,1,7835.865234375,8713.15625,7.0,0,1,0,0,0,0,0,1,0,1
15065-25-11-1,1,2,44.0,1,0.0,0,0,0,125.811553955078,8.0,4,7,1,15065,22792.35546875,18432.271484375,0,29030.90234375,27676.119140625,8.0,0,0,1,0,0,0,0,1,0,0
15065-59-11-1,1,1,40.0,1,1.0,0,0,0,125.811553955078,6.0,4,7,4,15065,8136.68505859375,9201.484375,0,14246.2470703125,7711.068359375,8.0,0,0,1,0,0,0,0,1,0,0
15067-95-11-1,1,1,46.0,1,1.0,0,0,0,283.740692138672,4.0,4,7,2,15067,7213.884765625,6340.673828125,1,27774.509765625,30058.61328125,8.0,0,0,1,0,0,0,0,1,0,1
15068-12-11-1,1,1,43.0,1,1.0,0,0,0,271.278656005859,6.0,5,7,4,15068,11851.705078125,10258.67578125,0,17364.35546875,31276.791015625,8.0,0,0,1,0,0,0,0,1,0,0
15068-94-11-1,1,1,48.0,1,0.0,0,0,0,271.278656005859,7.0,5,7,4,15068,5166.2978515625,4994.2841796875,0,3402.99951171875,4752.63037109375,8.0,0,0,1,0,0,0,0,1,0,0
15069-59-11-1,1,2,69.0,1,1.0,0,0,0,302.895935058594,5.0,4,7,1,15069,18683.66015625,15599.390625,0,18832.29296875,15689.18359375,7.0,0,1,0,0,0,0,0,1,0,0
15070-108-11-1,1,2,51.0,1,1.0,0,0,0,283.740692138672,3.0,4,7,4,15070,23214.61328125,10741.4091796875,0,10859.7119140625,7071.7216796875,8.0,0,0,1,0,0,0,0,1,0,0
15071-2-11-1,1,1,41.0,1,0.0,1,0,0,318.304809570313,6.0,5,7,7,15071,16890.2578125,8875.93638392857,0,13960.109375,8924.39732142857,8.0,0,0,1,0,0,0,0,1,0,0
15071-32-11-1,1,2,34.0,1,1.0,0,0,0,318.304809570313,5.0,5,7,6,15071,5401.2080078125,5017.765625,0,6784.501302083333,3719.9541015625,8.0,0,0,1,0,0,0,0,1,0,0
15072-98-11-1,1,2,58.0,1,1.0,0,0,0,318.304809570313,4.0,4,7,2,15072,11061.6376953125,13816.572265625,0,20487.953125,18153.78125,11.0,0,0,0,0,0,1,0,1,0,0
15073-99-11-1,1,1,73.0,1,1.0,0,0,0,318.304809570313,3.0,5,7,2,15073,17386.388671875,12036.1884765625,0,7050.6103515625,8638.369140625,12.0,0,0,0,0,0,0,1,1,0,0
15074-18-11-1,1,1,42.0,1,0.0,1,0,0,283.740692138672,10.0,5,7,3,15074,50390.473958333336,20874.94270833333,0,66752.2578125,19805.8359375,12.0,0,0,0,0,0,0,1,1,0,0
15078-75-11-1,1,1,51.0,1,1.0,0,0,0,78.585823059082,4.0,6,4,4,15078,9989.896484375,7522.32861328125,0,5417.415690104167,6339.981770833333,7.0,0,1,0,0,0,0,0,1,0,0
15090-29-11-1,1,1,72.0,1,1.0,0,0,0,74.3708267211914,4.0,8,4,2,15090,5918.8515625,4441.15478515625,0,7622.46337890625,6362.16162109375,12.0,0,0,0,0,0,0,1,1,0,0
15090-77-11-1,1,1,39.0,1,1.0,0,0,0,74.3708267211914,3.0,8,4,6,15090,3496.802734375,2587.5203450520835,0,4294.250325520833,2995.81640625,12.0,0,0,0,0,0,0,1,1,0,0
15096-89-11-1,1,1,38.0,1,0.0,0,0,0,74.3708267211914,4.0,7,4,1,15096,10038.9296875,9497.3447265625,1,6995.57080078125,12466.9765625,7.0,0,1,0,0,0,0,0,1,1,1
15099-74-11-1,1,1,37.0,1,1.0,1,0,0,78.585823059082,4.0,7,4,5,15099,2564.821484375,2852.7373046875,0,2351.9718424479165,2458.17333984375,12.0,0,0,0,0,0,0,1,1,0,0
15099-158-11-1,1,1,49.0,1,1.0,0,0,0,78.585823059082,3.0,7,4,3,15099,5382.953776041667,6326.211588541667,0,6987.67578125,4010.0901692708335,8.0,0,0,1,0,0,0,0,1,0,0
15099-159-11-1,1,1,75.0,1,1.0,0,0,0,78.585823059082,4.0,7,4,2,15099,3563.145263671875,5350.8095703125,0,6161.17041015625,4096.4208984375,9.0,0,0,0,1,0,0,0,1,0,0
15104-69-11-1,1,1,55.0,1,1.0,0,0,0,72.2517242431641,3.0,7,4,6,15104,3818.076171875,4755.654947916667,0,13871.60546875,5563.821614583333,12.0,0,0,0,0,0,0,1,1,1,0
15140-64-11-1,1,1,48.0,1,1.0,0,0,0,71.17578125,5.0,7,7,3,15140,7795.393880208333,6846.125,1,5856.452473958333,5278.509114583333,7.0,0,1,0,0,0,0,0,1,0,1
15142-162-11-1,1,1,44.0,1,1.0,0,0,0,71.17578125,9.0,7,7,4,15142,6355.20361328125,6887.2451171875,0,7688.6865234375,6284.81103515625,10.0,0,0,0,0,1,0,0,1,0,0
15157-42-11-1,1,1,37.0,1,1.0,0,0,0,65.3573379516602,6.0,8,7,4,15157,6574.9521484375,4783.38671875,0,7052.99169921875,6382.69677734375,8.0,0,0,1,0,0,0,0,1,0,0
15161-326-11-1,1,1,69.0,1,1.0,0,0,0,65.2061309814453,3.0,7,7,1,15161,11841.3779296875,7592.16650390625,0,16911.171875,7733.56689453125,12.0,0,0,0,0,0,0,1,1,0,0
15161-327-11-1,1,1,61.0,1,1.0,0,0,0,65.2061309814453,3.0,7,7,4,15161,4949.2802734375,2898.35693359375,0,4587.6650390625,3461.968017578125,12.0,0,0,0,0,0,0,1,1,0,0
15162-398-11-1,1,1,36.0,1,1.0,0,0,0,71.17578125,6.0,7,7,3,15162,4367.195963541667,2482.496419270833,0,5856.738932291667,3150.173828125,8.0,0,0,1,0,0,0,0,1,0,0
15163-41-11-1,1,1,27.0,1,1.0,0,0,0,65.3573379516602,5.0,8,7,4,15163,3608.674560546875,3189.0830078125,0,2462.33056640625,2632.09326171875,10.0,0,0,0,0,1,0,0,1,0,0
15164-1-11-1,1,1,39.0,1,1.0,0,0,0,71.17578125,3.0,8,7,5,15164,2285.276953125,6592.72734375,0,13639.153125,12299.42734375,11.0,0,0,0,0,0,1,0,1,1,0
15165-7-11-1,1,1,31.0,1,0.0,1,1,0,65.3573379516602,9.0,6,7,2,15165,15376.6806640625,11660.7705078125,1,19484.97265625,12973.380859375,7.0,0,1,0,0,0,0,0,1,0,1
15165-20-11-1,1,1,57.0,1,1.0,0,0,0,65.3573379516602,5.0,6,7,2,15165,9061.517578125,11125.845703125,0,12769.2724609375,9707.798828125,12.0,0,0,0,0,0,0,1,1,0,0
15167-119-11-1,1,2,57.0,1,1.0,0,0,0,65.3573379516602,1.0,7,7,5,15167,4865.605078125,3937.98359375,0,8369.80859375,4805.23486328125,8.0,0,0,1,0,0,0,0,1,0,0
15169-1-11-1,1,1,61.0,1,1.0,0,0,0,65.2061309814453,4.0,7,7,3,15169,4523.229166666667,4410.0595703125,0,6417.063802083333,6515.623697916667,10.0,0,0,0,0,1,0,0,1,0,0
15169-121-11-1,1,1,59.0,1,1.0,0,0,0,65.2061309814453,3.0,7,7,6,15169,2936.9000651041665,2032.6513671875,0,2537.9410807291665,3121.4928385416665,10.0,0,0,0,0,1,0,0,1,0,0
15171-34-11-1,1,2,70.0,1,1.0,0,0,0,56.599250793457,1.0,8,7,1,15171,9224.33203125,5745.2548828125,0,5729.7158203125,4740.751953125,12.0,0,0,0,0,0,0,1,1,0,0
15172-57-11-1,1,1,42.0,1,1.0,0,0,0,56.599250793457,3.0,7,7,8,15172,2193.78125,2895.337646484375,0,2472.6135602678573,2939.197265625,9.0,0,0,0,1,0,0,0,1,0,0
15172-183-11-1,1,1,36.0,1,1.0,0,0,0,56.599250793457,6.0,7,7,5,15172,3440.35078125,3347.021875,1,2048.8533203125,2633.616015625,8.0,0,0,1,0,0,0,0,1,0,1
15173-122-11-1,1,1,25.0,1,1.0,0,0,0,65.2061309814453,5.0,7,7,4,15173,7952.619140625,5362.99658203125,0,5031.7802734375,3511.798583984375,12.0,0,0,0,0,0,0,1,1,0,0
15173-123-11-1,1,1,70.0,1,1.0,0,0,0,65.2061309814453,4.0,7,7,2,15173,4535.67529296875,4739.7861328125,0,6239.6884765625,3911.61083984375,12.0,0,0,0,0,0,0,1,1,0,0
15173-127-11-1,1,1,55.0,1,1.0,0,0,0,65.2061309814453,8.0,7,7,4,15173,2161.583251953125,4497.14892578125,0,6544.26611328125,7066.45751953125,8.0,0,0,1,0,0,0,0,1,0,0
15175-87-11-1,1,1,59.0,1,1.0,0,0,0,65.3573379516602,4.0,7,7,3,15175,7060.249348958333,8553.823567708334,0,3152.3853515625,4161.4859375,12.0,0,0,0,0,0,0,1,1,0,0
15176-24-11-1,1,2,79.0,1,1.0,0,0,0,65.3573379516602,3.0,7,7,2,15176,10719.5068359375,6377.98095703125,0,3457.904541015625,2992.019775390625,12.0,0,0,0,0,0,0,1,1,0,0
15182-128-11-1,1,1,30.0,1,0.0,0,0,0,56.599250793457,5.0,7,7,3,15182,4368.278971354167,7786.614583333333,1,7029.626953125,6402.720703125,10.0,0,0,0,0,1,0,0,1,0,1
15182-129-11-1,1,1,38.0,1,1.0,0,0,0,56.599250793457,5.0,7,7,6,15182,5577.32421875,5857.690755208333,0,9010.869791666666,8630.274739583334,12.0,0,0,0,0,0,0,1,1,0,0
15182-130-11-1,1,1,53.0,1,1.0,0,0,0,56.599250793457,4.0,7,7,8,15182,5761.373046875,5046.55419921875,0,5865.673177083333,4150.524739583333,12.0,0,0,0,0,0,0,1,1,0,0
15184-80-11-1,1,2,63.0,1,1.0,0,0,0,71.17578125,4.0,8,7,2,15184,9678.25390625,11203.3828125,0,8431.1552734375,6646.8671875,10.0,0,0,0,0,1,0,0,1,0,0
15226-92-11-1,1,1,61.0,1,0.0,1,1,0,456.346343994141,6.0,2,2,3,15226,7416.3359375,7074.34375,1,13704.146484375,10754.1162109375,7.0,0,1,0,0,0,0,0,1,0,1
15233-108-22-1,1,1,39.0,1,1.0,1,0,0,608.461791992188,4.0,2,2,4,15233,4082.900634765625,5462.44677734375,0,3943.757568359375,4440.25634765625,8.0,0,0,1,0,0,0,0,1,0,0
15234-53-11-1,1,2,71.0,1,1.0,0,0,0,284.089172363281,6.0,2,2,6,15234,9761.18359375,6589.936848958333,0,21030.28515625,18744.630859375,11.0,0,0,0,0,0,1,0,1,0,0
15234-92-11-1,1,2,35.0,1,1.0,1,1,0,284.089172363281,8.0,2,2,4,15234,5303.693359375,5544.77880859375,0,7455.935546875,7240.849609375,11.0,0,0,0,0,0,1,0,1,0,0
15238-106-11-1,1,2,51.0,1,1.0,0,0,0,281.693450927734,3.0,2,2,5,15238,7864.48515625,7413.0015625,0,7194.640625,5576.658203125,11.0,0,0,0,0,0,1,0,1,0,0
15240-1-11-1,1,1,38.0,1,0.0,1,1,0,190.234710693359,10.0,2,2,3,15240,16282.135416666666,16147.91796875,0,72437.4453125,51332.890625,11.0,0,0,0,0,0,1,0,1,0,0
15240-53-11-1,1,2,37.0,1,0.0,1,0,0,190.234710693359,11.0,2,2,3,15240,29399.33333333333,14929.470052083334,1,19503.28125,14425.7041015625,7.0,0,1,0,0,0,0,0,1,0,1
15241-31-11-1,1,2,48.0,1,1.0,1,1,0,7.13996362686157,6.0,2,2,5,15241,11750.3375,11150.64140625,1,10449.623046875,9172.728515625,,0,0,0,0,0,0,0,0,0,1
15241-69-11-1,1,1,33.0,1,0.0,1,1,0,7.13996362686157,9.0,2,2,1,15241,292470.65625,60978.7734375,0,31391.037109375,31304.099609375,11.0,0,0,0,0,0,1,0,1,0,0
15243-32-11-1,1,2,61.0,1,0.0,0,0,0,520.7001953125,11.0,2,2,3,15243,26219.315104166668,16737.6328125,1,21016.940104166668,15580.16015625,7.0,0,1,0,0,0,0,0,1,0,1
15263-3-11-1,1,2,59.0,1,1.0,0,0,0,313.335693359375,6.0,4,2,2,15263,17252.677734375,12523.5185546875,1,29188.240234375,15649.21484375,,0,0,0,0,0,0,0,0,0,1
15263-40-11-1,1,1,35.0,1,1.0,1,1,0,313.335693359375,7.0,4,2,2,15263,14031.8271484375,12732.86328125,0,18239.59375,12777.044921875,11.0,0,0,0,0,0,1,0,1,0,0
15263-75-11-1,1,1,46.0,1,1.0,1,1,0,313.335693359375,6.0,4,2,6,15263,11371.119791666666,9537.877604166666,0,10422.563151041666,10405.498697916666,11.0,0,0,0,0,0,1,0,1,0,0
15263-94-11-1,1,1,36.0,1,0.0,1,1,0,313.335693359375,6.0,4,2,5,15263,7956.2,7356.56640625,1,6691.61796875,7735.13984375,7.0,0,1,0,0,0,0,0,1,0,1
15264-21-11-1,1,1,63.0,1,1.0,0,0,0,280.732147216797,8.0,4,2,3,15264,16376.166666666666,15547.309895833334,0,10497.009765625,10559.012369791666,11.0,0,0,0,0,0,1,0,1,0,0
15283-15-11-1,1,2,56.0,1,1.0,0,0,0,195.429351806641,6.0,2,5,3,15283,21336.53645833333,12236.928385416666,0,18962.03125,8247.369140625,10.0,0,0,0,0,1,0,0,1,0,0
15287-56-11-1,1,1,46.0,1,0.0,1,1,0,73.9892578125,5.0,2,5,4,15287,14166.310546875,13277.38671875,0,14732.3349609375,11332.9775390625,8.0,0,0,1,0,0,0,0,1,0,0
15287-94-11-1,1,2,45.0,1,1.0,0,0,0,73.9892578125,8.0,2,5,3,15287,6111.291666666667,4426.26171875,0,5121.553059895833,4929.266927083333,12.0,0,0,0,0,0,0,1,1,0,0
15287-133-11-1,1,1,73.0,1,1.0,0,0,0,73.9892578125,3.0,2,5,2,15287,5146.72314453125,4760.9697265625,0,7034.78564453125,9549.6337890625,8.0,0,0,1,0,0,0,0,1,0,0
15297-18-11-1,1,1,70.0,1,1.0,0,0,0,210.793838500977,1.0,2,5,3,15297,12130.8125,6615.570963541667,0,21108.38671875,10035.9794921875,12.0,0,0,0,0,0,0,1,1,0,0
15297-44-11-1,1,1,44.0,1,0.0,1,1,0,210.793838500977,8.0,2,5,4,15297,9453.7890625,6853.96728515625,1,4905.89013671875,8465.25390625,9.0,0,0,0,1,0,0,0,1,1,1
15297-71-11-1,1,1,51.0,1,1.0,0,0,0,210.793838500977,4.0,2,5,5,15297,15092.8828125,12956.83828125,0,22384.19270833333,9452.342447916666,12.0,0,0,0,0,0,0,1,1,0,0
15298-73-11-1,1,2,69.0,1,0.0,1,1,0,177.212142944336,8.0,2,5,1,15298,51775.18359375,48863.27734375,0,58256.09765625,54928.42578125,12.0,0,0,0,0,0,0,1,1,0,0
15299-4-11-1,1,2,65.0,1,1.0,0,0,0,566.257385253906,5.0,2,5,5,15299,11793.26953125,7687.0953125,0,7961.620535714285,6315.146763392857,12.0,0,0,0,0,0,0,1,1,0,0
15299-31-11-1,1,2,72.0,1,1.0,0,0,0,566.257385253906,3.0,2,5,1,15299,6211.93408203125,3111.00244140625,0,7558.6279296875,8148.7392578125,12.0,0,0,0,0,0,0,1,1,0,0
15299-45-11-1,1,1,47.0,1,1.0,0,0,0,566.257385253906,6.0,2,5,6,15299,8911.798177083334,6782.836588541667,0,14134.25,8167.0791015625,12.0,0,0,0,0,0,0,1,1,0,0
15299-59-11-1,1,1,75.0,1,1.0,0,0,0,566.257385253906,3.0,2,5,1,15299,17184.38671875,13128.6787109375,0,11404.837890625,13057.83984375,12.0,0,0,0,0,0,0,1,1,0,0
15301-53-11-1,1,1,35.0,1,0.0,0,0,0,260.572479248047,10.0,2,5,1,15301,19160.9765625,18552.7734375,1,24907.240234375,14079.546875,8.0,0,0,1,0,0,0,0,1,0,1
15303-55-11-1,1,2,59.0,1,0.0,1,1,0,158.09538269043,11.0,2,5,3,15303,44924.911458333336,39274.4453125,0,34972.216145833336,20281.65625,8.0,0,0,1,0,0,0,0,1,0,0
15303-131-11-1,1,1,59.0,1,1.0,0,0,0,158.09538269043,3.0,2,5,5,15303,20374.9296875,13388.775,0,17873.2765625,12520.0921875,12.0,0,0,0,0,0,0,1,1,0,0
15315-50-11-1,1,2,58.0,1,1.0,0,0,0,557.662719726563,4.0,5,5,3,15315,8904.673177083334,11847.1015625,0,8412.072916666666,9757.419921875,12.0,0,0,0,0,0,0,1,1,1,0
15315-96-11-1,1,1,59.0,1,1.0,0,0,0,557.662719726563,4.0,5,5,3,15315,11707.56640625,7418.089192708333,0,21886.643229166668,11955.221354166666,12.0,0,0,0,0,0,0,1,1,0,0
15315-112-11-1,1,1,48.0,1,1.0,1,1,0,557.662719726563,6.0,5,5,6,15315,10737.514973958334,7457.28515625,0,6066.555338541667,8122.589192708333,8.0,0,0,1,0,0,0,0,1,0,0
15317-34-11-1,1,1,49.0,1,1.0,0,0,0,236.282852172852,6.0,5,5,4,15317,13811.2236328125,13593.2470703125,0,20658.8828125,19840.73828125,12.0,0,0,0,0,0,0,1,1,0,0
15317-49-11-1,1,1,50.0,1,1.0,0,0,0,236.282852172852,4.0,5,5,4,15317,4445.162109375,4022.0751953125,0,1958.0072021484373,3762.865478515625,12.0,0,0,0,0,0,0,1,1,0,0
15318-20-11-1,1,1,60.0,1,1.0,0,0,0,566.257385253906,3.0,5,5,2,15318,11479.1552734375,8684.7314453125,0,14270.228515625,11813.005859375,12.0,0,0,0,0,0,0,1,1,0,0
15318-33-11-1,1,1,41.0,1,1.0,0,0,0,566.257385253906,6.0,5,5,3,15318,6699.141276041667,5159.0595703125,0,15842.5,7336.570963541667,8.0,0,0,1,0,0,0,0,1,0,0
15318-48-11-1,1,2,26.0,1,1.0,0,0,0,566.257385253906,6.0,5,5,3,15318,6129.188802083333,4413.621744791667,0,5767.512890625,3817.7734375,12.0,0,0,0,0,0,0,1,1,0,0
15318-65-11-1,1,1,52.0,1,1.0,0,0,0,566.257385253906,6.0,5,5,3,15318,9705.631510416666,2764.8844401041665,0,8761.455078125,4807.8271484375,8.0,0,0,1,0,0,0,0,1,0,0
15322-1-11-1,1,1,53.0,1,1.0,0,0,0,98.3941040039063,6.0,6,2,2,15322,17381.00390625,16810.59765625,0,15249.6650390625,11467.9541015625,8.0,0,0,1,0,0,0,0,1,0,0
15322-64-11-1,1,2,51.0,1,0.0,0,0,0,98.3941040039063,3.0,6,2,2,15322,20332.369140625,12640.7939453125,0,15912.560546875,10454.607421875,12.0,0,0,0,0,0,0,1,1,0,0
15331-53-11-1,1,1,40.0,1,1.0,0,0,0,217.248901367188,6.0,7,5,5,15331,2368.7037109375,2530.7599609375,0,6324.930859375,3749.111328125,12.0,0,0,0,0,0,0,1,1,0,0
15331-54-11-1,1,1,43.0,1,1.0,0,0,0,217.248901367188,3.0,7,5,3,15331,3227.1025390625,4133.70703125,0,2126.729817708333,2747.83203125,12.0,0,0,0,0,0,0,1,1,0,0
15331-55-11-1,1,2,68.0,1,1.0,0,0,0,217.248901367188,3.0,7,5,1,15331,9483.2041015625,11216.7060546875,0,3758.22924804688,4050.2607421875,12.0,0,0,0,0,0,0,1,1,0,0
15331-56-11-1,1,1,45.0,1,0.0,0,0,0,217.248901367188,1.0,7,5,8,15331,11460.8486328125,11100.4853515625,0,9453.26171875,7344.5693359375,10.0,0,0,0,0,1,0,0,1,0,0
15331-156-11-1,1,1,69.0,1,0.0,0,0,0,217.248901367188,4.0,7,5,2,15331,11555.419921875,8991.177734375,0,8809.0,10327.68359375,12.0,0,0,0,0,0,0,1,1,0,0
15331-158-11-1,1,1,53.0,1,1.0,0,0,0,217.248901367188,6.0,7,5,3,15331,10500.39453125,20538.26692708333,0,24666.666666666668,13073.809895833334,10.0,0,0,0,0,1,0,0,1,0,0
15331-159-11-1,1,2,87.0,1,1.0,0,0,0,217.248901367188,1.0,7,5,1,15331,13184.3544921875,13482.9677734375,0,4888.353515625,5054.44775390625,12.0,0,0,0,0,0,0,1,1,0,0
15362-20-11-1,1,1,73.0,1,1.0,0,0,0,207.590713500977,5.0,6,5,2,15362,5664.9345703125,4831.6328125,0,13182.8984375,14352.2578125,8.0,0,0,1,0,0,0,0,1,0,0
15362-26-11-1,1,1,69.0,1,1.0,0,0,0,207.590713500977,3.0,6,5,4,15362,2136.009521484375,3970.3623046875,0,8875.0966796875,4431.63232421875,10.0,0,0,0,0,1,0,0,1,0,0
15362-40-11-1,1,2,87.0,1,1.0,0,0,0,207.590713500977,3.0,6,5,1,15362,8801.056640625,9683.2421875,0,7110.75048828125,6844.35302734375,12.0,0,0,0,0,0,0,1,1,0,0
15362-55-11-1,1,1,75.0,1,1.0,0,0,0,207.590713500977,6.0,6,5,3,15362,5508.671223958333,7316.48828125,0,8417.824869791666,9258.610677083334,12.0,0,0,0,0,0,0,1,1,0,0
15362-81-11-1,1,1,55.0,1,1.0,0,0,0,207.590713500977,3.0,6,5,3,15362,4237.501302083333,4923.388020833333,0,9786.9203125,6414.184765625,12.0,0,0,0,0,0,0,1,1,1,0
15369-157-11-1,1,1,35.0,1,1.0,0,0,0,207.590713500977,5.0,7,5,4,15369,4985.17578125,3275.0810546875,0,3018.673046875,3660.287890625,12.0,0,0,0,0,0,0,1,1,0,0
15369-158-11-1,1,1,38.0,1,1.0,0,0,0,207.590713500977,6.0,7,5,4,15369,2565.36083984375,1733.3543701171875,0,2645.265869140625,4129.49072265625,12.0,0,0,0,0,0,0,1,1,0,0
15370-121-11-1,1,1,79.0,1,1.0,0,0,0,199.514282226563,3.0,7,5,6,15370,3661.9967447916665,2504.241536458333,0,3179.36328125,2921.448567708333,12.0,0,0,0,0,0,0,1,1,0,0
15370-122-11-1,1,1,53.0,1,1.0,0,0,0,199.514282226563,3.0,7,5,4,15370,1755.7294921875,1950.7135009765625,0,396.75015258789,1219.55517578125,12.0,0,0,0,0,0,0,1,1,0,0
15370-304-11-1,1,1,38.0,1,0.0,0,0,0,199.514282226563,4.0,7,5,4,15370,13487.630859375,6467.85107421875,0,8795.1171875,4264.07568359375,12.0,0,0,0,0,0,0,1,1,0,0
15370-306-11-1,1,1,69.0,1,1.0,0,0,0,199.514282226563,3.0,7,5,3,15370,9945.229166666666,6562.501302083333,0,2978.2945963541665,5593.828776041667,12.0,0,0,0,0,0,0,1,1,0,0
15370-308-11-1,1,1,36.0,1,1.0,1,0,0,199.514282226563,6.0,7,5,5,15370,12509.6,4502.62109375,0,4227.0828125,3776.21796875,8.0,0,0,1,0,0,0,0,1,0,0
15373-48-11-1,1,1,71.0,1,1.0,0,0,0,222.086868286133,3.0,8,5,3,15373,4642.798828125,6041.390625,0,15868.973958333334,3199.73046875,12.0,0,0,0,0,0,0,1,1,0,0
15373-51-11-1,1,2,83.0,1,1.0,0,0,0,222.086868286133,3.0,8,5,1,15373,5184.59130859375,5343.0009765625,0,5635.591796875,5512.66552734375,12.0,0,0,0,0,0,0,1,1,0,0
15373-58-11-1,1,2,69.0,1,1.0,0,0,0,222.086868286133,3.0,8,5,1,15373,11125.29296875,14728.4970703125,0,25633.357421875,11650.0625,12.0,0,0,0,0,0,0,1,1,0,0
15374-10-11-1,1,2,63.0,1,1.0,0,0,0,217.248901367188,6.0,6,5,1,15374,2630.09008789063,2453.95556640625,0,7848.66552734375,8038.42138671875,12.0,0,0,0,0,0,0,1,1,0,0
15375-141-11-1,1,2,81.0,1,1.0,0,0,0,207.590713500977,3.0,7,5,2,15375,8686.029296875,3376.742431640625,0,7791.21142578125,4207.0498046875,12.0,0,0,0,0,0,0,1,1,0,0
15375-142-11-1,1,1,49.0,1,1.0,0,0,0,207.590713500977,5.0,7,5,3,15375,9795.671875,6315.854817708333,0,17187.358072916668,7801.405598958333,11.0,0,0,0,0,0,1,0,1,0,0
15375-143-11-1,1,1,58.0,1,1.0,0,0,0,207.590713500977,6.0,7,5,7,15375,13071.46875,7771.693638392857,1,11509.85267857143,8759.31138392857,9.0,0,0,0,1,0,0,0,1,0,1
15375-351-11-1,1,1,61.0,1,1.0,0,0,0,207.590713500977,4.0,7,5,3,15375,14828.048177083334,11049.024739583334,0,15626.5234375,11286.63671875,12.0,0,0,0,0,0,0,1,1,0,0
15376-37-11-1,1,1,38.0,1,1.0,0,0,0,217.248901367188,6.0,7,5,4,15376,3002.7255859375,2978.517333984375,0,2030.5042724609373,2609.7529296875,12.0,0,0,0,0,0,0,1,1,0,0
15376-92-11-1,1,1,32.0,1,1.0,0,0,0,217.248901367188,5.0,7,5,1,15376,8611.271484375,4876.8330078125,0,14540.169921875,3549.27661132813,12.0,0,0,0,0,0,0,1,1,0,0
15376-94-11-1,1,1,38.0,1,1.0,0,0,0,217.248901367188,4.0,7,5,4,15376,3187.833251953125,3011.34423828125,0,3680.376708984375,5242.6845703125,12.0,0,0,0,0,0,0,1,1,0,0
15376-95-11-1,1,2,75.0,1,1.0,0,0,0,217.248901367188,3.0,7,5,1,15376,6068.71240234375,6677.2578125,0,2629.26416015625,4722.52197265625,12.0,0,0,0,0,0,0,1,1,0,0
15376-96-11-1,1,1,40.0,1,1.0,0,0,0,217.248901367188,5.0,7,5,4,15376,1502.5975341796875,4091.447021484375,0,1717.4683837890625,2531.51513671875,10.0,0,0,0,0,1,0,0,1,0,0
15376-97-11-1,1,1,74.0,1,1.0,0,0,0,217.248901367188,4.0,7,5,1,15376,5370.15283203125,6208.45556640625,0,5634.2353515625,6825.37109375,12.0,0,0,0,0,0,0,1,1,0,0
15377-51-11-1,1,2,56.0,1,0.0,0,0,0,199.514282226563,3.0,7,5,3,15377,12887.09765625,6846.592447916667,0,6642.51953125,6335.515625,12.0,0,0,0,0,0,0,1,1,0,0
15377-172-11-1,1,1,76.0,1,1.0,0,0,0,199.514282226563,1.0,7,5,3,15377,4544.0927734375,2490.390625,0,18619.45052083333,4469.1474609375,12.0,0,0,0,0,0,0,1,1,0,0
15378-12-11-1,1,1,61.0,1,1.0,0,0,0,222.086868286133,4.0,8,5,2,15378,3764.212890625,4323.1171875,0,3621.798583984375,4879.17041015625,12.0,0,0,0,0,0,0,1,1,0,0
15378-70-11-1,1,1,34.0,1,1.0,0,0,0,222.086868286133,4.0,8,5,5,15378,2769.255078125,5084.398046875,0,4884.391015625,4997.629296875,12.0,0,0,0,0,0,0,1,1,0,0
15378-71-11-1,1,1,63.0,1,1.0,0,0,0,222.086868286133,3.0,8,5,2,15378,6807.40625,11430.3974609375,0,11127.24609375,8697.5380859375,10.0,0,0,0,0,1,0,0,1,0,0
15378-73-11-1,1,1,52.0,1,1.0,0,0,0,222.086868286133,1.0,8,5,6,15378,5013.684895833333,3145.505208333333,0,2498.697265625,2821.5529296875,12.0,0,0,0,0,0,0,1,1,0,0
15379-9-11-1,1,2,73.0,1,1.0,0,0,0,207.590713500977,1.0,8,5,1,15379,2818.66552734375,2747.072265625,0,4730.2138671875,3454.77026367188,12.0,0,0,0,0,0,0,1,1,0,0
15379-22-11-1,1,1,45.0,1,1.0,1,1,0,207.590713500977,6.0,8,5,5,15379,7287.9859375,6171.652734375,0,16863.6,7064.03828125,9.0,0,0,0,1,0,0,0,1,0,0
15381-9-11-1,1,1,76.0,1,1.0,0,0,0,222.086868286133,3.0,7,5,3,15381,6576.376302083333,8274.635416666666,0,14383.606770833334,10182.042317708334,12.0,0,0,0,0,0,0,1,1,0,0
15381-88-11-1,1,1,40.0,1,1.0,0,0,0,222.086868286133,5.0,7,5,4,15381,4450.1318359375,3242.393798828125,0,2861.567708333333,3262.0026041666665,12.0,0,0,0,0,0,0,1,1,1,0
15382-56-11-1,1,1,59.0,1,1.0,0,0,0,207.590713500977,4.0,7,5,2,15382,3815.228271484375,4928.52978515625,0,6262.75537109375,8358.4228515625,12.0,0,0,0,0,0,0,1,1,0,0
15382-168-11-1,1,1,57.0,1,1.0,0,0,0,207.590713500977,3.0,7,5,1,15382,4645.6982421875,6782.73974609375,0,6493.4287109375,7820.3583984375,12.0,0,0,0,0,0,0,1,1,0,0
15382-170-11-1,1,2,46.0,1,1.0,0,0,0,207.590713500977,3.0,7,5,2,15382,4319.8203125,5003.79150390625,0,3380.591796875,4504.30078125,12.0,0,0,0,0,0,0,1,1,0,0
15384-21-11-1,1,2,50.0,1,1.0,0,0,0,217.248901367188,1.0,8,5,2,15384,9530.1435546875,6920.6298828125,0,5426.43994140625,4888.5029296875,12.0,0,0,0,0,0,0,1,1,0,0
15384-23-11-1,1,1,57.0,1,1.0,0,0,0,217.248901367188,3.0,8,5,3,15384,3932.7099609375,5287.293619791667,0,3509.916341145833,4113.444661458333,12.0,0,0,0,0,0,0,1,1,0,0
15384-119-11-1,1,1,62.0,1,1.0,0,0,0,217.248901367188,3.0,8,5,4,15384,5951.40380859375,4937.34716796875,0,3723.02734375,5046.259114583333,12.0,0,0,0,0,0,0,1,1,0,0
15384-121-11-1,1,1,53.0,1,1.0,0,0,0,217.248901367188,3.0,8,5,4,15384,2067.231689453125,3419.509521484375,0,3979.789794921875,5272.2041015625,12.0,0,0,0,0,0,0,1,1,0,0
15384-129-11-1,1,1,43.0,1,0.0,0,0,0,217.248901367188,6.0,8,5,4,15384,9406.126953125,6346.18212890625,1,6720.619140625,4265.13037109375,7.0,0,1,0,0,0,0,0,1,0,1
15385-13-11-1,1,1,67.0,1,1.0,0,0,0,199.514282226563,3.0,8,5,5,15385,10489.8640625,5026.468359375,0,7226.5,9410.6455078125,12.0,0,0,0,0,0,0,1,1,0,0
15385-42-11-1,1,1,32.0,1,1.0,0,0,0,199.514282226563,3.0,8,5,6,15385,1959.97802734375,2877.2145182291665,0,4369.660481770833,1491.1748046875,12.0,0,0,0,0,0,0,1,1,1,0
15385-43-11-1,1,1,77.0,1,1.0,0,0,0,199.514282226563,3.0,8,5,2,15385,4877.03564453125,3429.48291015625,0,26933.40625,5540.9443359375,12.0,0,0,0,0,0,0,1,1,0,0
15385-44-11-1,1,2,66.0,1,1.0,0,0,0,199.514282226563,3.0,8,5,1,15385,6021.67431640625,6939.59814453125,0,5268.18115234375,6509.298828125,12.0,0,0,0,0,0,0,1,1,0,0
15385-45-11-1,1,1,57.0,1,1.0,0,0,0,199.514282226563,3.0,8,5,2,15385,4323.05126953125,5629.68408203125,0,2784.236328125,5284.466796875,12.0,0,0,0,0,0,0,1,1,0,0
15385-49-11-1,1,1,67.0,1,1.0,0,0,0,199.514282226563,3.0,8,5,2,15385,5500.283203125,5288.21240234375,0,4150.5078125,3476.469970703125,8.0,0,0,1,0,0,0,0,1,0,0
15385-54-11-1,1,1,42.0,1,1.0,0,0,0,199.514282226563,3.0,8,5,5,15385,1896.7892578125,3037.2580078125,0,6527.97578125,4917.880078125,12.0,0,0,0,0,0,0,1,1,0,0
15385-56-11-1,1,1,63.0,1,1.0,0,0,0,199.514282226563,1.0,8,5,2,15385,3663.5,8660.09375,0,2333.5,6584.93505859375,12.0,0,0,0,0,0,0,1,1,0,0
15386-1-11-1,1,1,58.0,1,1.0,0,0,0,222.086868286133,6.0,6,5,5,15386,5213.46171875,2707.6220703125,0,2890.4137369791665,2696.079427083333,10.0,0,0,0,0,1,0,0,1,1,0
15386-57-11-1,1,1,75.0,1,1.0,0,0,0,222.086868286133,7.0,6,5,3,15386,11504.467447916666,13483.020833333334,0,14041.458984375,12536.337890625,10.0,0,0,0,0,1,0,0,1,0,0
15386-76-11-1,1,1,45.0,1,1.0,0,0,0,222.086868286133,3.0,6,5,2,15386,5582.49267578125,8167.044921875,0,3392.319140625,1736.9927734375,12.0,0,0,0,0,0,0,1,1,0,0
15387-58-11-1,1,1,53.0,1,1.0,0,0,0,199.514282226563,6.0,6,5,3,15387,1991.1246744791667,2365.886067708333,0,3905.3307291666665,3891.486328125,12.0,0,0,0,0,0,0,1,1,0,0
15387-69-11-1,1,2,63.0,1,1.0,0,0,0,199.514282226563,5.0,6,5,4,15387,9884.087890625,4296.509765625,0,5974.37109375,5405.515625,12.0,0,0,0,0,0,0,1,1,0,0
15387-90-11-1,1,1,46.0,1,1.0,0,0,0,199.514282226563,6.0,6,5,3,15387,10657.102213541666,3996.6614583333335,0,5493.945963541667,4066.0963541666665,12.0,0,0,0,0,0,0,1,1,0,0
15387-101-11-1,1,1,72.0,1,1.0,0,0,0,199.514282226563,3.0,6,5,1,15387,7213.9111328125,9377.8876953125,0,6911.5859375,6759.42333984375,12.0,0,0,0,0,0,0,1,1,0,0
15387-110-11-1,1,1,65.0,1,1.0,0,0,0,199.514282226563,3.0,6,5,3,15387,6989.059895833333,4452.453125,0,21873.546875,5171.449869791667,12.0,0,0,0,0,0,0,1,1,0,0
15388-13-11-1,1,1,47.0,1,1.0,0,0,0,222.086868286133,4.0,7,5,1,15388,8097.72607421875,14808.0439453125,0,8589.853515625,10533.3984375,12.0,0,0,0,0,0,0,1,1,0,0
15388-15-11-1,1,1,56.0,1,1.0,0,0,0,222.086868286133,6.0,7,5,7,15388,3190.5022321428573,2341.2360491071427,0,5073.916852678572,4771.202008928572,10.0,0,0,0,0,1,0,0,1,0,0
15388-16-11-1,1,1,43.0,1,1.0,0,0,0,222.086868286133,5.0,7,5,5,15388,5663.9,5408.600390625,0,2868.301953125,3807.373828125,10.0,0,0,0,0,1,0,0,1,0,0
15388-94-11-1,1,1,64.0,1,1.0,0,0,0,222.086868286133,3.0,7,5,7,15388,3557.109933035714,2206.450055803572,0,1899.7142857142856,3286.598493303572,12.0,0,0,0,0,0,0,1,1,0,0
15389-130-11-1,1,1,46.0,1,1.0,0,0,0,207.590713500977,4.0,7,5,8,15389,3083.618408203125,2541.878662109375,0,9528.860243055557,3436.7686631944443,12.0,0,0,0,0,0,0,1,1,0,0
15389-131-11-1,1,1,38.0,1,1.0,0,0,0,207.590713500977,6.0,7,5,5,15389,4964.5453125,5026.019140625,0,6052.9953125,4417.697265625,12.0,0,0,0,0,0,0,1,1,0,0
15389-132-11-1,1,1,62.0,1,0.0,0,0,0,207.590713500977,4.0,7,5,3,15389,14562.055989583334,19557.51692708333,0,5619.67578125,4072.2747395833335,12.0,0,0,0,0,0,0,1,1,0,0
15389-267-11-1,1,2,58.0,1,1.0,0,0,0,207.590713500977,3.0,7,5,2,15389,9134.716796875,9906.3955078125,0,3558.000244140625,3911.060546875,12.0,0,0,0,0,0,0,1,1,0,0
15389-269-11-1,1,2,78.0,1,1.0,0,0,0,207.590713500977,1.0,7,5,1,15389,11799.1494140625,7323.98828125,0,21958.0859375,17854.96875,12.0,0,0,0,0,0,0,1,1,0,0
15389-271-11-1,1,2,73.0,1,1.0,0,0,0,207.590713500977,1.0,7,5,1,15389,6925.2978515625,4857.8193359375,0,24330.916015625,8651.517578125,12.0,0,0,0,0,0,0,1,1,0,0
15390-108-11-1,1,2,73.0,1,1.0,0,0,0,199.514282226563,1.0,8,5,4,15390,6808.6015625,4387.3251953125,0,3743.053955078125,3845.506591796875,12.0,0,0,0,0,0,0,1,1,0,0
15390-109-11-1,1,1,54.0,1,1.0,0,0,0,199.514282226563,1.0,8,5,7,15390,2528.6721540178573,3527.196149553572,0,5041.082589285715,3177.527901785714,12.0,0,0,0,0,0,0,1,1,0,0
15390-110-11-1,1,1,42.0,1,1.0,0,0,0,199.514282226563,3.0,8,5,5,15390,3492.4,3792.38984375,0,9136.36953125,5940.68125,7.0,0,1,0,0,0,0,0,1,0,0
15406-30-11-1,1,1,34.0,1,0.0,1,1,0,64.7678680419922,8.0,3,6,3,15406,15721.9296875,14680.665364583334,0,18197.369791666668,15009.717447916666,7.0,0,1,0,0,0,0,0,1,0,0
15406-81-11-1,1,1,47.0,1,0.0,1,0,0,64.7678680419922,10.0,3,6,5,15406,19116.0046875,10027.22265625,1,20504.6875,10731.1328125,,0,0,0,0,0,0,0,0,0,1
15408-84-11-1,1,1,38.0,1,0.0,0,0,0,289.718078613281,10.0,3,6,4,15408,18682.732421875,13807.7314453125,1,20025.49609375,15411.6904296875,8.0,0,0,1,0,0,0,0,1,0,1
15408-109-11-1,1,1,40.0,1,1.0,1,1,0,289.718078613281,10.0,3,6,4,15408,10507.20703125,10463.41796875,1,15017.5166015625,8214.7158203125,10.0,0,0,0,0,1,0,0,1,0,1
15411-58-11-1,1,2,35.0,1,1.0,1,0,0,287.379669189453,7.0,3,6,3,15411,4309.833658854167,5818.40234375,0,6376.025390625,7173.143229166667,8.0,0,0,1,0,0,0,0,1,0,0
15437-20-11-1,1,2,38.0,1,1.0,0,0,0,93.408561706543,3.0,5,6,5,15437,9457.40078125,6312.49609375,0,13919.571875,11658.97421875,8.0,0,0,1,0,0,0,0,1,0,0
15438-43-11-1,1,1,43.0,1,1.0,0,0,0,383.172912597656,7.0,5,6,5,15438,9892.1375,6474.55,0,7003.834375,5273.901953125,8.0,0,0,1,0,0,0,0,1,0,0
15439-96-11-1,1,2,73.0,1,0.0,0,0,0,86.3571548461914,4.0,3,6,1,15439,23700.578125,25469.236328125,0,8899.5205078125,9918.3369140625,8.0,0,0,1,0,0,0,0,1,0,0
15440-20-11-1,1,2,61.0,1,1.0,0,0,0,350.374694824219,3.0,3,6,1,15440,13442.95703125,8326.5673828125,0,15703.2421875,12512.3125,12.0,0,0,0,0,0,0,1,1,0,0
15440-113-11-1,1,1,64.0,1,1.0,0,0,0,350.374694824219,3.0,3,6,4,15440,9712.158203125,8386.1435546875,0,8353.029296875,6121.6689453125,12.0,0,0,0,0,0,0,1,1,0,0
15442-131-11-1,1,1,47.0,1,1.0,1,1,0,383.172912597656,10.0,3,6,3,15442,11963.881510416666,8527.17578125,0,4749.527994791667,5251.586588541667,12.0,0,0,0,0,0,0,1,1,0,0
15444-9-11-1,1,2,39.0,1,1.0,0,0,0,386.290740966797,5.0,5,6,5,15444,3529.553125,3081.2984375,0,4171.0640625,4678.058203125,8.0,0,0,1,0,0,0,0,1,0,0
15444-26-11-1,1,1,54.0,1,1.0,0,0,0,386.290740966797,3.0,5,6,3,15444,7006.364583333333,9632.333984375,0,4188.356119791667,7093.734375,8.0,0,0,1,0,0,0,0,1,0,0
15444-60-11-1,1,1,64.0,1,1.0,0,0,0,386.290740966797,3.0,5,6,4,15444,8545.466796875,5536.755859375,0,10498.2763671875,7872.25390625,12.0,0,0,0,0,0,0,1,1,0,0
15445-69-11-1,1,1,56.0,1,1.0,0,0,0,83.6684951782227,5.0,3,6,5,15445,13498.9640625,6427.654296875,0,12341.50390625,12481.66015625,8.0,0,0,1,0,0,0,0,1,0,0
15445-88-11-1,1,1,54.0,1,1.0,0,0,0,83.6684951782227,4.0,3,6,6,15445,14181.813802083334,11190.903645833334,1,17469.779947916668,9990.26953125,7.0,0,1,0,0,0,0,0,1,0,1
15446-89-11-1,1,2,42.0,1,1.0,0,0,0,383.172912597656,6.0,3,6,3,15446,6822.548177083333,6569.485677083333,1,4300.178385416667,9032.395182291666,7.0,0,1,0,0,0,0,0,1,0,1
15446-105-11-1,1,1,64.0,1,1.0,0,0,0,383.172912597656,3.0,3,6,1,15446,11111.318359375,8143.73046875,0,34048.4140625,7645.48095703125,7.0,0,1,0,0,0,0,0,1,0,0
15447-14-11-1,1,1,47.0,1,1.0,0,0,0,343.184631347656,5.0,5,6,6,15447,4438.130208333333,4679.0615234375,0,4242.62109375,4094.6868489583335,8.0,0,0,1,0,0,0,0,1,0,0
15447-73-11-1,1,2,52.0,1,1.0,0,0,0,343.184631347656,5.0,5,6,2,15447,7999.24560546875,8094.82958984375,0,6807.17578125,3161.526611328125,8.0,0,0,1,0,0,0,0,1,0,0
15447-87-11-1,1,2,42.0,1,1.0,0,0,0,343.184631347656,3.0,5,6,4,15447,8116.84619140625,7920.43701171875,0,4638.08203125,5476.828776041667,8.0,0,0,1,0,0,0,0,1,0,0
15450-10-11-1,1,2,81.0,1,1.0,0,0,0,162.907363891602,1.0,7,6,2,15450,5566.22021484375,6011.70458984375,0,3909.05249023438,9818.08984375,10.0,0,0,0,0,1,0,0,1,0,0
15450-11-11-1,1,1,74.0,1,1.0,0,0,0,162.907363891602,6.0,7,6,2,15450,7271.48486328125,8518.66796875,0,13018.1787109375,11643.525390625,10.0,0,0,0,0,1,0,0,1,0,0
15450-97-11-1,1,1,33.0,1,1.0,0,0,0,162.907363891602,8.0,7,6,4,15450,5349.9775390625,4823.5966796875,1,8798.306640625,4507.89501953125,7.0,0,1,0,0,0,0,0,1,0,1
15450-99-11-1,1,1,65.0,1,1.0,0,0,0,162.907363891602,3.0,7,6,2,15450,5946.4375,3542.329345703125,0,9537.7744140625,4505.5419921875,8.0,0,0,1,0,0,0,0,1,0,0
15457-83-11-1,1,1,62.0,1,1.0,0,0,0,162.907363891602,4.0,7,6,3,15457,13798.157552083334,7150.078125,0,3574.0240885416665,5061.453125,8.0,0,0,1,0,0,0,0,1,0,0
15457-207-11-1,1,2,82.0,1,1.0,0,0,0,162.907363891602,1.0,7,6,1,15457,7524.01416015625,5723.4345703125,0,5828.94384765625,5309.77783203125,12.0,0,0,0,0,0,0,1,1,0,0
15457-208-11-1,1,2,86.0,1,1.0,0,0,0,162.907363891602,1.0,7,6,1,15457,8989.4716796875,5248.078125,0,8326.5712890625,5273.1640625,12.0,0,0,0,0,0,0,1,1,0,0
15457-209-11-1,1,1,55.0,1,1.0,0,0,0,162.907363891602,5.0,7,6,3,15457,3441.111653645833,4619.883138020833,0,6035.994140625,5767.296223958333,8.0,0,0,1,0,0,0,0,1,0,0
15457-210-11-1,1,1,63.0,1,1.0,0,0,0,162.907363891602,4.0,7,6,3,15457,8251.0703125,4724.230143229167,0,6743.114583333333,7424.51171875,8.0,0,0,1,0,0,0,0,1,0,0
15457-211-11-1,1,1,63.0,1,1.0,0,0,0,162.907363891602,4.0,7,6,4,15457,3486.27001953125,4070.77294921875,0,5050.7421875,4579.56640625,8.0,0,0,1,0,0,0,0,1,0,0
15459-49-11-1,1,1,33.0,1,1.0,0,0,0,157.041259765625,6.0,7,6,3,15459,7417.422526041667,9166.113932291666,1,4434.294921875,7219.3046875,8.0,0,0,1,0,0,0,0,1,0,1
15459-51-11-1,1,1,76.0,1,1.0,0,0,0,157.041259765625,3.0,7,6,2,15459,4256.2763671875,3660.266357421875,0,7302.96875,8921.0458984375,12.0,0,0,0,0,0,0,1,1,0,0
15459-52-11-1,1,2,72.0,1,1.0,0,0,0,157.041259765625,1.0,7,6,1,15459,3624.89990234375,3068.13256835938,0,9732.326171875,7195.744140625,12.0,0,0,0,0,0,0,1,1,0,0
15459-113-11-1,1,1,34.0,1,1.0,0,0,0,157.041259765625,3.0,7,6,3,15459,6143.725260416667,4594.600911458333,0,2271.48974609375,2997.7848307291665,12.0,0,0,0,0,0,0,1,1,0,0
15459-114-11-1,1,1,79.0,1,1.0,0,0,0,157.041259765625,3.0,7,6,2,15459,7372.23583984375,5715.94970703125,0,7282.3759765625,8258.6044921875,12.0,0,0,0,0,0,0,1,1,0,0
15459-115-11-1,1,2,84.0,1,1.0,0,0,0,157.041259765625,1.0,7,6,1,15459,8107.38525390625,4380.39599609375,0,7841.33642578125,6213.93603515625,12.0,0,0,0,0,0,0,1,1,0,0
15474-53-11-1,1,1,61.0,1,1.0,1,1,0,157.041259765625,9.0,6,6,2,15474,8541.541015625,5925.78955078125,1,12761.3330078125,7240.45361328125,7.0,0,1,0,0,0,0,0,1,0,1
15481-102-11-1,1,1,69.0,1,1.0,0,0,0,156.390151977539,4.0,7,6,2,15481,8794.9287109375,4591.53759765625,0,10500.6337890625,8209.50390625,8.0,0,0,1,0,0,0,0,1,0,0
15481-104-11-1,1,2,62.0,1,1.0,0,0,0,156.390151977539,3.0,7,6,2,15481,10776.119140625,2452.990966796875,0,7576.34375,5001.625,8.0,0,0,1,0,0,0,0,1,0,0
15481-224-11-1,1,1,77.0,1,1.0,0,0,0,156.390151977539,4.0,7,6,2,15481,13587.8271484375,7846.64599609375,0,7381.0263671875,4487.17138671875,12.0,0,0,0,0,0,0,1,1,0,0
15481-228-11-1,1,1,52.0,1,1.0,0,0,0,156.390151977539,4.0,7,6,5,15481,4603.223046875,5417.673828125,0,3514.490625,4811.015625,10.0,0,0,0,0,1,0,0,1,0,0
15499-111-11-1,1,1,54.0,1,0.0,0,0,0,156.390151977539,10.0,6,6,3,15499,29040.30208333333,15474.813802083334,0,28484.140625,11372.169270833334,12.0,0,0,0,0,0,0,1,1,0,0
15500-28-11-1,1,1,31.0,1,0.0,1,0,0,166.831756591797,7.0,6,6,3,15500,16607.0625,12296.891927083334,1,22896.75520833333,13340.506510416666,7.0,0,1,0,0,0,0,0,1,0,1
15500-40-11-1,1,2,40.0,1,1.0,1,0,0,166.831756591797,6.0,6,6,3,15500,12158.248697916666,10138.181640625,0,10589.088541666666,9785.690104166666,8.0,0,0,1,0,0,0,0,1,0,0
15500-109-11-1,1,2,67.0,1,1.0,0,0,0,166.831756591797,4.0,6,6,6,15500,3824.421549479168,2398.3650716145835,0,5044.14453125,6360.02001953125,8.0,0,0,1,0,0,0,0,1,0,0
15500-121-11-1,1,2,42.0,1,0.0,0,0,0,166.831756591797,6.0,6,6,4,15500,7104.10693359375,6238.47802734375,0,10000.0185546875,11227.0361328125,8.0,0,0,1,0,0,0,0,1,0,0
15500-132-11-1,1,1,64.0,1,0.0,0,0,0,166.831756591797,10.0,6,6,2,15500,18592.939453125,10875.1669921875,1,10649.1767578125,13639.8486328125,7.0,0,1,0,0,0,0,0,1,0,1
15501-17-11-1,1,1,70.0,1,1.0,0,0,0,162.907363891602,1.0,7,6,2,15501,5314.23095703125,5122.21875,0,6333.2705078125,4299.69287109375,12.0,0,0,0,0,0,0,1,1,0,0
15501-18-11-1,1,2,76.0,1,1.0,0,0,0,162.907363891602,3.0,7,6,1,15501,8011.173828125,4909.10205078125,0,8523.45703125,6982.6298828125,12.0,0,0,0,0,0,0,1,1,0,0
15501-20-11-1,1,1,51.0,1,1.0,0,0,0,162.907363891602,6.0,7,6,5,15501,9602.09296875,6407.89609375,0,6713.3078125,4204.089453125,8.0,0,0,1,0,0,0,0,1,0,0
15501-101-11-1,1,1,45.0,1,1.0,0,0,0,162.907363891602,4.0,7,6,2,15501,20170.599609375,10733.560546875,0,24015.49609375,14403.078125,8.0,0,0,1,0,0,0,0,1,0,0
15501-104-11-1,1,1,82.0,1,1.0,0,0,0,162.907363891602,4.0,7,6,2,15501,5558.68798828125,2373.43701171875,0,8961.3212890625,8198.3466796875,12.0,0,0,0,0,0,0,1,1,0,0
15502-89-11-1,1,1,52.0,1,1.0,0,0,0,156.390151977539,3.0,7,6,3,15502,7549.7109375,8137.637369791667,0,11033.0751953125,9669.6552734375,8.0,0,0,1,0,0,0,0,1,0,0
15503-14-11-1,1,1,75.0,1,1.0,0,0,0,157.041259765625,5.0,7,6,1,15503,4564.453125,4216.67822265625,0,13886.2958984375,10044.693359375,8.0,0,0,1,0,0,0,0,1,0,0
15506-42-11-1,1,1,42.0,1,1.0,0,0,0,156.390151977539,5.0,6,6,5,15506,6562.58359375,4989.02734375,0,12630.015625,2754.08125,12.0,0,0,0,0,0,0,1,1,0,0
15507-73-11-1,1,1,72.0,1,1.0,0,0,0,162.907363891602,5.0,7,6,2,15507,7942.107421875,3464.584716796875,0,8215.875,5141.4482421875,8.0,0,0,1,0,0,0,0,1,0,0
15507-75-11-1,1,1,77.0,1,1.0,0,0,0,162.907363891602,3.0,7,6,2,15507,5204.35693359375,4892.44384765625,0,7068.5615234375,9754.9130859375,8.0,0,0,1,0,0,0,0,1,0,0
15507-155-11-1,1,2,46.0,1,1.0,0,0,0,162.907363891602,3.0,7,6,5,15507,3400.842578125,3929.59140625,0,8428.009765625,7041.217447916667,8.0,0,0,1,0,0,0,0,1,0,0
15507-156-11-1,1,2,38.0,1,1.0,0,0,0,162.907363891602,4.0,7,6,3,15507,3452.1598307291665,5657.758463541667,0,5197.389453125,5148.790625,8.0,0,0,1,0,0,0,0,1,0,0
15507-157-11-1,1,2,82.0,1,1.0,0,0,0,162.907363891602,1.0,7,6,1,15507,5551.82568359375,5926.50732421875,0,8897.650390625,4460.208984375,12.0,0,0,0,0,0,0,1,1,0,0
15508-9-11-1,1,2,61.0,1,1.0,0,0,0,157.041259765625,3.0,7,6,2,15508,2159.562255859375,2477.4921875,0,6572.46826171875,2181.423828125,7.0,0,1,0,0,0,0,0,1,0,0
15509-52-11-1,1,1,64.0,1,1.0,0,0,0,166.831756591797,5.0,7,6,2,15509,8052.787109375,6521.9716796875,0,12757.90234375,7948.54345703125,8.0,0,0,1,0,0,0,0,1,0,0
15509-144-11-1,1,1,52.0,1,1.0,0,0,0,166.831756591797,3.0,7,6,5,15509,6613.55234375,5928.45234375,0,6870.029296875,9630.365885416666,8.0,0,0,1,0,0,0,0,1,0,0
15510-74-11-1,1,2,62.0,1,1.0,0,0,0,166.831756591797,4.0,7,6,1,15510,5149.65234375,7768.80419921875,0,9348.6455078125,8301.921875,12.0,0,0,0,0,0,0,1,1,0,0
15511-55-11-1,1,1,47.0,1,1.0,0,0,0,166.831756591797,3.0,8,6,4,15511,5817.712890625,6141.9033203125,0,10391.39453125,5854.09814453125,8.0,0,0,1,0,0,0,0,1,0,0
15511-116-11-1,1,1,55.0,1,1.0,0,0,0,166.831756591797,3.0,8,6,3,15511,5229.2373046875,6251.665364583333,0,7328.56640625,4531.6982421875,8.0,0,0,1,0,0,0,0,1,0,0
15512-8-11-1,1,2,72.0,1,0.0,0,0,0,157.041259765625,1.0,6,6,1,15512,15649.966796875,6431.70166015625,0,16493.431640625,8320.591796875,12.0,0,0,0,0,0,0,1,1,0,0
15512-40-11-1,1,1,68.0,1,1.0,0,0,0,157.041259765625,3.0,6,6,1,15512,10418.9931640625,5486.60986328125,0,6108.1240234375,7631.8271484375,8.0,0,0,1,0,0,0,0,1,0,0
15512-61-11-1,1,1,38.0,1,1.0,0,0,0,157.041259765625,6.0,6,6,6,15512,8038.323567708333,3934.7936197916665,0,5863.459765625,4374.54609375,8.0,0,0,1,0,0,0,0,1,0,0
15512-101-11-1,1,1,54.0,1,1.0,0,0,0,157.041259765625,5.0,6,6,7,15512,3211.325613839286,4697.465401785715,0,5192.80703125,6359.117578125,8.0,0,0,1,0,0,0,0,1,0,0
15513-1-11-1,1,1,63.0,1,1.0,0,0,0,162.907363891602,8.0,6,6,2,15513,8012.92919921875,8104.2431640625,0,16343.8408203125,12050.224609375,8.0,0,0,1,0,0,0,0,1,0,0
15513-12-11-1,1,1,47.0,1,0.0,0,0,0,162.907363891602,6.0,6,6,4,15513,7240.56201171875,4645.92578125,1,9850.7392578125,5864.74462890625,7.0,0,1,0,0,0,0,0,1,0,1
15518-27-11-1,1,1,61.0,1,1.0,0,0,0,166.831756591797,3.0,8,6,3,15518,6651.419921875,10292.071614583334,0,16505.63671875,9995.068359375,8.0,0,0,1,0,0,0,0,1,0,0
15518-83-11-1,1,1,75.0,1,1.0,0,0,0,166.831756591797,3.0,8,6,2,15518,4767.2841796875,5037.1083984375,0,8015.16748046875,3740.707763671875,8.0,0,0,1,0,0,0,0,1,0,0
15519-17-11-1,1,1,37.0,1,1.0,0,0,0,157.041259765625,3.0,6,6,1,15519,8849.0595703125,4480.7861328125,0,13887.341796875,7878.64208984375,11.0,0,0,0,0,0,1,0,1,1,0
15519-75-11-1,1,2,42.0,1,1.0,1,0,0,157.041259765625,5.0,6,6,2,15519,6411.732421875,6112.6982421875,0,7475.1025390625,5493.826171875,10.0,0,0,0,0,1,0,0,1,0,0
15519-90-11-1,1,1,56.0,1,0.0,0,0,0,157.041259765625,9.0,6,6,4,15519,11222.240234375,4672.58056640625,1,9749.41015625,8084.62939453125,7.0,0,1,0,0,0,0,0,1,0,1
15519-104-11-1,1,1,68.0,1,1.0,0,0,0,157.041259765625,5.0,6,6,1,15519,10736.1376953125,5764.77783203125,0,4875.1865234375,5869.45703125,10.0,0,0,0,0,1,0,0,1,0,0
15520-8-11-1,1,1,57.0,1,1.0,0,0,0,166.831756591797,1.0,7,6,7,15520,2603.514229910714,3386.809988839286,0,3847.251627604168,5220.410807291667,12.0,0,0,0,0,0,0,1,1,0,0
15520-73-11-1,1,2,55.0,1,1.0,0,0,0,166.831756591797,5.0,7,6,3,15520,6576.37890625,4303.239583333333,0,4405.1015625,5821.9375,8.0,0,0,1,0,0,0,0,1,0,0
15521-11-11-1,1,2,28.0,1,1.0,0,0,0,157.041259765625,6.0,7,6,3,15521,5892.414713541667,3051.8160807291665,0,4966.298502604167,4500.663411458333,8.0,0,0,1,0,0,0,0,1,0,0
15521-159-11-1,1,1,85.0,1,1.0,0,0,0,157.041259765625,4.0,7,6,2,15521,5351.826171875,5558.95556640625,0,3879.247802734375,8738.197265625,8.0,0,0,1,0,0,0,0,1,0,0
15522-42-11-1,1,1,59.0,1,1.0,0,0,0,156.390151977539,4.0,7,6,3,15522,5365.90234375,4963.090494791667,0,5786.984375,6538.492838541667,12.0,0,0,0,0,0,0,1,1,0,0
15522-43-11-1,1,1,58.0,1,1.0,0,0,0,156.390151977539,5.0,7,6,4,15522,4504.28955078125,6883.79296875,0,7493.90673828125,6801.41162109375,8.0,0,0,1,0,0,0,0,1,0,0
15523-77-11-1,1,1,39.0,1,1.0,0,0,0,162.907363891602,5.0,7,6,4,15523,3740.281982421875,4161.232421875,0,1843.6995849609373,3181.042236328125,12.0,0,0,0,0,0,0,1,1,0,0
15523-79-11-1,1,1,78.0,1,1.0,0,0,0,162.907363891602,4.0,7,6,1,15523,6539.69873046875,5475.58642578125,0,7648.1552734375,2836.92626953125,12.0,0,0,0,0,0,0,1,1,0,0
15523-80-11-1,1,2,64.0,1,1.0,0,0,0,162.907363891602,1.0,7,6,2,15523,7339.28173828125,6852.61767578125,0,7925.181640625,12598.8115234375,12.0,0,0,0,0,0,0,1,1,0,0
15523-218-11-1,1,1,58.0,1,1.0,0,0,0,162.907363891602,4.0,7,6,2,15523,3834.8447265625,4260.82666015625,0,3822.29931640625,3384.981689453125,12.0,0,0,0,0,0,0,1,1,0,0
15524-30-11-1,1,1,36.0,1,1.0,0,0,0,156.390151977539,6.0,8,6,4,15524,2625.49658203125,4113.17333984375,0,4395.51318359375,4272.64501953125,10.0,0,0,0,0,1,0,0,1,0,0
15524-98-11-1,1,2,59.0,1,1.0,0,0,0,156.390151977539,3.0,8,6,2,15524,11067.328125,5375.42138671875,0,7820.326171875,8072.96826171875,8.0,0,0,1,0,0,0,0,1,0,0
15524-100-11-1,1,1,63.0,1,1.0,0,0,0,156.390151977539,4.0,8,6,4,15524,9402.802734375,8897.033203125,0,7587.1708984375,9370.5693359375,8.0,0,0,1,0,0,0,0,1,0,0
15562-62-11-1,1,1,71.0,1,1.0,1,1,0,280.348297119141,6.0,1,6,3,15562,11875.33203125,8042.87109375,0,14736.076822916666,13126.911458333334,8.0,0,0,1,0,0,0,0,1,0,0
15585-71-11-1,1,2,32.0,1,0.0,0,0,0,847.1357421875,6.0,1,6,2,15585,7733.25146484375,10225.427734375,0,15597.830078125,8955.2431640625,8.0,0,0,1,0,0,0,0,1,0,0
15618-15-11-1,1,2,57.0,1,1.0,0,0,0,281.179779052734,7.0,1,6,3,15618,11076.41796875,11727.701822916666,0,15061.6875,11651.962239583334,8.0,0,0,1,0,0,0,0,1,0,0
15620-120-11-1,1,1,39.0,1,1.0,0,0,0,258.768676757813,6.0,1,6,1,15620,32577.83203125,13210.31640625,1,47242.41796875,19556.61328125,,0,0,0,0,0,0,0,0,0,1
15621-50-11-1,1,2,55.0,1,1.0,0,0,0,295.487091064453,1.0,1,6,4,15621,15569.201171875,10625.423828125,0,9417.28515625,7757.505859375,8.0,0,0,1,0,0,0,0,1,0,0
15624-18-11-1,1,1,37.0,1,1.0,1,1,0,279.302886962891,7.0,1,6,4,15624,16470.740234375,16445.7421875,0,12325.521484375,16354.7275390625,11.0,0,0,0,0,0,1,0,1,0,0
15625-18-11-1,1,1,65.0,1,1.0,0,0,0,280.348297119141,10.0,1,6,1,15625,56919.9375,39969.6015625,0,57170.109375,24644.81640625,9.0,0,0,0,1,0,0,0,1,0,0
15630-7-11-1,1,1,35.0,1,1.0,1,1,0,847.1357421875,8.0,1,6,6,15630,15304.62109375,9323.6484375,0,12026.356770833334,8791.235026041666,8.0,0,0,1,0,0,0,0,1,0,0
15632-79-11-1,1,2,70.0,1,0.0,0,0,0,388.226470947266,4.0,1,6,1,15632,22854.40234375,16724.37109375,0,13347.6708984375,12692.4140625,8.0,0,0,1,0,0,0,0,1,0,0
15634-63-11-1,1,1,42.0,1,1.0,0,0,0,295.487091064453,6.0,1,6,3,15634,11330.666666666666,5014.102864583333,0,8010.960286458333,8255.094401041666,10.0,0,0,0,0,1,0,0,1,0,0
15638-120-11-1,1,2,63.0,1,0.0,1,1,0,291.169860839844,6.0,1,6,2,15638,20265.267578125,18923.0390625,0,22621.01171875,24086.912109375,8.0,0,0,1,0,0,0,0,1,0,0
15638-138-11-1,1,1,46.0,1,1.0,1,1,0,291.169860839844,8.0,1,6,4,15638,15909.6416015625,10241.150390625,0,13510.1455078125,10421.626953125,8.0,0,0,1,0,0,0,0,1,0,0
15640-10-11-1,1,2,43.0,1,1.0,1,0,0,46.4141311645508,6.0,1,6,2,15640,7794.18310546875,9780.0146484375,0,9343.9619140625,8232.9482421875,11.0,0,0,0,0,0,1,0,1,0,0
15642-3-11-1,1,2,48.0,1,1.0,0,0,0,276.81689453125,1.0,1,6,6,15642,3844.326171875,6788.955078125,0,4809.842122395833,5065.902994791667,8.0,0,0,1,0,0,0,0,1,0,0
15642-25-11-1,1,1,66.0,1,1.0,0,0,0,276.81689453125,4.0,1,6,1,15642,10221.0,6913.8759765625,0,15034.0341796875,9540.958984375,8.0,0,0,1,0,0,0,0,1,0,0
15644-4-11-1,1,1,43.0,1,1.0,0,0,0,1244.04846191406,4.0,1,6,4,15644,16150.0458984375,13260.61328125,0,16852.388671875,10163.3818359375,8.0,0,0,1,0,0,0,0,1,0,0
15646-80-11-1,1,2,59.0,1,0.0,1,1,0,291.169860839844,6.0,1,6,1,15646,16013.775390625,18333.142578125,0,14396.5087890625,17933.29296875,11.0,0,0,0,0,0,1,0,1,0,0
15647-107-11-1,1,1,47.0,1,0.0,0,0,0,46.4141311645508,10.0,1,6,2,15647,33521.21484375,17375.703125,0,32059.875,20814.98046875,8.0,0,0,1,0,0,0,0,1,0,0
15649-96-11-1,1,2,70.0,1,1.0,0,0,0,211.909896850586,3.0,1,6,1,15649,8254.5390625,8081.2001953125,0,3826.28051757813,5254.06494140625,12.0,0,0,0,0,0,0,1,1,0,0
15650-115-11-1,1,1,52.0,1,0.0,0,0,0,281.179779052734,8.0,1,6,6,15650,15665.69921875,11701.126302083334,0,13856.912760416666,15403.197916666666,11.0,0,0,0,0,0,1,0,1,0,0
15655-74-11-1,1,2,53.0,1,1.0,0,0,0,258.768676757813,5.0,1,6,2,15655,10856.4921875,11706.7548828125,0,13666.8896484375,14045.16015625,8.0,0,0,1,0,0,0,0,1,0,0
15666-29-11-1,1,2,53.0,1,1.0,0,0,0,376.696166992188,5.0,5,3,2,15666,4885.44775390625,6233.48095703125,0,14450.1640625,10548.541015625,8.0,0,0,1,0,0,0,0,1,0,0
15691-32-11-1,1,2,44.0,1,0.0,0,0,0,364.705871582031,9.0,5,3,3,15691,6519.994791666667,6526.4296875,0,40770.296875,12341.0341796875,11.0,0,0,0,0,0,1,0,1,0,0
15691-61-11-1,1,2,74.0,1,1.0,0,0,0,364.705871582031,5.0,5,3,2,15691,6999.9375,10234.0224609375,0,13248.18359375,10940.1025390625,12.0,0,0,0,0,0,0,1,1,0,0
15692-6-11-1,1,2,29.0,1,1.0,0,0,0,157.562469482422,8.0,4,3,2,15692,8972.9033203125,5546.173828125,0,7012.9462890625,5485.373046875,10.0,0,0,0,0,1,0,0,1,0,0
15693-39-11-1,1,2,89.0,1,1.0,0,0,0,180.606674194336,3.0,4,3,2,15693,3249.675048828125,3455.886962890625,0,3442.435791015625,3011.770751953125,12.0,0,0,0,0,0,0,1,1,0,0
15694-48-11-1,1,1,56.0,1,1.0,0,0,0,180.606674194336,5.0,4,3,1,15694,15784.2880859375,7359.73876953125,1,25301.54296875,14197.0439453125,11.0,0,0,0,0,0,1,0,1,0,1
15696-41-11-1,1,1,30.0,1,1.0,0,0,0,338.474517822266,6.0,4,3,4,15696,12508.0078125,11788.548828125,0,9055.3427734375,8433.9541015625,11.0,0,0,0,0,0,1,0,1,0,0
15697-2-11-1,1,2,31.0,1,1.0,1,1,0,171.927291870117,6.0,5,3,3,15697,6109.69921875,6750.258463541667,0,9928.78125,11790.869140625,8.0,0,0,1,0,0,0,0,1,0,0
15701-83-11-1,1,2,60.0,1,0.0,0,0,0,169.818359375,3.0,5,3,2,15701,32798.25390625,13151.51171875,1,47728.328125,13316.1552734375,7.0,0,1,0,0,0,0,0,1,0,1
15705-68-11-1,1,1,45.0,1,1.0,0,0,0,171.927291870117,5.0,4,3,4,15705,6997.22509765625,8558.1416015625,1,11433.26171875,10847.44140625,11.0,0,0,0,0,0,1,0,1,0,1
15730-41-11-1,1,1,33.0,1,1.0,1,1,0,258.768676757813,6.0,5,6,3,15730,5070.988932291667,4837.123697916667,1,2722.80712890625,9146.342447916666,,0,0,0,0,0,0,0,0,1,1
15731-52-11-1,1,1,63.0,1,0.0,1,1,0,1129.51428222656,6.0,5,6,2,15731,38134.8203125,17952.130859375,0,18127.302734375,12947.4638671875,9.0,0,0,0,1,0,0,0,1,0,0
15732-83-11-1,1,2,42.0,1,1.0,1,1,0,282.546539306641,8.0,5,6,5,15732,6097.22734375,5372.533203125,0,9083.05234375,7362.240625,7.0,0,1,0,0,0,0,0,1,0,0
15732-131-11-1,1,2,55.0,1,1.0,0,0,0,282.546539306641,3.0,5,6,3,15732,9592.600260416666,5082.756184895833,0,21332.865885416668,11155.052083333334,12.0,0,0,0,0,0,0,1,1,0,0
15735-16-11-1,1,1,49.0,1,1.0,0,0,0,282.546539306641,5.0,4,6,4,15735,5952.1376953125,3885.517333984375,0,4979.0,4122.8310546875,8.0,0,0,1,0,0,0,0,1,0,0
15736-5-11-1,1,1,57.0,1,0.0,0,0,0,258.768676757813,6.0,5,6,4,15736,12107.62109375,11307.0595703125,1,19396.794921875,13110.6982421875,7.0,0,1,0,0,0,0,0,1,0,1
15736-60-11-1,1,1,49.0,1,0.0,0,0,0,258.768676757813,6.0,5,6,3,15736,6319.721354166667,5687.629557291667,0,3485.4296875,4705.12109375,10.0,0,0,0,0,1,0,0,1,0,0
15736-72-11-1,1,1,39.0,1,1.0,1,1,0,258.768676757813,7.0,5,6,4,15736,12220.4326171875,7762.63427734375,0,22607.904296875,13391.9716796875,8.0,0,0,1,0,0,0,0,1,0,0
15740-220-11-1,1,2,42.0,1,1.0,0,0,0,68.3042068481445,3.0,7,3,6,15740,5952.5546875,5028.295572916667,0,17957.71875,5552.547230113636,11.0,0,0,0,0,0,1,0,1,0,0
15746-182-11-1,1,2,47.0,1,1.0,1,1,0,76.5594711303711,6.0,7,3,5,15746,7624.034375,4833.384375,0,8579.1875,8004.12734375,8.0,0,0,1,0,0,0,0,1,0,0
15750-135-11-1,1,1,43.0,1,1.0,0,0,0,66.6390228271484,6.0,7,3,1,15750,13737.912109375,20522.70703125,0,24872.591796875,26034.787109375,8.0,0,0,1,0,0,0,0,1,0,0
15752-23-11-1,1,2,32.0,1,1.0,0,0,0,68.3042068481445,5.0,8,3,3,15752,8481.733723958334,4650.263346354167,0,5230.653645833333,8279.780598958334,10.0,0,0,0,0,1,0,0,1,0,0
15752-79-11-1,1,1,55.0,1,1.0,0,0,0,68.3042068481445,5.0,8,3,2,15752,7895.44873046875,11626.533203125,0,5127.38818359375,9391.80078125,8.0,0,0,1,0,0,0,0,1,0,0
15755-31-11-1,1,1,68.0,1,1.0,0,0,0,76.5594711303711,4.0,7,3,1,15755,5235.3056640625,4904.67041015625,0,8176.04150390625,6612.90380859375,11.0,0,0,0,0,0,1,0,1,0,0
15755-117-11-1,1,1,56.0,1,1.0,1,1,0,76.5594711303711,5.0,7,3,2,15755,14847.6806640625,13183.6396484375,0,26577.42578125,16812.19140625,7.0,0,1,0,0,0,0,0,1,0,0
15772-14-11-1,1,2,53.0,1,1.0,0,0,0,158.062057495117,4.0,8,6,3,15772,8889.633463541666,3766.1858723958335,0,7402.607421875,6686.543619791667,9.0,0,0,0,1,0,0,0,1,0,0
15773-7-11-1,1,2,56.0,1,1.0,0,0,0,158.062057495117,6.0,6,6,3,15773,12232.0859375,3900.5390625,0,8096.7431640625,5816.65966796875,8.0,0,0,1,0,0,0,0,1,0,0
15773-97-11-1,1,2,46.0,1,1.0,0,0,0,158.062057495117,6.0,6,6,2,15773,9926.521484375,10330.794921875,0,8355.6953125,13537.708333333334,8.0,0,0,1,0,0,0,0,1,0,0
15774-7-11-1,1,2,53.0,1,1.0,0,0,0,158.062057495117,5.0,8,6,3,15774,6456.240885416667,3460.1451822916665,0,3685.3597005208335,2697.1691080729165,12.0,0,0,0,0,0,0,1,1,0,0
15774-37-11-1,1,2,57.0,1,1.0,0,0,0,158.062057495117,3.0,8,6,4,15774,4757.41796875,2542.73876953125,0,5810.754557291667,5944.633463541667,9.0,0,0,0,1,0,0,0,1,0,0
15776-72-11-1,1,1,42.0,1,1.0,0,0,0,154.288711547852,6.0,8,6,5,15776,2431.628515625,3093.1396484375,0,8081.5265625,3445.5015625,12.0,0,0,0,0,0,0,1,1,0,0
15777-9-11-1,1,1,61.0,1,1.0,0,0,0,154.288711547852,4.0,6,6,2,15777,3427.736083984375,4799.93359375,0,6179.9619140625,5565.2431640625,8.0,0,0,1,0,0,0,0,1,0,0
15777-28-11-1,1,1,44.0,1,1.0,1,0,0,154.288711547852,6.0,6,6,6,15777,5062.3935546875,4080.72265625,0,2848.3531901041665,3262.1080729166665,8.0,0,0,1,0,0,0,0,1,0,0
15777-32-11-1,1,1,43.0,1,1.0,0,0,0,154.288711547852,6.0,6,6,6,15777,4952.880533854167,6448.716796875,0,5277.75390625,6543.3916015625,8.0,0,0,1,0,0,0,0,1,0,0
15777-75-11-1,1,1,40.0,1,1.0,0,0,0,154.288711547852,5.0,6,6,6,15777,7916.811197916667,1763.5577799479167,1,28420.0,18347.3828125,8.0,0,0,1,0,0,0,0,1,0,1
15778-129-11-1,1,1,42.0,1,1.0,0,0,0,158.062057495117,5.0,7,6,4,15778,8460.162109375,10753.4521484375,1,8651.552734375,8389.7275390625,7.0,0,1,0,0,0,0,0,1,0,1
15778-130-11-1,1,1,48.0,1,1.0,0,0,0,158.062057495117,5.0,7,6,4,15778,9433.044921875,4652.9345703125,0,2346.90771484375,4416.2939453125,8.0,0,0,1,0,0,0,0,1,0,0
15810-70-11-1,1,2,43.0,1,0.0,1,1,0,23.0944938659668,11.0,2,5,3,15810,29478.41145833333,22483.19270833333,1,32214.338541666668,34707.71875,,0,0,0,0,0,0,0,0,0,1
15810-132-11-1,1,2,57.0,1,0.0,0,0,0,23.0944938659668,8.0,2,5,2,15810,25010.33984375,19047.72265625,1,19681.88020833333,11699.79296875,7.0,0,1,0,0,0,0,0,1,0,1
15815-42-11-1,1,2,61.0,1,1.0,0,0,0,326.1591796875,4.0,2,5,4,15815,2282.778564453125,1830.576416015625,0,3731.0966796875,3016.03173828125,12.0,0,0,0,0,0,0,1,1,0,0
15815-75-11-1,1,2,30.0,1,1.0,1,1,0,326.1591796875,5.0,2,5,4,15815,3844.92919921875,6829.54541015625,0,4697.3603515625,6005.77490234375,11.0,0,0,0,0,0,1,0,1,0,0
15816-13-11-1,1,1,28.0,1,0.0,1,1,0,340.792907714844,6.0,2,5,5,15816,6760.53671875,6516.425,1,12055.3015625,6246.081640625,7.0,0,1,0,0,0,0,0,1,0,1
15816-58-11-1,1,1,38.0,1,1.0,1,1,0,340.792907714844,6.0,2,5,4,15816,5752.25634765625,6038.2138671875,0,10702.5576171875,7785.7177734375,7.0,0,1,0,0,0,0,0,1,0,0
15817-3-11-1,1,2,41.0,1,0.0,1,1,0,428.027221679688,10.0,2,5,3,15817,16572.821614583332,8742.592447916666,0,16359.865885416666,13105.140625,7.0,0,1,0,0,0,0,0,1,0,0
15817-62-11-1,1,1,37.0,1,0.0,1,0,0,428.027221679688,8.0,2,5,4,15817,6037.75830078125,6695.068359375,1,4185.6201171875,4397.4990234375,7.0,0,1,0,0,0,0,0,1,0,1
15818-91-11-1,1,1,62.0,1,1.0,0,0,0,141.207855224609,6.0,2,5,3,15818,8032.248046875,7378.425130208333,0,7896.32470703125,7312.8232421875,8.0,0,0,1,0,0,0,0,1,0,0
15822-14-11-1,1,1,41.0,1,0.0,1,1,0,326.1591796875,10.0,2,5,4,15822,8748.30078125,14400.833984375,0,6805.1669921875,6992.34814453125,7.0,0,1,0,0,0,0,0,1,0,0
15824-57-11-1,1,1,56.0,1,1.0,0,0,0,428.027221679688,4.0,2,5,1,15824,9243.544921875,10578.37109375,0,5232.34619140625,9671.1982421875,8.0,0,0,1,0,0,0,0,1,0,0
15834-2-11-1,1,1,67.0,1,1.0,0,0,0,428.027221679688,10.0,5,5,2,15834,14759.095703125,5166.38720703125,0,5040.90087890625,5524.416015625,8.0,0,0,1,0,0,0,0,1,0,0
15834-15-11-1,1,1,37.0,1,1.0,0,0,0,428.027221679688,7.0,5,5,4,15834,4467.4638671875,3822.541015625,0,2355.69677734375,2304.225830078125,8.0,0,0,1,0,0,0,0,1,0,0
15834-76-11-1,1,1,56.0,1,1.0,0,0,0,428.027221679688,9.0,5,5,2,15834,7949.1806640625,10196.95703125,1,9131.4091796875,7436.06884765625,7.0,0,1,0,0,0,0,0,1,0,1
15849-29-11-1,1,1,68.0,1,1.0,0,0,0,410.718353271484,3.0,5,5,4,15849,2081.436767578125,2250.875732421875,0,7482.6923828125,5264.49072265625,12.0,0,0,0,0,0,0,1,1,0,0
15851-2-11-1,1,1,41.0,1,0.0,0,0,0,434.87890625,9.0,5,5,5,15851,7660.84140625,5621.04140625,1,7658.90625,5852.502734375,7.0,0,1,0,0,0,0,0,1,0,1
15851-16-11-1,1,2,45.0,1,1.0,0,0,0,434.87890625,4.0,5,5,5,15851,6185.051953125,4790.7046875,0,6128.9580078125,9537.25,8.0,0,0,1,0,0,0,0,1,0,0
15853-76-11-1,1,2,36.0,1,1.0,0,0,0,454.390563964844,3.0,5,5,7,15853,3124.0987723214284,3300.129464285714,1,1852.16015625,3949.793247767857,7.0,0,1,0,0,0,0,0,1,0,1
15853-107-11-1,1,1,43.0,1,1.0,0,0,0,454.390563964844,3.0,5,5,4,15853,1799.5521240234375,3344.750732421875,1,4656.82177734375,4732.60205078125,7.0,0,1,0,0,0,0,0,1,0,1
15855-91-11-1,1,1,64.0,1,1.0,0,0,0,207.465179443359,5.0,4,5,2,15855,10748.3671875,8147.2568359375,1,9527.962890625,7775.779296875,7.0,0,1,0,0,0,0,0,1,0,1
15856-78-11-1,1,2,34.0,1,1.0,0,0,0,454.390563964844,6.0,5,5,4,15856,9532.263671875,5152.2890625,1,10385.701171875,6552.8974609375,7.0,0,1,0,0,0,0,0,1,0,1
15857-50-11-1,1,1,43.0,1,1.0,0,0,0,428.027221679688,3.0,5,5,7,15857,3308.5172991071427,4653.7109375,0,5050.895647321428,6274.63671875,8.0,0,0,1,0,0,0,0,1,0,0
15857-98-11-1,1,1,48.0,1,1.0,0,0,0,428.027221679688,5.0,5,5,5,15857,6993.6890625,7886.53671875,0,6951.734375,7743.0791015625,8.0,0,0,1,0,0,0,0,1,0,0
15857-129-11-1,1,1,48.0,1,1.0,0,0,0,428.027221679688,3.0,5,5,3,15857,4991.650390625,5294.1533203125,0,5059.3232421875,6239.154947916667,12.0,0,0,0,0,0,0,1,1,0,0
15865-67-11-1,1,1,46.0,1,0.0,0,0,0,292.462097167969,6.0,5,7,4,15865,8729.8486328125,7808.30029296875,1,33087.46875,23987.013671875,,0,0,0,0,0,0,0,0,0,1
15882-18-11-1,1,2,29.0,1,1.0,0,0,0,179.438827514648,4.0,7,5,5,15882,4584.203515625,3146.5353515625,0,2244.240625,2252.6671875,7.0,0,1,0,0,0,0,0,1,0,0
15882-20-11-1,1,1,56.0,1,1.0,0,0,0,179.438827514648,4.0,7,5,3,15882,4381.533528645833,4212.030924479167,0,3648.8587239583335,6897.276041666667,8.0,0,0,1,0,0,0,0,1,0,0
15882-143-11-1,1,1,32.0,1,1.0,1,1,0,179.438827514648,5.0,7,5,5,15882,2718.2185546875,2702.7974609375,0,914.2390625,2708.279296875,8.0,0,0,1,0,0,0,0,1,0,0
15882-145-11-1,1,1,67.0,1,1.0,0,0,0,179.438827514648,3.0,7,5,2,15882,9409.626953125,3358.2509765625,0,9017.8623046875,5468.02197265625,8.0,0,0,1,0,0,0,0,1,0,0
15882-146-11-1,1,2,76.0,1,1.0,0,0,0,179.438827514648,3.0,7,5,1,15882,8146.0322265625,5670.109375,0,5281.81005859375,6023.49951171875,8.0,0,0,1,0,0,0,0,1,0,0
15901-20-11-1,1,2,57.0,1,0.0,0,0,0,163.764602661133,6.0,6,5,2,15901,16383.3173828125,9523.2451171875,1,8841.676432291666,11276.947916666666,7.0,0,1,0,0,0,0,0,1,0,1
15901-68-11-1,1,1,58.0,1,1.0,1,1,0,163.764602661133,9.0,6,5,2,15901,19828.09765625,11923.99609375,1,20721.267578125,16234.4462890625,7.0,0,1,0,0,0,0,0,1,0,1
15901-137-11-1,1,1,76.0,1,1.0,0,0,0,163.764602661133,3.0,6,5,2,15901,3183.60107421875,3491.34765625,0,3390.228271484375,4130.97119140625,8.0,0,0,1,0,0,0,0,1,0,0
15901-151-11-1,1,1,64.0,1,0.0,0,0,0,163.764602661133,8.0,6,5,2,15901,14821.5771484375,16198.408203125,1,27827.1171875,11109.44921875,7.0,0,1,0,0,0,0,0,1,0,1
15919-10-11-1,1,2,60.0,1,1.0,0,0,0,167.209548950195,3.0,6,5,1,15919,23276.083984375,9833.9560546875,1,15500.2626953125,13718.814453125,7.0,0,1,0,0,0,0,0,1,0,1
15919-69-11-1,1,1,62.0,1,1.0,0,0,0,167.209548950195,4.0,6,5,1,15919,9393.62890625,11374.1318359375,0,3632.05322265625,10338.591796875,8.0,0,0,1,0,0,0,0,1,0,0
15920-7-11-1,1,1,40.0,1,1.0,0,0,0,179.438827514648,6.0,6,5,1,15920,17008.455078125,15313.994140625,1,15096.1142578125,11847.19140625,7.0,0,1,0,0,0,0,0,1,0,1
15920-35-11-1,1,1,74.0,1,1.0,0,0,0,179.438827514648,3.0,6,5,1,15920,11445.0478515625,9114.2822265625,1,11092.23046875,13195.490234375,7.0,0,1,0,0,0,0,0,1,0,1
15922-208-11-1,1,1,35.0,1,1.0,0,0,0,163.764602661133,5.0,7,5,4,15922,3937.56298828125,3586.70068359375,0,3344.52685546875,5769.97607421875,8.0,0,0,1,0,0,0,0,1,1,0
15926-45-11-1,1,2,72.0,1,1.0,0,0,0,169.707336425781,3.0,6,5,2,15926,3843.351806640625,2537.839111328125,0,2523.826171875,3390.8662109375,12.0,0,0,0,0,0,0,1,1,0,0
15927-23-11-1,1,2,46.0,1,1.0,0,0,0,179.438827514648,5.0,6,5,2,15927,2711.56201171875,2702.889892578125,0,3387.20068359375,2865.788330078125,12.0,0,0,0,0,0,0,1,1,0,0
15927-50-11-1,1,1,48.0,1,0.0,0,0,0,179.438827514648,8.0,6,5,4,15927,7567.55419921875,3448.861328125,1,5850.9796875,5039.043359375,7.0,0,1,0,0,0,0,0,1,0,1
15927-60-11-1,1,2,60.0,1,1.0,0,0,0,179.438827514648,3.0,6,5,1,15927,5183.1201171875,6598.8232421875,0,5401.35546875,4567.046875,12.0,0,0,0,0,0,0,1,1,0,0
15928-241-11-1,1,1,29.0,1,1.0,0,0,0,167.209548950195,6.0,7,5,3,15928,4320.6201171875,3149.115234375,0,6687.0,3473.2672526041665,8.0,0,0,1,0,0,0,0,1,0,0
15929-6-11-1,1,1,70.0,1,1.0,0,0,0,169.707336425781,4.0,7,5,2,15929,2744.304931640625,2198.340087890625,0,2605.05517578125,2638.651611328125,12.0,0,0,0,0,0,0,1,1,0,0
15930-42-11-1,1,2,60.0,1,1.0,0,0,0,179.438827514648,5.0,7,5,1,15930,15834.47265625,9450.5244140625,1,3537.01245117188,5072.9521484375,7.0,0,1,0,0,0,0,0,1,0,1
15931-6-11-1,1,2,74.0,1,1.0,0,0,0,169.707336425781,1.0,8,5,1,15931,3783.39697265625,3863.80590820313,0,2557.67919921875,3028.69921875,12.0,0,0,0,0,0,0,1,1,0,0
15934-3-11-1,1,1,68.0,1,1.0,0,0,0,167.209548950195,1.0,7,5,2,15934,4114.0634765625,5303.3125,0,3500.4169921875,6906.4423828125,12.0,0,0,0,0,0,0,1,1,0,0
15934-4-11-1,1,1,46.0,1,1.0,0,0,0,167.209548950195,4.0,7,5,5,15934,1105.692578125,2067.675390625,0,1787.5587890625,3372.091015625,8.0,0,0,1,0,0,0,0,1,0,0
15934-54-11-1,1,1,50.0,1,1.0,0,0,0,167.209548950195,3.0,7,5,4,15934,2231.8115234375,3167.731201171875,0,3141.9375,4790.970703125,12.0,0,0,0,0,0,0,1,1,0,0
15934-60-11-1,1,1,35.0,1,1.0,1,0,0,167.209548950195,6.0,7,5,5,15934,3167.362109375,2982.5796875,0,2413.717578125,3460.926171875,8.0,0,0,1,0,0,0,0,1,0,0
15934-61-11-1,1,1,73.0,1,1.0,0,0,0,167.209548950195,3.0,7,5,2,15934,6460.73681640625,9142.119140625,0,3715.647705078125,3403.718017578125,12.0,0,0,0,0,0,0,1,1,0,0
15939-24-11-1,1,2,69.0,1,1.0,0,0,0,179.438827514648,6.0,6,5,2,15939,4323.3984375,5295.48828125,0,3218.0634765625,3446.455322265625,8.0,0,0,1,0,0,0,0,1,0,0
15939-90-11-1,1,2,57.0,1,1.0,0,0,0,179.438827514648,4.0,6,5,1,15939,11696.001953125,10737.97265625,0,4329.837890625,6308.21533203125,12.0,0,0,0,0,0,0,1,1,0,0
15940-156-11-1,1,1,66.0,1,1.0,0,0,0,167.209548950195,8.0,7,5,2,15940,2193.103515625,4339.791015625,0,3803.624267578125,5505.73095703125,8.0,0,0,1,0,0,0,0,1,0,0
15941-264-11-1,1,1,40.0,1,1.0,0,0,0,167.209548950195,6.0,7,5,3,15941,5940.223307291667,5620.199869791667,1,11751.345052083334,9891.412760416666,7.0,0,1,0,0,0,0,0,1,0,1
15941-265-11-1,1,2,68.0,1,1.0,0,0,0,167.209548950195,3.0,7,5,2,15941,5032.28955078125,2106.92919921875,1,7788.34140625,6835.2421875,10.0,0,0,0,0,1,0,0,1,0,1
15949-71-11-1,1,2,60.0,1,1.0,0,0,0,118.913909912109,3.0,7,7,1,15949,13967.1484375,12963.474609375,0,7684.5029296875,10203.0166015625,12.0,0,0,0,0,0,0,1,1,0,0
15949-76-11-1,1,1,94.0,1,1.0,0,0,0,118.913909912109,3.0,7,7,2,15949,5280.8857421875,6690.99658203125,0,3982.137451171875,6008.79833984375,12.0,0,0,0,0,0,0,1,1,0,0
15949-78-11-1,1,2,46.0,1,1.0,0,0,0,118.913909912109,5.0,7,7,3,15949,4674.235677083333,5349.445638020833,0,5751.717447916667,4461.451822916667,12.0,0,0,0,0,0,0,1,1,0,0
15954-75-12-1,1,2,29.0,1,1.0,1,1,0,466.294311523438,5.0,2,4,3,15954,6885.8203125,8244.940104166666,1,4777.2861328125,7907.903645833333,7.0,0,1,0,0,0,0,0,1,0,1
15954-151-11-1,1,1,47.0,1,0.0,1,0,0,466.294311523438,3.0,2,4,7,15954,10384.142857142857,5835.912946428572,0,5291.256696428572,4899.916294642857,7.0,0,1,0,0,0,0,0,1,0,0
15975-15-11-1,1,2,40.0,1,1.0,0,0,0,523.268432617188,3.0,2,4,4,15975,1331.324462890625,4893.97802734375,0,2155.15625,3887.683837890625,12.0,0,0,0,0,0,0,1,1,0,0
15975-26-11-1,1,1,19.0,1,1.0,1,1,0,523.268432617188,7.0,2,4,1,15975,25451.087890625,19343.033203125,0,15622.1767578125,10472.2939453125,10.0,0,0,0,0,1,0,0,1,0,0
15977-67-11-1,1,2,29.0,1,0.0,1,1,0,511.204467773438,10.0,2,4,2,15977,31691.640625,30822.3203125,1,27409.447265625,29134.623046875,,0,0,0,0,0,0,0,0,0,1
15982-39-11-1,1,2,37.0,1,0.0,1,1,0,52.9195404052734,10.0,2,4,2,15982,46834.0546875,31172.57421875,0,46074.4921875,18207.27734375,10.0,0,0,0,0,1,0,0,1,0,0
15982-111-11-1,1,1,69.0,1,0.0,0,0,0,52.9195404052734,6.0,2,4,1,15982,78578.1796875,24403.5625,1,96006.265625,26986.525390625,8.0,0,0,1,0,0,0,0,1,0,1
16010-57-11-1,1,2,75.0,1,1.0,0,0,0,681.60595703125,1.0,5,4,2,16010,5118.88818359375,5329.1904296875,0,4205.59130859375,4458.5205078125,12.0,0,0,0,0,0,0,1,1,0,0
16011-117-11-1,1,2,63.0,1,0.0,0,0,0,544.533813476563,8.0,5,4,1,16011,34633.828125,19259.927734375,0,39725.12109375,22281.833984375,12.0,0,0,0,0,0,0,1,1,0,0
16012-37-11-1,1,1,41.0,1,0.0,1,0,0,466.294311523438,10.0,5,4,4,16012,16487.03515625,14874.55859375,1,9483.134765625,15985.0947265625,7.0,0,1,0,0,0,0,0,1,0,1
16013-11-11-1,1,1,69.0,1,1.0,0,0,0,681.60595703125,6.0,5,4,3,16013,2265.41796875,2569.21728515625,0,8564.987630208334,7957.3515625,7.0,0,1,0,0,0,0,0,1,0,0
16013-79-11-1,1,1,44.0,1,1.0,0,0,0,681.60595703125,8.0,5,4,4,16013,1877.8133544921875,2760.736083984375,0,3370.37939453125,5767.67333984375,8.0,0,0,1,0,0,0,0,1,0,0
16014-73-11-1,1,1,52.0,1,1.0,0,0,0,487.965240478516,4.0,5,4,2,16014,21794.4296875,7641.98974609375,0,6060.8505859375,6849.583984375,7.0,0,1,0,0,0,0,0,1,0,0
16030-2-11-1,1,2,87.0,1,1.0,0,0,0,197.899108886719,1.0,3,7,1,16030,6909.4384765625,5626.7138671875,0,8879.9853515625,4001.68627929688,12.0,0,0,0,0,0,0,1,1,0,0
16031-63-11-1,1,1,68.0,1,1.0,0,0,0,158.894134521484,9.0,5,7,2,16031,8024.44970703125,9715.8203125,0,5727.40966796875,6797.88134765625,12.0,0,0,0,0,0,0,1,1,0,0
16032-15-11-1,1,1,62.0,1,1.0,0,0,0,849.8828125,3.0,5,7,2,16032,13279.28125,7595.10888671875,0,6124.08642578125,4576.2177734375,10.0,0,0,0,0,1,0,0,1,0,0
16032-47-11-1,1,2,43.0,1,1.0,0,0,0,849.8828125,6.0,5,7,3,16032,83874.76041666667,15128.5703125,0,68633.03125,18176.203125,8.0,0,0,1,0,0,0,0,1,0,0
16034-33-11-1,1,2,50.0,1,0.0,0,0,0,139.58203125,4.0,3,7,3,16034,4089.5104166666665,4574.0302734375,0,10633.613932291666,13274.454427083334,7.0,0,1,0,0,0,0,0,1,0,0
16034-77-11-1,1,2,37.0,1,1.0,0,0,0,139.58203125,5.0,3,7,1,16034,7868.3330078125,8702.009765625,0,5972.9482421875,9687.2998046875,7.0,0,1,0,0,0,0,0,1,1,0
16035-23-11-1,1,2,59.0,1,1.0,0,0,0,849.8828125,4.0,5,7,8,16035,7800.35888671875,6240.40625,0,8262.87779017857,5752.520647321428,7.0,0,1,0,0,0,0,0,1,0,0
16035-71-11-1,1,2,63.0,1,1.0,0,0,0,849.8828125,3.0,5,7,4,16035,7374.794921875,8540.8349609375,0,3472.684814453125,3605.64404296875,12.0,0,0,0,0,0,0,1,1,0,0
16035-83-11-1,1,2,33.0,1,1.0,0,0,0,849.8828125,6.0,5,7,3,16035,3938.1494140625,5839.002604166667,0,7037.403125,6670.6546875,10.0,0,0,0,0,1,0,0,1,0,0
16036-14-11-1,1,1,58.0,1,1.0,0,0,0,162.220153808594,4.0,5,7,3,16036,6640.701822916667,5520.892578125,0,3499.7858072916665,2519.3779296875,8.0,0,0,1,0,0,0,0,1,0,0
16036-81-11-1,1,1,55.0,1,1.0,0,0,0,162.220153808594,3.0,5,7,4,16036,2274.32666015625,2637.693603515625,0,4306.07861328125,1692.29150390625,8.0,0,0,1,0,0,0,0,1,0,0
16042-8-11-1,1,1,39.0,1,1.0,0,0,0,132.078247070313,6.0,7,1,5,16042,4211.5359375,3694.753125,1,6469.901171875,7283.7875,7.0,0,1,0,0,0,0,0,1,1,1
16042-134-11-1,1,1,94.0,1,1.0,0,0,0,132.078247070313,1.0,7,1,2,16042,3250.73828125,2565.1611328125,0,3837.925537109375,2775.726318359375,12.0,0,0,0,0,0,0,1,1,0,0
16083-40-11-1,1,2,73.0,1,1.0,0,0,0,334.858489990234,3.0,6,4,4,16083,4748.3232421875,2997.28759765625,0,4103.923502604167,3318.9195963541665,8.0,0,0,1,0,0,0,0,1,0,0
16107-139-11-1,1,2,83.0,1,1.0,0,0,0,334.858489990234,3.0,7,4,1,16107,3928.2607421875,5088.91552734375,0,5136.40380859375,5170.74267578125,12.0,0,0,0,0,0,0,1,1,0,0
16108-37-11-1,1,2,50.0,1,1.0,0,0,0,330.590240478516,4.0,7,4,2,16108,7552.5634765625,5989.05419921875,0,4027.603515625,2476.0703125,8.0,0,0,1,0,0,0,0,1,0,0
16108-39-11-1,1,1,63.0,1,1.0,0,0,0,330.590240478516,6.0,7,4,2,16108,2974.0,2688.978515625,0,4880.02099609375,2864.6708984375,10.0,0,0,0,0,1,0,0,1,0,0
16108-118-11-1,1,1,44.0,1,1.0,0,0,0,330.590240478516,6.0,7,4,4,16108,3271.95166015625,3241.78955078125,0,5491.967447916667,10239.985677083334,12.0,0,0,0,0,0,0,1,1,0,0
16108-119-11-1,1,2,62.0,1,1.0,0,0,0,330.590240478516,3.0,7,4,5,16108,4347.667578125,2248.8029296875,0,7689.6796875,8303.42421875,8.0,0,0,1,0,0,0,0,1,0,0
16108-120-11-1,1,1,46.0,1,1.0,0,0,0,330.590240478516,6.0,7,4,5,16108,4399.975390625,2881.85546875,0,6555.484375,4829.0015625,12.0,0,0,0,0,0,0,1,1,0,0
16117-520-11-1,1,1,39.0,1,1.0,1,0,0,352.102783203125,4.0,7,4,5,16117,5840.528515625,5903.5578125,0,4235.752734375,4760.912890625,8.0,0,0,1,0,0,0,0,1,0,0
16118-12-11-1,1,1,52.0,1,1.0,0,0,0,330.590240478516,3.0,8,4,4,16118,2055.927978515625,2126.680419921875,0,1845.7982177734373,2110.345947265625,8.0,0,0,1,0,0,0,0,1,0,0
16119-54-11-1,1,1,56.0,1,1.0,0,0,0,334.858489990234,4.0,7,4,4,16119,3454.078125,4777.6884765625,1,6410.24365234375,6019.13427734375,7.0,0,1,0,0,0,0,0,1,0,1
16119-111-11-1,1,1,49.0,1,1.0,0,0,0,334.858489990234,4.0,7,4,2,16119,7612.5732421875,3548.702880859375,0,7246.34453125,6280.068359375,8.0,0,0,1,0,0,0,0,1,0,0
16119-116-11-1,1,1,36.0,1,1.0,0,0,0,334.858489990234,6.0,7,4,5,16119,1269.94873046875,2351.630859375,1,4896.120703125,5213.498828125,7.0,0,1,0,0,0,0,0,1,0,1
16120-64-11-1,1,1,41.0,1,1.0,0,0,0,330.590240478516,6.0,7,4,3,16120,2114.2470703125,959.59765625,0,2006.7537841796875,2203.271240234375,7.0,0,1,0,0,0,0,0,1,0,0
16121-105-11-1,1,2,62.0,1,1.0,0,0,0,352.102783203125,3.0,7,4,3,16121,7639.158203125,2099.93505859375,0,6415.1171875,3952.0908203125,12.0,0,0,0,0,0,0,1,1,0,0
16121-106-11-1,1,2,36.0,1,1.0,0,0,0,352.102783203125,3.0,7,4,4,16121,3597.36328125,2518.63134765625,0,5620.814453125,4000.634765625,10.0,0,0,0,0,1,0,0,1,0,0
16121-107-11-1,1,1,60.0,1,1.0,0,0,0,352.102783203125,4.0,7,4,6,16121,4833.518880208333,3370.6181640625,0,2264.741536458333,2840.2099609375,8.0,0,0,1,0,0,0,0,1,0,0
16121-108-11-1,1,1,47.0,1,1.0,0,0,0,352.102783203125,1.0,7,4,5,16121,4752.726171875,3366.580859375,0,6540.0640625,5118.339453125,8.0,0,0,1,0,0,0,0,1,0,0
16121-282-11-1,1,2,53.0,1,1.0,0,0,0,352.102783203125,1.0,7,4,2,16121,5904.8642578125,2138.991943359375,0,2998.139973958333,2381.4430338541665,12.0,0,0,0,0,0,0,1,1,0,0
16121-283-11-1,1,1,57.0,1,1.0,0,0,0,352.102783203125,3.0,7,4,4,16121,3551.031494140625,1977.8565673828125,0,2742.67724609375,2242.803466796875,12.0,0,0,0,0,0,0,1,1,0,0
16121-284-11-1,1,1,38.0,1,1.0,0,0,0,352.102783203125,4.0,7,4,4,16121,6644.57958984375,3426.07275390625,1,2999.088623046875,2486.6533203125,7.0,0,1,0,0,0,0,0,1,0,1
16122-294-11-1,1,1,62.0,1,1.0,0,0,0,352.576293945313,3.0,7,4,2,16122,2821.939697265625,4516.66845703125,0,3347.626708984375,5283.73876953125,12.0,0,0,0,0,0,0,1,1,0,0
16122-295-11-1,1,2,74.0,1,1.0,0,0,0,352.576293945313,1.0,7,4,1,16122,2608.20654296875,1429.60681152344,0,3093.05029296875,3238.19165039063,12.0,0,0,0,0,0,0,1,1,0,0
16122-610-11-1,1,1,40.0,1,1.0,0,0,0,352.576293945313,4.0,7,4,5,16122,6302.63359375,3574.094140625,1,5762.576171875,2866.4490234375,7.0,0,1,0,0,0,0,0,1,0,1
16122-611-11-1,1,2,80.0,1,1.0,0,0,0,352.576293945313,1.0,7,4,1,16122,5925.095703125,2297.51489257813,0,4094.259765625,2329.59228515625,12.0,0,0,0,0,0,0,1,1,0,0
16122-612-11-1,1,1,55.0,1,1.0,0,0,0,352.576293945313,3.0,7,4,5,16122,5672.484765625,3465.341796875,0,14428.5125,3928.770703125,12.0,0,0,0,0,0,0,1,1,0,0
16122-613-11-1,1,1,50.0,1,1.0,0,0,0,352.576293945313,4.0,7,4,5,16122,1357.38369140625,1809.471484375,0,1735.7058919270833,1396.28173828125,12.0,0,0,0,0,0,0,1,1,0,0
16123-81-11-1,1,2,71.0,1,1.0,0,0,0,352.576293945313,1.0,7,4,2,16123,4034.494384765625,4179.7763671875,0,3816.75,3465.156005859375,12.0,0,0,0,0,0,0,1,1,0,0
16123-84-11-1,1,1,54.0,1,1.0,0,0,0,352.576293945313,4.0,7,4,5,16123,2430.08203125,1954.8869140625,0,3197.7693359375,1793.3396484375,12.0,0,0,0,0,0,0,1,1,0,0
16123-144-11-1,1,2,59.0,1,1.0,0,0,0,352.576293945313,3.0,7,4,2,16123,1947.521484375,2736.669189453125,0,2632.031982421875,3185.2158203125,10.0,0,0,0,0,1,0,0,1,0,0
16125-13-11-1,1,1,66.0,1,1.0,0,0,0,352.576293945313,3.0,8,4,4,16125,10988.6962890625,9524.8046875,0,10350.2646484375,5630.17431640625,8.0,0,0,1,0,0,0,0,1,0,0
16126-11-11-1,1,1,56.0,1,0.0,0,0,0,352.576293945313,8.0,6,4,5,16126,12193.48828125,11796.20625,0,16915.1203125,10006.8171875,7.0,0,1,0,0,0,0,0,1,0,0
16126-19-11-1,1,1,66.0,1,0.0,0,0,0,352.576293945313,6.0,6,4,3,16126,21376.81380208333,11962.427083333334,1,21760.408854166668,14171.5703125,7.0,0,1,0,0,0,0,0,1,0,1
16126-27-11-1,1,1,76.0,1,1.0,0,0,0,352.576293945313,9.0,6,4,2,16126,5828.8154296875,2527.832763671875,0,4341.07275390625,3072.246337890625,10.0,0,0,0,0,1,0,0,1,0,0
16126-60-11-1,1,2,43.0,1,1.0,0,0,0,352.576293945313,3.0,6,4,2,16126,6639.75048828125,5241.26171875,0,4929.6611328125,3941.256103515625,12.0,0,0,0,0,0,0,1,1,0,0
16126-88-11-1,1,1,46.0,1,0.0,0,0,0,352.576293945313,6.0,6,4,3,16126,9607.283854166666,10007.744140625,0,6140.839192708333,6445.551432291667,8.0,0,0,1,0,0,0,0,1,0,0
16127-117-11-1,1,1,49.0,1,1.0,0,0,0,330.590240478516,5.0,7,4,2,16127,4870.7900390625,4128.72607421875,0,3445.035888671875,3055.57763671875,8.0,0,0,1,0,0,0,0,1,0,0
16127-118-11-1,1,1,61.0,1,1.0,0,0,0,330.590240478516,4.0,7,4,2,16127,5912.78125,6731.474609375,0,11445.9658203125,12777.1767578125,8.0,0,0,1,0,0,0,0,1,0,0
16128-46-11-1,1,1,59.0,1,1.0,0,0,0,352.102783203125,4.0,7,4,2,16128,21428.68359375,7483.2685546875,0,10151.9931640625,8388.146484375,7.0,0,1,0,0,0,0,0,1,0,0
16130-30-11-1,1,1,49.0,1,1.0,0,0,0,334.858489990234,4.0,7,4,2,16130,3787.590087890625,3450.326416015625,0,7231.7587890625,4984.87109375,10.0,0,0,0,0,1,0,0,1,0,0
16131-154-11-1,1,1,65.0,1,1.0,0,0,0,352.576293945313,3.0,7,4,7,16131,2291.949776785714,1344.6568080357142,0,1959.880580357143,961.4810965401786,10.0,0,0,0,0,1,0,0,1,0,0
16131-156-11-1,1,1,43.0,1,1.0,0,0,0,352.576293945313,5.0,7,4,5,16131,2412.5384765625,2185.1087890625,0,8652.31640625,1409.01962890625,10.0,0,0,0,0,1,0,0,1,0,0
16131-426-11-1,1,1,29.0,1,1.0,0,0,0,352.576293945313,3.0,7,4,5,16131,932.9841796875,746.15517578125,0,4663.090625,1212.9779296875,10.0,0,0,0,0,1,0,0,1,0,0
16132-15-11-1,1,1,73.0,1,1.0,0,0,0,352.102783203125,4.0,8,4,6,16132,5009.703125,1604.23388671875,0,5959.79443359375,2145.694580078125,10.0,0,0,0,0,1,0,0,1,0,0
16153-71-11-1,1,1,59.0,1,1.0,0,0,0,230.468078613281,4.0,7,7,3,16153,5596.751953125,2987.4713541666665,0,4506.083658854167,3151.5602213541665,8.0,0,0,1,0,0,0,0,1,0,0
16154-130-11-1,1,1,80.0,1,1.0,0,0,0,238.379196166992,1.0,7,7,2,16154,7709.236328125,8363.11328125,0,2383.824462890625,2016.70458984375,12.0,0,0,0,0,0,0,1,1,0,0
16155-14-11-1,1,1,65.0,1,1.0,0,0,0,264.215789794922,4.0,8,7,4,16155,15470.1923828125,7787.552734375,0,10047.6279296875,4519.34423828125,9.0,0,0,0,1,0,0,0,1,0,0
16156-55-11-1,1,1,60.0,1,0.0,0,0,0,264.215789794922,5.0,7,7,4,16156,14694.1923828125,5318.85546875,0,4572.810872395833,5035.280598958333,9.0,0,0,0,1,0,0,0,1,0,0
16156-326-11-1,1,1,50.0,1,1.0,0,0,0,264.215789794922,3.0,7,7,3,16156,2890.6240234375,5879.7890625,0,2556.4207356770835,4121.8291015625,8.0,0,0,1,0,0,0,0,1,0,0
16158-65-11-1,1,1,45.0,1,1.0,0,0,0,238.379196166992,4.0,6,7,5,16158,6190.95234375,3932.00703125,0,6436.44873046875,4235.63818359375,8.0,0,0,1,0,0,0,0,1,0,0
16161-35-11-1,1,1,57.0,1,1.0,0,0,0,261.951019287109,1.0,8,7,1,16161,3202.39282226563,6188.15380859375,0,8301.8828125,4262.59033203125,12.0,0,0,0,0,0,0,1,1,0,0
16161-104-11-1,1,1,32.0,1,1.0,0,0,0,261.951019287109,6.0,8,7,5,16161,2948.9822265625,3251.326171875,0,5217.9,3094.741015625,8.0,0,0,1,0,0,0,0,1,0,0
16163-53-11-1,1,1,46.0,1,1.0,0,0,0,230.468078613281,6.0,7,7,3,16163,15453.466145833334,5623.048828125,0,17112.0,5450.26171875,8.0,0,0,1,0,0,0,0,1,0,0
16163-54-11-1,1,1,43.0,1,1.0,0,0,0,230.468078613281,6.0,7,7,3,16163,4178.9130859375,5156.6904296875,1,8415.299479166666,6163.350911458333,7.0,0,1,0,0,0,0,0,1,0,1
16163-55-11-1,1,1,44.0,1,1.0,0,0,0,230.468078613281,6.0,7,7,5,16163,18084.365625,6613.69609375,0,8512.8640625,7297.11875,7.0,0,1,0,0,0,0,0,1,1,0
16163-56-11-1,1,1,38.0,1,1.0,0,0,0,230.468078613281,5.0,7,7,2,16163,10944.0068359375,3077.33349609375,0,21943.0,6296.2099609375,10.0,0,0,0,0,1,0,0,1,0,0
16163-119-11-1,1,1,51.0,1,1.0,0,0,0,230.468078613281,5.0,7,7,4,16163,7970.82763671875,3138.1552734375,0,7478.295572916667,7958.223307291667,12.0,0,0,0,0,0,0,1,1,0,0
16163-120-11-1,1,1,55.0,1,1.0,0,0,0,230.468078613281,6.0,7,7,1,16163,6969.65478515625,9000.0341796875,0,5974.0,5979.22412109375,10.0,0,0,0,0,1,0,0,1,0,0
16164-82-11-1,1,1,62.0,1,0.0,0,0,0,238.379196166992,6.0,8,7,3,16164,6432.573567708333,4560.552734375,0,15005.2265625,8243.34765625,8.0,0,0,1,0,0,0,0,1,0,0
16253-68-11-1,1,1,35.0,1,0.0,0,0,0,306.454162597656,10.0,1,8,1,16253,20700.630859375,14903.9970703125,0,13842.7724609375,13919.9482421875,10.0,0,0,0,0,1,0,0,1,0,0
16253-108-11-1,1,2,60.0,1,1.0,0,0,0,306.454162597656,3.0,1,8,2,16253,11938.5029296875,13710.0947265625,0,8448.4091796875,10055.2880859375,12.0,0,0,0,0,0,0,1,1,0,0
16253-184-11-1,1,2,60.0,1,1.0,0,0,0,306.454162597656,5.0,1,8,3,16253,11150.43359375,9226.283203125,0,4812.787760416667,6705.294921875,8.0,0,0,1,0,0,0,0,1,0,0
16277-98-11-1,1,2,24.0,1,0.0,1,1,0,131.164047241211,8.0,1,8,4,16277,10337.75390625,8332.24609375,0,7692.8935546875,7391.05322265625,11.0,0,0,0,0,0,1,0,1,0,0
16280-194-11-1,1,2,59.0,1,0.0,1,1,0,105.456718444824,6.0,1,8,1,16280,19741.9375,24832.5703125,0,15709.642578125,22284.2578125,9.0,0,0,0,1,0,0,0,1,0,0
16284-91-11-1,1,1,34.0,1,1.0,1,1,0,600.870788574219,10.0,1,8,4,16284,5535.51953125,6541.34765625,0,11990.3115234375,6963.96630859375,9.0,0,0,0,1,0,0,0,1,0,0
16285-58-11-1,1,1,73.0,1,1.0,1,0,0,408.504821777344,3.0,1,8,2,16285,18273.138671875,9487.0986328125,0,16060.6689453125,15171.7197265625,7.0,0,1,0,0,0,0,0,1,0,0
16286-112-11-1,1,1,37.0,1,0.0,0,0,0,408.605529785156,6.0,1,8,1,16286,18591.0,14250.4052734375,0,14900.0,12107.6103515625,9.0,0,0,0,1,0,0,0,1,0,0
16287-31-11-1,1,1,48.0,1,1.0,1,1,0,282.701507568359,6.0,1,8,2,16287,19670.384765625,7779.61474609375,0,12237.5,8374.33984375,8.0,0,0,1,0,0,0,0,1,0,0
16287-55-11-1,1,1,42.0,1,1.0,0,0,0,282.701507568359,4.0,1,8,4,16287,7179.283203125,2949.120849609375,0,5603.02099609375,4156.10009765625,8.0,0,0,1,0,0,0,0,1,0,0
16287-66-11-1,1,1,40.0,1,0.0,0,0,0,282.701507568359,3.0,1,8,4,16287,3878.531494140625,4616.17431640625,0,7673.1318359375,7222.8642578125,8.0,0,0,1,0,0,0,0,1,0,0
16288-84-11-1,1,1,41.0,1,1.0,0,0,0,279.561218261719,4.0,1,8,5,16288,3204.6021484375,2360.232421875,0,6334.440234375,4582.677734375,11.0,0,0,0,0,0,1,0,1,0,0
16291-138-11-1,1,2,58.0,1,0.0,0,0,0,455.030456542969,8.0,1,8,3,16291,28858.666666666668,9178.890625,0,9068.7177734375,13114.19140625,9.0,0,0,0,1,0,0,0,1,0,0
16296-79-11-1,1,1,32.0,1,1.0,1,1,0,486.023803710938,6.0,1,8,3,16296,9048.79296875,8226.583333333334,0,14393.196614583334,8043.482421875,8.0,0,0,1,0,0,0,0,1,0,0
16298-65-11-1,1,1,69.0,1,1.0,1,0,0,408.504821777344,10.0,1,8,1,16298,18711.0,13688.7958984375,0,21268.857421875,13311.1884765625,9.0,0,0,0,1,0,0,0,1,0,0
16303-170-11-1,1,1,48.0,1,0.0,1,0,0,408.605529785156,6.0,1,8,7,16303,13067.785714285714,7924.975446428572,0,11331.959375,6945.971875,9.0,0,0,0,1,0,0,0,1,0,0
16308-108-11-1,1,1,68.0,1,1.0,0,0,0,289.513549804688,6.0,1,8,4,16308,7999.255859375,6748.03125,0,7853.21533203125,6568.74267578125,12.0,0,0,0,0,0,0,1,1,0,0
16309-11-11-1,1,1,34.0,1,0.0,1,1,0,306.378601074219,6.0,1,8,3,16309,6198.340494791667,9369.981119791666,0,4434.8056640625,4557.72802734375,7.0,0,1,0,0,0,0,0,1,1,0
16309-28-11-1,1,1,46.0,1,0.0,1,0,0,306.378601074219,8.0,1,8,4,16309,10156.25,7195.0146484375,0,12838.75,6649.0361328125,8.0,0,0,1,0,0,0,0,1,0,0
16312-27-11-1,1,1,61.0,1,1.0,0,0,0,282.701507568359,9.0,1,8,5,16312,13573.5640625,11301.29375,0,15818.779296875,13040.3984375,11.0,0,0,0,0,0,1,0,1,0,0
16314-119-11-1,1,1,67.0,1,1.0,1,0,0,648.03173828125,4.0,1,8,1,16314,8802.0,5146.05712890625,0,10122.2216796875,13872.419921875,9.0,0,0,0,1,0,0,0,1,1,0
16315-48-11-1,1,2,40.0,1,0.0,1,1,0,280.151947021484,6.0,1,8,3,16315,15036.263020833334,15316.873697916666,1,9847.080078125,7183.90234375,,0,0,0,0,0,0,0,0,0,1
16316-37-11-1,1,2,35.0,1,0.0,1,1,0,279.561218261719,6.0,1,8,3,16316,9037.636067708334,9815.065104166666,0,12319.1953125,17472.119791666668,11.0,0,0,0,0,0,1,0,1,0,0
16316-77-11-1,1,1,50.0,1,1.0,0,0,0,279.561218261719,3.0,1,8,5,16316,8655.50859375,7612.575,0,8517.7375,5191.4140625,10.0,0,0,0,0,1,0,0,1,0,0
16319-280-11-1,1,2,45.0,1,0.0,1,0,0,306.454162597656,6.0,1,8,1,16319,21926.0,32717.166015625,1,19675.734375,10815.7314453125,,0,0,0,0,0,0,0,0,0,1
16321-13-11-1,1,1,47.0,1,0.0,1,1,0,105.456718444824,6.0,1,8,3,16321,14935.971354166666,23765.877604166668,0,10743.9140625,13185.049479166666,8.0,0,0,1,0,0,0,0,1,0,0
16321-48-11-1,1,1,45.0,1,0.0,1,1,0,105.456718444824,6.0,1,8,4,16321,16373.2548828125,23066.369140625,1,54087.953125,30316.49609375,8.0,0,0,1,0,0,0,0,1,0,1
16322-48-11-1,1,2,61.0,1,1.0,1,0,0,314.084320068359,8.0,1,8,2,16322,13831.0126953125,15070.970703125,0,9209.8759765625,10897.7021484375,9.0,0,0,0,1,0,0,0,1,0,0
16323-44-11-1,1,1,58.0,1,0.0,1,1,0,306.378601074219,6.0,1,8,3,16323,25318.0234375,17471.994791666668,0,23972.752604166668,13721.942708333334,9.0,0,0,0,1,0,0,0,1,0,0
16328-72-11-1,1,1,64.0,1,1.0,1,1,0,280.151947021484,6.0,1,8,1,16328,14617.0,9470.6240234375,0,9163.095703125,11816.271484375,10.0,0,0,0,0,1,0,0,1,0,0
16328-114-11-1,1,1,57.0,1,0.0,1,1,0,280.151947021484,6.0,1,8,5,16328,14747.0578125,7706.33046875,1,19211.39973958333,14381.733072916666,9.0,0,0,0,1,0,0,0,1,1,1
16329-15-11-1,1,1,60.0,1,0.0,0,0,0,279.561218261719,5.0,1,8,1,16329,11989.15625,11939.0478515625,0,7470.57177734375,10606.8837890625,11.0,0,0,0,0,0,1,0,1,0,0
16329-77-11-1,1,1,38.0,1,0.0,1,0,0,279.561218261719,6.0,1,8,5,16329,9107.02265625,4087.06015625,0,8694.03515625,6173.618359375,9.0,0,0,0,1,0,0,0,1,0,0
16331-37-11-1,1,1,29.0,1,0.0,1,1,0,279.561218261719,7.0,1,8,3,16331,9923.037760416666,7122.34765625,0,10233.777994791666,5701.787760416667,9.0,0,0,0,1,0,0,0,1,0,0
16331-100-11-1,1,1,23.0,1,0.0,1,1,0,279.561218261719,5.0,1,8,2,16331,28206.943359375,10001.2841796875,0,32117.873046875,9391.158203125,12.0,0,0,0,0,0,0,1,1,0,0
16332-66-11-1,1,1,43.0,1,1.0,1,1,0,282.701507568359,6.0,1,8,4,16332,6793.3330078125,7747.798828125,0,3846.1806640625,5126.2919921875,10.0,0,0,0,0,1,0,0,1,0,0
16332-72-11-1,1,1,41.0,1,0.0,1,1,0,282.701507568359,6.0,1,8,5,16332,9008.48203125,8738.22109375,0,9423.745442708334,8192.266927083334,12.0,0,0,0,0,0,0,1,1,0,0
16348-45-11-1,1,1,32.0,1,0.0,1,1,0,218.069488525391,9.0,2,6,1,16348,28855.607421875,31650.146484375,1,46839.52734375,36870.44140625,8.0,0,0,1,0,0,0,0,1,0,1
16372-45-11-1,1,1,41.0,1,1.0,0,0,0,751.828430175781,6.0,2,6,4,16372,8968.826171875,8570.2998046875,1,12180.84765625,7510.58251953125,7.0,0,1,0,0,0,0,0,1,0,1
16373-2-11-1,1,1,63.0,1,0.0,0,0,0,218.069488525391,9.0,2,6,4,16373,12348.6591796875,16812.896484375,0,12329.9716796875,16479.427734375,10.0,0,0,0,0,1,0,0,1,0,0
16374-117-11-1,1,1,33.0,1,1.0,1,1,0,534.753356933594,6.0,2,6,2,16374,14718.7314453125,11001.486328125,0,18621.93359375,17113.126953125,7.0,0,1,0,0,0,0,0,1,0,0
16377-107-11-1,1,2,34.0,1,0.0,1,1,0,198.582977294922,11.0,2,6,2,16377,17070.994140625,19898.986328125,1,14473.2890625,16317.962890625,7.0,0,1,0,0,0,0,0,1,0,1
16382-75-11-1,1,2,75.0,1,0.0,1,0,0,207.137313842773,11.0,2,6,2,16382,40215.296875,27734.333984375,0,9336.0673828125,34866.9296875,8.0,0,0,1,0,0,0,0,1,0,0
16385-94-11-1,1,2,48.0,1,1.0,0,0,0,751.828430175781,5.0,2,6,3,16385,12497.0,13186.243489583334,1,11232.049479166666,9456.427734375,7.0,0,1,0,0,0,0,0,1,0,1
16416-83-11-1,1,1,47.0,1,1.0,0,0,0,142.340530395508,3.0,4,6,3,16416,9401.414713541666,6071.612630208333,0,6326.330078125,7132.6703125,12.0,0,0,0,0,0,0,1,1,0,0
16421-54-11-1,1,1,54.0,1,0.0,0,0,0,751.828430175781,6.0,5,6,5,16421,20622.390625,17155.4484375,1,11576.369791666666,7354.242838541667,,0,0,0,0,0,0,0,0,0,1
16436-32-11-1,1,1,32.0,1,0.0,1,1,0,594.073791503906,9.0,5,7,1,16436,21370.744140625,15623.83984375,1,4684.033528645833,4496.105143229167,7.0,0,1,0,0,0,0,0,1,0,1
16437-62-11-1,1,1,41.0,1,1.0,1,0,0,594.073791503906,6.0,5,7,3,16437,7420.565755208333,9264.05859375,1,7964.665364583333,5081.2353515625,7.0,0,1,0,0,0,0,0,1,0,1
16437-91-11-1,1,2,42.0,1,1.0,0,0,0,594.073791503906,5.0,5,7,3,16437,9062.166666666666,11474.776041666666,1,5951.666666666667,6864.586588541667,7.0,0,1,0,0,0,0,0,1,0,1
16483-22-11-1,1,1,49.0,1,1.0,0,0,0,273.348999023438,6.0,6,6,4,16483,11994.25,11676.03125,1,18572.09375,11868.24609375,7.0,0,1,0,0,0,0,0,1,0,1
16488-6-11-1,1,1,54.0,1,1.0,0,0,0,281.27685546875,3.0,8,6,2,16488,5221.02392578125,6196.10107421875,0,16165.3349609375,9273.5712890625,12.0,0,0,0,0,0,0,1,1,0,0
16488-7-11-1,1,1,62.0,1,1.0,0,0,0,281.27685546875,3.0,8,6,2,16488,1836.54675292969,2790.516357421875,0,3860.915283203125,7544.2685546875,8.0,0,0,1,0,0,0,0,1,0,0
16488-8-11-1,1,1,75.0,1,1.0,0,0,0,281.27685546875,3.0,8,6,2,16488,7019.98681640625,3993.19677734375,0,4423.56787109375,5888.69677734375,8.0,0,0,1,0,0,0,0,1,0,0
16488-58-11-1,1,2,80.0,1,1.0,1,0,0,281.27685546875,1.0,8,6,1,16488,8438.9990234375,5172.525390625,0,8106.56103515625,2862.76904296875,12.0,0,0,0,0,0,0,1,1,0,0
16488-59-11-1,1,2,49.0,1,1.0,0,0,0,281.27685546875,3.0,8,6,3,16488,9663.953776041666,7475.287760416667,0,6198.26025390625,8309.05859375,8.0,0,0,1,0,0,0,0,1,0,0
16488-61-11-1,1,1,68.0,1,1.0,0,0,0,281.27685546875,1.0,8,6,2,16488,10342.6201171875,7140.451171875,0,3867.163330078125,6282.8583984375,12.0,0,0,0,0,0,0,1,1,0,0
16495-122-11-1,1,1,55.0,1,1.0,0,0,0,281.27685546875,3.0,7,6,2,16495,3307.439208984375,4923.74755859375,1,7312.8759765625,7796.89794921875,7.0,0,1,0,0,0,0,0,1,0,1
16520-10-11-1,1,1,56.0,1,1.0,1,1,0,215.58642578125,9.0,6,7,4,16520,8047.0634765625,12609.5478515625,0,14175.4677734375,8777.314453125,8.0,0,0,1,0,0,0,0,1,0,0
16520-35-11-1,1,1,58.0,1,1.0,0,0,0,215.58642578125,4.0,6,7,5,16520,13977.6859375,7663.38359375,1,12989.9234375,7949.43984375,7.0,0,1,0,0,0,0,0,1,0,1
16520-111-11-1,1,1,48.0,1,1.0,0,0,0,215.58642578125,4.0,6,7,4,16520,5950.4853515625,5381.75244140625,1,10349.4423828125,5773.89990234375,7.0,0,1,0,0,0,0,0,1,0,1
16520-123-11-1,1,1,36.0,1,1.0,0,0,0,215.58642578125,6.0,6,7,4,16520,7896.08203125,7545.26708984375,0,4460.8953125,5069.006640625,12.0,0,0,0,0,0,0,1,1,0,0
16520-135-11-1,1,1,74.0,1,0.0,0,0,0,215.58642578125,5.0,6,7,2,16520,16463.615234375,15143.5458984375,0,4379.2109375,16108.94140625,11.0,0,0,0,0,0,1,0,1,0,0
16533-105-11-1,1,1,67.0,1,0.0,1,0,0,1.11623513698578,6.0,4,5,4,16533,24806.87109375,15662.025390625,0,28471.984375,9844.361328125,7.0,0,1,0,0,0,0,0,1,0,0
16537-28-11-1,1,2,64.0,1,0.0,0,0,0,48.7789497375488,10.0,4,5,5,16537,5484.33671875,5274.338671875,1,11966.21328125,10159.97578125,7.0,0,1,0,0,0,0,0,1,0,1
16537-52-11-1,1,2,58.0,1,0.0,0,0,0,48.7789497375488,8.0,4,5,4,16537,17290.26953125,10421.2265625,1,22789.5,9376.1552734375,7.0,0,1,0,0,0,0,0,1,0,1
16554-10-11-1,1,2,53.0,1,0.0,0,0,0,1.84336805343628,8.0,5,5,2,16554,17879.412109375,20930.296875,1,22323.359375,23570.818359375,7.0,0,1,0,0,0,0,0,1,0,1
16615-9-11-1,1,1,62.0,1,0.0,0,0,0,163.693298339844,6.0,7,5,3,16615,8875.220052083334,7068.002604166667,0,12985.30078125,6479.802734375,7.0,0,1,0,0,0,0,0,1,0,0
16615-10-11-1,1,2,32.0,1,1.0,0,0,0,163.693298339844,6.0,7,5,4,16615,6267.06787109375,5947.16650390625,0,8312.252604166666,5038.8916015625,7.0,0,1,0,0,0,0,0,1,0,0
16633-181-11-1,1,1,42.0,1,1.0,0,0,0,163.693298339844,6.0,7,5,7,16633,1996.6363002232144,1725.444196428571,0,2573.623883928572,3189.4921875,8.0,0,0,1,0,0,0,0,1,0,0
16636-190-11-1,1,1,41.0,1,1.0,0,0,0,156.397872924805,5.0,7,5,5,16636,3001.8064453125,2535.5626953125,0,5610.9609375,5567.595703125,11.0,0,0,0,0,0,1,0,1,0,0
16637-24-11-1,1,1,83.0,1,1.0,0,0,0,149.580154418945,4.0,7,5,2,16637,21887.34765625,5770.2900390625,0,9695.421875,4292.5537109375,9.0,0,0,0,1,0,0,0,1,0,0
16637-92-11-1,1,1,45.0,1,1.0,0,0,0,149.580154418945,6.0,7,5,4,16637,5982.1943359375,3810.1513671875,0,1055.0753173828125,5600.45068359375,8.0,0,0,1,0,0,0,0,1,0,0
16637-96-11-1,1,1,54.0,1,1.0,0,0,0,149.580154418945,6.0,7,5,3,16637,6679.884114583333,6632.477213541667,0,3128.5341796875,3154.1279296875,7.0,0,1,0,0,0,0,0,1,0,0
16642-30-11-1,1,2,27.0,1,1.0,0,0,0,150.620132446289,8.0,7,5,3,16642,4784.464518229167,7028.879557291667,0,18172.859375,8371.602864583334,7.0,0,1,0,0,0,0,0,1,0,0
16642-31-11-1,1,1,36.0,1,1.0,0,0,0,150.620132446289,6.0,7,5,5,16642,3067.8787109375,2372.305078125,0,7454.4921875,4248.096875,7.0,0,1,0,0,0,0,0,1,0,0
16648-27-11-1,1,1,44.0,1,1.0,1,0,0,156.397872924805,6.0,6,5,7,16648,6197.055245535715,6403.109933035715,1,5016.990885416667,3146.478841145833,,0,0,0,0,0,0,0,0,0,1
16653-8-11-1,1,1,38.0,1,1.0,1,0,0,156.397872924805,10.0,7,5,5,16653,5364.023046875,6074.79140625,0,6476.2125,3016.2830078125,7.0,0,1,0,0,0,0,0,1,0,0
16653-65-11-1,1,2,55.0,1,1.0,0,0,0,156.397872924805,4.0,7,5,3,16653,21180.799479166668,10649.764322916666,1,23995.5,14354.8359375,7.0,0,1,0,0,0,0,0,1,0,1
16662-2-11-1,1,1,72.0,1,1.0,0,0,0,150.620132446289,1.0,7,5,2,16662,3248.05810546875,3457.5546875,0,5064.43115234375,5796.2529296875,8.0,0,0,1,0,0,0,0,1,0,0
16662-4-11-1,1,2,45.0,1,0.0,0,0,0,150.620132446289,3.0,7,5,3,16662,14847.98828125,6344.323567708333,0,7338.786458333333,4965.6591796875,8.0,0,0,1,0,0,0,0,1,0,0
16662-178-11-1,1,1,35.0,1,1.0,0,0,0,150.620132446289,4.0,7,5,5,16662,4754.55390625,5652.52734375,1,1174.0306640625,3655.87578125,7.0,0,1,0,0,0,0,0,1,0,1
16662-180-11-1,1,1,38.0,1,1.0,0,0,0,150.620132446289,5.0,7,5,5,16662,2013.578515625,1939.88203125,0,4067.055859375,3202.374609375,8.0,0,0,1,0,0,0,0,1,0,0
16662-183-11-1,1,2,63.0,1,1.0,0,0,0,150.620132446289,3.0,7,5,1,16662,4924.33544921875,7006.89453125,0,3191.5234375,4096.72998046875,12.0,0,0,0,0,0,0,1,1,0,0
16695-144-11-1,1,1,60.0,1,1.0,0,0,0,2.33714890480042,9.0,2,7,3,16695,9076.279947916666,9963.233072916666,0,8577.31015625,6097.333984375,12.0,0,0,0,0,0,0,1,1,0,0
16697-55-11-1,1,2,53.0,1,1.0,1,1,0,78.8108367919922,4.0,2,7,7,16697,7030.681919642857,6960.4296875,0,8361.300130208334,9587.59375,9.0,0,0,0,1,0,0,0,1,0,0
16698-15-11-1,1,2,56.0,1,1.0,0,0,0,116.767944335938,1.0,2,7,2,16698,3881.3662109375,5580.62158203125,0,4392.15576171875,6600.5029296875,10.0,0,0,0,0,1,0,0,1,0,0
16698-38-11-1,1,1,44.0,1,1.0,0,0,0,116.767944335938,9.0,2,7,4,16698,8521.6357421875,7356.181640625,0,12663.2216796875,8555.7509765625,11.0,0,0,0,0,0,1,0,1,0,0
16701-6-11-1,1,2,52.0,1,1.0,0,0,0,133.546859741211,4.0,2,7,3,16701,5189.512369791667,4042.0146484375,0,5869.298177083333,4193.857747395833,8.0,0,0,1,0,0,0,0,1,0,0
16701-46-11-1,1,1,36.0,1,1.0,0,0,0,133.546859741211,6.0,2,7,3,16701,3137.392578125,3357.056966145833,0,4538.307942708333,3881.159830729168,7.0,0,1,0,0,0,0,0,1,1,0
16702-6-11-1,1,2,25.0,1,1.0,1,1,0,118.996566772461,7.0,2,7,2,16702,13942.5986328125,11631.125,0,11380.193359375,11188.5693359375,8.0,0,0,1,0,0,0,0,1,0,0
16702-39-11-1,1,1,59.0,1,1.0,0,0,0,118.996566772461,7.0,2,7,4,16702,10348.44921875,6759.5869140625,0,9824.404296875,4979.2421875,10.0,0,0,0,0,1,0,0,1,0,0
16702-64-11-1,1,2,43.0,1,1.0,0,0,0,118.996566772461,1.0,2,7,3,16702,4252.431966145833,6025.18359375,0,4623.98779296875,4311.95068359375,8.0,0,0,1,0,0,0,0,1,0,0
16703-19-11-1,1,1,48.0,1,0.0,0,0,0,49.5345993041992,10.0,2,7,4,16703,23564.658203125,16513.474609375,0,5877.9326171875,17652.90234375,11.0,0,0,0,0,0,1,0,1,0,0
16705-81-11-1,1,1,49.0,1,0.0,0,0,0,57.072093963623,10.0,2,7,4,16705,13149.5830078125,11848.01953125,1,9359.029296875,11712.294921875,9.0,0,0,0,1,0,0,0,1,0,1
16706-54-11-1,1,1,54.0,1,1.0,0,0,0,123.355690002441,6.0,2,7,3,16706,7297.778645833333,6848.856770833333,0,18013.0,12759.5009765625,10.0,0,0,0,0,1,0,0,1,0,0
16707-108-11-1,1,1,76.0,1,1.0,0,0,0,2.33714890480042,6.0,2,7,2,16707,9964.0283203125,10778.818359375,0,11372.6376953125,11324.744140625,10.0,0,0,0,0,1,0,0,1,0,0
16707-126-11-1,1,2,24.0,1,1.0,1,1,0,2.33714890480042,9.0,2,7,2,16707,26590.322265625,23855.283203125,1,14831.333333333334,14966.334635416666,8.0,0,0,1,0,0,0,0,1,0,1
16708-35-11-1,1,1,46.0,1,0.0,0,0,0,59.1081237792969,7.0,2,7,5,16708,9575.728125,9593.0046875,0,24523.3390625,10097.58046875,8.0,0,0,1,0,0,0,0,1,0,0
16710-44-11-1,1,2,36.0,1,1.0,1,0,0,133.546859741211,6.0,2,7,2,16710,6516.45947265625,9105.4267578125,0,9889.49609375,7819.15771484375,10.0,0,0,0,0,1,0,0,1,0,0
16710-71-11-1,1,1,29.0,1,1.0,1,1,0,133.546859741211,6.0,2,7,4,16710,3572.26318359375,3239.1533203125,0,3952.7880859375,3523.562744140625,10.0,0,0,0,0,1,0,0,1,0,0
16710-85-11-1,1,1,38.0,1,0.0,0,0,0,133.546859741211,6.0,2,7,7,16710,432.6667480468757,3777.854073660714,0,4928.618861607143,3504.2360491071427,8.0,0,0,1,0,0,0,0,1,0,0
16725-39-11-1,1,2,50.0,1,0.0,0,0,0,504.799530029297,6.0,5,5,2,16725,5614.99169921875,2774.185546875,0,8053.61083984375,6128.021484375,8.0,0,0,1,0,0,0,0,1,0,0
16725-162-11-1,1,1,51.0,1,1.0,0,0,0,504.799530029297,3.0,5,5,5,16725,1216.01884765625,2028.5513671875,0,4168.54638671875,2906.482666015625,8.0,0,0,1,0,0,0,0,1,0,0
16726-66-11-1,1,1,32.0,1,1.0,0,0,0,849.50732421875,6.0,5,5,6,16726,1945.798665364584,2972.6666666666665,0,2972.490234375,4003.731026785714,7.0,0,1,0,0,0,0,0,1,0,0
16727-15-11-1,1,2,46.0,1,0.0,0,0,0,768.34814453125,3.0,5,5,3,16727,5272.121419270833,4033.1223958333335,0,4687.175130208333,5917.727864583333,10.0,0,0,0,0,1,0,0,1,0,0
16727-60-11-1,1,1,36.0,1,0.0,0,0,0,768.34814453125,5.0,5,5,5,16727,5215.12734375,6128.183203125,0,6108.884375,5869.50625,8.0,0,0,1,0,0,0,0,1,0,0
16727-115-11-1,1,2,30.0,1,1.0,0,0,0,768.34814453125,3.0,5,5,3,16727,6021.889973958333,5385.680989583333,0,7729.36572265625,6413.46240234375,12.0,0,0,0,0,0,0,1,1,0,0
16729-19-11-1,1,1,39.0,1,1.0,0,0,0,781.23193359375,8.0,5,5,5,16729,2521.2607421875,3349.8359375,0,3249.733984375,4287.14921875,8.0,0,0,1,0,0,0,0,1,0,0
16729-132-11-1,1,1,65.0,1,0.0,0,0,0,781.23193359375,8.0,5,5,4,16729,16661.08984375,8755.962890625,0,9563.48046875,8329.396484375,8.0,0,0,1,0,0,0,0,1,0,0
16749-126-11-1,1,1,47.0,1,1.0,0,0,0,123.355690002441,5.0,5,7,2,16749,31068.783203125,18545.40625,0,9038.2607421875,7978.755859375,11.0,0,0,0,0,0,1,0,1,0,0
16750-60-11-1,1,2,46.0,1,1.0,0,0,0,133.546859741211,6.0,3,7,3,16750,1577.5791015625,3601.2529296875,0,3413.2802734375,4453.395182291667,10.0,0,0,0,0,1,0,0,1,0,0
16753-98-11-1,1,1,39.0,1,1.0,1,1,0,123.355690002441,7.0,3,7,3,16753,10973.798177083334,9787.381510416666,0,17254.865885416668,13819.57421875,11.0,0,0,0,0,0,1,0,1,0,0
16804-24-11-1,1,1,64.0,1,1.0,0,0,0,258.749237060547,1.0,7,5,4,16804,11736.3994140625,7057.1240234375,0,9021.787109375,8305.0498046875,10.0,0,0,0,0,1,0,0,1,0,0
16805-287-11-1,1,1,75.0,1,1.0,0,0,0,246.752212524414,3.0,7,5,2,16805,3828.730224609375,4924.06787109375,0,2250.890625,5542.98681640625,,0,0,0,0,0,0,0,0,0,0
16806-399-11-1,1,1,66.0,1,1.0,0,0,0,276.022735595703,1.0,7,5,10,16806,3534.68359375,1926.8619140625,0,2193.7150390625,1941.9984375,8.0,0,0,1,0,0,0,0,1,0,0
16807-171-11-1,1,2,52.0,1,1.0,0,0,0,256.639282226563,1.0,7,5,1,16807,4482.36572265625,1939.78247070313,0,3986.53588867188,2735.78076171875,10.0,0,0,0,0,1,0,0,1,0,0
16807-172-11-1,1,1,32.0,1,1.0,0,0,0,256.639282226563,5.0,7,5,4,16807,3171.229248046875,4821.5107421875,0,3875.369384765625,2754.365966796875,9.0,0,0,0,1,0,0,0,1,0,0
16808-48-11-1,1,1,49.0,1,1.0,0,0,0,276.022735595703,4.0,8,5,6,16808,3284.9052734375,4346.054036458333,0,22581.111328125,6391.64697265625,8.0,0,0,1,0,0,0,0,1,0,0
16809-35-11-1,1,1,44.0,1,0.0,1,0,0,258.749237060547,3.0,8,5,8,16809,3127.39794921875,3191.782470703125,0,3036.7120535714284,4333.127511160715,8.0,0,0,1,0,0,0,0,1,0,0
16809-37-11-1,1,1,70.0,1,1.0,0,0,0,258.749237060547,4.0,8,5,1,16809,23501.18359375,18922.96484375,0,7842.3818359375,8254.078125,8.0,0,0,1,0,0,0,0,1,0,0
16811-36-11-1,1,1,50.0,1,1.0,0,0,0,256.639282226563,4.0,6,5,5,16811,3328.215625,3445.648046875,0,6728.2828125,3491.23359375,8.0,0,0,1,0,0,0,0,1,0,0
16813-256-11-1,1,1,64.0,1,1.0,0,0,0,258.749237060547,3.0,7,5,6,16813,4579.8583984375,2350.708333333333,0,2971.2318359375,2694.6654296875,10.0,0,0,0,0,1,0,0,1,0,0
16816-31-11-1,1,2,51.0,1,1.0,0,0,0,276.022735595703,4.0,6,5,3,16816,9298.091796875,7703.055989583333,0,9745.4453125,10524.85546875,8.0,0,0,1,0,0,0,0,1,0,0
16816-40-11-1,1,2,64.0,1,1.0,0,0,0,276.022735595703,1.0,6,5,1,16816,17885.48828125,16387.62109375,0,7309.365234375,7270.06103515625,10.0,0,0,0,0,1,0,0,1,0,0
16816-97-11-1,1,1,83.0,1,0.0,0,0,0,276.022735595703,4.0,6,5,2,16816,13548.7998046875,4270.14501953125,0,11785.931640625,8226.7958984375,10.0,0,0,0,0,1,0,0,1,0,0
16817-137-11-1,1,1,64.0,1,1.0,0,0,0,258.749237060547,3.0,7,5,2,16817,3540.07763671875,3767.115234375,0,3626.85986328125,4847.205078125,8.0,0,0,1,0,0,0,0,1,0,0
16818-1-11-1,1,1,43.0,1,1.0,0,0,0,256.639282226563,3.0,7,5,3,16818,5243.088216145833,4857.715169270833,0,4271.700846354167,4404.1787109375,10.0,0,0,0,0,1,0,0,1,0,0
16818-3-11-1,1,2,61.0,1,1.0,0,0,0,256.639282226563,1.0,7,5,1,16818,6121.02001953125,5893.5029296875,0,6227.39892578125,5579.3994140625,10.0,0,0,0,0,1,0,0,1,0,0
16818-134-11-1,1,2,32.0,1,1.0,0,0,0,256.639282226563,4.0,7,5,2,16818,4628.7099609375,6365.20263671875,0,8572.5341796875,7177.0068359375,8.0,0,0,1,0,0,0,0,1,0,0
16818-136-11-1,1,1,40.0,1,1.0,0,0,0,256.639282226563,4.0,7,5,4,16818,1755.0379638671875,2894.1064453125,0,3863.71337890625,4109.388671875,10.0,0,0,0,0,1,0,0,1,0,0
16820-9-11-1,1,2,78.0,1,1.0,0,0,0,276.022735595703,1.0,8,5,1,16820,10768.9111328125,2893.72583007813,0,16228.48828125,6524.71630859375,10.0,0,0,0,0,1,0,0,1,0,0
16820-45-11-1,1,1,76.0,1,1.0,0,0,0,276.022735595703,3.0,8,5,2,16820,6590.125,4697.9052734375,0,9848.0126953125,6298.84375,10.0,0,0,0,0,1,0,0,1,0,0
16820-48-11-1,1,1,76.0,1,0.0,0,0,0,276.022735595703,4.0,8,5,2,16820,7968.13671875,5777.60009765625,0,6717.685546875,4383.353515625,10.0,0,0,0,0,1,0,0,1,0,0
16822-60-11-1,1,1,61.0,1,1.0,0,0,0,276.022735595703,3.0,6,5,3,16822,14038.83203125,15219.196614583334,0,10345.2587890625,8833.537109375,10.0,0,0,0,0,1,0,0,1,0,0
16822-93-11-1,1,1,38.0,1,1.0,0,0,0,276.022735595703,6.0,6,5,5,16822,12634.85546875,10137.7453125,0,5032.33671875,6242.54140625,8.0,0,0,1,0,0,0,0,1,0,0
16822-106-11-1,1,2,33.0,1,1.0,0,0,0,276.022735595703,3.0,6,5,3,16822,5417.681966145833,6512.743489583333,0,8471.278645833334,5360.4375,8.0,0,0,1,0,0,0,0,1,0,0
16823-10-11-1,1,2,57.0,1,1.0,0,0,0,256.639282226563,3.0,7,5,1,16823,4054.87744140625,6755.61376953125,0,9822.988932291666,8198.553385416666,8.0,0,0,1,0,0,0,0,1,0,0
16823-120-11-1,1,1,72.0,1,1.0,0,0,0,256.639282226563,3.0,7,5,1,16823,8255.751953125,3384.91943359375,0,4111.478515625,2427.12670898438,10.0,0,0,0,0,1,0,0,1,0,0
16823-121-11-1,1,2,59.0,1,1.0,0,0,0,256.639282226563,1.0,7,5,5,16823,10674.1625,8574.896875,0,5509.818359375,4754.821614583333,8.0,0,0,1,0,0,0,0,1,0,0
16823-122-11-1,1,2,49.0,1,1.0,0,0,0,256.639282226563,3.0,7,5,5,16823,4892.3234375,2692.0484375,0,2422.857421875,2519.0703125,8.0,0,0,1,0,0,0,0,1,0,0
16823-123-11-1,1,1,93.0,1,1.0,0,0,0,256.639282226563,3.0,7,5,1,16823,3361.302734375,4079.44580078125,0,4349.7802734375,3913.19604492188,10.0,0,0,0,0,1,0,0,1,0,0
16824-37-11-1,1,1,24.0,1,1.0,0,0,0,276.022735595703,4.0,7,5,4,16824,2062.42822265625,2167.480224609375,1,6176.654296875,2268.1875,7.0,0,1,0,0,0,0,0,1,0,1
16824-126-11-1,1,1,42.0,1,1.0,0,0,0,276.022735595703,3.0,7,5,5,16824,2456.1337890625,2626.798828125,0,3099.77734375,2178.755615234375,8.0,0,0,1,0,0,0,0,1,0,0
16825-63-11-1,1,1,31.0,1,0.0,0,0,0,246.752212524414,5.0,7,5,4,16825,3490.179931640625,4057.758056640625,0,4198.30322265625,2990.063232421875,8.0,0,0,1,0,0,0,0,1,0,0
16825-144-11-1,1,1,39.0,1,1.0,0,0,0,246.752212524414,3.0,7,5,5,16825,3932.6390625,1716.496484375,0,2850.684765625,2362.58828125,10.0,0,0,0,0,1,0,0,1,0,0
16826-169-11-1,1,2,37.0,1,1.0,0,0,0,246.752212524414,3.0,7,5,5,16826,3433.54609375,5596.412109375,0,10220.177734375,10103.748697916666,8.0,0,0,1,0,0,0,0,1,0,0
16826-170-11-1,1,1,44.0,1,1.0,0,0,0,246.752212524414,3.0,7,5,5,16826,3310.75234375,4834.610546875,0,4534.872265625,6677.071875,12.0,0,0,0,0,0,0,1,1,0,0
16827-67-11-1,1,1,48.0,1,1.0,0,0,0,256.639282226563,5.0,8,5,6,16827,3925.205078125,3624.823893229168,0,2167.40087890625,3172.6015625,8.0,0,0,1,0,0,0,0,1,0,0
16827-69-11-1,1,1,75.0,1,1.0,0,0,0,256.639282226563,6.0,8,5,2,16827,7654.55859375,7182.63427734375,0,9067.6689453125,6100.1787109375,10.0,0,0,0,0,1,0,0,1,0,0
16827-81-11-1,1,1,51.0,1,1.0,0,0,0,256.639282226563,4.0,8,5,4,16827,4378.7568359375,4328.576171875,0,2355.762451171875,3083.567626953125,8.0,0,0,1,0,0,0,0,1,0,0
16830-181-11-1,1,1,37.0,1,1.0,1,1,0,163.66227722168,5.0,7,7,1,16830,18976.259765625,17136.875,0,14642.4833984375,14207.443359375,8.0,0,0,1,0,0,0,0,1,0,0
16843-142-11-1,1,1,39.0,1,1.0,1,0,0,167.275634765625,6.0,7,7,5,16843,3881.6703125,4094.330078125,0,10167.87578125,3823.398828125,8.0,0,0,1,0,0,0,0,1,0,0
16843-335-11-1,1,1,28.0,1,0.0,1,1,0,167.275634765625,10.0,7,7,2,16843,49748.984375,21363.55859375,0,10599.7470703125,10615.158203125,8.0,0,0,1,0,0,0,0,1,0,0
16845-63-11-1,1,1,64.0,1,1.0,0,0,0,167.275634765625,3.0,8,7,2,16845,1693.667724609375,2315.989501953125,0,1488.81030273438,1584.03747558594,10.0,0,0,0,0,1,0,0,1,0,0
16848-9-11-1,1,2,32.0,1,1.0,0,0,0,138.849731445313,5.0,7,7,5,16848,1789.7345703125,2321.7833984375,0,10695.03046875,7205.6078125,10.0,0,0,0,0,1,0,0,1,1,0
16848-11-11-1,1,1,40.0,1,1.0,0,0,0,138.849731445313,7.0,7,7,5,16848,2994.402734375,7220.35,0,2850.198046875,4967.03984375,8.0,0,0,1,0,0,0,0,1,0,0
16907-50-11-1,1,1,46.0,1,1.0,1,0,0,80.0171432495117,6.0,2,2,5,16907,8701.196875,6889.0671875,1,7878.56796875,10179.53125,7.0,0,1,0,0,0,0,0,1,0,1
16907-104-11-1,1,1,46.0,1,1.0,0,0,0,80.0171432495117,6.0,2,2,4,16907,6969.4033203125,7729.07958984375,1,5552.2,6930.2265625,10.0,0,0,0,0,1,0,0,1,0,1
16907-156-11-1,1,2,50.0,1,1.0,1,1,0,80.0171432495117,10.0,2,2,4,16907,9462.7607421875,8351.25390625,0,10123.65625,9994.025390625,7.0,0,1,0,0,0,0,0,1,0,0
16908-16-11-1,1,1,49.0,1,0.0,1,0,0,6.35935592651367,8.0,2,2,1,16908,48102.74609375,39250.58984375,0,64055.765625,49987.72265625,7.0,0,1,0,0,0,0,0,1,0,0
16909-23-11-1,1,2,61.0,1,0.0,1,1,0,260.458312988281,10.0,2,2,6,16909,9722.546223958334,7031.626302083333,0,13706.018229166666,7481.654296875,9.0,0,0,0,1,0,0,0,1,0,0
16910-74-11-1,1,1,31.0,1,1.0,0,0,0,245.843017578125,4.0,2,2,4,16910,9257.5498046875,9107.46875,0,10048.25,9759.16796875,9.0,0,0,0,1,0,0,0,1,0,0
16910-103-11-1,1,2,58.0,1,1.0,1,0,0,245.843017578125,8.0,2,2,3,16910,13450.677083333334,6776.572916666667,0,9752.662109375,5993.957682291667,11.0,0,0,0,0,0,1,0,1,0,0
16913-95-11-1,1,1,59.0,1,1.0,0,0,0,199.600662231445,10.0,2,2,2,16913,13282.9755859375,9252.5546875,0,24311.44140625,15685.6044921875,7.0,0,1,0,0,0,0,0,1,0,0
16913-139-11-1,1,2,46.0,1,1.0,1,1,0,199.600662231445,6.0,2,2,8,16913,20781.388671875,11614.5107421875,0,17152.630859375,14968.3876953125,7.0,0,1,0,0,0,0,0,1,0,0
16914-66-11-1,1,1,41.0,1,1.0,1,1,0,202.025863647461,6.0,2,2,1,16914,30545.763671875,20200.455078125,0,30577.900390625,23492.376953125,11.0,0,0,0,0,0,1,0,1,0,0
16917-44-11-1,1,1,48.0,1,0.0,1,0,0,252.901931762695,5.0,2,2,1,16917,19837.38671875,22932.5625,0,23308.111328125,15047.2822265625,11.0,0,0,0,0,0,1,0,1,0,0
16917-110-11-1,1,1,30.0,1,1.0,0,0,0,252.901931762695,6.0,2,2,4,16917,7253.44287109375,6901.8388671875,0,8377.6240234375,5636.80029296875,8.0,0,0,1,0,0,0,0,1,0,0
16917-142-11-1,1,2,56.0,1,1.0,1,0,0,252.901931762695,3.0,2,2,2,16917,26711.9609375,16184.7861328125,1,22985.0,11774.2890625,8.0,0,0,1,0,0,0,0,1,0,1
16921-53-11-1,1,1,46.0,1,1.0,1,1,0,80.0171432495117,9.0,2,2,7,16921,8978.095424107143,10032.943080357143,1,31268.37946428572,10836.349330357143,8.0,0,0,1,0,0,0,0,1,0,1
16921-64-11-1,1,1,63.0,1,1.0,1,1,0,80.0171432495117,10.0,2,2,4,16921,12608.4443359375,15162.8837890625,0,25123.453125,26501.580078125,9.0,0,0,0,1,0,0,0,1,0,0
16925-48-11-1,1,1,60.0,1,0.0,0,0,0,2.38933849334717,10.0,2,2,8,16925,28033.904296875,15307.939453125,0,32079.796875,21302.716796875,9.0,0,0,0,1,0,0,0,1,0,0
16926-162-11-1,1,1,58.0,1,0.0,1,0,0,1.95014882087708,8.0,2,2,3,16926,17714.516927083332,14328.49609375,1,17370.37109375,15073.709635416666,7.0,0,1,0,0,0,0,0,1,0,1
16928-20-11-1,1,1,64.0,1,1.0,0,0,0,71.9711608886719,9.0,2,2,3,16928,14260.065104166666,10732.326822916666,1,21614.546875,23673.09375,7.0,0,1,0,0,0,0,0,1,0,1
16929-82-11-1,1,2,51.0,1,0.0,1,0,0,256.725830078125,8.0,2,2,2,16929,15141.76171875,13053.134765625,0,12769.7255859375,13114.3720703125,7.0,0,1,0,0,0,0,0,1,0,0
17025-17-11-1,1,1,64.0,1,1.0,0,0,0,8.47914123535156,5.0,2,2,3,17025,17533.182291666668,9771.012369791666,0,12888.7802734375,10972.90234375,10.0,0,0,0,0,1,0,0,1,0,0
17025-135-11-1,1,1,32.0,1,1.0,1,1,0,8.47914123535156,5.0,2,2,5,17025,7033.0078125,7251.8515625,0,8308.6609375,8314.9875,9.0,0,0,0,1,0,0,0,1,0,0
17026-21-11-1,1,1,33.0,1,0.0,1,0,0,106.791679382324,8.0,4,2,5,17026,10406.759375,11973.74296875,0,11969.11875,11156.32265625,9.0,0,0,0,1,0,0,0,1,0,0
17026-54-11-1,1,1,57.0,1,1.0,1,0,0,106.791679382324,8.0,4,2,1,17026,41266.67578125,27819.326171875,0,30541.404296875,22366.130859375,11.0,0,0,0,0,0,1,0,1,0,0
17030-11-11-1,1,2,26.0,1,1.0,1,1,0,245.843017578125,7.0,2,2,3,17030,18026.264322916668,16278.798177083334,0,17195.6640625,11813.953125,9.0,0,0,0,1,0,0,0,1,0,0
17030-69-11-1,1,2,58.0,1,1.0,0,0,0,245.843017578125,5.0,2,2,3,17030,14052.3203125,10429.3359375,0,21758.944010416668,16087.50390625,8.0,0,0,1,0,0,0,0,1,0,0
17030-128-11-1,1,2,41.0,1,1.0,1,1,0,245.843017578125,7.0,2,2,3,17030,31304.64583333333,10966.141927083334,0,20296.95703125,11795.08984375,9.0,0,0,0,1,0,0,0,1,0,0
17033-14-11-1,1,2,30.0,1,1.0,1,1,0,256.725830078125,6.0,4,2,7,17033,5588.632254464285,5857.443638392857,0,4035.938337053572,4701.215401785715,10.0,0,0,0,0,1,0,0,1,0,0
17033-47-11-1,1,1,40.0,1,0.0,1,0,0,256.725830078125,7.0,4,2,2,17033,245564.984375,29656.75390625,1,82639.15625,19404.353515625,7.0,0,1,0,0,0,0,0,1,0,1
17035-9-11-1,1,2,47.0,1,0.0,1,1,0,266.134216308594,8.0,2,2,4,17035,9064.9169921875,8147.6806640625,0,23508.056640625,16854.06640625,7.0,0,1,0,0,0,0,0,1,0,0
17036-27-11-1,1,1,54.0,1,0.0,1,0,0,110.729469299316,9.0,5,2,1,17036,23626.90234375,19506.84375,0,19668.67578125,22176.115234375,7.0,0,1,0,0,0,0,0,1,0,0
17036-44-11-1,1,1,61.0,1,0.0,1,0,0,110.729469299316,10.0,5,2,2,17036,50344.03125,25455.0,1,39101.59375,16948.53125,12.0,0,0,0,0,0,0,1,1,0,1
17036-82-11-1,1,1,40.0,1,0.0,0,0,0,110.729469299316,6.0,5,2,2,17036,15691.8857421875,12676.7998046875,1,7916.126953125,6666.652994791667,7.0,0,1,0,0,0,0,0,1,0,1
17043-65-11-1,1,2,37.0,1,1.0,1,1,0,262.759490966797,10.0,2,2,3,17043,6829.115885416667,16365.02734375,1,10343.740234375,13926.665364583334,,0,0,0,0,0,0,0,0,0,1
17043-83-11-1,1,1,35.0,1,0.0,1,1,0,262.759490966797,5.0,2,2,5,17043,8576.13203125,8107.38046875,0,5884.23046875,6080.965234375,10.0,0,0,0,0,1,0,0,1,0,0
17047-115-11-1,1,1,35.0,1,1.0,1,1,0,279.305725097656,6.0,2,2,5,17047,7969.9875,7981.65546875,0,4631.8671875,5796.230078125,8.0,0,0,1,0,0,0,0,1,0,0
17048-77-22-1,1,1,31.0,1,1.0,1,0,0,269.367828369141,6.0,4,2,3,17048,9170.504557291666,7562.279296875,0,6642.046875,7693.436848958333,10.0,0,0,0,0,1,0,0,1,0,0
17050-2-11-1,1,1,54.0,1,0.0,0,0,0,245.843017578125,6.0,5,2,3,17050,22928.25,17440.065104166668,0,23865.6328125,18549.63671875,11.0,0,0,0,0,0,1,0,1,0,0
17050-18-11-1,1,1,53.0,1,1.0,0,0,0,245.843017578125,6.0,5,2,4,17050,11006.1640625,11741.767578125,0,8790.5517578125,8384.109375,8.0,0,0,1,0,0,0,0,1,0,0
17050-96-11-1,1,1,39.0,1,0.0,0,0,0,245.843017578125,4.0,5,2,1,17050,24491.716796875,25170.806640625,0,22610.412109375,20793.380859375,10.0,0,0,0,0,1,0,0,1,0,0
17052-31-11-1,1,1,52.0,1,0.0,0,0,0,245.843017578125,6.0,4,2,5,17052,12989.12890625,7250.29296875,0,15145.6734375,10471.1984375,7.0,0,1,0,0,0,0,0,1,0,0
17052-110-22-1,1,1,34.0,1,0.0,1,1,0,245.843017578125,6.0,4,2,6,17052,6068.162760416667,6632.149739583333,0,9620.007161458334,8523.778645833334,7.0,0,1,0,0,0,0,0,1,0,0
17052-130-12-1,1,1,74.0,1,1.0,0,0,0,245.843017578125,6.0,4,2,2,17052,14761.44921875,10688.89453125,0,20079.46484375,16266.5439453125,7.0,0,1,0,0,0,0,0,1,0,0
17055-60-11-1,1,1,29.0,1,1.0,0,0,0,256.725830078125,6.0,2,2,3,17055,8240.25,6427.733072916667,0,6803.16796875,8099.47998046875,10.0,0,0,0,0,1,0,0,1,0,0
17055-89-11-1,1,1,55.0,1,1.0,1,1,0,256.725830078125,6.0,2,2,3,17055,11472.22265625,7864.998697916667,0,13924.62109375,9542.768880208334,7.0,0,1,0,0,0,0,0,1,0,0
17056-87-11-1,1,1,60.0,1,1.0,0,0,0,262.759490966797,6.0,5,2,2,17056,17379.81640625,15571.5791015625,0,18134.953125,16064.7275390625,10.0,0,0,0,0,1,0,0,1,0,0
17059-2-11-1,1,2,48.0,1,1.0,1,1,0,269.367828369141,6.0,4,2,6,17059,4286.262369791667,5154.988932291667,0,9340.8359375,6281.328776041667,11.0,0,0,0,0,0,1,0,1,0,0
17059-34-11-1,1,1,44.0,1,1.0,1,0,0,269.367828369141,6.0,4,2,6,17059,8944.063802083334,9388.541666666666,1,8545.342447916666,7923.244791666667,7.0,0,1,0,0,0,0,0,1,0,1
17062-55-11-1,1,1,19.0,1,1.0,0,0,0,245.843017578125,5.0,2,2,3,17062,16405.5703125,15967.502604166666,0,7203.084375,6652.26953125,10.0,0,0,0,0,1,0,0,1,0,0
17062-113-11-1,1,1,45.0,1,0.0,0,0,0,245.843017578125,6.0,2,2,4,17062,11413.4990234375,8447.4892578125,0,10487.6513671875,8888.296875,7.0,0,1,0,0,0,0,0,1,0,0
17064-65-11-1,1,1,59.0,1,0.0,0,0,0,252.901931762695,5.0,5,2,3,17064,14346.540364583334,12200.328125,0,13940.478515625,13754.5576171875,8.0,0,0,1,0,0,0,0,1,0,0
17066-128-11-1,1,1,33.0,1,0.0,1,1,0,245.843017578125,5.0,4,2,2,17066,14871.900390625,11506.0419921875,0,37918.3203125,24071.884765625,8.0,0,0,1,0,0,0,0,1,0,0
17079-34-11-1,1,1,49.0,1,0.0,1,0,0,60.7330932617188,6.0,7,2,3,17079,11573.26953125,11052.76171875,1,15827.0546875,11169.8671875,7.0,0,1,0,0,0,0,0,1,0,1
17087-73-11-1,1,2,75.0,1,1.0,0,0,0,60.7330932617188,3.0,8,2,2,17087,13849.662109375,13263.236328125,0,13358.0380859375,9874.44140625,8.0,0,0,1,0,0,0,0,1,0,0
17091-14-11-1,1,1,61.0,1,1.0,0,0,0,58.4958992004395,6.0,8,2,1,17091,11640.9306640625,12969.9853515625,0,12739.8681640625,10453.5673828125,12.0,0,0,0,0,0,0,1,1,0,0
17091-31-11-1,1,1,85.0,1,1.0,0,0,0,58.4958992004395,3.0,8,2,1,17091,11306.55859375,11623.6044921875,0,6439.21728515625,6330.34765625,12.0,0,0,0,0,0,0,1,1,0,0
17092-8-11-1,1,2,33.0,1,1.0,0,0,0,67.3147659301758,5.0,6,2,2,17092,7962.84912109375,8181.7216796875,1,7995.66748046875,7707.9140625,8.0,0,0,1,0,0,0,0,1,0,1
17092-39-11-1,1,2,33.0,1,1.0,0,0,0,67.3147659301758,5.0,6,2,3,17092,8114.633463541667,5654.291666666667,0,9683.809895833334,7219.233723958333,7.0,0,1,0,0,0,0,0,1,0,0
17092-52-11-1,1,2,49.0,1,1.0,0,0,0,67.3147659301758,6.0,6,2,1,17092,17167.861328125,14751.068359375,0,23741.779296875,16483.33984375,7.0,0,1,0,0,0,0,0,1,0,0
17092-93-11-1,1,1,44.0,1,0.0,0,0,0,67.3147659301758,3.0,6,2,5,17092,6730.4453125,6349.015234375,0,12473.389322916666,6293.713541666667,11.0,0,0,0,0,0,1,0,1,0,0
17093-78-11-1,1,1,30.0,1,0.0,1,1,0,60.7330932617188,6.0,7,2,3,17093,7875.891927083333,9927.712890625,0,8718.16015625,8380.5966796875,7.0,0,1,0,0,0,0,0,1,0,0
17096-71-11-1,1,2,45.0,1,1.0,0,0,0,109.454208374023,5.0,2,5,3,17096,13535.161458333334,10234.671223958334,0,18035.05859375,14824.104166666666,8.0,0,0,1,0,0,0,0,1,0,0
17138-8-11-1,1,1,60.0,1,1.0,0,0,0,622.70703125,4.0,2,5,4,17138,25335.31640625,15150.943359375,0,15391.45703125,9983.7978515625,7.0,0,1,0,0,0,0,0,1,0,0
17140-101-11-1,1,1,37.0,1,1.0,0,0,0,236.832992553711,5.0,2,5,5,17140,7796.553125,12937.68671875,0,6762.77490234375,6340.548828125,7.0,0,1,0,0,0,0,0,1,0,0
17141-57-11-1,1,1,63.0,1,0.0,1,1,0,22.760082244873,6.0,2,5,3,17141,14554.338541666666,15629.977864583334,0,11362.34765625,13920.60546875,8.0,0,0,1,0,0,0,0,1,0,0
17142-67-11-1,1,1,61.0,1,0.0,0,0,0,203.047714233398,9.0,2,5,4,17142,27997.15234375,26105.861328125,1,59666.95,35568.8625,,0,0,0,0,0,0,0,0,0,1
17143-52-11-1,1,2,55.0,1,1.0,0,0,0,270.913330078125,3.0,2,5,5,17143,12319.675,6949.43984375,0,9966.18828125,8159.68125,9.0,0,0,0,1,0,0,0,1,0,0
17146-107-11-1,1,1,62.0,1,0.0,0,0,0,203.184997558594,10.0,2,5,4,17146,25854.548828125,11826.1552734375,0,35635.69921875,13323.560546875,8.0,0,0,1,0,0,0,0,1,0,0
17149-73-11-1,1,2,36.0,1,0.0,1,1,0,270.730285644531,8.0,2,5,2,17149,19100.509765625,18170.03515625,0,16689.296875,9603.423828125,9.0,0,0,0,1,0,0,0,1,0,0
17149-93-11-1,1,1,37.0,1,1.0,1,1,0,270.730285644531,6.0,2,5,3,17149,8254.0,10894.81640625,1,7873.934244791667,6548.149088541667,7.0,0,1,0,0,0,0,0,1,0,1
17153-77-11-1,1,1,60.0,1,0.0,1,1,0,270.730285644531,6.0,2,5,2,17153,13925.509765625,15188.91796875,0,23426.22265625,18406.734375,10.0,0,0,0,0,1,0,0,1,0,0
17169-57-11-1,1,1,45.0,1,1.0,0,0,0,585.690063476563,6.0,5,5,4,17169,6319.58251953125,6413.6494140625,0,10481.609375,8437.7265625,11.0,0,0,0,0,0,1,0,1,0,0
17198-52-11-1,1,1,70.0,1,1.0,1,0,0,271.202392578125,8.0,5,5,2,17198,9800.6181640625,11662.255859375,0,10593.4375,10620.3759765625,10.0,0,0,0,0,1,0,0,1,0,0
17198-80-11-1,1,2,62.0,1,1.0,0,0,0,271.202392578125,4.0,5,5,2,17198,9048.31640625,12682.5732421875,0,5754.27685546875,8438.3662109375,8.0,0,0,1,0,0,0,0,1,0,0
17199-27-11-1,1,1,55.0,1,1.0,0,0,0,650.369934082031,7.0,5,5,1,17199,6709.1025390625,8862.94921875,0,7401.1669921875,7223.46630859375,10.0,0,0,0,0,1,0,0,1,0,0
17201-11-11-1,1,1,60.0,1,1.0,0,0,0,236.832992553711,4.0,5,5,3,17201,9001.134114583334,8761.303385416666,0,11700.501302083334,12337.40234375,9.0,0,0,0,1,0,0,0,1,0,0
17201-107-11-1,1,2,53.0,1,1.0,0,0,0,236.832992553711,6.0,5,5,2,17201,3757.279541015625,3871.6376953125,0,9553.953125,7975.87451171875,9.0,0,0,0,1,0,0,0,1,0,0
17203-84-11-1,1,2,49.0,1,0.0,1,1,0,270.913330078125,8.0,4,5,5,17203,10960.46796875,10911.103125,1,13123.84375,12279.96484375,,0,0,0,0,0,0,0,0,0,1
17203-160-11-1,1,1,59.0,1,1.0,0,0,0,270.913330078125,8.0,4,5,6,17203,11689.872395833334,5334.668619791667,0,12631.5,5694.537109375,8.0,0,0,1,0,0,0,0,1,0,0
17205-83-11-1,1,2,44.0,1,1.0,0,0,0,650.369934082031,3.0,4,5,3,17205,6715.701171875,8682.745442708334,0,7637.87109375,4777.209765625,8.0,0,0,1,0,0,0,0,1,0,0
17206-48-11-1,1,1,38.0,1,1.0,0,0,0,590.938720703125,6.0,5,5,5,17206,9797.8953125,4777.88125,0,7269.704427083333,4193.197265625,11.0,0,0,0,0,0,1,0,1,0,0
17208-75-11-1,1,1,60.0,1,1.0,0,0,0,270.730285644531,6.0,5,5,6,17208,6122.5078125,5418.528645833333,0,6165.889973958333,5327.5224609375,8.0,0,0,1,0,0,0,0,1,0,0
17209-47-11-1,1,2,42.0,1,1.0,0,0,0,585.690063476563,6.0,4,5,2,17209,1934.090942382815,4773.0576171875,0,4896.64990234375,3103.611572265625,8.0,0,0,1,0,0,0,0,1,0,0
17209-148-11-1,1,1,51.0,1,0.0,1,1,0,585.690063476563,6.0,4,5,4,17209,5697.76806640625,5099.3427734375,0,5649.212890625,4228.2431640625,9.0,0,0,0,1,0,0,0,1,0,0
17210-84-11-1,1,1,63.0,1,1.0,1,1,0,590.938720703125,6.0,5,5,4,17210,10861.1923828125,7303.388671875,0,11000.5537109375,8995.0576171875,11.0,0,0,0,0,0,1,0,1,0,0
17212-7-11-1,1,1,84.0,1,1.0,0,0,0,650.369934082031,1.0,5,5,2,17212,3646.60693359375,3197.62158203125,0,6167.908203125,5235.7880859375,10.0,0,0,0,0,1,0,0,1,0,0
17213-82-11-1,1,1,29.0,1,1.0,0,0,0,590.938720703125,6.0,5,5,2,17213,11031.9150390625,10142.43359375,0,7315.3154296875,7609.80859375,8.0,0,0,1,0,0,0,0,1,0,0
17214-113-11-1,1,2,60.0,1,1.0,1,1,0,271.202392578125,7.0,5,5,4,17214,14153.595703125,7944.56201171875,0,25465.0859375,10689.0400390625,8.0,0,0,1,0,0,0,0,1,0,0
17215-20-11-1,1,2,46.0,1,1.0,0,0,0,622.70703125,4.0,5,5,6,17215,11184.282552083334,7909.610677083333,0,9473.08203125,6004.30859375,9.0,0,0,0,1,0,0,0,1,0,0
17215-85-11-1,1,1,62.0,1,1.0,0,0,0,622.70703125,6.0,5,5,3,17215,19046.43098958333,6181.022786458333,0,12837.868489583334,6039.748697916667,8.0,0,0,1,0,0,0,0,1,0,0
17216-62-11-1,1,1,63.0,1,1.0,0,0,0,622.70703125,7.0,5,5,6,17216,27173.315104166668,17014.029947916668,0,18033.896484375,14428.314453125,9.0,0,0,0,1,0,0,0,1,0,0
17218-55-11-1,1,1,44.0,1,1.0,1,1,0,585.690063476563,6.0,5,5,4,17218,7747.857421875,7288.43212890625,0,11795.6435546875,9978.1845703125,10.0,0,0,0,0,1,0,0,1,0,0
17239-39-11-1,1,2,56.0,1,1.0,0,0,0,165.732849121094,6.0,4,7,1,17239,27078.486328125,22528.83984375,0,25888.19921875,23734.24609375,11.0,0,0,0,0,0,1,0,1,0,0
17242-36-11-1,1,1,70.0,1,1.0,0,0,0,199.004653930664,1.0,4,7,2,17242,5738.92041015625,7748.75830078125,0,4729.1962890625,6072.98828125,9.0,0,0,0,1,0,0,0,1,0,0
17276-19-11-1,1,1,59.0,1,1.0,0,0,0,234.302917480469,4.0,6,5,2,17276,13781.048828125,5246.45751953125,0,13552.146484375,3857.097412109375,8.0,0,0,1,0,0,0,0,1,0,0
17276-64-11-1,1,2,56.0,1,0.0,0,0,0,234.302917480469,6.0,6,5,1,17276,6053.9091796875,6838.30322265625,0,6493.5703125,6153.21044921875,9.0,0,0,0,1,0,0,0,1,0,0
17276-77-11-1,1,1,56.0,1,1.0,0,0,0,234.302917480469,6.0,6,5,2,17276,10829.220703125,6796.1083984375,0,15081.432291666666,8506.731119791666,8.0,0,0,1,0,0,0,0,1,0,0
17276-106-11-1,1,2,37.0,1,1.0,0,0,0,234.302917480469,6.0,6,5,1,17276,10684.509765625,5912.92919921875,0,9875.0712890625,8451.09375,10.0,0,0,0,0,1,0,0,1,0,0
17278-77-11-1,1,1,70.0,1,0.0,0,0,0,234.56022644043,5.0,7,5,3,17278,22089.23177083333,27614.776041666668,0,14810.059375,9721.90703125,8.0,0,0,1,0,0,0,0,1,0,0
17278-80-11-1,1,2,35.0,1,1.0,1,0,0,234.56022644043,5.0,7,5,3,17278,7233.890625,6763.663411458333,0,5472.09375,4755.693684895833,9.0,0,0,0,1,0,0,0,1,0,0
17278-388-11-1,1,2,48.0,1,1.0,0,0,0,234.56022644043,4.0,7,5,2,17278,18046.673828125,13582.35546875,0,19097.041015625,5224.57275390625,9.0,0,0,0,1,0,0,0,1,0,0
17279-92-11-1,1,1,58.0,1,1.0,0,0,0,234.302917480469,4.0,8,5,2,17279,8740.3525390625,7597.42919921875,0,7181.529296875,9846.4609375,11.0,0,0,0,0,0,1,0,1,0,0
17281-17-11-1,1,1,51.0,1,1.0,0,0,0,234.56022644043,1.0,7,5,6,17281,6170.047526041667,2876.763020833333,0,4289.208203125,3319.083203125,8.0,0,0,1,0,0,0,0,1,0,0
17281-19-11-1,1,1,54.0,1,1.0,0,0,0,234.56022644043,4.0,7,5,2,17281,4423.0849609375,3098.592041015625,0,2669.35205078125,4781.84912109375,8.0,0,0,1,0,0,0,0,1,0,0
17282-58-11-1,1,1,69.0,1,1.0,0,0,0,224.767318725586,8.0,7,5,2,17282,8698.626953125,6573.18017578125,1,7750.953125,5762.1689453125,7.0,0,1,0,0,0,0,0,1,0,1
17282-159-11-1,1,1,56.0,1,1.0,1,0,0,224.767318725586,4.0,7,5,4,17282,3338.858642578125,4170.69873046875,0,4711.873046875,5162.5390625,7.0,0,1,0,0,0,0,0,1,0,0
17287-21-11-1,1,1,63.0,1,1.0,0,0,0,224.767318725586,4.0,8,5,2,17287,8939.5439453125,9426.609375,0,3233.84521484375,5974.02685546875,7.0,0,1,0,0,0,0,0,1,0,0
17287-89-11-1,1,1,56.0,1,1.0,0,0,0,224.767318725586,4.0,8,5,3,17287,4226.403645833333,3560.248372395833,0,4453.358723958333,5290.366861979167,8.0,0,0,1,0,0,0,0,1,1,0
17287-90-11-1,1,1,47.0,1,1.0,0,0,0,224.767318725586,6.0,8,5,8,17287,4029.78076171875,5138.1181640625,0,4743.63671875,5682.5390625,9.0,0,0,0,1,0,0,0,1,1,0
17290-53-11-1,1,1,48.0,1,1.0,0,0,0,234.302917480469,6.0,7,5,5,17290,1282.93955078125,4756.762109375,0,3220.841796875,3372.304296875,11.0,0,0,0,0,0,1,0,1,0,0
17290-55-11-1,1,1,48.0,1,1.0,0,0,0,234.302917480469,5.0,7,5,7,17290,8742.640066964286,5741.634486607143,0,675.9900251116071,2297.2970145089284,8.0,0,0,1,0,0,0,0,1,0,0
17291-10-11-1,1,1,26.0,1,1.0,0,0,0,234.302917480469,6.0,8,5,3,17291,5857.464192708333,5572.378255208333,0,5378.697916666667,6246.447916666667,9.0,0,0,0,1,0,0,0,1,0,0
17311-7-11-1,1,2,44.0,1,1.0,0,0,0,204.325286865234,4.0,8,7,3,17311,7497.170572916667,3762.1061197916665,0,9094.534505208334,3407.6598307291665,9.0,0,0,0,1,0,0,0,1,0,0
17311-44-11-1,1,1,55.0,1,1.0,0,0,0,204.325286865234,4.0,8,7,2,17311,10291.9853515625,8193.5341796875,0,8068.30078125,3157.011474609375,8.0,0,0,1,0,0,0,0,1,0,0
17311-46-11-1,1,1,48.0,1,1.0,0,0,0,204.325286865234,5.0,8,7,4,17311,9265.0849609375,4339.109375,0,3976.76904296875,3394.9033203125,8.0,0,0,1,0,0,0,0,1,0,0
17315-65-11-1,1,1,73.0,1,1.0,0,0,0,204.325286865234,6.0,7,7,1,17315,7493.92919921875,8817.009765625,0,22254.802734375,10258.3291015625,10.0,0,0,0,0,1,0,0,1,0,0
17315-66-11-1,1,1,47.0,1,1.0,0,0,0,204.325286865234,4.0,7,7,5,17315,8078.9,4387.483984375,0,5559.891796875,5727.920703125,8.0,0,0,1,0,0,0,0,1,0,0
17315-67-11-1,1,1,44.0,1,1.0,0,0,0,204.325286865234,6.0,7,7,5,17315,6701.62578125,5011.209765625,0,6058.199609375,5660.312890625,8.0,0,0,1,0,0,0,0,1,0,0
17315-138-11-1,1,1,51.0,1,1.0,0,0,0,204.325286865234,5.0,7,7,1,17315,20699.994140625,10193.31640625,0,21912.849609375,11744.11328125,8.0,0,0,1,0,0,0,0,1,0,0
17315-139-11-1,1,2,57.0,1,1.0,0,0,0,204.325286865234,3.0,7,7,1,17315,5473.0888671875,7602.76513671875,0,7349.05859375,6302.7177734375,9.0,0,0,0,1,0,0,0,1,0,0
17316-178-11-1,1,1,29.0,1,1.0,0,0,0,222.752792358398,6.0,7,7,4,17316,6415.71923828125,6672.5458984375,0,14617.0849609375,12310.2939453125,8.0,0,0,1,0,0,0,0,1,0,0
17317-15-11-1,1,1,51.0,1,1.0,0,0,0,204.325286865234,4.0,8,7,5,17317,8672.81875,6377.52265625,0,10230.40078125,7719.45,8.0,0,0,1,0,0,0,0,1,0,0
17320-12-11-1,1,1,48.0,1,1.0,0,0,0,219.604568481445,3.0,8,7,5,17320,5999.89375,2849.6025390625,1,5810.41171875,6498.1734375,7.0,0,1,0,0,0,0,0,1,0,1
17320-69-11-1,1,1,40.0,1,1.0,1,0,0,219.604568481445,5.0,8,7,6,17320,6000.822265625,1767.1280924479167,1,4546.359375,3200.544363839286,7.0,0,1,0,0,0,0,0,1,0,1
17321-5-11-1,1,1,44.0,1,1.0,0,0,0,222.752792358398,5.0,7,7,4,17321,3348.648681640625,3901.985595703125,0,6332.973307291667,7125.96875,11.0,0,0,0,0,0,1,0,1,0,0
17321-6-11-1,1,2,32.0,1,1.0,0,0,0,222.752792358398,4.0,7,7,7,17321,2915.4288504464284,1587.556501116071,0,3710.2083333333335,3125.984375,11.0,0,0,0,0,0,1,0,1,0,0
17321-7-11-1,1,1,68.0,1,1.0,0,0,0,222.752792358398,6.0,7,7,2,17321,10959.1708984375,3324.22900390625,0,7960.14208984375,9563.58203125,12.0,0,0,0,0,0,0,1,1,0,0
17321-8-11-1,1,1,55.0,1,1.0,0,0,0,222.752792358398,3.0,7,7,4,17321,5337.6357421875,3939.5283203125,0,8565.6318359375,8915.091796875,11.0,0,0,0,0,0,1,0,1,0,0
17321-254-11-1,1,1,31.0,1,1.0,0,0,0,222.752792358398,5.0,7,7,5,17321,7192.746875,1388.95859375,0,4219.373046875,4592.15390625,10.0,0,0,0,0,1,0,0,1,0,0
17321-255-11-1,1,2,55.0,1,1.0,0,0,0,222.752792358398,3.0,7,7,1,17321,12333.21484375,5738.88623046875,0,16482.783203125,11065.53515625,9.0,0,0,0,1,0,0,0,1,0,0
17323-79-11-1,1,2,48.0,1,1.0,0,0,0,219.604568481445,4.0,7,7,2,17323,9837.587890625,9048.068359375,0,13181.3603515625,6697.9404296875,8.0,0,0,1,0,0,0,0,1,0,0
17323-80-11-1,1,1,37.0,1,1.0,1,0,0,219.604568481445,5.0,7,7,4,17323,7403.5693359375,8756.59765625,0,7466.173828125,5318.6728515625,7.0,0,1,0,0,0,0,0,1,0,0
17323-235-11-1,1,1,54.0,1,1.0,0,0,0,219.604568481445,3.0,7,7,4,17323,6102.9462890625,2273.50048828125,0,6877.294270833333,4836.856770833333,7.0,0,1,0,0,0,0,0,1,0,0
17323-238-11-1,1,1,59.0,1,1.0,0,0,0,219.604568481445,4.0,7,7,3,17323,10332.336588541666,11162.497395833334,0,10601.830078125,6701.485677083333,8.0,0,0,1,0,0,0,0,1,0,0
17325-36-11-1,1,1,50.0,1,1.0,0,0,0,204.325286865234,6.0,8,7,2,17325,15345.8583984375,7155.61669921875,0,8804.849609375,5397.958984375,8.0,0,0,1,0,0,0,0,1,0,0
17350-74-11-1,1,1,34.0,1,1.0,1,1,0,481.272064208984,6.0,1,1,3,17350,9349.639322916666,6258.211588541667,0,15417.140625,10142.826822916666,11.0,0,0,0,0,0,1,0,1,0,0
17350-93-11-1,1,1,43.0,1,0.0,1,1,0,481.272064208984,8.0,1,1,4,17350,9251.966796875,5548.546875,0,6704.0203125,6570.546875,12.0,0,0,0,0,0,0,1,1,0,0
17400-102-11-1,1,1,55.0,1,0.0,1,1,0,58.8208084106445,7.0,1,1,3,17400,8817.897135416666,6375.06640625,1,10013.99609375,10787.52734375,10.0,0,0,0,0,1,0,0,1,0,1
17404-103-11-1,1,1,53.0,1,1.0,0,0,0,386.056427001953,7.0,1,1,3,17404,8543.313151041666,3867.3059895833335,0,4869.495442708333,3818.021484375,8.0,0,0,1,0,0,0,0,1,0,0
17408-23-11-1,1,1,48.0,1,0.0,1,1,0,540.9833984375,10.0,1,1,5,17408,34606.340625,14278.915625,1,23453.5,17817.185546875,,0,0,0,0,0,0,0,0,0,1
17408-50-11-1,1,1,46.0,1,0.0,1,1,0,540.9833984375,8.0,1,1,4,17408,16075.3818359375,15493.5693359375,0,18483.90234375,16441.6015625,8.0,0,0,1,0,0,0,0,1,0,0
17409-41-22-1,1,2,48.0,1,0.0,1,1,0,570.074829101563,6.0,1,1,1,17409,15959.25390625,11144.8447265625,1,23005.3359375,19635.8046875,,0,0,0,0,0,0,0,0,0,1
17412-9-11-1,1,1,50.0,1,1.0,1,1,0,471.747924804688,7.0,1,1,1,17412,20137.10546875,18544.263671875,0,16086.333984375,12974.751953125,11.0,0,0,0,0,0,1,0,1,0,0
17413-68-11-1,1,1,35.0,1,1.0,1,1,0,464.02197265625,6.0,1,1,6,17413,8359.938151041666,8513.942057291666,0,8181.513671875,6866.879557291667,12.0,0,0,0,0,0,0,1,1,0,0
17415-20-11-1,1,2,30.0,1,1.0,1,1,0,481.272064208984,6.0,1,1,3,17415,14965.040364583334,6393.208984375,0,18394.479166666668,9296.294921875,12.0,0,0,0,0,0,0,1,1,0,0
17415-164-11-1,1,1,26.0,1,1.0,0,0,0,481.272064208984,3.0,1,1,4,17415,7700.3134765625,6529.64990234375,0,8578.4443359375,8165.55419921875,11.0,0,0,0,0,0,1,0,1,0,0
17419-62-11-1,1,2,57.0,1,1.0,1,1,0,540.9833984375,4.0,1,1,4,17419,10944.333984375,6087.1162109375,0,22887.77864583333,13747.868489583334,,0,0,0,0,0,0,0,0,0,0
17419-121-11-1,1,2,48.0,1,1.0,1,0,0,540.9833984375,4.0,1,1,4,17419,10404.2705078125,8388.7392578125,0,9010.0615234375,8482.578125,11.0,0,0,0,0,0,1,0,1,0,0
17421-110-22-1,1,2,46.0,1,1.0,0,0,0,536.785461425781,5.0,1,1,4,17421,3065.75,3071.009521484375,0,2576.1787109375,4675.27294921875,12.0,0,0,0,0,0,0,1,1,1,0
17421-131-11-1,1,2,58.0,1,1.0,0,0,0,536.785461425781,5.0,1,1,3,17421,8613.896484375,4337.49609375,0,20063.75390625,8696.186197916666,8.0,0,0,1,0,0,0,0,1,0,0
17422-71-11-1,1,1,41.0,1,1.0,1,1,0,481.272064208984,4.0,1,1,2,17422,30022.5859375,14991.70703125,0,18026.9609375,12118.635416666666,7.0,0,1,0,0,0,0,0,1,0,0
17422-89-11-1,1,1,49.0,1,1.0,0,0,0,481.272064208984,5.0,1,1,6,17422,7099.054036458333,3428.0514322916665,0,11326.34765625,7669.90625,12.0,0,0,0,0,0,0,1,1,0,0
17425-228-11-1,1,1,44.0,1,1.0,0,0,0,309.615173339844,10.0,1,1,2,17425,22080.958984375,23211.658203125,1,20644.44921875,20411.49609375,7.0,0,1,0,0,0,0,0,1,0,1
17426-59-11-1,1,2,48.0,1,0.0,0,0,0,64.8034973144531,11.0,1,1,5,17426,56671.51875,36408.3375,1,44531.2,18383.4984375,,0,0,0,0,0,0,0,0,0,1
17428-200-11-1,1,2,43.0,1,1.0,1,1,0,557.468383789063,8.0,1,1,4,17428,14039.2470703125,11599.548828125,0,8725.693359375,16223.3095703125,9.0,0,0,0,1,0,0,0,1,0,0
17430-122-11-1,1,1,54.0,1,1.0,0,0,0,471.747924804688,4.0,1,1,3,17430,9121.102213541666,10219.07421875,0,9077.0,8883.831380208334,12.0,0,0,0,0,0,0,1,1,0,0
17431-23-11-1,1,2,47.0,1,1.0,0,0,0,721.311157226563,5.0,1,1,3,17431,7254.635416666667,6818.134765625,0,8335.50390625,6749.384114583333,11.0,0,0,0,0,0,1,0,1,0,0
17431-58-11-1,1,1,42.0,1,0.0,1,1,0,721.311157226563,8.0,1,1,4,17431,12968.8818359375,13449.171875,1,12636.4248046875,9774.798828125,7.0,0,1,0,0,0,0,0,1,0,1
17483-1-11-1,1,1,50.0,1,1.0,1,1,0,743.291137695313,5.0,5,1,5,17483,7586.9625,7400.18359375,0,10661.317057291666,7877.111328125,10.0,0,0,0,0,1,0,0,1,0,0
17484-30-11-1,1,1,51.0,1,1.0,0,0,0,386.056427001953,6.0,5,1,2,17484,19604.78125,11208.8642578125,1,19354.381510416668,20357.94661458333,8.0,0,0,1,0,0,0,0,1,0,1
17487-64-11-1,1,1,39.0,1,0.0,1,1,0,760.099792480469,10.0,4,1,6,17487,5850.069661458333,4983.7470703125,0,8539.971354166666,6589.119791666667,12.0,0,0,0,0,0,0,1,1,0,0
17487-81-11-1,1,2,43.0,1,1.0,1,1,0,760.099792480469,6.0,4,1,3,17487,7093.071614583333,10040.74609375,0,11364.740885416666,15024.459635416666,10.0,0,0,0,0,1,0,0,1,0,0
17487-116-11-1,1,2,52.0,1,0.0,0,0,0,760.099792480469,3.0,4,1,3,17487,13943.998697916666,6894.388020833333,0,11691.41015625,10126.701822916666,12.0,0,0,0,0,0,0,1,1,0,0
17488-126-11-1,1,1,40.0,1,0.0,0,0,0,441.429260253906,9.0,4,1,4,17488,12342.490234375,7348.3076171875,1,8855.974609375,6717.67578125,,0,0,0,0,0,0,0,0,0,1
17493-24-11-1,1,1,50.0,1,0.0,1,1,0,464.02197265625,7.0,3,1,2,17493,22753.0,15040.525390625,1,14410.240234375,15570.2314453125,,0,0,0,0,0,0,0,0,0,1
17495-31-11-1,1,2,40.0,1,1.0,1,1,0,481.272064208984,8.0,5,1,4,17495,7019.82763671875,8234.873046875,0,3317.25,3056.011962890625,12.0,0,0,0,0,0,0,1,1,0,0
17495-71-11-1,1,2,47.0,1,1.0,0,0,0,481.272064208984,6.0,5,1,3,17495,4278.994140625,4834.139322916667,0,9853.237630208334,7716.068359375,12.0,0,0,0,0,0,0,1,1,0,0
17495-132-11-1,1,1,45.0,1,1.0,0,0,0,481.272064208984,3.0,5,1,5,17495,2554.77734375,4537.280859375,0,5353.898828125,2731.6130859375,12.0,0,0,0,0,0,0,1,1,0,0
17496-53-11-1,1,2,66.0,1,1.0,0,0,0,464.02197265625,3.0,5,1,2,17496,3654.336669921875,3838.55419921875,0,3778.6435546875,6350.3759765625,12.0,0,0,0,0,0,0,1,1,0,0
17496-89-11-1,1,2,27.0,1,1.0,0,0,0,464.02197265625,6.0,5,1,4,17496,4116.28369140625,4019.764404296875,0,4967.35107421875,3987.088134765625,12.0,0,0,0,0,0,0,1,1,0,0
17496-107-11-1,1,1,55.0,1,0.0,0,0,0,464.02197265625,3.0,5,1,7,17496,6029.215959821428,3270.3565848214284,1,8791.548549107143,7106.759486607143,8.0,0,0,1,0,0,0,0,1,0,1
17498-39-11-1,1,1,64.0,1,1.0,1,0,0,481.272064208984,9.0,3,1,3,17498,13163.052083333334,14319.208333333334,0,12002.4921875,6838.1875,12.0,0,0,0,0,0,0,1,1,0,0
17499-23-11-1,1,1,26.0,1,1.0,0,0,0,464.02197265625,6.0,4,1,3,17499,7485.408854166667,4775.453776041667,0,2024.169189453125,3239.573486328125,9.0,0,0,0,1,0,0,0,1,0,0
17499-72-11-1,1,1,69.0,1,1.0,0,0,0,464.02197265625,3.0,4,1,2,17499,11385.1748046875,20537.009765625,0,11176.009765625,9859.74609375,9.0,0,0,0,1,0,0,0,1,0,0
17500-3-11-1,1,1,52.0,1,1.0,0,0,0,721.311157226563,8.0,3,1,5,17500,8536.21171875,7913.06015625,0,10369.05234375,8379.19453125,10.0,0,0,0,0,1,0,0,1,0,0
17500-38-11-1,1,1,38.0,1,1.0,1,1,0,721.311157226563,6.0,3,1,4,17500,16004.2431640625,11123.8349609375,0,15399.985677083334,23408.643229166668,8.0,0,0,1,0,0,0,0,1,0,0
17500-72-11-1,1,1,71.0,1,0.0,1,1,0,721.311157226563,6.0,3,1,4,17500,18588.13671875,5267.63330078125,0,20097.25,9457.373046875,8.0,0,0,1,0,0,0,0,1,0,0
17502-76-11-1,1,1,50.0,1,1.0,0,0,0,471.747924804688,3.0,4,1,5,17502,9454.246875,2803.725390625,0,5490.96875,3642.481640625,12.0,0,0,0,0,0,0,1,1,0,0
17503-57-11-1,1,1,60.0,1,1.0,0,0,0,760.099792480469,5.0,4,1,2,17503,15423.6005859375,14962.5439453125,0,4448.76123046875,10084.115234375,12.0,0,0,0,0,0,0,1,1,1,0
17504-1-11-1,1,2,67.0,1,1.0,0,0,0,392.007843017578,4.0,4,1,2,17504,8992.55078125,9553.4892578125,0,7370.052734375,7397.76806640625,12.0,0,0,0,0,0,0,1,1,0,0
17504-48-11-1,1,2,32.0,1,0.0,1,1,0,392.007843017578,6.0,4,1,5,17504,9135.153125,8121.70234375,1,9701.8447265625,6967.60595703125,10.0,0,0,0,0,1,0,0,1,0,1
17504-113-11-1,1,1,58.0,1,1.0,0,0,0,392.007843017578,5.0,4,1,2,17504,1023.21600341797,9992.0322265625,0,6935.142578125,10935.966796875,12.0,0,0,0,0,0,0,1,1,0,0
17506-31-11-1,1,1,63.0,1,1.0,0,0,0,481.272064208984,6.0,5,1,3,17506,8947.666666666666,8342.483072916666,0,12975.533854166666,8708.205078125,10.0,0,0,0,0,1,0,0,1,0,0
17506-76-11-1,1,2,51.0,1,1.0,0,0,0,481.272064208984,8.0,5,1,3,17506,6601.579427083333,5419.613606770833,0,4781.001627604167,4072.6197916666665,12.0,0,0,0,0,0,0,1,1,0,0
17509-21-11-1,1,2,54.0,1,1.0,1,0,0,464.02197265625,4.0,3,1,6,17509,10430.103515625,6327.707682291667,0,8407.389322916666,6267.46875,8.0,0,0,1,0,0,0,0,1,0,0
17521-1-11-1,1,1,46.0,1,0.0,0,0,0,371.107208251953,6.0,5,4,3,17521,29171.6015625,13165.333333333334,0,3131.320556640625,16140.3447265625,,0,0,0,0,0,0,0,0,0,0
17525-22-11-1,1,1,49.0,1,1.0,1,0,0,312.826477050781,6.0,5,4,4,17525,5904.7333984375,8695.4921875,1,10306.77734375,9945.79296875,,0,0,0,0,0,0,0,0,0,1
17525-49-11-1,1,1,29.0,1,1.0,0,0,0,312.826477050781,8.0,5,4,3,17525,8909.0234375,4687.1611328125,0,5840.28271484375,5381.2158203125,12.0,0,0,0,0,0,0,1,1,0,0
17525-76-11-1,1,1,59.0,1,1.0,0,0,0,312.826477050781,4.0,5,4,4,17525,15191.708984375,20184.615234375,0,16087.662109375,11989.8349609375,8.0,0,0,1,0,0,0,0,1,0,0
17525-89-11-1,1,2,34.0,1,1.0,1,1,0,312.826477050781,5.0,5,4,5,17525,4931.43515625,4407.3421875,0,4895.171316964285,4731.415736607143,12.0,0,0,0,0,0,0,1,1,0,0
17525-118-11-1,1,1,45.0,1,1.0,0,0,0,312.826477050781,4.0,5,4,4,17525,11009.9794921875,8813.890625,1,14865.0048828125,10122.0576171875,7.0,0,1,0,0,0,0,0,1,0,1
17534-21-11-1,1,1,54.0,1,1.0,0,0,0,213.918655395508,4.0,7,1,7,17534,5186.693080357143,2203.394949776786,0,5390.113932291667,2227.4285481770835,12.0,0,0,0,0,0,0,1,1,0,0
17534-22-11-1,1,2,31.0,1,1.0,0,0,0,213.918655395508,3.0,7,1,6,17534,6403.936197916667,5219.426106770833,0,6282.688151041667,3755.6608072916665,12.0,0,0,0,0,0,0,1,1,0,0
17534-23-11-1,1,2,36.0,1,1.0,0,0,0,213.918655395508,3.0,7,1,4,17534,5931.5302734375,4323.1806640625,0,5280.01220703125,3483.212890625,12.0,0,0,0,0,0,0,1,1,0,0
17534-101-11-1,1,1,40.0,1,0.0,1,1,0,213.918655395508,8.0,7,1,4,17534,14807.5498046875,12914.296875,1,18368.46875,15178.5791015625,7.0,0,1,0,0,0,0,0,1,0,1
17534-102-11-1,1,2,42.0,1,1.0,1,1,0,213.918655395508,6.0,7,1,3,17534,14161.854166666666,13284.049479166666,0,24322.765625,13195.592447916666,12.0,0,0,0,0,0,0,1,1,0,0
17534-103-11-1,1,1,65.0,1,1.0,0,0,0,213.918655395508,4.0,7,1,4,17534,8111.10595703125,5030.556640625,0,14666.595703125,7036.79150390625,12.0,0,0,0,0,0,0,1,1,0,0
17534-104-11-1,1,2,50.0,1,0.0,0,0,0,213.918655395508,6.0,7,1,6,17534,4330.5908203125,3884.542643229168,0,13671.19921875,7010.397786458333,12.0,0,0,0,0,0,0,1,1,0,0
17535-46-11-1,1,1,46.0,1,0.0,0,0,0,213.918655395508,1.0,8,1,5,17535,8001.559375,8732.13984375,1,9171.6359375,10212.228125,7.0,0,1,0,0,0,0,0,1,0,1
17535-100-11-1,1,2,50.0,1,1.0,1,1,0,213.918655395508,5.0,8,1,4,17535,7812.23828125,6869.14013671875,0,12534.5734375,6741.15390625,11.0,0,0,0,0,0,1,0,1,0,0
17536-228-11-1,1,1,55.0,1,1.0,0,0,0,224.963485717773,3.0,7,1,2,17536,4919.13818359375,3197.535888671875,0,6558.84326171875,3814.0341796875,8.0,0,0,1,0,0,0,0,1,0,0
17536-231-11-1,1,1,37.0,1,1.0,0,0,0,224.963485717773,3.0,7,1,1,17536,3915.43334960938,10081.017578125,0,15103.6748046875,7992.7421875,8.0,0,0,1,0,0,0,0,1,0,0
17562-19-11-1,1,1,70.0,1,1.0,0,0,0,329.517913818359,4.0,7,4,3,17562,6721.475260416667,4120.897786458333,0,5152.163736979167,5679.623697916667,12.0,0,0,0,0,0,0,1,1,0,0
17562-163-11-1,1,1,49.0,1,1.0,0,0,0,329.517913818359,4.0,7,4,3,17562,3355.353515625,5152.0732421875,0,2631.3995768229165,4297.3193359375,12.0,0,0,0,0,0,0,1,1,0,0
17562-164-11-1,1,2,43.0,1,1.0,0,0,0,329.517913818359,4.0,7,4,2,17562,8683.1455078125,6172.2587890625,0,4613.5,7621.8896484375,12.0,0,0,0,0,0,0,1,1,0,0
17562-166-11-1,1,1,73.0,1,1.0,0,0,0,329.517913818359,4.0,7,4,2,17562,21079.05078125,6977.44970703125,0,11966.0693359375,2499.42919921875,12.0,0,0,0,0,0,0,1,1,0,0
17565-13-11-1,1,1,71.0,1,1.0,0,0,0,329.517913818359,3.0,6,4,2,17565,11972.189453125,7173.24755859375,0,19438.5859375,15075.8291015625,12.0,0,0,0,0,0,0,1,1,0,0
17565-47-11-1,1,1,40.0,1,1.0,0,0,0,329.517913818359,6.0,6,4,4,17565,3596.30712890625,2851.369873046875,0,4537.09521484375,5053.2158203125,12.0,0,0,0,0,0,0,1,1,0,0
17565-89-11-1,1,1,48.0,1,1.0,0,0,0,329.517913818359,4.0,6,4,3,17565,5337.960286458333,4382.768880208333,0,10166.349609375,8448.667317708334,8.0,0,0,1,0,0,0,0,1,0,0
17567-141-11-1,1,1,32.0,1,1.0,0,0,0,298.653198242188,5.0,7,4,5,17567,1928.1076171875,2058.1923828125,0,1338.6654296875,1612.02919921875,12.0,0,0,0,0,0,0,1,1,0,0
17567-142-11-1,1,1,59.0,1,1.0,0,0,0,298.653198242188,3.0,7,4,3,17567,10632.661458333334,6849.167317708333,0,2118.685872395833,1397.76171875,12.0,0,0,0,0,0,0,1,1,0,0
17567-296-11-1,1,1,46.0,1,1.0,0,0,0,298.653198242188,3.0,7,4,7,17567,4048.919921875,2480.0069754464284,0,4176.03125,5610.876302083333,8.0,0,0,1,0,0,0,0,1,0,0
17567-298-11-1,1,1,46.0,1,1.0,0,0,0,298.653198242188,4.0,7,4,4,17567,5152.20556640625,1419.1082763671875,0,3277.04541015625,3719.311767578125,12.0,0,0,0,0,0,0,1,1,0,0
17567-299-11-1,1,1,48.0,1,1.0,0,0,0,298.653198242188,3.0,7,4,10,17567,8375.07265625,2836.3099609375,1,5008.572048611111,3707.511284722222,7.0,0,1,0,0,0,0,0,1,0,1
17569-20-11-1,1,1,39.0,1,1.0,0,0,0,330.644195556641,4.0,7,4,5,17569,4324.740234375,1958.6892578125,0,5689.18671875,5529.599609375,8.0,0,0,1,0,0,0,0,1,0,0
17569-71-11-1,1,1,34.0,1,1.0,0,0,0,330.644195556641,6.0,7,4,6,17569,1665.998046875,3013.4482421875,0,3416.130301339286,2808.601004464286,7.0,0,1,0,0,0,0,0,1,0,0
17572-244-11-1,1,1,84.0,1,1.0,0,0,0,329.517913818359,1.0,7,4,2,17572,9148.638671875,2629.83984375,0,7862.1318359375,2152.41552734375,10.0,0,0,0,0,1,0,0,1,0,0
17572-246-11-1,1,2,69.0,1,1.0,0,0,0,329.517913818359,1.0,7,4,1,17572,10941.4375,7734.1748046875,0,5051.10009765625,5087.3134765625,10.0,0,0,0,0,1,0,0,1,0,0
17573-25-11-1,1,1,47.0,1,1.0,0,0,0,298.653198242188,3.0,7,4,3,17573,11502.671875,6831.936197916667,0,1630.0517578125,3061.262044270833,10.0,0,0,0,0,1,0,0,1,0,0
17573-26-11-1,1,1,39.0,1,1.0,0,0,0,298.653198242188,3.0,7,4,7,17573,5089.52734375,2240.2942243303573,0,1578.9083658854167,1903.1653645833333,10.0,0,0,0,0,1,0,0,1,0,0
17635-47-11-1,1,1,40.0,1,1.0,1,1,0,153.709045410156,8.0,1,1,5,17635,15700.93125,15682.2171875,0,10580.11484375,10275.27421875,11.0,0,0,0,0,0,1,0,1,0,0
17635-87-11-1,1,1,80.0,1,1.0,0,0,0,153.709045410156,4.0,1,1,2,17635,5494.0,10345.4833984375,0,12862.7578125,10569.0380859375,12.0,0,0,0,0,0,0,1,1,0,0
17638-25-11-1,1,1,53.0,1,1.0,0,0,0,352.401519775391,5.0,1,1,8,17638,9647.0634765625,6756.4912109375,0,11070.578993055557,6410.639322916667,8.0,0,0,1,0,0,0,0,1,0,0
17639-4-11-1,1,2,71.0,1,1.0,0,0,0,353.312377929688,1.0,1,1,3,17639,2912.3238932291665,2600.345052083333,0,3125.1735026041665,4055.2229817708335,12.0,0,0,0,0,0,0,1,1,0,0
17639-50-11-1,1,1,41.0,1,0.0,1,0,0,353.312377929688,4.0,1,1,4,17639,5230.4619140625,6007.896484375,1,8916.2119140625,12677.859375,8.0,0,0,1,0,0,0,0,1,0,1
17640-121-11-1,1,1,68.0,1,0.0,0,0,0,175.202041625977,9.0,1,1,1,17640,12687.7392578125,15906.203125,0,19071.875,17939.498046875,8.0,0,0,1,0,0,0,0,1,0,0
17641-3-11-1,1,2,58.0,1,0.0,0,0,0,380.980499267578,11.0,1,1,1,17641,40113.35546875,20341.673828125,0,42391.42578125,28526.69140625,8.0,0,0,1,0,0,0,0,1,0,0
17641-41-11-1,1,1,48.0,1,1.0,0,0,0,380.980499267578,6.0,1,1,3,17641,6988.063802083333,10366.244140625,1,10578.214192708334,12041.421875,11.0,0,0,0,0,0,1,0,1,0,1
17641-67-11-1,1,1,80.0,1,0.0,0,0,0,380.980499267578,6.0,1,1,3,17641,13145.932291666666,9366.224609375,0,11484.653645833334,9586.714192708334,8.0,0,0,1,0,0,0,0,1,0,0
17641-118-11-1,1,2,56.0,1,1.0,1,0,0,380.980499267578,6.0,1,1,3,17641,6565.448567708333,10028.485677083334,0,7124.279947916667,9406.985677083334,11.0,0,0,0,0,0,1,0,1,0,0
17642-8-11-1,1,1,68.0,1,1.0,0,0,0,171.774810791016,6.0,1,1,4,17642,6722.697265625,4787.77197265625,0,6489.21484375,7014.30078125,8.0,0,0,1,0,0,0,0,1,0,0
17642-40-11-1,1,1,44.0,1,1.0,1,0,0,171.774810791016,7.0,1,1,2,17642,5406.0,9283.748046875,0,10013.509765625,10059.7470703125,8.0,0,0,1,0,0,0,0,1,0,0
17642-106-11-1,1,2,59.0,1,1.0,1,0,0,171.774810791016,5.0,1,1,2,17642,8843.93359375,6749.888671875,0,5877.901953125,6103.715625,8.0,0,0,1,0,0,0,0,1,0,0
17643-35-12-1,1,1,74.0,1,1.0,0,0,0,411.436889648438,4.0,1,1,3,17643,4427.213541666667,6552.110677083333,0,3474.796875,4728.5634765625,10.0,0,0,0,0,1,0,0,1,0,0
17644-22-11-1,1,2,43.0,1,1.0,0,0,0,398.294189453125,5.0,1,1,3,17644,7446.781901041667,5257.6669921875,1,13458.263020833334,10043.903645833334,7.0,0,1,0,0,0,0,0,1,0,1
17646-3-11-1,1,1,40.0,1,1.0,1,1,0,398.294189453125,6.0,1,1,3,17646,14079.541666666666,11234.69921875,0,12325.627604166666,12085.078125,11.0,0,0,0,0,0,1,0,1,0,0
17646-45-11-1,1,2,41.0,1,1.0,1,1,0,398.294189453125,5.0,1,1,4,17646,7700.6533203125,8283.2724609375,1,7834.37353515625,9232.8203125,12.0,0,0,0,0,0,0,1,1,0,1
17649-59-11-1,1,1,56.0,1,1.0,0,0,0,419.058166503906,6.0,1,1,1,17649,17854.0,10890.8623046875,0,23131.4375,18056.703125,10.0,0,0,0,0,1,0,0,1,0,0
17649-74-11-1,1,1,57.0,1,0.0,1,1,0,419.058166503906,10.0,1,1,6,17649,9826.333333333334,9040.234375,0,6285.858072916667,4659.404296875,12.0,0,0,0,0,0,0,1,1,0,0
17649-89-12-1,1,1,73.0,1,0.0,0,0,0,419.058166503906,6.0,1,1,4,17649,10369.7451171875,8391.09375,0,12136.329427083334,5999.473307291667,8.0,0,0,1,0,0,0,0,1,0,0
17649-89-22-1,1,1,64.0,1,0.0,0,0,0,419.058166503906,6.0,1,1,2,17649,9936.3544921875,9534.18359375,0,8713.087890625,8167.36279296875,8.0,0,0,1,0,0,0,0,1,0,0
17651-2-11-1,1,1,60.0,1,0.0,1,0,0,352.401550292969,8.0,1,1,2,17651,14374.68359375,13538.8515625,1,17022.59375,9716.1416015625,7.0,0,1,0,0,0,0,0,1,0,1
17651-33-11-1,1,1,23.0,1,1.0,1,1,0,352.401550292969,7.0,1,1,3,17651,9278.31640625,10494.9921875,0,3193.1178385416665,7258.357421875,11.0,0,0,0,0,0,1,0,1,0,0
17651-49-11-1,1,1,58.0,1,1.0,0,0,0,352.401550292969,3.0,1,1,3,17651,14529.138020833334,15867.360677083334,0,6519.306640625,10077.859375,12.0,0,0,0,0,0,0,1,1,0,0
17653-97-11-1,1,1,49.0,1,1.0,1,1,0,349.930969238281,6.0,1,1,4,17653,5677.01904296875,5257.0537109375,0,8511.361328125,7146.97998046875,10.0,0,0,0,0,1,0,0,1,0,0
17723-69-11-1,1,1,41.0,1,0.0,1,0,0,249.894134521484,8.0,4,1,6,17723,5283.72265625,5949.216796875,0,10895.498697916666,8552.736979166666,8.0,0,0,1,0,0,0,0,1,0,0
17723-86-11-1,1,1,45.0,1,1.0,1,1,0,249.894134521484,6.0,4,1,6,17723,5604.383463541667,8531.400390625,0,3310.826497395833,7068.992838541667,11.0,0,0,0,0,0,1,0,1,0,0
17724-165-11-1,1,1,52.0,1,1.0,1,1,0,507.973999023438,6.0,5,1,5,17724,7190.02890625,8046.91484375,0,6354.73125,4851.998046875,10.0,0,0,0,0,1,0,0,1,0,0
17727-114-11-1,1,1,49.0,1,0.0,1,0,0,353.312377929688,3.0,5,1,14,17727,4629.48046875,4053.976004464286,0,8231.613839285714,5230.189174107143,12.0,0,0,0,0,0,0,1,1,0,0
17728-64-11-1,1,1,29.0,1,1.0,1,0,0,548.58251953125,6.0,5,1,4,17728,2143.39306640625,4229.1181640625,0,6145.69140625,3752.657470703125,12.0,0,0,0,0,0,0,1,1,0,0
17728-118-11-1,1,1,47.0,1,1.0,0,0,0,548.58251953125,4.0,5,1,5,17728,5433.49921875,7905.88828125,0,8604.7515625,10573.2328125,12.0,0,0,0,0,0,0,1,1,0,0
17729-48-11-1,1,2,60.0,1,1.0,1,0,0,352.401550292969,6.0,5,1,2,17729,9096.6455078125,9088.5693359375,0,12187.00390625,19897.80859375,8.0,0,0,1,0,0,0,0,1,0,0
17729-64-11-1,1,2,62.0,1,1.0,0,0,0,352.401550292969,5.0,5,1,1,17729,15543.830078125,18383.83203125,0,11142.984375,12060.1416015625,8.0,0,0,1,0,0,0,0,1,0,0
17733-56-13-1,1,1,41.0,1,1.0,0,0,0,398.294189453125,4.0,5,1,4,17733,6295.8251953125,6080.19677734375,0,5019.5263671875,5228.43798828125,10.0,0,0,0,0,1,0,0,1,0,0
17733-56-23-1,1,1,56.0,1,1.0,0,0,0,398.294189453125,6.0,5,1,4,17733,8190.720703125,7429.447265625,0,5707.255078125,4700.32578125,10.0,0,0,0,0,1,0,0,1,0,0
17733-56-33-1,1,1,48.0,1,0.0,0,0,0,398.294189453125,6.0,5,1,3,17733,5730.557291666667,6022.037760416667,0,5496.716145833333,5924.686197916667,9.0,0,0,0,1,0,0,0,1,0,0
17733-73-11-1,1,2,49.0,1,0.0,1,0,0,398.294189453125,6.0,5,1,6,17733,10067.5,11254.65234375,0,8043.5375,9363.93359375,10.0,0,0,0,0,1,0,0,1,1,0
17733-108-11-1,1,1,36.0,1,1.0,0,0,0,398.294189453125,8.0,5,1,6,17733,5247.840169270833,6427.131510416667,0,5397.861328125,6379.076171875,10.0,0,0,0,0,1,0,0,1,1,0
17734-38-11-1,1,1,62.0,1,1.0,1,0,0,558.744262695313,6.0,4,1,1,17734,11285.0,18407.1953125,1,8793.7646484375,10092.0498046875,7.0,0,1,0,0,0,0,0,1,0,1
17734-82-11-1,1,2,41.0,1,1.0,0,0,0,558.744262695313,6.0,4,1,4,17734,6146.595703125,7644.45849609375,0,8791.654296875,7852.02685546875,10.0,0,0,0,0,1,0,0,1,0,0
17736-40-11-1,1,1,51.0,1,1.0,0,0,0,352.401550292969,4.0,5,1,3,17736,14945.404947916666,12078.079427083334,0,4406.15625,7164.583984375,12.0,0,0,0,0,0,0,1,1,0,0
17736-54-11-1,1,1,44.0,1,1.0,1,1,0,352.401550292969,6.0,5,1,7,17736,4316.572544642857,4883.891741071428,0,6196.755022321428,9316.150669642857,7.0,0,1,0,0,0,0,0,1,0,0
17736-81-11-1,1,1,51.0,1,0.0,0,0,0,352.401550292969,5.0,5,1,2,17736,11551.033203125,10387.4833984375,0,10614.157552083334,9000.862630208334,12.0,0,0,0,0,0,0,1,1,0,0
17736-94-11-1,1,1,68.0,1,1.0,0,0,0,352.401550292969,5.0,5,1,6,17736,5394.246419270833,3384.6354166666665,0,8174.927734375,3870.7408854166665,12.0,0,0,0,0,0,0,1,1,0,0
17738-19-11-1,1,2,71.0,1,1.0,0,0,0,548.58251953125,6.0,4,1,1,17738,21561.99609375,22528.982421875,0,17143.6328125,20111.17578125,12.0,0,0,0,0,0,0,1,1,0,0
17741-2-11-1,1,1,40.0,1,0.0,1,1,0,353.312377929688,6.0,5,1,5,17741,9515.66015625,12510.69296875,0,7442.04140625,7935.6203125,8.0,0,0,1,0,0,0,0,1,0,0
17741-37-11-1,1,1,64.0,1,1.0,0,0,0,353.312377929688,6.0,5,1,5,17741,20783.88125,11129.9375,0,7446.48779296875,6187.0341796875,10.0,0,0,0,0,1,0,0,1,0,0
17742-3-11-1,1,1,52.0,1,0.0,1,1,0,535.580261230469,6.0,5,1,3,17742,17056.13671875,15990.024739583334,0,23712.994791666668,15955.490885416666,8.0,0,0,1,0,0,0,0,1,0,0
17742-81-11-1,1,1,62.0,1,1.0,0,0,0,535.580261230469,6.0,5,1,4,17742,8544.072265625,9191.2314453125,0,6920.54052734375,8764.1328125,12.0,0,0,0,0,0,0,1,1,0,0
17743-28-11-1,1,1,47.0,1,1.0,0,0,0,352.401550292969,4.0,5,1,5,17743,8373.77578125,6169.580859375,0,6826.5,6822.0341796875,11.0,0,0,0,0,0,1,0,1,1,0
17743-70-11-1,1,1,48.0,1,1.0,0,0,0,352.401550292969,4.0,5,1,5,17743,4244.329296875,4658.673046875,0,4338.427734375,4128.79765625,8.0,0,0,1,0,0,0,0,1,0,0
17743-85-11-1,1,1,48.0,1,1.0,0,0,0,352.401550292969,4.0,5,1,5,17743,2741.8251953125,3393.175,0,4385.88203125,5995.958984375,10.0,0,0,0,0,1,0,0,1,0,0
17743-99-11-1,1,1,47.0,1,1.0,1,0,0,352.401550292969,6.0,5,1,7,17743,5128.002232142857,10803.176339285714,1,6516.608723958333,7619.297526041667,9.0,0,0,0,1,0,0,0,1,0,1
17745-8-11-1,1,1,40.0,1,1.0,1,0,0,398.294189453125,5.0,5,1,6,17745,3768.96875,3467.225911458333,0,3310.0797526041665,2600.7926432291665,10.0,0,0,0,0,1,0,0,1,0,0
17745-74-11-1,1,1,69.0,1,1.0,0,0,0,398.294189453125,3.0,5,1,2,17745,5589.77685546875,7325.14404296875,0,7270.591796875,5849.7734375,7.0,0,1,0,0,0,0,0,1,0,0
17745-87-11-1,1,1,32.0,1,1.0,1,0,0,398.294189453125,6.0,5,1,6,17745,4935.692057291667,4199.869466145833,1,2998.78515625,3051.5817057291665,7.0,0,1,0,0,0,0,0,1,1,1
17746-7-11-1,1,1,63.0,1,1.0,0,0,0,204.945388793945,3.0,3,1,1,17746,19882.47265625,21811.14453125,0,17114.98828125,23564.94921875,10.0,0,0,0,0,1,0,0,1,0,0
17747-11-11-1,1,2,59.0,1,1.0,1,0,0,349.930969238281,5.0,3,1,2,17747,8772.0244140625,8128.8759765625,0,19705.4921875,13306.0986328125,12.0,0,0,0,0,0,0,1,1,0,0
17747-35-11-1,1,1,42.0,1,1.0,1,0,0,349.930969238281,6.0,3,1,4,17747,6408.7119140625,8113.71630859375,0,6229.67236328125,5807.8193359375,8.0,0,0,1,0,0,0,0,1,0,0
17749-122-11-1,1,1,71.0,1,1.0,0,0,0,352.401550292969,5.0,5,1,5,17749,5454.8015625,4862.340625,0,9587.42421875,11061.5796875,7.0,0,1,0,0,0,0,0,1,0,0
17750-19-11-1,1,1,59.0,1,1.0,1,0,0,398.294189453125,3.0,4,1,2,17750,9570.052734375,13741.3447265625,0,16603.294921875,18075.09765625,8.0,0,0,1,0,0,0,0,1,0,0
17750-94-11-1,1,1,58.0,1,1.0,0,0,0,398.294189453125,6.0,4,1,1,17750,19528.802734375,12004.3984375,0,14301.208984375,9661.76171875,12.0,0,0,0,0,0,0,1,1,0,0
17750-114-11-1,1,1,53.0,1,1.0,1,1,0,398.294189453125,8.0,4,1,6,17750,6623.6171875,4375.3271484375,0,7608.554036458333,8080.848958333333,8.0,0,0,1,0,0,0,0,1,0,0
17750-133-11-1,1,1,67.0,1,1.0,1,0,0,398.294189453125,6.0,4,1,2,17750,10035.814453125,8053.646484375,0,20241.91015625,10306.3798828125,7.0,0,1,0,0,0,0,0,1,0,0
17752-66-11-1,1,1,51.0,1,1.0,1,1,0,349.930969238281,6.0,5,1,4,17752,6142.99560546875,4904.76806640625,0,6774.96533203125,7570.80419921875,10.0,0,0,0,0,1,0,0,1,0,0
17752-87-11-1,1,2,48.0,1,1.0,0,0,0,349.930969238281,6.0,5,1,2,17752,11437.2392578125,14914.9677734375,0,14521.3056640625,12167.486328125,10.0,0,0,0,0,1,0,0,1,0,0
17752-128-11-1,1,1,48.0,1,1.0,1,0,0,349.930969238281,4.0,5,1,3,17752,13155.220052083334,11556.514322916666,0,7519.330729166667,9488.626302083334,10.0,0,0,0,0,1,0,0,1,0,0
17772-5-11-1,1,1,49.0,1,1.0,0,0,0,211.832000732422,6.0,7,1,7,17772,10897.86607142857,7920.982700892857,1,7641.38232421875,7758.70751953125,7.0,0,1,0,0,0,0,0,1,0,1
17772-6-11-1,1,1,82.0,1,1.0,0,0,0,211.832000732422,3.0,7,1,1,17772,9872.9189453125,11639.0908203125,0,11062.6591796875,13267.9345703125,12.0,0,0,0,0,0,0,1,1,0,0
17772-8-11-1,1,2,36.0,1,1.0,0,0,0,211.832000732422,5.0,7,1,2,17772,3830.4306640625,7355.85400390625,0,6363.92626953125,7392.0771484375,8.0,0,0,1,0,0,0,0,1,0,0
17772-77-11-1,1,1,69.0,1,1.0,0,0,0,211.832000732422,9.0,7,1,4,17772,11986.0107421875,6432.9326171875,0,15201.70703125,10128.1845703125,8.0,0,0,1,0,0,0,0,1,0,0
17773-82-11-1,1,2,49.0,1,1.0,0,0,0,211.832000732422,4.0,7,1,2,17773,5995.51123046875,6908.23876953125,0,4195.0400390625,4731.1015625,10.0,0,0,0,0,1,0,0,1,1,0
17773-83-11-1,1,1,70.0,1,1.0,0,0,0,211.832000732422,3.0,7,1,2,17773,13249.404296875,9080.6875,0,9973.224609375,11040.96484375,8.0,0,0,1,0,0,0,0,1,1,0
17773-84-11-1,1,1,64.0,1,1.0,0,0,0,211.832000732422,4.0,7,1,3,17773,7765.710286458333,7418.619140625,0,8844.694010416666,7861.102864583333,10.0,0,0,0,0,1,0,0,1,0,0
17773-211-11-1,1,1,68.0,1,1.0,1,0,0,211.832000732422,4.0,7,1,7,17773,6378.345424107143,3290.631696428572,0,8595.494419642857,7796.34375,10.0,0,0,0,0,1,0,0,1,0,0
17773-213-11-1,1,1,62.0,1,1.0,0,0,0,211.832000732422,4.0,7,1,1,17773,21594.037109375,20316.787109375,0,14763.107421875,13147.341796875,10.0,0,0,0,0,1,0,0,1,0,0
17773-217-11-1,1,2,52.0,1,1.0,0,0,0,211.832000732422,6.0,7,1,2,17773,8983.1201171875,6283.19677734375,0,4517.95849609375,3287.736328125,8.0,0,0,1,0,0,0,0,1,0,0
17773-219-11-1,1,2,56.0,1,1.0,0,0,0,211.832000732422,3.0,7,1,2,17773,9626.0693359375,7319.80615234375,0,4585.01611328125,4530.73876953125,10.0,0,0,0,0,1,0,0,1,0,0
17775-33-11-1,1,1,38.0,1,1.0,1,0,0,191.377868652344,6.0,8,1,4,17775,13536.755859375,6885.7548828125,0,6325.545703125,7660.2296875,8.0,0,0,1,0,0,0,0,1,0,0
17775-39-11-1,1,1,49.0,1,1.0,0,0,0,191.377868652344,5.0,8,1,5,17775,9055.00625,5250.902734375,0,6416.169921875,6297.247395833333,10.0,0,0,0,0,1,0,0,1,0,0
17776-62-11-1,1,2,27.0,1,1.0,0,0,0,174.28466796875,4.0,7,1,6,17776,5088.512369791667,4057.73046875,1,6271.201171875,4939.263671875,,0,0,0,0,0,0,0,0,0,1
17776-443-11-1,1,1,53.0,1,1.0,0,0,0,174.28466796875,9.0,7,1,7,17776,4431.967354910715,3861.154575892857,0,5937.696986607143,5598.853794642857,11.0,0,0,0,0,0,1,0,1,0,0
17777-125-11-1,1,1,40.0,1,1.0,0,0,0,211.832000732422,4.0,7,1,3,17777,13433.322916666666,11784.286458333334,0,9338.704427083334,7367.753255208333,9.0,0,0,0,1,0,0,0,1,0,0
17777-126-11-1,1,2,58.0,1,1.0,0,0,0,211.832000732422,5.0,7,1,2,17777,18504.525390625,19688.3828125,0,17114.42578125,16053.7138671875,12.0,0,0,0,0,0,0,1,1,0,0
17777-409-11-1,1,1,71.0,1,1.0,0,0,0,211.832000732422,4.0,7,1,4,17777,6318.4912109375,2857.281005859375,0,11508.6669921875,4904.78466796875,8.0,0,0,1,0,0,0,0,1,0,0
17777-412-11-1,1,1,58.0,1,1.0,0,0,0,211.832000732422,4.0,7,1,3,17777,23019.40364583333,11267.122395833334,1,11518.381510416666,11360.731770833334,,0,0,0,0,0,0,0,0,0,1
17778-17-11-1,1,2,46.0,1,1.0,0,0,0,191.377868652344,6.0,7,1,2,17778,27704.8046875,11727.796875,0,9248.5244140625,9183.748046875,10.0,0,0,0,0,1,0,0,1,0,0
17779-5-11-1,1,2,63.0,1,1.0,0,0,0,174.28466796875,1.0,7,1,2,17779,7326.208984375,9930.1005859375,0,15341.1513671875,8034.18115234375,12.0,0,0,0,0,0,0,1,1,0,0
17779-161-11-1,1,1,58.0,1,1.0,0,0,0,174.28466796875,4.0,7,1,4,17779,3722.0419921875,5230.216796875,0,6520.025390625,7166.66162109375,12.0,0,0,0,0,0,0,1,1,0,0
17780-17-11-1,1,1,58.0,1,1.0,0,0,0,191.377868652344,1.0,7,1,1,17780,12748.212890625,13524.453125,0,4631.45068359375,5732.71728515625,12.0,0,0,0,0,0,0,1,1,0,0
17780-18-11-1,1,1,36.0,1,0.0,0,0,0,191.377868652344,7.0,7,1,5,17780,7682.884375,6394.725,0,6891.6,7866.43671875,12.0,0,0,0,0,0,0,1,1,0,0
17780-20-11-1,1,1,28.0,1,0.0,1,1,0,191.377868652344,7.0,7,1,4,17780,9462.4736328125,9924.62890625,0,7464.5068359375,8493.7080078125,12.0,0,0,0,0,0,0,1,1,0,0
17780-103-11-1,1,2,80.0,1,1.0,0,0,0,191.377868652344,1.0,7,1,2,17780,8552.6865234375,8593.75390625,0,9119.6884765625,8340.5810546875,12.0,0,0,0,0,0,0,1,1,0,0
17781-99-11-1,1,2,60.0,1,1.0,0,0,0,203.965606689453,3.0,7,1,3,17781,2930.2119140625,5805.318359375,0,2350.71826171875,4471.111979166667,8.0,0,0,1,0,0,0,0,1,0,0
17781-201-11-1,1,1,52.0,1,1.0,0,0,0,203.965606689453,4.0,7,1,4,17781,4884.80126953125,5864.80126953125,0,4926.079752604167,3248.83203125,8.0,0,0,1,0,0,0,0,1,0,0
17781-204-11-1,1,2,69.0,1,1.0,0,0,0,203.965606689453,4.0,7,1,1,17781,11489.2294921875,9066.0439453125,0,7624.5107421875,8402.46484375,8.0,0,0,1,0,0,0,0,1,0,0
17783-3-11-1,1,1,46.0,1,1.0,0,0,0,191.377868652344,8.0,7,1,5,17783,7100.13359375,5230.6453125,0,1845.4769287109373,6594.1455078125,7.0,0,1,0,0,0,0,0,1,0,0
17783-4-11-1,1,2,44.0,1,1.0,0,0,0,191.377868652344,8.0,7,1,1,17783,12143.2705078125,12847.5771484375,0,7736.986328125,11491.4306640625,10.0,0,0,0,0,1,0,0,1,0,0
17783-80-11-1,1,1,61.0,1,1.0,0,0,0,191.377868652344,4.0,7,1,4,17783,9804.6181640625,10918.2265625,0,6026.8955078125,9338.7919921875,8.0,0,0,1,0,0,0,0,1,0,0
17783-83-11-1,1,1,47.0,1,1.0,0,0,0,191.377868652344,4.0,7,1,3,17783,13245.108072916666,11093.397135416666,0,6773.5673828125,8490.78125,8.0,0,0,1,0,0,0,0,1,0,0
17802-88-11-1,1,1,69.0,1,0.0,1,0,0,628.049194335938,9.0,1,8,1,17802,47974.0,38406.40625,0,15984.025390625,11473.7333984375,10.0,0,0,0,0,1,0,0,1,0,0
17803-25-11-1,1,1,57.0,1,0.0,1,0,0,626.489501953125,8.0,1,8,5,17803,10014.76796875,6509.272265625,1,17019.8875,10147.41015625,8.0,0,0,1,0,0,0,0,1,0,1
17815-5-11-1,1,1,63.0,1,0.0,0,0,0,806.669494628906,10.0,1,8,5,17815,22301.4,11445.05546875,1,22820.6,10056.9578125,9.0,0,0,0,1,0,0,0,1,0,1
17880-103-11-1,1,2,42.0,1,1.0,0,0,0,1180.98107910156,6.0,1,8,4,17880,10563.5,6488.48974609375,1,12841.279296875,2953.7890625,7.0,0,1,0,0,0,0,0,1,0,1
18021-15-11-1,1,1,60.0,1,1.0,0,0,0,1180.98107910156,7.0,1,8,3,18021,19112.475260416668,10501.293619791666,0,17605.260416666668,6663.975260416667,8.0,0,0,1,0,0,0,0,1,0,0
18169-81-11-1,1,1,49.0,1,0.0,0,0,0,423.391082763672,6.0,1,8,4,18169,26672.45703125,15609.4814453125,1,31007.986979166668,15332.10546875,8.0,0,0,1,0,0,0,0,1,0,1
18182-47-11-1,1,1,59.0,1,1.0,1,1,0,582.683776855469,10.0,1,8,2,18182,20067.25,14641.6220703125,0,14762.2265625,15001.498046875,8.0,0,0,1,0,0,0,0,1,0,0
18182-202-11-1,1,2,41.0,1,0.0,1,1,0,582.683776855469,10.0,1,8,4,18182,22921.064453125,19648.755859375,0,17495.681640625,26844.779296875,8.0,0,0,1,0,0,0,0,1,0,0
18185-90-11-1,1,1,59.0,1,0.0,0,0,0,628.049194335938,10.0,1,8,3,18185,18664.682291666668,19191.834635416668,1,23800.33333333333,14549.083333333334,9.0,0,0,0,1,0,0,0,1,0,1
18190-59-11-1,1,2,55.0,1,1.0,0,0,0,1751.19812011719,3.0,1,8,5,18190,6416.898828125,3419.3484375,0,5770.796875,3045.735212053572,11.0,0,0,0,0,0,1,0,1,0,0
18190-130-11-1,1,1,48.0,1,1.0,0,1,0,1751.19812011719,6.0,1,8,6,18190,2628.329427083333,3696.046875,0,4961.548177083333,5092.6279296875,8.0,0,0,1,0,0,0,0,1,0,0
18191-23-11-1,1,1,47.0,1,0.0,1,1,0,806.669494628906,8.0,1,8,6,18191,6366.016927083333,6721.645833333333,0,3275.195703125,5587.18828125,9.0,0,0,0,1,0,0,0,1,0,0
18191-121-11-1,1,1,30.0,1,1.0,1,1,0,806.669494628906,6.0,1,8,1,18191,24721.0,13872.5048828125,0,19002.0,15994.8974609375,9.0,0,0,0,1,0,0,0,1,0,0
18193-2-11-1,1,2,47.0,1,0.0,1,1,0,1722.59936523438,6.0,1,8,4,18193,12555.529296875,9655.1494140625,0,6622.98095703125,5451.4306640625,9.0,0,0,0,1,0,0,0,1,0,0
18193-42-11-1,1,1,39.0,1,1.0,0,0,0,1722.59936523438,6.0,1,8,1,18193,16912.111328125,9709.240234375,0,31349.0078125,24119.57421875,9.0,0,0,0,1,0,0,0,1,0,0
18193-62-11-1,1,2,73.0,1,1.0,0,0,0,1722.59936523438,3.0,1,8,5,18193,3136.5599609375,3840.537890625,0,12795.072265625,14880.224609375,12.0,0,0,0,0,0,0,1,1,0,0
18193-82-11-1,1,2,59.0,1,1.0,0,0,0,1722.59936523438,6.0,1,8,1,18193,26458.0,19564.048828125,0,20473.267578125,12818.5322265625,9.0,0,0,0,1,0,0,0,1,0,0
18193-101-11-1,1,1,51.0,1,1.0,0,0,0,1722.59936523438,6.0,1,8,5,18193,6396.3546875,4891.75703125,0,9710.034375,5001.563671875,8.0,0,0,1,0,0,0,0,1,0,0
18195-109-11-1,1,1,56.0,1,1.0,0,0,0,1722.59936523438,4.0,1,8,5,18195,12040.57421875,10438.88671875,0,12122.24140625,10856.47734375,11.0,0,0,0,0,0,1,0,1,0,0
18200-14-11-1,1,2,43.0,1,1.0,1,1,0,1751.19812011719,6.0,1,8,6,18200,6310.739583333333,3788.1298828125,0,4700.805338541667,9413.912109375,9.0,0,0,0,1,0,0,0,1,0,0
18200-67-11-1,1,1,68.0,1,1.0,1,0,0,1751.19812011719,6.0,1,8,10,18200,7253.940625,6191.372265625,0,6921.737847222223,9493.747395833334,9.0,0,0,0,1,0,0,0,1,0,0
18200-82-11-1,1,2,58.0,1,1.0,1,1,0,1751.19812011719,6.0,1,8,1,18200,18177.435546875,16257.0625,0,18660.828125,17197.923828125,8.0,0,0,1,0,0,0,0,1,0,0
18201-61-11-1,1,1,38.0,1,0.0,1,0,0,776.911682128906,8.0,1,8,1,18201,25102.61328125,24419.1328125,1,27276.0,21496.498046875,,0,0,0,0,0,0,0,0,0,1
18202-31-11-1,1,2,67.0,1,0.0,0,0,0,1996.37231445313,6.0,1,8,2,18202,18210.318359375,12901.05078125,0,18631.822265625,11080.9482421875,8.0,0,0,1,0,0,0,0,1,0,0
18203-185-11-1,1,2,50.0,1,1.0,1,1,0,776.911682128906,6.0,1,8,3,18203,10347.0,10701.445963541666,0,13833.6953125,8520.278645833334,9.0,0,0,0,1,0,0,0,1,0,0
18203-209-11-1,1,1,32.0,1,0.0,1,1,0,776.911682128906,6.0,1,8,3,18203,9942.666666666666,9048.584635416666,0,9924.092447916666,11900.119791666666,10.0,0,0,0,0,1,0,0,1,0,0
18206-24-11-1,1,2,42.0,1,1.0,1,1,0,1099.81896972656,4.0,1,8,6,18206,14920.565104166666,10749.02734375,1,10658.833333333334,2448.7705078125,11.0,0,0,0,0,0,1,0,1,0,1
18207-19-11-1,1,1,53.0,1,0.0,0,0,0,1113.88488769531,6.0,1,8,5,18207,7208.27734375,5201.377734375,0,6339.553385416667,3544.1608072916665,8.0,0,0,1,0,0,0,0,1,0,0
18207-76-11-1,1,1,54.0,1,1.0,1,0,0,1113.88488769531,3.0,1,8,5,18207,12112.67109375,5942.6953125,1,20692.596875,5590.8828125,8.0,0,0,1,0,0,0,0,1,0,1
18208-24-11-1,1,1,26.0,1,1.0,1,0,0,1180.98107910156,5.0,1,8,3,18208,6639.470052083333,12419.555989583334,1,9360.615234375,14848.408854166666,12.0,0,0,0,0,0,0,1,1,0,1
18212-44-11-1,1,1,30.0,1,1.0,1,1,0,1180.98107910156,6.0,1,8,3,18212,8536.93359375,6822.705729166667,0,10457.210286458334,7604.936197916667,9.0,0,0,0,1,0,0,0,1,0,0
18212-61-11-1,1,1,58.0,1,1.0,0,0,0,1180.98107910156,3.0,1,8,3,18212,6654.149739583333,8044.386067708333,0,6925.992838541667,9822.745442708334,9.0,0,0,0,1,0,0,0,1,0,0
18214-42-11-1,1,1,62.0,1,1.0,0,0,0,1099.81896972656,4.0,1,8,2,18214,17177.77734375,15158.3564453125,0,26436.748046875,29556.474609375,12.0,0,0,0,0,0,0,1,1,0,0
18217-121-11-1,1,1,72.0,1,0.0,1,1,0,582.683776855469,10.0,1,8,1,18217,120829.75,68142.046875,0,106883.4609375,60501.17578125,8.0,0,0,1,0,0,0,0,1,0,0
18218-88-11-1,1,2,47.0,1,0.0,1,1,0,1497.27917480469,10.0,1,8,3,18218,33819.721354166664,28128.0703125,1,30717.705729166668,30751.9921875,8.0,0,0,1,0,0,0,0,1,0,1
18226-13-11-1,1,1,23.0,1,0.0,1,0,0,1291.94946289063,7.0,1,8,3,18226,11253.509114583334,8825.834635416666,1,7369.82421875,6499.5859375,10.0,0,0,0,0,1,0,0,1,0,1
18226-50-11-1,1,1,56.0,1,1.0,0,0,0,1291.94946289063,4.0,1,8,4,18226,19962.732421875,6502.5673828125,0,13565.994140625,7923.93212890625,9.0,0,0,0,1,0,0,0,1,0,0
18226-88-11-1,1,2,60.0,1,1.0,0,0,0,1291.94946289063,6.0,1,8,1,18226,26703.0,25502.2734375,0,24133.0,19069.845703125,8.0,0,0,1,0,0,0,0,1,0,0
18226-143-11-1,1,1,71.0,1,1.0,1,1,0,1291.94946289063,6.0,1,8,2,18226,10739.0,21120.37890625,0,11240.1171875,29846.091796875,7.0,0,1,0,0,0,0,0,1,0,0
18228-171-11-1,1,2,47.0,1,0.0,1,0,0,626.489501953125,10.0,1,8,1,18228,41799.0,33598.66796875,0,42369.0,37081.33203125,9.0,0,0,0,1,0,0,0,1,0,0
18229-26-11-1,1,2,66.0,1,1.0,1,1,0,605.002136230469,6.0,1,8,2,18229,18463.29296875,10903.6787109375,0,30484.806640625,14487.1767578125,8.0,0,0,1,0,0,0,0,1,0,0
18229-94-11-1,1,1,59.0,1,0.0,1,1,0,605.002136230469,10.0,1,8,3,18229,25357.3203125,18246.44270833333,0,28905.151041666668,21755.43359375,10.0,0,0,0,0,1,0,0,1,0,0
18229-144-11-1,1,1,59.0,1,0.0,1,1,0,605.002136230469,6.0,1,8,1,18229,11990.0,22571.783203125,0,38014.0,26603.861328125,8.0,0,0,1,0,0,0,0,1,0,0
18234-61-11-1,1,1,67.0,1,1.0,0,0,0,1497.27917480469,5.0,1,8,2,18234,11365.412109375,10454.966796875,0,9728.9228515625,23627.5,10.0,0,0,0,0,1,0,0,1,0,0
18234-81-11-1,1,1,52.0,1,1.0,1,0,0,1497.27917480469,6.0,1,8,6,18234,23405.166666666668,3695.585611979168,0,10408.371744791666,4720.590494791667,10.0,0,0,0,0,1,0,0,1,0,0
18234-160-11-1,1,1,50.0,1,1.0,1,1,0,1497.27917480469,5.0,1,8,4,18234,15953.75,9775.3017578125,0,11394.974609375,9157.1591796875,8.0,0,0,1,0,0,0,0,1,0,0
18235-80-11-1,1,1,47.0,1,0.0,1,1,0,1113.884765625,10.0,1,8,2,18235,35937.52734375,18048.75390625,1,32192.6796875,17200.5,8.0,0,0,1,0,0,0,0,1,0,1
18236-107-11-1,1,2,41.0,1,1.0,1,0,0,369.471740722656,6.0,1,8,4,18236,31719.0,22585.943359375,0,21287.25,24347.78125,11.0,0,0,0,0,0,1,0,1,0,0
18237-34-11-1,1,1,57.0,1,1.0,1,1,0,776.911682128906,6.0,1,8,4,18237,18824.29296875,14056.115234375,0,18197.607421875,13387.0283203125,9.0,0,0,0,1,0,0,0,1,0,0
18238-6-11-1,1,1,42.0,1,1.0,0,0,0,1180.98107910156,6.0,1,8,4,18238,11730.583984375,9595.86328125,0,11353.6689453125,7351.80810546875,7.0,0,1,0,0,0,0,0,1,0,0
18238-15-11-1,1,2,45.0,1,1.0,1,1,0,1180.98107910156,6.0,1,8,3,18238,8530.333984375,6705.373697916667,1,19599.666666666668,12863.317708333334,,0,0,0,0,0,0,0,0,0,1
18238-33-11-1,1,2,55.0,1,1.0,0,0,0,1180.98107910156,3.0,1,8,2,18238,12035.6005859375,9586.17578125,0,21213.203125,11515.1884765625,7.0,0,1,0,0,0,0,0,1,0,0
18238-42-11-1,1,1,54.0,1,1.0,0,0,0,1180.98107910156,6.0,1,8,4,18238,9616.43359375,7097.9169921875,0,16629.244140625,10344.7978515625,8.0,0,0,1,0,0,0,0,1,0,0
18240-29-11-1,1,1,54.0,1,0.0,0,0,0,704.281799316406,6.0,1,8,4,18240,13454.5,7717.2607421875,0,10177.39453125,9781.294921875,8.0,0,0,1,0,0,0,0,1,0,0
18240-92-11-1,1,1,28.0,1,0.0,1,1,0,704.281799316406,6.0,1,8,3,18240,139850.89583333334,11633.9609375,0,6560.2859375,5237.20390625,9.0,0,0,0,1,0,0,0,1,0,0
18241-16-11-1,1,2,27.0,1,1.0,0,0,0,806.669494628906,6.0,1,8,3,18241,7332.6484375,12710.3984375,0,11174.56640625,13135.994791666666,12.0,0,0,0,0,0,0,1,1,0,0
18241-34-11-1,1,2,55.0,1,1.0,0,0,0,806.669494628906,3.0,1,8,3,18241,18779.666666666668,11554.28515625,0,15800.333333333334,12082.953125,8.0,0,0,1,0,0,0,0,1,0,0
18241-90-11-1,1,1,53.0,1,0.0,0,0,0,806.669494628906,5.0,1,8,3,18241,18919.82421875,9676.936197916666,0,14452.260416666666,8474.078776041666,11.0,0,0,0,0,0,1,0,1,0,0
18245-100-11-1,1,1,71.0,1,0.0,0,0,0,1722.59936523438,6.0,1,8,4,18245,24277.892578125,10765.224609375,1,11315.154947916666,10550.843098958334,,0,0,0,0,0,0,0,0,0,1
18248-81-11-1,1,1,56.0,1,1.0,1,1,0,837.39892578125,6.0,1,8,4,18248,11009.5791015625,14366.767578125,0,15699.5,12133.673828125,12.0,0,0,0,0,0,0,1,1,0,0
18253-30-11-1,1,2,44.0,1,1.0,0,0,0,1068.19885253906,4.0,1,8,3,18253,5469.565755208333,7255.076822916667,0,20658.33333333333,20912.47395833333,8.0,0,0,1,0,0,0,0,1,0,0
18253-83-11-1,1,1,44.0,1,1.0,1,1,0,1068.19885253906,5.0,1,8,4,18253,14859.056640625,12253.517578125,0,13519.109375,11386.4619140625,8.0,0,0,1,0,0,0,0,1,0,0
18257-103-11-1,1,1,41.0,1,1.0,1,1,0,1751.19812011719,6.0,1,8,4,18257,13394.19921875,10105.9326171875,0,22249.662109375,8422.5546875,8.0,0,0,1,0,0,0,0,1,0,0
18260-8-11-1,1,1,40.0,1,1.0,1,0,0,1099.81896972656,3.0,1,8,1,18260,69611.53125,47966.0390625,1,29662.021484375,23924.0078125,,0,0,0,0,0,0,0,0,0,1
18260-28-11-1,1,2,45.0,1,1.0,1,1,0,1099.81896972656,8.0,1,8,4,18260,12878.3671875,9045.7138671875,0,14404.8447265625,10094.40625,9.0,0,0,0,1,0,0,0,1,0,0
18263-128-11-1,1,2,45.0,1,1.0,1,1,0,1099.81896972656,5.0,1,8,3,18263,5058.362630208333,16454.852864583332,0,22731.55078125,21735.51171875,8.0,0,0,1,0,0,0,0,1,0,0
18263-129-11-1,1,1,58.0,1,1.0,1,0,0,1099.81896972656,5.0,1,8,1,18263,8706.34375,19404.12890625,0,11724.0,19423.19140625,8.0,0,0,1,0,0,0,0,1,0,0
18264-117-11-1,1,2,42.0,1,1.0,1,1,0,1351.29748535156,10.0,1,8,3,18264,55039.140625,33827.7265625,0,32789.3125,16806.39453125,8.0,0,0,1,0,0,0,0,1,0,0
18267-119-11-1,1,1,81.0,1,1.0,1,0,0,325.464172363281,5.0,1,8,2,18267,26235.166015625,28855.15234375,0,29521.47265625,32757.373046875,7.0,0,1,0,0,0,0,0,1,0,0
18273-87-11-1,1,2,51.0,1,1.0,1,0,0,517.357238769531,5.0,1,8,3,18273,5489.048828125,5687.40234375,0,3414.545166015625,9218.1640625,9.0,0,0,0,1,0,0,0,1,0,0
18273-159-11-1,1,2,38.0,1,0.0,1,1,0,517.357238769531,5.0,1,8,4,18273,4117.125,5871.900390625,0,7189.5,6601.85546875,9.0,0,0,0,1,0,0,0,1,0,0
18273-205-11-1,1,2,57.0,1,1.0,0,0,0,517.357238769531,7.0,1,8,2,18273,5574.47998046875,2707.58056640625,0,8177.365234375,6985.04296875,8.0,0,0,1,0,0,0,0,1,0,0
18276-167-11-1,1,1,32.0,1,0.0,1,0,0,582.683776855469,8.0,1,8,2,18276,15139.0,10808.6923828125,0,35243.5,11137.91796875,9.0,0,0,0,1,0,0,0,1,0,0
18284-98-11-1,1,2,71.0,1,1.0,0,0,0,837.39892578125,1.0,1,8,2,18284,12320.3212890625,13484.625,0,9513.90625,11934.578125,12.0,0,0,0,0,0,0,1,1,0,0
18287-6-11-1,1,1,48.0,1,0.0,1,0,0,837.39892578125,8.0,1,8,5,18287,6675.1140625,9026.87109375,0,3916.204296875,5744.5828125,9.0,0,0,0,1,0,0,0,1,0,0
18287-107-11-1,1,2,55.0,1,0.0,1,0,0,837.39892578125,6.0,1,8,5,18287,10169.9265625,6277.844921875,0,15075.5,16372.141927083334,9.0,0,0,0,1,0,0,0,1,0,0
18289-7-11-1,1,1,52.0,1,0.0,0,0,0,1722.59936523438,6.0,1,8,6,18289,8060.833333333333,8787.723307291666,0,9072.616536458334,5169.915690104167,10.0,0,0,0,0,1,0,0,1,0,0
18289-63-11-1,1,2,73.0,1,1.0,0,0,0,1722.59936523438,6.0,1,8,8,18289,12977.4873046875,7513.45263671875,1,25153.89453125,6557.48193359375,7.0,0,1,0,0,0,0,0,1,0,1
18293-31-11-1,1,1,45.0,1,0.0,0,0,0,1751.19812011719,5.0,1,8,5,18293,8707.29140625,6877.346875,0,8794.5140625,4079.08828125,8.0,0,0,1,0,0,0,0,1,0,0
18293-104-11-1,1,1,61.0,1,1.0,0,0,0,1751.19812011719,6.0,1,8,3,18293,9238.0703125,7432.671223958333,0,18148.20703125,10085.712239583334,8.0,0,0,1,0,0,0,0,1,0,0
18296-162-11-1,1,1,56.0,1,0.0,0,0,0,806.669494628906,10.0,1,8,4,18296,18611.90234375,19435.24609375,1,26108.982421875,21654.513671875,8.0,0,0,1,0,0,0,0,1,0,1
18298-63-11-1,1,1,44.0,1,0.0,1,0,0,1751.19812011719,6.0,1,8,5,18298,11076.209375,11100.99140625,1,17744.3484375,10014.0,7.0,0,1,0,0,0,0,0,1,0,1
18299-23-11-1,1,1,35.0,1,0.0,1,0,0,1099.81896972656,6.0,1,8,2,18299,11160.421875,12015.525390625,0,11680.0,11638.7626953125,11.0,0,0,0,0,0,1,0,1,0,0
18302-107-11-1,1,1,52.0,1,0.0,1,0,0,1068.19885253906,8.0,1,8,3,18302,6440.115234375,6007.358723958333,1,15633.223958333334,9543.147135416666,7.0,0,1,0,0,0,0,0,1,0,1
18307-56-11-1,1,1,34.0,1,1.0,0,0,0,1180.98107910156,6.0,1,8,2,18307,12530.9951171875,9795.005859375,0,8196.989583333334,6569.815104166667,12.0,0,0,0,0,0,0,1,1,0,0
18313-39-11-1,1,1,48.0,1,0.0,1,0,0,517.357238769531,10.0,1,8,4,18313,26340.681640625,12137.3974609375,1,16154.3017578125,11539.1787109375,8.0,0,0,1,0,0,0,0,1,0,1
18316-30-11-1,1,1,56.0,1,0.0,1,0,0,519.626647949219,10.0,1,8,1,18316,78447.1953125,42992.765625,0,100324.7734375,56347.2109375,8.0,0,0,1,0,0,0,0,1,0,0
18323-21-11-1,1,2,64.0,1,1.0,1,1,0,626.489501953125,6.0,1,8,4,18323,17615.646484375,10539.9677734375,0,19233.0,6369.439453125,8.0,0,0,1,0,0,0,0,1,0,0
18323-61-11-1,1,1,32.0,1,1.0,0,0,0,626.489501953125,6.0,1,8,4,18323,6786.69091796875,7391.431640625,0,3323.940673828125,6161.7998046875,9.0,0,0,0,1,0,0,0,1,0,0
18324-44-11-1,1,1,44.0,1,0.0,0,0,0,605.002136230469,6.0,1,8,4,18324,7586.7001953125,8880.94921875,0,9070.71875,10174.2080078125,9.0,0,0,0,1,0,0,0,1,0,0
18329-49-11-1,1,2,43.0,1,1.0,1,0,0,1291.94946289063,6.0,1,8,5,18329,6852.440625,6349.45859375,0,7838.032552083333,4920.649739583333,12.0,0,0,0,0,0,0,1,1,0,0
18329-114-11-1,1,1,69.0,1,1.0,0,0,0,1291.94946289063,5.0,1,8,2,18329,20468.3125,10466.75390625,1,12224.0,22224.060546875,7.0,0,1,0,0,0,0,0,1,0,1
18330-85-11-1,1,2,68.0,1,1.0,1,1,0,1313.39855957031,6.0,1,8,3,18330,20683.1484375,16342.015625,0,18904.16796875,13642.841145833334,12.0,0,0,0,0,0,0,1,1,0,0
18333-8-11-1,1,1,43.0,1,0.0,1,1,0,1068.19885253906,8.0,1,8,1,18333,26912.0,35902.46484375,0,21768.0,19555.708984375,9.0,0,0,0,1,0,0,0,1,0,0
18336-22-11-1,1,1,58.0,1,1.0,1,1,0,1099.81896972656,6.0,1,8,4,18336,6916.14990234375,6768.390625,0,10849.9873046875,10447.1279296875,11.0,0,0,0,0,0,1,0,1,0,0
18336-87-11-1,1,1,45.0,1,1.0,0,1,0,1099.81896972656,5.0,1,8,5,18336,5311.189453125,4255.945703125,0,16640.146484375,10441.7041015625,8.0,0,0,1,0,0,0,0,1,0,0
18336-104-11-1,1,1,31.0,1,1.0,1,1,0,1099.81896972656,9.0,1,8,2,18336,29996.640625,22836.060546875,0,8228.66484375,20783.54375,8.0,0,0,1,0,0,0,0,1,0,0
18339-25-11-1,1,1,43.0,1,0.0,0,0,0,1180.98107910156,7.0,1,8,5,18339,13129.59375,11062.3828125,0,7082.897786458333,6418.569661458333,8.0,0,0,1,0,0,0,0,1,0,0
18339-34-11-1,1,1,65.0,1,0.0,1,0,0,1180.98107910156,6.0,1,8,4,18339,10947.8330078125,7584.99267578125,0,18733.791015625,10212.16796875,10.0,0,0,0,0,1,0,0,1,0,0
18339-66-11-1,1,1,54.0,1,1.0,1,0,0,1180.98107910156,6.0,1,8,3,18339,13402.373697916666,10855.516276041666,0,29756.84895833333,24343.03125,8.0,0,0,1,0,0,0,0,1,0,0
18340-94-11-1,1,2,60.0,1,0.0,0,0,0,837.39892578125,4.0,1,8,9,18340,10122.000868055557,8559.199652777777,0,14581.114955357143,12047.002232142857,,0,0,0,0,0,0,0,0,0,0
18347-13-11-1,1,2,61.0,1,1.0,1,0,0,1722.59936523438,6.0,1,8,4,18347,7081.16015625,5119.89501953125,0,6779.25,6798.27783203125,10.0,0,0,0,0,1,0,0,1,0,0
18347-48-11-1,1,2,41.0,1,1.0,0,0,0,1722.59936523438,5.0,1,8,6,18347,1014.0586751302084,3757.7994791666665,0,9407.33671875,8007.98984375,10.0,0,0,0,0,1,0,0,1,0,0
18354-42-11-1,1,1,31.0,1,0.0,0,0,0,1068.19885253906,6.0,1,8,3,18354,14263.93359375,8844.679036458334,0,4305.333333333333,11521.102864583334,8.0,0,0,1,0,0,0,0,1,0,0
18354-59-11-1,1,2,70.0,1,1.0,0,0,0,1068.19885253906,4.0,1,8,2,18354,2668.277587890625,3798.0927734375,0,10052.310546875,10135.708984375,8.0,0,0,1,0,0,0,0,1,0,0
18354-75-11-1,1,1,35.0,1,0.0,1,1,0,1068.19885253906,8.0,1,8,4,18354,13260.6416015625,16599.69921875,0,8967.837890625,20577.904296875,8.0,0,0,1,0,0,0,0,1,0,0
18354-139-11-1,1,2,52.0,1,0.0,0,0,0,1068.19885253906,6.0,1,8,3,18354,17999.151041666668,13452.81640625,0,23339.9765625,13737.08203125,8.0,0,0,1,0,0,0,0,1,0,0
18355-26-11-1,1,2,44.0,1,1.0,1,1,0,1180.98107910156,5.0,1,8,3,18355,3605.2272135416665,7181.283854166667,0,8480.62265625,4860.293359375,10.0,0,0,0,0,1,0,0,1,0,0
18355-37-11-1,1,1,44.0,1,1.0,0,0,0,1180.98107910156,5.0,1,8,4,18355,9451.2216796875,9606.3544921875,0,9594.6943359375,11428.501953125,8.0,0,0,1,0,0,0,0,1,0,0
18357-50-11-1,1,2,37.0,1,1.0,1,1,0,1099.81896972656,5.0,1,8,5,18357,16016.7125,5918.427734375,1,16100.8375,8131.13046875,,0,0,0,0,0,0,0,0,0,1
18429-49-11-1,1,1,37.0,1,1.0,1,1,0,273.552429199219,7.0,2,2,6,18429,4564.636393229167,3483.1158854166665,1,7889.068359375,3929.394205729168,9.0,0,0,0,1,0,0,0,1,0,1
18429-97-11-1,1,1,44.0,1,1.0,0,0,0,273.552429199219,4.0,2,2,5,18429,5321.826171875,3803.328125,0,7383.875,4792.4078125,9.0,0,0,0,1,0,0,0,1,0,0
18429-112-11-1,1,2,41.0,1,0.0,1,1,0,273.552429199219,7.0,2,2,5,18429,9121.83515625,8927.6453125,1,9662.184375,6695.475,9.0,0,0,0,1,0,0,0,1,0,1
18429-125-11-1,1,1,55.0,1,1.0,0,0,0,273.552429199219,9.0,2,2,8,18429,10661.9228515625,7394.40283203125,0,15299.58984375,8631.520833333334,9.0,0,0,0,1,0,0,0,1,0,0
18434-8-11-1,1,2,56.0,1,1.0,0,0,0,242.733139038086,4.0,3,2,5,18434,11245.6484375,7850.5640625,0,25158.0,17183.0234375,10.0,0,0,0,0,1,0,0,1,0,0
18434-56-11-1,1,2,40.0,1,1.0,1,0,0,242.733139038086,8.0,3,2,3,18434,6716.166666666667,8166.388020833333,0,11911.267578125,14975.291015625,10.0,0,0,0,0,1,0,0,1,0,0
18434-72-11-1,1,1,72.0,1,0.0,0,0,0,242.733139038086,4.0,3,2,3,18434,13566.602864583334,11343.907552083334,0,3982.9306640625,5777.37890625,10.0,0,0,0,0,1,0,0,1,0,0
18434-91-11-1,1,2,59.0,1,1.0,0,0,0,242.733139038086,6.0,3,2,1,18434,12481.640625,13285.822265625,0,4748.041015625,10571.962890625,10.0,0,0,0,0,1,0,0,1,0,0
18434-107-11-1,1,2,51.0,1,1.0,1,0,0,242.733139038086,5.0,3,2,6,18434,8020.614583333333,6547.06640625,1,7995.1265625,7068.025,8.0,0,0,1,0,0,0,0,1,0,1
18441-135-11-1,1,2,65.0,1,1.0,0,0,0,273.552429199219,3.0,2,2,1,18441,11665.5576171875,14169.7158203125,0,11766.658203125,13927.9794921875,12.0,0,0,0,0,0,0,1,1,0,0
18456-40-11-1,1,1,76.0,1,1.0,0,0,0,64.7667083740234,4.0,2,2,2,18456,18677.537109375,21887.095703125,0,16108.568359375,12588.34765625,8.0,0,0,1,0,0,0,0,1,0,0
18456-78-11-1,1,1,66.0,1,0.0,1,1,0,64.7667083740234,10.0,2,2,2,18456,51918.53125,20327.818359375,0,60196.36328125,23993.9375,12.0,0,0,0,0,0,0,1,1,0,0
18456-100-11-1,1,2,24.0,1,0.0,1,1,0,64.7667083740234,10.0,2,2,2,18456,41873.203125,27386.61328125,1,29868.564453125,22847.5625,7.0,0,1,0,0,0,0,0,1,0,1
18457-17-11-1,1,2,44.0,1,0.0,1,1,0,239.802093505859,10.0,3,2,3,18457,7484.892578125,11725.540364583334,0,18573.09765625,15943.763020833334,10.0,0,0,0,0,1,0,0,1,0,0
18458-23-11-1,1,2,54.0,1,0.0,1,1,0,77.4939498901367,10.0,2,2,2,18458,37389.2421875,27014.181640625,0,37525.578125,25160.13671875,7.0,0,1,0,0,0,0,0,1,0,0
18459-114-11-1,1,2,70.0,1,1.0,0,0,0,230.29443359375,6.0,5,2,2,18459,13498.5966796875,14223.693359375,1,12522.658203125,13519.6357421875,11.0,0,0,0,0,0,1,0,1,1,1
18462-114-11-1,1,1,79.0,1,1.0,0,0,0,273.552429199219,3.0,3,2,1,18462,16486.869140625,24610.951171875,0,8258.955078125,17196.6015625,7.0,0,1,0,0,0,0,0,1,0,0
18466-41-11-1,1,2,61.0,1,1.0,1,0,0,279.083740234375,5.0,5,2,2,18466,11619.5849609375,7296.63134765625,0,12668.296875,10579.5712890625,10.0,0,0,0,0,1,0,0,1,0,0
18467-85-11-1,1,1,44.0,1,0.0,0,0,0,258.527801513672,6.0,2,2,3,18467,5302.492513020833,4167.5673828125,0,4893.119466145833,4745.643229166667,8.0,0,0,1,0,0,0,0,1,0,0
18468-37-11-1,1,2,59.0,1,1.0,0,0,0,242.733139038086,5.0,2,2,2,18468,18431.51171875,21847.841796875,0,17860.7578125,16341.434375,8.0,0,0,1,0,0,0,0,1,0,0
18470-95-11-1,1,1,68.0,1,1.0,1,1,0,81.5782165527344,10.0,2,2,2,18470,15471.3134765625,15366.8828125,0,18560.041015625,18644.341796875,7.0,0,1,0,0,0,0,0,1,0,0
18476-88-11-1,1,1,57.0,1,0.0,1,0,0,273.552429199219,3.0,5,2,3,18476,10026.946614583334,7974.618489583333,0,9439.961588541666,4944.811197916667,7.0,0,1,0,0,0,0,0,1,0,0
18477-20-11-1,1,2,55.0,1,1.0,0,0,0,279.083740234375,6.0,2,2,6,18477,9298.538411458334,6983.1796875,0,16608.65234375,8292.3046875,8.0,0,0,1,0,0,0,0,1,0,0
18477-139-11-1,1,2,47.0,1,1.0,1,0,0,279.083740234375,3.0,2,2,4,18477,17941.58984375,5934.3720703125,0,10390.95703125,7450.31689453125,8.0,0,0,1,0,0,0,0,1,0,0
18478-4-11-1,1,2,44.0,1,1.0,0,0,0,273.552429199219,3.0,3,2,3,18478,4020.2454427083335,2577.8409830729165,0,7164.477213541667,3796.114908854168,8.0,0,0,1,0,0,0,0,1,0,0
18478-41-11-1,1,1,66.0,1,1.0,0,0,0,273.552429199219,4.0,3,2,3,18478,11487.576822916666,5785.69921875,0,12288.782552083334,8227.748697916666,9.0,0,0,0,1,0,0,0,1,0,0
18485-13-11-1,1,1,54.0,1,0.0,0,0,0,273.552429199219,5.0,4,2,4,18485,7352.00341796875,7303.73828125,0,8471.4462890625,7405.84765625,9.0,0,0,0,1,0,0,0,1,0,0
18485-18-11-1,1,1,42.0,1,1.0,1,0,0,273.552429199219,5.0,4,2,8,18485,5920.97705078125,3081.50732421875,0,5869.66650390625,3342.1298828125,9.0,0,0,0,1,0,0,0,1,0,0
18485-26-11-1,1,1,38.0,1,0.0,0,0,0,273.552429199219,6.0,4,2,4,18485,12925.25,6323.80224609375,0,12785.75,7122.8662109375,9.0,0,0,0,1,0,0,0,1,0,0
18486-37-11-1,1,2,60.0,1,0.0,0,0,0,242.733139038086,3.0,2,2,9,18486,25460.055555555555,13971.512152777776,0,15654.380859375,8337.18359375,8.0,0,0,1,0,0,0,0,1,0,0
18487-52-11-1,1,1,53.0,1,0.0,1,0,0,230.29443359375,5.0,3,2,4,18487,11475.771484375,14693.1337890625,1,14446.541015625,7024.58544921875,8.0,0,0,1,0,0,0,0,1,0,1
18487-108-11-1,1,1,65.0,1,1.0,0,0,0,230.29443359375,4.0,3,2,3,18487,4967.333333333333,5117.997395833333,1,6297.704427083333,11623.515625,10.0,0,0,0,0,1,0,0,1,0,1
18487-126-11-1,1,2,58.0,1,1.0,0,0,0,230.29443359375,6.0,3,2,3,18487,4696.472981770833,7063.486328125,0,14506.302734375,14165.064453125,10.0,0,0,0,0,1,0,0,1,0,0
18492-23-11-1,1,2,59.0,1,0.0,1,1,0,229.341110229492,10.0,2,2,1,18492,77842.0,55778.0625,1,136789.609375,79748.1328125,,0,0,0,0,0,0,0,0,0,1
18492-42-11-1,1,1,75.0,1,1.0,0,0,0,229.341110229492,4.0,2,2,5,18492,5330.0,6301.18359375,0,4536.806640625,5611.485546875,11.0,0,0,0,0,0,1,0,1,0,0
18492-62-11-1,1,1,50.0,1,0.0,1,1,0,229.341110229492,8.0,2,2,4,18492,12515.5185546875,8372.4169921875,0,28543.076171875,16569.08203125,10.0,0,0,0,0,1,0,0,1,0,0
18492-121-11-1,1,2,78.0,1,1.0,0,0,0,229.341110229492,10.0,2,2,6,18492,6953.024088541667,7787.287109375,0,15586.716145833334,10460.046875,10.0,0,0,0,0,1,0,0,1,0,0
18494-29-11-1,1,1,47.0,1,0.0,1,1,0,258.527801513672,9.0,2,2,4,18494,15747.25,10727.130859375,0,24974.244791666668,16480.178385416668,7.0,0,1,0,0,0,0,0,1,0,0
18497-44-11-1,1,1,53.0,1,0.0,0,0,0,242.733139038086,5.0,2,2,5,18497,20894.5078125,14568.625,0,19535.1390625,16791.159375,7.0,0,1,0,0,0,0,0,1,0,0
18498-77-11-1,1,1,62.0,1,0.0,0,0,0,258.527801513672,6.0,3,2,7,18498,8901.64732142857,6444.974330357143,0,7840.068080357143,3869.834821428572,8.0,0,0,1,0,0,0,0,1,0,0
18498-163-11-1,1,2,64.0,1,1.0,1,0,0,258.527801513672,1.0,3,2,5,18498,6568.459375,6025.503125,0,9279.15859375,5820.306640625,10.0,0,0,0,0,1,0,0,1,0,0
18499-112-11-1,1,1,58.0,1,1.0,1,1,0,279.083740234375,6.0,5,2,1,18499,15519.4990234375,12295.2255859375,1,16333.4306640625,12334.5576171875,7.0,0,1,0,0,0,0,0,1,0,1
18501-16-11-1,1,1,35.0,1,0.0,0,0,0,279.083740234375,3.0,4,2,4,18501,10682.1044921875,12385.66015625,0,10988.7392578125,11794.345703125,7.0,0,1,0,0,0,0,0,1,0,0
18501-31-11-1,1,2,31.0,1,1.0,1,1,0,279.083740234375,6.0,4,2,3,18501,5920.322916666667,7591.374348958333,1,7617.985026041667,9185.007161458334,7.0,0,1,0,0,0,0,0,1,0,1
18501-59-11-1,1,2,30.0,1,1.0,0,0,0,279.083740234375,1.0,4,2,4,18501,6338.322265625,14395.6240234375,0,14153.243489583334,12019.401041666666,12.0,0,0,0,0,0,0,1,1,0,0
18502-49-11-1,1,1,56.0,1,0.0,0,0,0,251.759353637695,3.0,5,2,5,18502,14236.890625,9138.0109375,0,10533.721875,9344.92109375,10.0,0,0,0,0,1,0,0,1,0,0
18517-18-11-1,1,1,44.0,1,1.0,0,0,0,111.045082092285,5.0,7,2,5,18517,7261.478125,8020.1671875,0,12252.14375,6334.000390625,7.0,0,1,0,0,0,0,0,1,0,0
18519-1-11-1,1,1,71.0,1,1.0,0,0,0,96.3474807739258,6.0,8,2,4,18519,12093.6728515625,14328.115234375,0,8095.86083984375,11493.0,7.0,0,1,0,0,0,0,0,1,0,0
18519-16-11-1,1,2,39.0,1,1.0,1,1,0,96.3474807739258,5.0,8,2,4,18519,5670.60546875,8351.6259765625,0,16247.75,15827.1923828125,7.0,0,1,0,0,0,0,0,1,0,0
18522-33-11-1,1,1,46.0,1,1.0,1,0,0,100.032318115234,6.0,7,2,3,18522,18279.41927083333,5821.611979166667,1,4083.03076171875,9321.88671875,8.0,0,0,1,0,0,0,0,1,0,1
18522-34-11-1,1,1,48.0,1,1.0,0,0,0,100.032318115234,8.0,7,2,5,18522,16739.3640625,4919.203125,0,3785.80546875,4084.65390625,8.0,0,0,1,0,0,0,0,1,0,0
18522-36-11-1,1,1,90.0,1,1.0,0,0,0,100.032318115234,6.0,7,2,1,18522,3242.43212890625,6812.1337890625,0,3844.84716796875,4921.10791015625,8.0,0,0,1,0,0,0,0,1,0,0
18522-101-11-1,1,1,63.0,1,1.0,1,0,0,100.032318115234,6.0,7,2,1,18522,17796.0,13025.00390625,0,5334.47509765625,6695.875,8.0,0,0,1,0,0,0,0,1,0,0
18522-102-11-1,1,2,28.0,1,1.0,1,0,0,100.032318115234,6.0,7,2,2,18522,6633.5,11505.462890625,0,8510.95703125,9620.3359375,8.0,0,0,1,0,0,0,0,1,0,0
18522-104-11-1,1,2,50.0,1,1.0,0,0,0,100.032318115234,1.0,7,2,3,18522,9029.6484375,5845.049479166667,0,5385.4833984375,4634.588541666667,9.0,0,0,0,1,0,0,0,1,0,0
18523-44-11-1,1,1,64.0,1,1.0,0,0,0,111.045082092285,6.0,8,2,1,18523,18700.22265625,10655.708984375,0,14920.0712890625,13540.2880859375,10.0,0,0,0,0,1,0,0,1,0,0
18526-22-11-1,1,2,40.0,1,1.0,0,0,0,100.032318115234,6.0,6,2,3,18526,9016.495442708334,3922.4026692708335,0,10548.727213541666,9565.849609375,12.0,0,0,0,0,0,0,1,1,0,0
18530-202-11-1,1,1,79.0,1,1.0,0,0,0,110.872856140137,4.0,7,2,1,18530,12123.2197265625,6755.39208984375,0,3766.67700195313,3491.23583984375,12.0,0,0,0,0,0,0,1,1,0,0
18530-203-11-1,1,1,58.0,1,1.0,0,0,0,110.872856140137,1.0,7,2,5,18530,6264.823046875,8380.02265625,0,9156.2216796875,9482.63671875,7.0,0,1,0,0,0,0,0,1,0,0
18530-205-11-1,1,2,55.0,1,1.0,1,1,0,110.872856140137,6.0,7,2,7,18530,4704.358816964285,5708.645089285715,0,10275.66015625,15320.17578125,12.0,0,0,0,0,0,0,1,1,0,0
18549-3-11-1,1,1,63.0,1,1.0,1,0,0,120.713737487793,6.0,6,5,2,18549,18785.08984375,5677.1357421875,0,14016.86328125,12149.51171875,7.0,0,1,0,0,0,0,0,1,0,0
18549-44-11-1,1,1,57.0,1,1.0,0,0,0,120.713737487793,6.0,6,5,4,18549,16783.873046875,7108.8740234375,0,28420.609375,8841.8046875,7.0,0,1,0,0,0,0,0,1,0,0
18555-3-11-1,1,1,43.0,1,0.0,0,0,0,111.873802185059,6.0,6,5,4,18555,8266.4931640625,5518.64892578125,0,12558.2763671875,8264.2373046875,7.0,0,1,0,0,0,0,0,1,0,0
18555-19-11-1,1,2,72.0,1,1.0,0,0,0,111.873802185059,4.0,6,5,2,18555,2582.537109375,2662.02001953125,0,9614.2080078125,4526.85107421875,12.0,0,0,0,0,0,0,1,1,0,0
18555-95-11-1,1,1,33.0,1,1.0,0,0,0,111.873802185059,6.0,6,5,5,18555,8557.73125,3190.7314453125,0,5289.5296875,3047.44453125,10.0,0,0,0,0,1,0,0,1,0,0
18555-105-11-1,1,1,52.0,1,1.0,0,0,0,111.873802185059,5.0,6,5,2,18555,8878.4052734375,7347.0859375,0,5478.72216796875,8572.6591796875,8.0,0,0,1,0,0,0,0,1,0,0
18559-16-11-1,1,2,31.0,1,1.0,1,0,0,120.713737487793,5.0,6,5,3,18559,8869.350260416666,11800.484375,0,5342.194010416667,6542.881510416667,10.0,0,0,0,0,1,0,0,1,0,0
18559-35-11-1,1,2,43.0,1,1.0,1,1,0,120.713737487793,5.0,6,5,5,18559,3437.979296875,2900.46953125,0,1843.3333333333333,2531.650716145833,10.0,0,0,0,0,1,0,0,1,0,0
18559-70-11-1,1,1,58.0,1,1.0,0,0,0,120.713737487793,6.0,6,5,3,18559,10313.326171875,3172.4967447916665,0,5081.511067708333,3759.4205729166665,9.0,0,0,0,1,0,0,0,1,0,0
18559-79-11-1,1,1,70.0,1,1.0,0,0,0,120.713737487793,5.0,6,5,3,18559,9649.416666666666,6995.668619791667,0,2389.0,2735.74853515625,9.0,0,0,0,1,0,0,0,1,0,0
18559-97-11-1,1,1,87.0,1,1.0,0,0,0,120.713737487793,4.0,6,5,2,18559,8199.6806640625,4001.538330078125,0,4729.0556640625,4980.55419921875,8.0,0,0,1,0,0,0,0,1,0,0
18562-7-11-1,1,1,60.0,1,1.0,0,0,0,127.043327331543,6.0,6,5,2,18562,8628.1669921875,11673.0498046875,0,6738.759765625,8287.6279296875,8.0,0,0,1,0,0,0,0,1,0,0
18562-51-11-1,1,1,50.0,1,1.0,0,0,0,127.043327331543,5.0,6,5,4,18562,1093.0582275390625,2403.768798828125,0,4594.2451171875,3428.88720703125,8.0,0,0,1,0,0,0,0,1,0,0
18626-10-11-1,1,1,59.0,1,1.0,0,0,0,2.0168514251709,9.0,2,7,1,18626,63923.97265625,29682.7890625,0,15591.5966796875,16887.99609375,12.0,0,0,0,0,0,0,1,1,1,0
18629-154-11-1,1,2,56.0,1,0.0,0,0,0,216.212554931641,6.0,2,7,3,18629,10508.446614583334,4469.510416666667,0,6452.862630208333,4564.575846354167,10.0,0,0,0,0,1,0,0,1,0,0
18631-5-11-1,1,1,33.0,1,1.0,0,0,0,368.891326904297,5.0,2,7,2,18631,9206.775390625,12125.7060546875,0,8099.421223958333,6973.143880208333,12.0,0,0,0,0,0,0,1,1,0,0
18631-104-11-1,1,2,58.0,1,1.0,0,0,0,368.891326904297,6.0,2,7,4,18631,4323.376953125,6707.71142578125,0,4159.479817708333,3995.3541666666665,12.0,0,0,0,0,0,0,1,1,0,0
18634-154-11-1,1,2,37.0,1,1.0,1,1,0,248.533477783203,8.0,2,7,6,18634,30256.41145833333,20807.10286458333,0,32839.634375,8706.02890625,11.0,0,0,0,0,0,1,0,1,0,0
18637-100-11-1,1,2,51.0,1,0.0,1,1,0,252.348052978516,11.0,2,7,4,18637,17848.841796875,18699.76953125,0,23928.80078125,21347.384765625,8.0,0,0,1,0,0,0,0,1,0,0
18640-59-11-1,1,1,68.0,1,1.0,0,0,0,319.969940185547,6.0,2,7,4,18640,2038.1168212890625,3339.48046875,0,3038.1048828125,2602.7216796875,12.0,0,0,0,0,0,0,1,1,0,0
18641-19-11-1,1,2,62.0,1,0.0,1,1,0,2.0168514251709,9.0,2,7,3,18641,47948.515625,23483.3828125,1,53896.0,37937.828125,,0,0,0,0,0,0,0,0,0,1
18642-50-11-1,1,1,44.0,1,0.0,0,0,0,1.84358322620392,8.0,2,7,7,18642,8230.21205357143,4710.887276785715,0,18311.37388392857,7250.820870535715,11.0,0,0,0,0,0,1,0,1,0,0
18644-20-11-1,1,1,51.0,1,1.0,1,0,0,1.47723639011383,5.0,2,7,4,18644,8786.25,4449.5791015625,0,5311.92822265625,9021.2236328125,11.0,0,0,0,0,0,1,0,1,0,0
18649-28-11-1,1,2,54.0,1,0.0,1,0,0,1.84358322620392,8.0,2,7,2,18649,52644.3984375,33619.08203125,1,28830.462890625,26769.55859375,,0,0,0,0,0,0,0,0,0,1
18651-7-11-1,1,2,54.0,1,0.0,1,1,0,2.0168514251709,6.0,2,7,6,18651,12310.252604166666,9505.550130208334,0,20791.3703125,10539.2765625,11.0,0,0,0,0,0,1,0,1,0,0
18651-87-12-1,1,2,31.0,1,1.0,1,1,0,2.0168514251709,4.0,2,7,5,18651,3425.65703125,4760.498046875,0,6871.625651041667,3892.028971354168,11.0,0,0,0,0,0,1,0,1,1,0
18653-122-11-1,1,1,43.0,1,0.0,0,0,0,310.821502685547,4.0,2,7,5,18653,5343.423828125,5609.407421875,0,7052.56640625,4287.04375,12.0,0,0,0,0,0,0,1,1,0,0
18653-147-12-1,1,1,66.0,1,1.0,0,0,0,310.821502685547,6.0,2,7,2,18653,17386.390625,10356.90234375,0,11723.35546875,13666.1318359375,11.0,0,0,0,0,0,1,0,1,0,0
18653-147-22-1,1,1,41.0,1,0.0,1,1,0,310.821502685547,8.0,2,7,5,18653,13238.146875,9788.271875,0,8488.9953125,3774.032421875,9.0,0,0,0,1,0,0,0,1,0,0
18654-14-11-1,1,2,47.0,1,1.0,0,0,0,288.283416748047,5.0,2,7,4,18654,14751.5107421875,13738.4033203125,0,9933.390625,4706.903515625,12.0,0,0,0,0,0,0,1,1,0,0
18654-31-11-1,1,1,69.0,1,1.0,0,0,0,288.283416748047,6.0,2,7,1,18654,17261.5703125,14798.1337890625,0,10277.0,8587.1787109375,10.0,0,0,0,0,1,0,0,1,0,0
18654-97-11-1,1,1,54.0,1,1.0,0,0,0,288.283416748047,6.0,2,7,4,18654,4711.017578125,6233.64404296875,0,6794.6435546875,8254.16796875,,0,0,0,0,0,0,0,0,0,0
18654-114-11-1,1,2,31.0,1,1.0,0,0,0,288.283416748047,5.0,2,7,3,18654,5326.7080078125,5514.071614583333,0,4045.7760416666665,4347.7470703125,12.0,0,0,0,0,0,0,1,1,0,0
18655-57-11-1,1,2,36.0,1,1.0,1,0,0,336.464050292969,6.0,2,7,4,18655,2992.6162109375,3947.507568359375,0,6744.56396484375,8214.0029296875,11.0,0,0,0,0,0,1,0,1,1,0
18686-6-11-1,1,1,40.0,1,1.0,0,0,0,319.969940185547,6.0,4,7,5,18686,6777.51015625,5969.325390625,0,4155.95703125,4683.7109375,10.0,0,0,0,0,1,0,0,1,0,0
18686-25-11-1,1,1,60.0,1,0.0,0,0,0,319.969940185547,10.0,4,7,3,18686,7328.274739583333,4227.763997395833,1,7694.70654296875,6274.98046875,11.0,0,0,0,0,0,1,0,1,1,1
18686-45-11-1,1,2,45.0,1,1.0,0,0,0,319.969940185547,6.0,4,7,5,18686,7360.40078125,5432.2984375,0,7893.25439453125,14666.9970703125,10.0,0,0,0,0,1,0,0,1,0,0
18686-83-11-1,1,1,48.0,1,1.0,0,0,0,319.969940185547,5.0,4,7,6,18686,2997.697591145833,3091.2262369791665,0,2390.368359375,2542.766015625,11.0,0,0,0,0,0,1,0,1,1,0
18694-18-11-1,1,2,44.0,1,0.0,0,0,0,288.283416748047,8.0,5,7,5,18694,9072.2,5433.1140625,0,16707.1671875,11332.76328125,7.0,0,1,0,0,0,0,0,1,0,0
18695-91-11-1,1,1,58.0,1,0.0,1,0,0,2.58999967575073,8.0,3,7,3,18695,8168.744140625,7101.272786458333,0,7335.565104166667,4566.159505208333,10.0,0,0,0,0,1,0,0,1,0,0
18697-50-11-1,1,1,44.0,1,1.0,0,0,0,310.821502685547,5.0,4,7,7,18697,4473.685267857143,5515.272879464285,0,890.8030395507812,2202.740478515625,10.0,0,0,0,0,1,0,0,1,0,0
18697-67-11-1,1,1,39.0,1,1.0,0,0,0,310.821502685547,6.0,4,7,6,18697,3577.34375,2686.81396484375,0,2923.8984375,4044.3753255208335,10.0,0,0,0,0,1,0,0,1,0,0
18697-85-11-1,1,1,90.0,1,1.0,0,0,0,310.821502685547,4.0,4,7,2,18697,4079.025146484375,4272.5068359375,0,4733.90380859375,4241.49462890625,12.0,0,0,0,0,0,0,1,1,0,0
18700-9-11-1,1,2,22.0,1,0.0,1,1,0,336.464050292969,6.0,5,7,4,18700,10693.2607421875,9888.6220703125,1,11165.290364583334,10173.944661458334,,0,0,0,0,0,0,0,0,0,1
18700-60-11-1,1,1,38.0,1,1.0,0,0,0,336.464050292969,6.0,5,7,4,18700,4606.00927734375,4416.755859375,1,12050.4013671875,4568.52978515625,,0,0,0,0,0,0,0,0,0,1
18701-11-11-1,1,1,70.0,1,0.0,0,0,0,319.969940185547,5.0,3,7,4,18701,19942.060546875,13218.45703125,0,21105.97395833333,10331.877604166666,12.0,0,0,0,0,0,0,1,1,0,0
18701-101-11-1,1,1,52.0,1,1.0,0,0,0,319.969940185547,5.0,3,7,6,18701,9518.665364583334,5297.114583333333,0,7134.373697916667,5606.199869791667,12.0,0,0,0,0,0,0,1,1,0,0
18701-114-11-1,1,1,52.0,1,1.0,0,0,0,319.969940185547,3.0,3,7,10,18701,3985.865625,3026.1583984375,0,4867.40234375,4071.412997159091,12.0,0,0,0,0,0,0,1,1,0,0
18701-128-11-1,1,1,41.0,1,1.0,0,0,0,319.969940185547,4.0,3,7,6,18701,5654.966796875,3780.5247395833335,0,8416.07109375,7268.984375,12.0,0,0,0,0,0,0,1,1,0,0
18710-24-11-1,1,1,30.0,1,1.0,0,0,0,288.283416748047,6.0,3,7,2,18710,16540.97265625,12302.6220703125,0,20611.830078125,18640.580078125,12.0,0,0,0,0,0,0,1,1,0,0
18710-42-11-1,1,1,77.0,1,1.0,0,0,0,288.283416748047,4.0,3,7,2,18710,5576.44873046875,5781.4306640625,0,5742.38330078125,6664.74609375,8.0,0,0,1,0,0,0,0,1,0,0
18712-13-11-1,1,2,57.0,1,0.0,0,0,0,310.821502685547,6.0,5,7,2,18712,5971.6591796875,3999.85986328125,0,5770.466796875,4042.052490234375,12.0,0,0,0,0,0,0,1,1,0,0
18712-31-11-1,1,1,66.0,1,1.0,0,0,0,310.821502685547,4.0,5,7,1,18712,11085.705078125,8516.298828125,0,12583.3623046875,13144.681640625,12.0,0,0,0,0,0,0,1,1,1,0
18712-52-11-1,1,1,40.0,1,0.0,0,0,0,310.821502685547,6.0,5,7,6,18712,10984.533854166666,5596.076822916667,0,9144.72265625,4079.491861979168,12.0,0,0,0,0,0,0,1,1,0,0
18712-62-11-1,1,2,62.0,1,1.0,1,0,0,310.821502685547,4.0,5,7,2,18712,4392.22021484375,3440.198486328125,0,5117.63623046875,6043.90869140625,12.0,0,0,0,0,0,0,1,1,0,0
18737-144-11-1,1,1,55.0,1,0.0,0,0,0,122.162826538086,9.0,7,7,6,18737,3772.4436848958335,5737.488932291667,0,17864.9234375,9363.39609375,11.0,0,0,0,0,0,1,0,1,0,0
18737-307-11-1,1,2,34.0,1,1.0,0,0,0,122.162826538086,5.0,7,7,5,18737,4587.6,5975.74609375,0,7661.428125,5536.02578125,10.0,0,0,0,0,1,0,0,1,0,0
18739-18-11-1,1,1,61.0,1,1.0,0,0,0,138.448913574219,5.0,8,7,3,18739,1682.05712890625,3079.667317708333,0,4058.5807291666665,4345.708658854167,12.0,0,0,0,0,0,0,1,1,0,0
18739-69-11-1,1,1,39.0,1,1.0,0,0,0,138.448913574219,3.0,8,7,5,18739,2554.7623046875,2276.71171875,0,4039.233203125,3994.10703125,7.0,0,1,0,0,0,0,0,1,0,0
18739-71-11-1,1,1,41.0,1,1.0,0,0,0,138.448913574219,5.0,8,7,6,18739,1951.55224609375,2417.0711263020835,0,4380.0869140625,2770.3170572916665,12.0,0,0,0,0,0,0,1,1,0,0
18739-72-11-1,1,1,65.0,1,1.0,0,0,0,138.448913574219,6.0,8,7,1,18739,11044.7666015625,9411.1611328125,0,15999.1025390625,8347.3642578125,10.0,0,0,0,0,1,0,0,1,0,0
18759-160-11-1,1,1,36.0,1,1.0,0,0,0,140.97265625,3.0,7,7,5,18759,10164.76171875,6447.349609375,0,1198.075892857143,1548.849469866071,12.0,0,0,0,0,0,0,1,1,0,0
18761-13-11-1,1,1,46.0,1,1.0,0,0,0,146.038772583008,6.0,7,7,7,18761,1917.577008928572,3180.871930803572,0,4830.4921875,4199.672265625,10.0,0,0,0,0,1,0,0,1,0,0
18761-142-11-1,1,1,47.0,1,1.0,0,0,0,146.038772583008,3.0,7,7,7,18761,4681.831473214285,2644.8518415178573,0,1867.3046875,2092.4499162946427,10.0,0,0,0,0,1,0,0,1,0,0
18763-25-11-1,1,2,75.0,1,1.0,0,0,0,146.038772583008,4.0,8,7,2,18763,5285.19384765625,5674.22509765625,0,3527.4775390625,4224.08935546875,12.0,0,0,0,0,0,0,1,1,0,0
18763-27-11-1,1,1,42.0,1,1.0,0,0,0,146.038772583008,4.0,8,7,4,18763,10620.5380859375,2668.0302734375,0,22716.11328125,7516.27783203125,10.0,0,0,0,0,1,0,0,1,0,0
18763-28-11-1,1,1,58.0,1,1.0,0,0,0,146.038772583008,4.0,8,7,2,18763,20016.71875,5842.3583984375,0,7562.83447265625,6633.5986328125,12.0,0,0,0,0,0,0,1,1,0,0
18763-70-11-1,1,1,37.0,1,1.0,0,0,0,146.038772583008,3.0,8,7,6,18763,559.158243815105,863.60546875,0,1660.68310546875,1455.8990885416667,12.0,0,0,0,0,0,0,1,1,0,0
18763-73-11-1,1,1,40.0,1,1.0,0,0,0,146.038772583008,6.0,8,7,7,18763,2104.1979631696427,1027.04541015625,0,1708.067103794643,2017.4693080357144,10.0,0,0,0,0,1,0,0,1,0,0
18765-8-11-1,1,1,35.0,1,1.0,0,0,0,138.448913574219,6.0,6,7,5,18765,2655.7751953125,2946.6794921875,0,1815.4400390625,3522.289453125,10.0,0,0,0,0,1,0,0,1,0,0
18765-22-11-1,1,1,54.0,1,0.0,0,0,0,138.448913574219,5.0,6,7,7,18765,2892.0147879464284,2413.859933035714,0,10663.647135416666,5629.559895833333,12.0,0,0,0,0,0,0,1,1,1,0
18765-36-11-1,1,1,42.0,1,1.0,0,0,0,138.448913574219,4.0,6,7,9,18765,1841.129774305556,2699.078993055556,0,2721.0138888888887,1659.7850477430557,8.0,0,0,1,0,0,0,0,1,0,0
18765-119-11-1,1,1,53.0,1,1.0,0,0,0,138.448913574219,5.0,6,7,4,18765,2723.6005859375,2608.171630859375,0,1481.1611328125,1592.0416259765625,12.0,0,0,0,0,0,0,1,1,0,0
18767-99-11-1,1,1,53.0,1,1.0,0,0,0,140.97265625,4.0,7,7,3,18767,5651.455078125,4513.200846354167,0,6892.764322916667,6898.258463541667,9.0,0,0,0,1,0,0,0,1,0,0
18767-194-11-1,1,1,61.0,1,1.0,0,0,0,140.97265625,3.0,7,7,1,18767,3563.14282226563,5700.5654296875,0,2451.61499023438,2942.6123046875,10.0,0,0,0,0,1,0,0,1,0,0
18767-195-11-1,1,1,58.0,1,1.0,0,0,0,140.97265625,5.0,7,7,7,18767,7268.65625,5115.453125,0,7593.809151785715,4580.013671875,10.0,0,0,0,0,1,0,0,1,0,0
18769-2-11-1,1,1,70.0,1,1.0,0,0,0,146.038772583008,3.0,8,7,6,18769,1366.7669270833333,1450.4007161458333,0,2799.745703125,2335.3677734375,12.0,0,0,0,0,0,0,1,1,0,0
18769-4-11-1,1,1,34.0,1,1.0,0,0,0,146.038772583008,5.0,8,7,5,18769,1722.798828125,2154.7869140625,0,2542.3197265625,1947.2994140625,9.0,0,0,0,1,0,0,0,1,0,0
18769-106-11-1,1,1,71.0,1,1.0,0,0,0,146.038772583008,4.0,8,7,2,18769,2748.29443359375,1179.061645507815,0,5486.0693359375,2714.91357421875,12.0,0,0,0,0,0,0,1,1,0,0
18772-186-11-1,1,1,45.0,1,1.0,0,0,0,138.448913574219,4.0,7,7,9,18772,2012.116102430556,1292.5077039930557,0,2244.90390625,1613.1908203125,12.0,0,0,0,0,0,0,1,1,0,0
18772-192-11-1,1,1,47.0,1,1.0,0,0,0,138.448913574219,4.0,7,7,3,18772,3615.626953125,3187.16796875,0,4212.131510416667,3765.0859375,12.0,0,0,0,0,0,0,1,1,0,0
18773-77-11-1,1,1,47.0,1,1.0,0,0,0,122.162826538086,1.0,8,7,9,18773,3901.2825520833335,3443.575954861112,0,1870.0397135416667,2191.051215277778,12.0,0,0,0,0,0,0,1,1,0,0
18773-113-11-1,1,1,63.0,1,1.0,0,0,0,122.162826538086,3.0,8,7,3,18773,2657.15087890625,4969.753255208333,0,3860.5576171875,4245.1044921875,12.0,0,0,0,0,0,0,1,1,1,0
18774-17-11-1,1,1,44.0,1,1.0,0,0,0,146.038772583008,4.0,8,7,5,18774,4569.05078125,3797.576171875,0,6237.78359375,4065.6515625,9.0,0,0,0,1,0,0,0,1,0,0
18774-20-11-1,1,1,41.0,1,1.0,0,0,0,146.038772583008,6.0,8,7,7,18774,2402.260323660714,2098.6711774553573,0,2933.046223958333,2794.600911458333,10.0,0,0,0,0,1,0,0,1,0,0
18774-107-11-1,1,1,44.0,1,1.0,0,0,0,146.038772583008,5.0,8,7,7,18774,1276.53515625,1759.583147321429,0,1488.06103515625,2140.020751953125,9.0,0,0,0,1,0,0,0,1,0,0
18774-108-11-1,1,1,56.0,1,1.0,0,0,0,146.038772583008,4.0,8,7,3,18774,2866.184895833333,3916.0989583333335,0,2990.188802083333,4148.09375,8.0,0,0,1,0,0,0,0,1,0,0
18776-25-11-1,1,1,47.0,1,0.0,0,0,0,138.448913574219,6.0,6,7,4,18776,9552.328125,7980.96728515625,0,8292.61328125,7966.1962890625,12.0,0,0,0,0,0,0,1,1,0,0
18776-153-11-1,1,1,28.0,1,0.0,0,0,0,138.448913574219,6.0,6,7,4,18776,2598.90673828125,4847.2294921875,0,3709.985595703125,5707.6494140625,12.0,0,0,0,0,0,0,1,1,0,0
18776-167-11-1,1,1,43.0,1,1.0,0,0,0,138.448913574219,6.0,6,7,4,18776,2610.760009765625,3306.58349609375,0,5295.09765625,4725.01904296875,12.0,0,0,0,0,0,0,1,1,0,0
18807-67-11-1,1,1,23.0,1,0.0,1,1,0,141.611740112305,9.0,3,7,3,18807,13234.858072916666,21017.08333333333,1,16489.1328125,18900.412109375,7.0,0,1,0,0,0,0,0,1,0,1
18807-118-11-1,1,2,40.0,1,1.0,0,0,0,141.611740112305,6.0,3,7,3,18807,14354.794270833334,10372.46484375,1,13176.975260416666,7566.66015625,7.0,0,1,0,0,0,0,0,1,0,1
18816-68-11-1,1,2,50.0,1,1.0,0,0,0,6.33280086517334,6.0,3,7,3,18816,20779.744791666668,18547.66015625,1,13586.05078125,11566.391927083334,7.0,0,1,0,0,0,0,0,1,1,1
18817-105-11-1,1,1,52.0,1,0.0,1,1,0,8.16054725646973,11.0,3,7,1,18817,110522.984375,33177.4375,1,15335.0,14911.9609375,8.0,0,0,1,0,0,0,0,1,0,1
18818-159-11-1,1,1,48.0,1,1.0,1,0,0,6.74129438400269,10.0,3,7,1,18818,64954.05859375,24814.83984375,1,41787.53125,51489.50390625,11.0,0,0,0,0,0,1,0,1,0,1
18819-59-11-1,1,1,42.0,1,0.0,0,0,0,6.84510326385498,6.0,3,7,13,18819,9547.236177884615,3290.823918269231,0,7476.9560546875,9911.90234375,9.0,0,0,0,1,0,0,0,1,0,0
18823-126-11-1,1,1,38.0,1,0.0,1,0,0,134.134735107422,7.0,3,7,5,18823,15880.028125,18562.0109375,0,13377.353125,11722.53828125,8.0,0,0,1,0,0,0,0,1,0,0
18826-139-11-1,1,1,36.0,1,1.0,0,0,0,141.611740112305,6.0,3,7,4,18826,6224.63818359375,3940.870849609375,0,6250.10400390625,3785.66455078125,8.0,0,0,1,0,0,0,0,1,0,0
18829-44-11-1,1,1,41.0,1,0.0,1,1,0,6.33280086517334,8.0,3,7,3,18829,22483.8828125,20112.983072916668,1,34434.138020833336,21741.890625,12.0,0,0,0,0,0,0,1,1,0,1
18829-55-11-1,1,1,26.0,1,0.0,1,1,0,6.33280086517334,6.0,3,7,1,18829,42843.65625,39757.03125,1,28079.0,13635.9765625,,0,0,0,0,0,0,0,0,0,1
18830-36-11-1,1,2,26.0,1,0.0,1,0,0,139.874649047852,10.0,3,7,1,18830,17175.513671875,13147.3173828125,0,17585.0078125,16659.005859375,12.0,0,0,0,0,0,0,1,1,0,0
18831-4-11-1,1,1,40.0,1,1.0,0,0,0,152.892623901367,5.0,3,7,3,18831,15853.604166666666,20579.66536458333,1,8349.91328125,8567.3875,,0,0,0,0,0,0,0,0,0,1
18831-85-11-1,1,1,46.0,1,1.0,0,0,0,152.892623901367,6.0,3,7,3,18831,38698.973958333336,38968.513020833336,1,40674.515625,22256.576171875,7.0,0,1,0,0,0,0,0,1,0,1
18831-101-11-1,1,1,60.0,1,1.0,0,0,0,152.892623901367,5.0,3,7,5,18831,7796.51171875,3631.419921875,0,7122.720703125,5475.760416666667,12.0,0,0,0,0,0,0,1,1,0,0
18852-18-11-1,1,1,25.0,1,1.0,0,0,0,178.846298217773,7.0,5,7,3,18852,4227.0,5548.863932291667,0,8068.372395833333,5576.813802083333,8.0,0,0,1,0,0,0,0,1,0,0
18853-63-11-1,1,1,40.0,1,0.0,0,0,0,10.8807287216187,10.0,5,7,4,18853,12272.5,7154.81982421875,1,23187.876953125,8165.92333984375,,0,0,0,0,0,0,0,0,0,1
18855-34-11-1,1,1,43.0,1,1.0,0,0,0,186.499542236328,3.0,5,7,5,18855,8212.6,7965.95078125,0,322.758862304688,5102.973046875,,0,0,0,0,0,0,0,0,0,0
18855-74-11-1,1,1,33.0,1,0.0,0,0,0,186.499542236328,6.0,5,7,3,18855,27195.666666666668,10366.970052083334,0,10819.488932291666,12350.03515625,12.0,0,0,0,0,0,0,1,1,0,0
18855-93-11-1,1,1,45.0,1,1.0,0,0,0,186.499542236328,5.0,5,7,2,18855,20225.96484375,10301.5205078125,1,8387.33984375,11829.314453125,12.0,0,0,0,0,0,0,1,1,0,1
18857-35-11-1,1,1,47.0,1,1.0,0,0,0,8.44373416900635,4.0,5,7,4,18857,36100.44140625,13536.1337890625,0,24518.56640625,23863.77734375,8.0,0,0,1,0,0,0,0,1,0,0
18857-78-11-1,1,1,71.0,1,0.0,0,0,0,8.44373416900635,6.0,5,7,3,18857,13576.390625,10203.126302083334,1,16552.311197916668,14830.096354166666,10.0,0,0,0,0,1,0,0,1,0,1
18858-50-11-1,1,2,56.0,1,1.0,0,0,0,188.815643310547,6.0,5,7,1,18858,10037.8154296875,7617.73486328125,0,9806.0263671875,9713.4287109375,10.0,0,0,0,0,1,0,0,1,0,0
18858-63-11-1,1,2,30.0,1,1.0,0,0,0,188.815643310547,6.0,5,7,5,18858,5648.6296875,5285.458984375,1,7903.8859375,11004.8734375,7.0,0,1,0,0,0,0,0,1,0,1
18858-92-11-1,1,2,37.0,1,1.0,0,0,0,188.815643310547,5.0,5,7,8,18858,5659.94677734375,2989.5048828125,0,5188.6181640625,3219.795166015625,11.0,0,0,0,0,0,1,0,1,0,0
18860-7-11-1,1,1,64.0,1,1.0,0,0,0,178.846298217773,6.0,5,7,1,18860,23423.90234375,19264.865234375,0,24257.224609375,17341.3515625,8.0,0,0,1,0,0,0,0,1,0,0
18860-34-11-1,1,2,67.0,1,1.0,0,0,0,178.846298217773,5.0,5,7,4,18860,11457.68359375,10606.3740234375,0,10845.492838541666,9081.528645833334,8.0,0,0,1,0,0,0,0,1,0,0
18866-55-11-1,1,2,34.0,1,0.0,1,1,0,25.9930801391602,8.0,7,7,3,18866,17184.666666666668,9884.208333333334,1,18127.63020833333,14337.858072916666,7.0,0,1,0,0,0,0,0,1,0,1
18866-169-11-1,1,1,30.0,1,1.0,0,0,0,25.9930801391602,6.0,7,7,3,18866,11369.704427083334,12512.67578125,0,3813.129150390625,12557.0654296875,11.0,0,0,0,0,0,1,0,1,0,0
18866-172-11-1,1,2,29.0,1,1.0,0,0,0,25.9930801391602,6.0,7,7,7,18866,7546.507254464285,3420.988839285714,0,8425.112723214286,5343.395647321428,8.0,0,0,1,0,0,0,0,1,0,0
18866-179-11-1,1,2,55.0,1,1.0,0,0,0,25.9930801391602,4.0,7,7,2,18866,25038.107421875,7358.48046875,1,20524.73046875,13637.9599609375,7.0,0,1,0,0,0,0,0,1,0,1
18866-182-11-1,1,1,37.0,1,1.0,0,0,0,25.9930801391602,6.0,7,7,6,18866,5495.124348958333,4970.515299479167,0,3490.806966145833,7894.591796875,7.0,0,1,0,0,0,0,0,1,0,0
18876-105-11-1,1,1,78.0,1,1.0,0,0,0,37.8531341552734,6.0,6,7,1,18876,8128.029296875,13043.169921875,0,14287.2470703125,9397.2978515625,7.0,0,1,0,0,0,0,0,1,0,0
18878-16-11-1,1,1,30.0,1,1.0,0,0,0,30.5452194213867,9.0,7,7,4,18878,5149.5185546875,7040.54345703125,1,17920.79296875,8017.642578125,7.0,0,1,0,0,0,0,0,1,0,1
18878-79-11-1,1,2,39.0,1,0.0,0,0,0,30.5452194213867,6.0,7,7,3,18878,8757.453125,9414.84765625,1,14403.8134765625,15914.3095703125,,0,0,0,0,0,0,0,0,0,1
18878-82-11-1,1,1,61.0,1,1.0,0,0,0,30.5452194213867,4.0,7,7,5,18878,6890.6609375,7279.3890625,1,9380.319010416666,7555.072916666667,7.0,0,1,0,0,0,0,0,1,0,1
18879-29-11-1,1,1,53.0,1,1.0,0,0,0,30.7856330871582,4.0,8,7,4,18879,4878.25,6132.27587890625,0,4674.97705078125,4956.72802734375,8.0,0,0,1,0,0,0,0,1,0,0
18882-9-11-1,1,1,57.0,1,0.0,0,0,0,30.5452194213867,8.0,8,7,2,18882,24319.8671875,11213.7958984375,1,15804.76171875,26860.087890625,7.0,0,1,0,0,0,0,0,1,0,1
18882-38-11-1,1,2,54.0,1,0.0,0,0,0,30.5452194213867,5.0,8,7,2,18882,8793.0791015625,13596.1181640625,0,1876.902954101565,15531.3876953125,8.0,0,0,1,0,0,0,0,1,0,0
18882-41-11-1,1,1,55.0,1,1.0,0,0,0,30.5452194213867,5.0,8,7,4,18882,9330.05078125,10356.3291015625,0,17403.83984375,18773.39453125,11.0,0,0,0,0,0,1,0,1,0,0
18911-140-11-1,1,2,31.0,1,1.0,1,1,0,77.1939468383789,6.0,3,3,4,18911,15976.12109375,11676.6376953125,0,10036.228515625,11368.94140625,10.0,0,0,0,0,1,0,0,1,0,0
18911-208-11-1,1,1,63.0,1,1.0,0,0,0,77.1939468383789,5.0,3,3,1,18911,7724.93505859375,11939.70703125,0,9785.9453125,11081.8740234375,8.0,0,0,1,0,0,0,0,1,0,0
18913-82-11-1,1,1,48.0,1,0.0,1,0,0,9.56130599975586,6.0,3,3,4,18913,24515.560546875,21364.826171875,0,13743.3935546875,7759.0830078125,10.0,0,0,0,0,1,0,0,1,0,0
18924-127-11-1,1,2,64.0,1,1.0,0,0,0,159.888946533203,3.0,3,3,4,18924,10218.15234375,14228.048828125,0,13716.5751953125,15067.166015625,7.0,0,1,0,0,0,0,0,1,0,0
18924-142-11-1,1,2,64.0,1,0.0,0,0,0,159.888946533203,8.0,3,3,1,18924,28852.611328125,27087.181640625,1,47264.4296875,48556.484375,7.0,0,1,0,0,0,0,0,1,0,1
18926-19-11-1,1,1,49.0,1,0.0,0,0,0,70.3078994750977,6.0,3,3,8,18926,11167.14453125,6783.0576171875,0,11070.56747159091,5376.921519886364,,0,0,0,0,0,0,0,0,0,0
18926-51-11-1,1,1,30.0,1,0.0,1,1,0,70.3078994750977,9.0,3,3,1,18926,24479.462890625,27037.650390625,0,9140.5478515625,12949.1806640625,11.0,0,0,0,0,0,1,0,1,1,0
18932-3-11-1,1,1,39.0,1,1.0,0,0,0,77.1939468383789,6.0,3,3,4,18932,9181.6650390625,9132.10546875,0,14346.6865234375,12591.9150390625,8.0,0,0,1,0,0,0,0,1,0,0
18932-51-11-1,1,2,40.0,1,0.0,1,1,0,77.1939468383789,7.0,3,3,3,18932,8697.579427083334,7932.071614583333,1,25866.8984375,10503.606119791666,7.0,0,1,0,0,0,0,0,1,0,1
18932-86-11-1,1,2,46.0,1,1.0,0,0,0,77.1939468383789,6.0,3,3,3,18932,9269.968098958334,5054.735026041667,0,15863.369791666666,11312.298177083334,8.0,0,0,1,0,0,0,0,1,0,0
18932-97-11-1,1,1,71.0,1,1.0,0,0,0,77.1939468383789,3.0,3,3,1,18932,23256.23046875,11627.9130859375,0,20174.0234375,7239.2958984375,9.0,0,0,0,1,0,0,0,1,0,0
18933-105-11-1,1,1,49.0,1,1.0,1,1,0,36.0687637329102,11.0,3,3,2,18933,26744.013671875,25864.216796875,0,42491.1875,15499.2724609375,8.0,0,0,1,0,0,0,0,1,0,0
18934-85-11-1,1,1,66.0,1,1.0,0,0,0,79.1032638549805,6.0,3,3,1,18934,15193.43359375,8883.837890625,0,8693.705078125,6638.31494140625,7.0,0,1,0,0,0,0,0,1,0,0
18936-26-11-1,1,2,54.0,1,0.0,0,0,0,163.951263427734,8.0,3,3,3,18936,18836.264322916668,18370.59895833333,1,20734.51302083333,21084.6328125,,0,0,0,0,0,0,0,0,0,1
18936-64-11-1,1,1,55.0,1,1.0,0,0,0,163.951263427734,6.0,3,3,8,18936,4715.63916015625,5883.697265625,0,8127.53515625,14052.807291666666,9.0,0,0,0,1,0,0,0,1,0,0
18939-38-11-1,1,1,49.0,1,0.0,1,0,0,46.4304962158203,6.0,3,3,6,18939,18039.701822916668,19868.21875,0,24399.6171875,20276.29036458333,8.0,0,0,1,0,0,0,0,1,0,0
18939-168-11-1,1,2,65.0,1,1.0,0,0,0,46.4304962158203,6.0,3,3,5,18939,12473.92265625,8566.52109375,0,8227.337890625,6106.64501953125,12.0,0,0,0,0,0,0,1,1,0,0
18941-83-11-1,1,2,51.0,1,0.0,1,1,0,79.1032638549805,6.0,3,3,1,18941,22459.154296875,12049.3154296875,1,19697.0546875,12743.8076171875,9.0,0,0,0,1,0,0,0,1,0,1
18964-42-11-1,1,1,55.0,1,0.0,0,0,0,10.3246688842773,8.0,3,3,4,18964,16509.494140625,9749.07421875,0,14151.4,10154.79921875,12.0,0,0,0,0,0,0,1,1,0,0
18987-35-11-1,1,1,42.0,1,0.0,1,1,0,154.616088867188,6.0,3,3,4,18987,13034.548828125,8450.0224609375,0,16046.265625,7679.5732421875,11.0,0,0,0,0,0,1,0,1,0,0
18987-64-11-1,1,2,43.0,1,0.0,1,1,0,154.616088867188,6.0,3,3,2,18987,41328.421875,18681.552734375,1,15110.8291015625,16624.529296875,,0,0,0,0,0,0,0,0,0,1
18987-90-11-1,1,1,57.0,1,1.0,1,1,0,154.616088867188,6.0,3,3,3,18987,10912.477864583334,7937.849609375,0,19713.51953125,19612.779296875,10.0,0,0,0,0,1,0,0,1,0,0
18988-71-11-1,1,1,62.0,1,0.0,0,0,0,46.4304962158203,5.0,3,3,2,18988,18695.4453125,15546.2529296875,1,23703.0,24303.900390625,11.0,0,0,0,0,0,1,0,1,0,1
18990-101-11-1,1,1,42.0,1,0.0,1,1,0,11.4610080718994,6.0,3,3,1,18990,47200.0,34122.97265625,1,41829.0,29838.76953125,9.0,0,0,0,1,0,0,0,1,0,1
18991-86-11-1,1,1,49.0,1,0.0,1,1,0,52.6860694885254,6.0,3,3,4,18991,22279.517578125,17990.626953125,0,15089.8037109375,16846.685546875,9.0,0,0,0,1,0,0,0,1,0,0
18992-6-11-1,1,2,58.0,1,0.0,0,0,0,48.0916862487793,5.0,3,3,2,18992,11023.486328125,11737.2841796875,0,12366.0244140625,9685.0107421875,8.0,0,0,1,0,0,0,0,1,0,0
18992-22-11-1,1,2,42.0,1,0.0,1,1,0,48.0916862487793,10.0,3,3,3,18992,13581.729166666666,9952.3203125,0,19721.592447916668,9790.950520833334,8.0,0,0,1,0,0,0,0,1,0,0
18996-137-11-1,1,1,47.0,1,0.0,1,1,0,37.693042755127,8.0,3,3,4,18996,12930.927734375,14096.6416015625,0,14504.4248046875,11456.328125,8.0,0,0,1,0,0,0,0,1,0,0
18997-71-11-1,1,1,81.0,1,0.0,0,0,0,44.5170021057129,4.0,3,3,2,18997,20910.103515625,9184.1904296875,0,12211.541015625,7612.90576171875,12.0,0,0,0,0,0,0,1,1,0,0
18997-90-11-1,1,2,64.0,1,1.0,0,0,0,44.5170021057129,1.0,3,3,1,18997,13442.8115234375,14411.6767578125,0,7713.30908203125,11978.3095703125,12.0,0,0,0,0,0,0,1,1,0,0
19003-81-11-1,1,1,59.0,1,1.0,1,0,0,159.888946533203,6.0,3,3,4,19003,19577.90625,12695.5654296875,0,15657.953125,13257.4765625,12.0,0,0,0,0,0,0,1,1,0,0
19005-15-11-1,1,1,53.0,1,1.0,0,0,0,12.7484073638916,6.0,3,3,1,19005,3329.82153320313,7963.7421875,0,8019.3232421875,10450.291015625,8.0,0,0,1,0,0,0,0,1,0,0
19005-136-11-1,1,2,58.0,1,0.0,1,1,0,12.7484073638916,5.0,3,3,3,19005,6994.417317708333,5158.375651041667,0,10201.38671875,13245.8828125,11.0,0,0,0,0,0,1,0,1,0,0
19011-1-11-1,1,1,57.0,1,1.0,0,0,0,362.890258789063,8.0,5,6,1,19011,26475.955078125,25757.212890625,0,52775.125,32993.3203125,8.0,0,0,1,0,0,0,0,1,0,0
19011-63-11-1,1,1,46.0,1,0.0,0,0,0,362.890258789063,6.0,5,6,4,19011,5487.98876953125,8217.4365234375,1,7265.1318359375,13049.0029296875,12.0,0,0,0,0,0,0,1,1,0,1
19016-92-11-1,1,2,61.0,1,1.0,0,0,0,49.3895874023438,5.0,8,3,3,19016,9688.842447916666,5953.276692708333,0,10315.36328125,2460.011962890625,8.0,0,0,1,0,0,0,0,1,0,0
19016-93-11-1,1,2,45.0,1,1.0,0,0,0,49.3895874023438,8.0,8,3,2,19016,20176.552734375,9848.3525390625,0,13955.60546875,9268.685546875,12.0,0,0,0,0,0,0,1,1,0,0
19037-344-11-1,1,1,60.0,1,1.0,0,0,0,58.5972557067871,4.0,7,6,3,19037,9242.511067708334,6876.124348958333,0,4426.34423828125,6233.66162109375,8.0,0,0,1,0,0,0,0,1,0,0
19038-26-11-1,1,1,65.0,1,1.0,0,0,0,66.9560089111328,5.0,8,6,2,19038,18595.01171875,5271.0419921875,0,2001.31335449219,4371.31103515625,12.0,0,0,0,0,0,0,1,1,0,0
19038-90-11-1,1,1,42.0,1,1.0,0,0,0,66.9560089111328,6.0,8,6,1,19038,29531.0546875,4944.00146484375,0,11217.4228515625,4289.05029296875,12.0,0,0,0,0,0,0,1,1,0,0
19040-13-11-1,1,2,74.0,1,1.0,0,0,0,58.1926612854004,1.0,7,6,1,19040,4102.20068359375,6396.99169921875,0,13196.4765625,5346.25244140625,12.0,0,0,0,0,0,0,1,1,0,0
19040-262-11-1,1,2,61.0,1,1.0,0,0,0,58.1926612854004,4.0,7,6,2,19040,3787.495361328125,7242.44140625,0,8899.4462890625,9205.900390625,8.0,0,0,1,0,0,0,0,1,0,0
19041-9-11-1,1,2,74.0,1,1.0,0,0,0,58.5972557067871,3.0,6,6,1,19041,15617.6318359375,9477.7705078125,0,11201.5908203125,7704.5302734375,12.0,0,0,0,0,0,0,1,1,0,0
19041-44-11-1,1,2,58.0,1,1.0,1,0,0,58.5972557067871,6.0,6,6,1,19041,16171.380859375,7619.08251953125,0,18301.515625,7646.70947265625,8.0,0,0,1,0,0,0,0,1,0,0
19041-78-11-1,1,1,70.0,1,1.0,0,0,0,58.5972557067871,4.0,6,6,1,19041,14120.4189453125,7606.86669921875,0,21368.65625,9030.34765625,8.0,0,0,1,0,0,0,0,1,0,0
19042-1-11-1,1,2,46.0,1,0.0,0,0,0,60.3140525817871,6.0,7,6,3,19042,8588.216145833334,4824.457356770833,0,6216.32275390625,10383.51171875,12.0,0,0,0,0,0,0,1,1,0,0
19042-3-11-1,1,1,55.0,1,1.0,0,0,0,60.3140525817871,6.0,7,6,3,19042,14218.326822916666,9053.581380208334,1,21447.64192708333,10163.643880208334,7.0,0,1,0,0,0,0,0,1,0,1
19043-45-11-1,1,1,61.0,1,1.0,0,0,0,58.1926612854004,4.0,8,6,1,19043,4505.4423828125,6234.96484375,0,19429.126953125,12864.9970703125,12.0,0,0,0,0,0,0,1,1,0,0
19043-47-11-1,1,1,47.0,1,1.0,0,0,0,58.1926612854004,3.0,8,6,5,19043,4811.89609375,5478.8609375,0,7096.653125,6104.9484375,12.0,0,0,0,0,0,0,1,1,0,0
19045-149-11-1,1,1,64.0,1,1.0,0,0,0,66.9560089111328,4.0,7,6,3,19045,11451.14453125,6695.517578125,0,22458.955729166668,9326.718098958334,8.0,0,0,1,0,0,0,0,1,0,0
19045-152-11-1,1,2,69.0,1,1.0,0,0,0,66.9560089111328,4.0,7,6,2,19045,9674.646484375,8291.671875,0,12955.9853515625,10821.681640625,12.0,0,0,0,0,0,0,1,1,0,0
19047-74-11-1,1,1,59.0,1,0.0,0,0,0,73.0223999023438,6.0,7,6,2,19047,18418.431640625,3016.520751953125,1,4571.0986328125,6852.4150390625,8.0,0,0,1,0,0,0,0,1,0,1
19048-12-11-1,1,1,55.0,1,1.0,0,0,0,58.5972557067871,5.0,8,6,3,19048,2127.345052083333,6443.065755208333,0,2495.934814453125,3379.029541015625,12.0,0,0,0,0,0,0,1,1,0,0
19071-10-11-1,1,1,50.0,1,0.0,1,0,0,11.817195892334,9.0,3,5,3,19071,16845.9453125,13171.307291666666,0,13262.0015625,8479.45390625,8.0,0,0,1,0,0,0,0,1,0,0
19072-133-11-1,1,2,32.0,1,0.0,0,0,0,10.6803092956543,7.0,3,5,3,19072,7886.891276041667,5866.682291666667,1,6561.624348958333,6606.4140625,7.0,0,1,0,0,0,0,0,1,0,1
19075-82-11-1,1,1,50.0,1,1.0,0,0,0,200.92463684082,6.0,3,5,4,19075,6938.53955078125,5503.62646484375,1,20050.20703125,14136.05859375,7.0,0,1,0,0,0,0,0,1,0,1
19076-47-11-1,1,1,44.0,1,1.0,0,0,0,274.666229248047,3.0,3,5,4,19076,4949.96875,3943.099853515625,0,4919.845703125,3243.268310546875,8.0,0,0,1,0,0,0,0,1,0,0
19076-56-11-1,1,1,44.0,1,0.0,0,0,0,274.666229248047,6.0,3,5,5,19076,10591.17265625,4057.54609375,0,14031.78125,3613.798046875,8.0,0,0,1,0,0,0,0,1,0,0
19077-34-11-1,1,1,39.0,1,0.0,1,0,0,25.4850120544434,8.0,3,5,1,19077,19328.35546875,14560.7646484375,0,11944.0615234375,15300.154296875,8.0,0,0,1,0,0,0,0,1,0,0
19077-75-11-1,1,1,32.0,1,1.0,1,1,0,25.4850120544434,10.0,3,5,1,19077,46696.98046875,38077.26171875,0,21656.068359375,12779.0068359375,8.0,0,0,1,0,0,0,0,1,0,0
19080-76-11-1,1,1,51.0,1,1.0,0,0,0,60.5691375732422,6.0,3,5,5,19080,5022.062109375,4166.818359375,0,9397.2,8374.1671875,8.0,0,0,1,0,0,0,0,1,0,0
19080-102-11-1,1,1,30.0,1,0.0,1,1,0,60.5691375732422,10.0,3,5,3,19080,11546.703125,9724.011067708334,1,26221.68489583333,22357.49739583333,8.0,0,0,1,0,0,0,0,1,0,1
19081-47-11-1,1,2,58.0,1,1.0,0,0,0,60.5691375732422,7.0,3,5,3,19081,3796.3932291666665,3716.7415364583335,0,3319.457356770833,3023.5048828125,8.0,0,0,1,0,0,0,0,1,0,0
19081-83-11-1,1,1,59.0,1,0.0,0,0,0,60.5691375732422,7.0,3,5,3,19081,21504.389322916668,11259.330729166666,0,22978.08333333333,12238.096354166666,8.0,0,0,1,0,0,0,0,1,0,0
19082-68-11-1,1,1,56.0,1,0.0,0,0,0,267.899505615234,10.0,3,5,1,19082,6819.0,27382.548828125,0,5013.16064453125,4991.7578125,8.0,0,0,1,0,0,0,0,1,0,0
19082-126-11-1,1,1,52.0,1,0.0,0,0,0,267.899505615234,6.0,3,5,5,19082,6248.3453125,6598.21015625,0,10815.6921875,7916.39609375,8.0,0,0,1,0,0,0,0,1,0,0
19087-30-11-1,1,1,52.0,1,0.0,1,0,0,267.899505615234,11.0,5,5,2,19087,38419.35546875,11068.45703125,1,33945.53515625,14804.396484375,7.0,0,1,0,0,0,0,0,1,0,1
19103-64-11-1,1,2,39.0,1,1.0,1,1,0,246.001800537109,6.0,5,5,3,19103,6080.0078125,6692.969401041667,0,5311.319010416667,4392.533854166667,8.0,0,0,1,0,0,0,0,1,0,0
19107-50-11-1,1,1,59.0,1,1.0,0,0,0,246.001800537109,3.0,5,5,3,19107,12041.953125,7062.090494791667,0,11119.55078125,10632.2734375,10.0,0,0,0,0,1,0,0,1,0,0
19108-99-11-1,1,2,54.0,1,1.0,0,0,0,274.666229248047,7.0,5,5,3,19108,8310.296223958334,9160.271484375,0,7717.911458333333,6884.44921875,8.0,0,0,1,0,0,0,0,1,0,0
19109-12-11-1,1,1,56.0,1,1.0,0,0,0,80.5594787597656,6.0,5,5,1,19109,16402.44140625,11877.14453125,0,13338.7431640625,8716.30078125,8.0,0,0,1,0,0,0,0,1,0,0
19109-42-11-1,1,2,60.0,1,1.0,0,0,0,80.5594787597656,8.0,5,5,1,19109,16697.595703125,15371.646484375,0,18472.796875,10728.296875,9.0,0,0,0,1,0,0,0,1,0,0
19109-57-11-1,1,1,60.0,1,0.0,0,0,0,80.5594787597656,6.0,5,5,3,19109,12092.063802083334,5572.392578125,0,13106.658854166666,9088.711588541666,8.0,0,0,1,0,0,0,0,1,0,0
19129-54-11-1,1,2,51.0,1,1.0,1,1,0,97.9522552490234,5.0,5,7,4,19129,5089.4765625,6506.3935546875,0,10742.0419921875,12942.037109375,7.0,0,1,0,0,0,0,0,1,1,0
19129-105-11-1,1,2,36.0,1,1.0,1,1,0,97.9522552490234,6.0,5,7,4,19129,4083.035888671875,3971.990478515625,1,7599.18798828125,6398.7216796875,7.0,0,1,0,0,0,0,0,1,0,1
19130-11-11-1,1,2,37.0,1,0.0,1,1,0,99.2518920898438,9.0,5,7,3,19130,29253.5,24972.84114583333,0,14414.0947265625,12527.1298828125,8.0,0,0,1,0,0,0,0,1,0,0
19130-23-11-1,1,1,54.0,1,1.0,0,0,0,99.2518920898438,1.0,5,7,1,19130,7248.5927734375,6895.138671875,0,2997.392578125,3261.84814453125,10.0,0,0,0,0,1,0,0,1,0,0
19130-46-11-1,1,2,51.0,1,0.0,0,0,0,99.2518920898438,3.0,5,7,5,19130,12016.29765625,8834.52265625,0,9916.56328125,10195.9515625,8.0,0,0,1,0,0,0,0,1,0,0
19131-9-11-1,1,1,46.0,1,0.0,1,0,0,97.9522552490234,10.0,5,7,3,19131,18816.81380208333,11150.545572916666,1,21710.30989583333,16907.44921875,7.0,0,1,0,0,0,0,0,1,0,1
19131-19-11-1,1,2,59.0,1,1.0,0,0,0,97.9522552490234,3.0,5,7,1,19131,4502.72412109375,7312.68017578125,1,15154.756510416666,9824.411458333334,7.0,0,1,0,0,0,0,0,1,0,1
19131-47-11-1,1,2,46.0,1,1.0,0,0,0,97.9522552490234,5.0,5,7,4,19131,13117.404296875,7471.033203125,1,6938.53564453125,7612.31298828125,7.0,0,1,0,0,0,0,0,1,0,1
19131-57-11-1,1,1,50.0,1,1.0,0,0,0,97.9522552490234,4.0,5,7,6,19131,2780.777669270833,3178.216796875,0,3617.234375,5520.06640625,7.0,0,1,0,0,0,0,0,1,0,0
19132-9-11-1,1,1,50.0,1,0.0,1,1,0,98.3212356567383,6.0,5,7,2,19132,12928.7646484375,11447.1875,0,26877.126953125,14477.099609375,8.0,0,0,1,0,0,0,0,1,1,0
19143-69-11-1,1,1,31.0,1,1.0,0,0,0,85.195182800293,6.0,7,5,4,19143,5573.3349609375,4180.23779296875,0,3202.485107421875,2534.6962890625,10.0,0,0,0,0,1,0,0,1,0,0
19143-70-11-1,1,1,51.0,1,1.0,0,0,0,85.195182800293,5.0,7,5,3,19143,4878.614908854167,4143.4970703125,0,2754.944661458333,2723.22509765625,8.0,0,0,1,0,0,0,0,1,0,0
19151-19-11-1,1,1,50.0,1,1.0,0,0,0,85.195182800293,4.0,6,5,4,19151,10123.107421875,6901.7255859375,0,11932.805989583334,4366.560872395833,9.0,0,0,0,1,0,0,0,1,0,0
19152-33-11-1,1,1,77.0,1,1.0,0,0,0,85.195182800293,3.0,7,5,2,19152,5934.95703125,5996.0419921875,0,3643.89013671875,4397.83447265625,8.0,0,0,1,0,0,0,0,1,0,0
19152-35-11-1,1,1,73.0,1,1.0,0,0,0,85.195182800293,4.0,7,5,1,19152,3070.75708007813,2480.51708984375,0,4093.60595703125,3235.62280273438,8.0,0,0,1,0,0,0,0,1,0,0
19152-39-11-1,1,1,71.0,1,1.0,0,0,0,85.195182800293,4.0,7,5,3,19152,2376.87451171875,2251.7215169270835,0,8845.538411458334,10075.654296875,8.0,0,0,1,0,0,0,0,1,1,0
19154-38-11-1,1,1,49.0,1,1.0,0,0,0,89.3568115234375,4.0,8,5,4,19154,16702.654296875,3606.2529296875,0,4075.28125,3005.959228515625,9.0,0,0,0,1,0,0,0,1,0,0
19157-33-11-1,1,1,74.0,1,1.0,0,0,0,89.3568115234375,6.0,6,5,2,19157,6370.9677734375,5307.09765625,0,7131.5107421875,8762.5791015625,9.0,0,0,0,1,0,0,0,1,0,0
19158-225-11-1,1,1,58.0,1,1.0,0,0,0,89.3568115234375,6.0,7,5,2,19158,4225.25048828125,4186.986328125,0,3499.7021484375,3540.635986328125,8.0,0,0,1,0,0,0,0,1,0,0
19159-62-11-1,1,1,27.0,1,1.0,0,0,0,85.195182800293,5.0,8,5,4,19159,4559.337890625,3717.861328125,0,5732.92578125,3949.7509765625,10.0,0,0,0,0,1,0,0,1,0,0
19159-65-11-1,1,1,61.0,1,1.0,0,0,0,85.195182800293,5.0,8,5,1,19159,17078.712890625,6831.42822265625,0,8711.7431640625,5969.76318359375,9.0,0,0,0,1,0,0,0,1,0,0
19167-21-11-1,1,1,51.0,1,1.0,0,0,0,81.6817626953125,3.0,8,7,7,19167,6811.883370535715,6690.830915178572,0,2317.265066964286,2844.881696428572,8.0,0,0,1,0,0,0,0,1,1,0
19167-22-11-1,1,1,45.0,1,1.0,0,0,0,81.6817626953125,6.0,8,7,4,19167,11406.5361328125,6444.45849609375,0,18534.95703125,11298.501302083334,8.0,0,0,1,0,0,0,0,1,0,0
19167-23-11-1,1,1,42.0,1,1.0,0,0,0,81.6817626953125,4.0,8,7,1,19167,8168.974609375,8647.841796875,0,8522.77734375,12762.044921875,8.0,0,0,1,0,0,0,0,1,0,0
19175-12-11-1,1,1,32.0,1,1.0,0,0,0,89.9795684814453,5.0,8,7,3,19175,4713.8232421875,5104.0751953125,0,1066.0007324218766,5859.46484375,8.0,0,0,1,0,0,0,0,1,0,0
19175-60-11-1,1,2,49.0,1,1.0,0,0,0,89.9795684814453,4.0,8,7,2,19175,6805.2177734375,6435.66650390625,0,6773.35,5927.30390625,8.0,0,0,1,0,0,0,0,1,0,0
19176-102-11-1,1,1,38.0,1,1.0,0,0,0,79.4743881225586,9.0,7,7,4,19176,3351.486083984375,5175.65283203125,0,5258.10791015625,6113.837890625,8.0,0,0,1,0,0,0,0,1,0,0
19176-103-11-1,1,1,37.0,1,1.0,0,0,0,79.4743881225586,5.0,7,7,5,19176,972.09462890625,2137.491015625,0,3423.903645833333,4448.022786458333,8.0,0,0,1,0,0,0,0,1,0,0
19176-216-11-1,1,1,42.0,1,1.0,0,0,0,79.4743881225586,4.0,7,7,1,19176,9997.0263671875,13295.708984375,0,4370.40673828125,4772.2451171875,8.0,0,0,1,0,0,0,0,1,0,0
19177-53-11-1,1,1,46.0,1,1.0,0,0,0,69.2695999145508,4.0,8,7,8,19177,3668.14013671875,4041.48046875,0,4902.782366071428,3859.113560267857,10.0,0,0,0,0,1,0,0,1,0,0
19177-134-11-1,1,1,73.0,1,1.0,0,0,0,69.2695999145508,4.0,8,7,1,19177,9419.970703125,8763.27734375,0,10087.8310546875,8416.56640625,8.0,0,0,1,0,0,0,0,1,0,0
19177-139-11-1,1,1,50.0,1,1.0,0,0,0,69.2695999145508,6.0,8,7,5,19177,4740.5875,5388.3453125,0,3094.176025390625,5105.609375,8.0,0,0,1,0,0,0,0,1,0,0
19178-118-11-1,1,1,38.0,1,1.0,0,0,0,79.4743881225586,6.0,6,7,4,19178,5479.31396484375,4415.41455078125,1,12459.0859375,9171.576822916666,7.0,0,1,0,0,0,0,0,1,0,1
19179-47-11-1,1,1,46.0,1,1.0,0,0,0,69.2695999145508,1.0,8,7,1,19179,3177.69116210938,5795.02294921875,0,3691.263671875,6385.27197265625,8.0,0,0,1,0,0,0,0,1,0,0
19180-49-11-1,1,1,28.0,1,1.0,0,0,0,89.9795684814453,7.0,7,7,4,19180,3930.828125,4275.3681640625,0,2329.147786458333,2754.877278645833,9.0,0,0,0,1,0,0,0,1,0,0
19180-140-11-1,1,1,73.0,1,1.0,0,0,0,89.9795684814453,3.0,7,7,1,19180,2405.4306640625,2497.90405273438,0,2705.14526367188,2779.35717773438,8.0,0,0,1,0,0,0,0,1,0,0
19180-144-11-1,1,2,31.0,1,1.0,0,0,0,89.9795684814453,3.0,7,7,6,19180,3252.1796875,2165.8790690104165,0,3667.441127232143,703.1457868303571,8.0,0,0,1,0,0,0,0,1,0,0
19214-86-11-1,1,1,63.0,1,1.0,0,0,0,132.955825805664,1.0,2,1,2,19214,32915.84375,20881.8125,1,46878.37890625,22838.0234375,7.0,0,1,0,0,0,0,0,1,0,1
19214-151-11-1,1,1,67.0,1,1.0,0,0,0,132.955825805664,6.0,2,1,3,19214,16566.52734375,9917.472005208334,1,70456.484375,28117.529296875,,0,0,0,0,0,0,0,0,0,1
19225-6-11-1,1,2,53.0,1,0.0,1,0,0,66.4425430297852,11.0,2,1,2,19225,28631.751953125,36349.7421875,1,32817.5859375,39969.15625,8.0,0,0,1,0,0,0,0,1,0,1
19227-24-11-1,1,1,35.0,1,1.0,1,1,0,134.861068725586,3.0,2,1,5,19227,18923.2578125,11883.8640625,0,12684.03203125,6777.25859375,8.0,0,0,1,0,0,0,0,1,0,0
19231-6-11-1,1,1,49.0,1,1.0,0,0,0,309.849792480469,4.0,2,1,2,19231,20185.083984375,17468.3515625,0,9936.6376953125,9442.2412109375,12.0,0,0,0,0,0,0,1,1,0,0
19231-17-11-1,1,1,57.0,1,0.0,1,1,0,309.849792480469,6.0,2,1,5,19231,9072.4921875,7370.0234375,0,7216.984375,6259.115885416667,7.0,0,1,0,0,0,0,0,1,0,0
19234-6-11-1,1,1,43.0,1,1.0,1,0,0,443.361114501953,3.0,2,1,4,19234,6418.865234375,5035.609375,0,3600.789388020833,8181.237630208333,12.0,0,0,0,0,0,0,1,1,0,0
19239-42-11-1,1,2,34.0,1,1.0,0,0,0,450.152923583984,5.0,2,1,4,19239,4075.695556640625,6147.1845703125,0,3401.244384765625,5306.4541015625,11.0,0,0,0,0,0,1,0,1,0,0
19239-108-11-1,1,1,64.0,1,1.0,1,0,0,450.152923583984,4.0,2,1,6,19239,16887.3671875,11423.244791666666,1,9561.71875,8926.001302083334,7.0,0,1,0,0,0,0,0,1,0,1
19241-7-11-1,1,2,51.0,1,1.0,1,0,0,345.901672363281,6.0,2,1,3,19241,10189.33984375,11681.572916666666,1,6697.970703125,9788.420572916666,12.0,0,0,0,0,0,0,1,1,0,1
19243-21-11-1,1,1,66.0,1,1.0,0,0,0,332.520812988281,6.0,2,1,4,19243,11363.1728515625,9241.87890625,0,14040.48046875,11418.7958984375,12.0,0,0,0,0,0,0,1,1,0,0
19245-40-11-1,1,1,70.0,1,1.0,0,0,0,450.152923583984,10.0,2,1,11,19245,13426.5625,5431.362926136364,1,10799.56747159091,3726.967684659091,7.0,0,1,0,0,0,0,0,1,0,1
19313-30-11-1,1,1,38.0,1,1.0,1,1,0,448.992218017578,6.0,4,1,5,19313,6241.30625,7601.5296875,1,6401.672265625,6332.046484375,11.0,0,0,0,0,0,1,0,1,1,1
19313-99-11-1,1,1,42.0,1,1.0,1,1,0,448.992218017578,4.0,4,1,6,19313,5674.544270833333,7817.196614583333,0,4686.6796875,3726.8076171875,11.0,0,0,0,0,0,1,0,1,0,0
19323-34-11-1,1,1,24.0,1,1.0,0,0,0,450.152923583984,6.0,2,1,3,19323,9347.488932291666,8500.722005208334,0,13853.481770833334,9923.033203125,12.0,0,0,0,0,0,0,1,1,0,0
19323-87-11-1,1,1,35.0,1,1.0,0,0,0,450.152923583984,5.0,2,1,3,19323,23147.299479166668,11089.477864583334,1,25427.88802083333,11537.997395833334,12.0,0,0,0,0,0,0,1,1,0,1
19323-99-11-1,1,1,47.0,1,1.0,0,0,0,450.152923583984,5.0,2,1,5,19323,14025.440625,5905.411328125,0,11884.6,7232.64921875,11.0,0,0,0,0,0,1,0,1,0,0
19339-13-11-1,1,1,62.0,1,0.0,1,0,0,88.5900573730469,6.0,3,1,1,19339,33495.87890625,18453.462890625,0,39762.0078125,20167.412109375,8.0,0,0,1,0,0,0,0,1,0,0
19339-98-11-1,1,1,43.0,1,0.0,1,1,0,88.5900573730469,5.0,3,1,6,19339,8690.059244791666,7715.98828125,1,5516.530598958333,3932.439453125,7.0,0,1,0,0,0,0,0,1,0,1
19339-124-11-1,1,1,62.0,1,0.0,0,0,0,88.5900573730469,8.0,3,1,4,19339,23306.73828125,16063.583984375,1,35759.2734375,22372.8125,7.0,0,1,0,0,0,0,0,1,0,1
19340-65-11-1,1,1,52.0,1,0.0,1,1,0,438.287170410156,6.0,5,1,5,19340,8013.1265625,7811.6640625,0,8540.334375,9380.32421875,9.0,0,0,0,1,0,0,0,1,0,0
19342-19-11-1,1,1,61.0,1,1.0,0,0,0,179.814758300781,5.0,2,1,2,19342,15131.599609375,8786.013671875,0,13190.0068359375,9399.8994140625,11.0,0,0,0,0,0,1,0,1,0,0
19342-69-12-1,1,1,51.0,1,1.0,0,0,0,179.814758300781,5.0,2,1,5,19342,11127.79765625,7620.08046875,0,8724.8291015625,9836.75390625,,0,0,0,0,0,0,0,0,0,0
19342-103-11-1,1,1,54.0,1,1.0,0,0,0,179.814758300781,6.0,2,1,6,19342,11206.231770833334,6072.667317708333,0,20643.5,8282.072265625,9.0,0,0,0,1,0,0,0,1,0,0
19344-21-11-1,1,1,48.0,1,1.0,0,0,0,420.560729980469,6.0,4,1,3,19344,6776.81640625,5155.074869791667,0,5720.7626953125,3896.829345703125,11.0,0,0,0,0,0,1,0,1,0,0
19344-109-11-1,1,2,44.0,1,1.0,0,0,0,420.560729980469,3.0,4,1,5,19344,3818.168359375,3208.70546875,0,12718.1875,6990.010416666667,12.0,0,0,0,0,0,0,1,1,0,0
19345-73-11-1,1,1,43.0,1,1.0,0,0,0,443.361114501953,6.0,4,1,6,19345,9507.093098958334,3959.8095703125,0,2377.57568359375,3330.720458984375,10.0,0,0,0,0,1,0,0,1,0,0
19347-131-11-1,1,2,51.0,1,1.0,0,0,0,413.133056640625,6.0,3,1,2,19347,8513.62890625,9862.9619140625,0,9112.9833984375,7222.173828125,12.0,0,0,0,0,0,0,1,1,0,0
19348-18-11-1,1,1,34.0,1,1.0,1,0,0,461.202239990234,6.0,3,1,5,19348,3180.198046875,2760.0224609375,0,4148.233984375,4924.178515625,11.0,0,0,0,0,0,1,0,1,0,0
19348-74-11-1,1,1,40.0,1,0.0,0,0,0,461.202239990234,6.0,3,1,5,19348,6159.629296875,4732.36640625,0,4605.465625,4464.985546875,11.0,0,0,0,0,0,1,0,1,0,0
19351-10-11-1,1,1,36.0,1,1.0,0,0,0,450.152923583984,5.0,4,1,5,19351,6121.63984375,4489.0546875,0,2297.04453125,4610.214453125,12.0,0,0,0,0,0,0,1,1,0,0
19351-77-11-1,1,2,39.0,1,1.0,0,0,0,450.152923583984,4.0,4,1,2,19351,12919.6015625,13197.1337890625,0,4265.63330078125,9931.5859375,11.0,0,0,0,0,0,1,0,1,0,0
19351-109-11-1,1,2,66.0,1,1.0,0,0,0,450.152923583984,3.0,4,1,3,19351,5613.735026041667,5978.090494791667,0,4627.939778645833,6239.419270833333,12.0,0,0,0,0,0,0,1,1,0,0
19352-11-11-1,1,2,43.0,1,1.0,1,1,0,181.83984375,6.0,2,1,6,19352,6502.524088541667,5947.005208333333,0,10731.368489583334,6178.669921875,11.0,0,0,0,0,0,1,0,1,0,0
19352-111-11-1,1,1,69.0,1,1.0,0,0,0,181.83984375,9.0,2,1,3,19352,14339.057291666666,16213.315104166666,0,18300.658854166668,13571.14453125,8.0,0,0,1,0,0,0,0,1,0,0
19353-10-11-1,1,1,69.0,1,1.0,0,0,0,413.133056640625,5.0,5,1,4,19353,20831.865234375,9672.775390625,0,26347.953125,21729.57421875,12.0,0,0,0,0,0,0,1,1,0,0
19353-138-11-1,1,1,41.0,1,1.0,1,1,0,413.133056640625,5.0,5,1,4,19353,13741.0732421875,11951.5458984375,0,14454.400390625,7715.86376953125,12.0,0,0,0,0,0,0,1,1,0,0
19353-179-11-1,1,2,47.0,1,1.0,1,1,0,413.133056640625,6.0,5,1,5,19353,10403.22421875,7571.94296875,1,6721.82734375,11379.3265625,7.0,0,1,0,0,0,0,0,1,0,1
19356-20-11-1,1,1,29.0,1,1.0,0,0,0,450.152923583984,3.0,4,1,5,19356,4324.99765625,4281.110546875,0,2330.5943359375,4874.08828125,12.0,0,0,0,0,0,0,1,1,0,0
19356-63-11-1,1,1,39.0,1,1.0,1,0,0,450.152923583984,6.0,4,1,4,19356,4148.6416015625,8907.6025390625,1,13320.009765625,10202.2490234375,8.0,0,0,1,0,0,0,0,1,0,1
19356-130-11-1,1,2,34.0,1,1.0,1,1,0,450.152923583984,8.0,4,1,1,19356,19577.3671875,22838.748046875,1,24785.9765625,22338.70703125,10.0,0,0,0,0,1,0,0,1,0,1
19358-122-11-1,1,1,40.0,1,0.0,0,0,0,461.202239990234,6.0,3,1,4,19358,8170.95703125,9072.3984375,0,7494.27783203125,7182.05078125,10.0,0,0,0,0,1,0,0,1,0,0
19358-147-12-1,1,1,67.0,1,1.0,0,0,0,461.202239990234,3.0,3,1,5,19358,6021.768359375,4241.2609375,0,14157.333333333334,3541.3824869791665,12.0,0,0,0,0,0,0,1,1,0,0
19358-147-22-1,1,1,39.0,1,0.0,0,0,0,461.202239990234,3.0,3,1,4,19358,6751.09130859375,7040.8466796875,0,11431.42578125,7986.56103515625,8.0,0,0,1,0,0,0,0,1,0,0
19361-38-11-1,1,2,30.0,1,1.0,1,1,0,448.992218017578,6.0,5,1,2,19361,4922.18994140625,5040.3525390625,1,7069.15478515625,6710.1796875,7.0,0,1,0,0,0,0,0,1,0,1
19361-74-11-1,1,2,49.0,1,1.0,0,0,0,448.992218017578,4.0,5,1,4,19361,7306.51953125,9235.7763671875,0,5823.4248046875,8561.8837890625,12.0,0,0,0,0,0,0,1,1,0,0
19363-10-11-1,1,1,64.0,1,1.0,0,0,0,443.361114501953,5.0,5,1,8,19363,6175.08251953125,5571.55029296875,0,1778.3693359375,3489.393359375,12.0,0,0,0,0,0,0,1,1,0,0
19363-26-11-1,1,1,44.0,1,1.0,0,0,0,443.361114501953,3.0,5,1,4,19363,3238.318359375,3971.687744140625,0,2112.091552734375,4226.84326171875,10.0,0,0,0,0,1,0,0,1,0,0
19364-9-11-1,1,1,53.0,1,1.0,1,1,0,438.287170410156,6.0,3,1,5,19364,9653.46640625,13848.490625,1,16841.1078125,9882.39765625,11.0,0,0,0,0,0,1,0,1,0,1
19365-66-11-1,1,1,58.0,1,0.0,1,1,0,179.814758300781,8.0,2,1,5,19365,17411.65,9930.828125,1,17967.904296875,8429.421875,7.0,0,1,0,0,0,0,0,1,0,1
19366-145-11-1,1,1,71.0,1,1.0,0,0,0,406.763519287109,6.0,3,1,2,19366,14602.93359375,13892.03515625,0,11782.95703125,10586.4072265625,8.0,0,0,1,0,0,0,0,1,0,0
19367-22-11-1,1,1,58.0,1,1.0,0,0,0,461.202239990234,3.0,4,1,2,19367,3614.389892578125,6065.5732421875,0,4878.25390625,5239.7578125,12.0,0,0,0,0,0,0,1,1,0,0
19367-63-11-1,1,1,58.0,1,1.0,0,0,0,461.202239990234,6.0,4,1,3,19367,8145.05859375,8122.038411458333,0,6111.520833333333,7305.5625,12.0,0,0,0,0,0,0,1,1,0,0
19370-18-11-1,1,1,39.0,1,0.0,0,0,0,448.992218017578,4.0,5,1,6,19370,5363.588216145833,2141.8634440104165,1,8400.880208333334,6541.533203125,7.0,0,1,0,0,0,0,0,1,0,1
19371-21-11-1,1,2,47.0,1,1.0,1,1,0,450.152923583984,4.0,3,1,3,19371,10902.088541666666,10824.803385416666,1,8773.068359375,11345.890625,7.0,0,1,0,0,0,0,0,1,0,1
19371-90-11-1,1,1,48.0,1,1.0,1,0,0,450.152923583984,4.0,3,1,3,19371,12858.962239583334,6363.942708333333,1,8854.64453125,6215.755859375,7.0,0,1,0,0,0,0,0,1,0,1
19374-107-11-1,1,1,44.0,1,1.0,0,0,0,461.202239990234,3.0,5,1,4,19374,6195.099609375,8512.9697265625,0,5716.740234375,5935.8779296875,11.0,0,0,0,0,0,1,0,1,0,0
19375-15-11-1,1,1,58.0,1,1.0,0,0,0,413.133056640625,3.0,3,1,3,19375,2522.7550455729165,4482.811197916667,0,4927.31396484375,5669.8271484375,12.0,0,0,0,0,0,0,1,1,0,0
19377-92-11-1,1,1,67.0,1,1.0,0,0,0,406.763519287109,8.0,3,1,2,19377,9001.91796875,10200.8623046875,0,26650.276041666668,16207.57421875,8.0,0,0,1,0,0,0,0,1,0,0
19378-36-11-1,1,1,48.0,1,1.0,1,0,0,450.152923583984,5.0,3,1,5,19378,8774.61875,5017.1328125,0,11047.78125,8535.6171875,12.0,0,0,0,0,0,0,1,1,0,0
19380-29-11-1,1,1,49.0,1,1.0,0,0,0,461.202239990234,6.0,5,1,2,19380,21563.119140625,11757.8505859375,1,10328.1416015625,9044.853515625,7.0,0,1,0,0,0,0,0,1,0,1
19381-14-11-1,1,1,47.0,1,1.0,0,0,0,443.361114501953,3.0,5,1,8,19381,5182.38134765625,4753.02294921875,0,6929.733072916667,7346.734375,12.0,0,0,0,0,0,0,1,1,0,0
19381-35-11-1,1,1,47.0,1,1.0,0,0,0,443.361114501953,7.0,5,1,5,19381,7342.44140625,3129.1005859375,0,7460.59140625,3078.4767578125,12.0,0,0,0,0,0,0,1,1,0,0
19381-54-11-1,1,2,50.0,1,1.0,0,0,0,443.361114501953,6.0,5,1,1,19381,8270.3603515625,11203.61328125,0,8416.93359375,11744.6767578125,12.0,0,0,0,0,0,0,1,1,0,0
19382-27-11-1,1,1,38.0,1,1.0,1,1,0,448.992218017578,6.0,4,1,4,19382,6851.80517578125,8427.3115234375,1,1742.053125,12008.0421875,,0,0,0,0,0,0,0,0,0,1
19382-65-11-1,1,1,57.0,1,1.0,0,0,0,448.992218017578,6.0,4,1,1,19382,13651.501953125,15389.076171875,0,26344.057291666668,14641.65234375,10.0,0,0,0,0,1,0,0,1,0,0
19383-3-11-1,1,1,50.0,1,1.0,1,0,0,461.202239990234,5.0,5,1,3,19383,10607.589192708334,10829.222005208334,0,5358.607421875,8244.478515625,12.0,0,0,0,0,0,0,1,1,0,0
19383-16-11-1,1,2,82.0,1,1.0,0,0,0,461.202239990234,1.0,5,1,1,19383,7150.84765625,6566.48291015625,0,11285.4755859375,8000.7197265625,12.0,0,0,0,0,0,0,1,1,0,0
19383-72-11-1,1,1,39.0,1,1.0,1,0,0,461.202239990234,4.0,5,1,6,19383,5304.581705729167,6147.599609375,0,10903.577473958334,4059.6123046875,12.0,0,0,0,0,0,0,1,1,0,0
19384-48-11-1,1,1,36.0,1,1.0,0,0,0,443.361114501953,5.0,5,1,4,19384,10047.2099609375,4363.83203125,0,2449.93359375,6603.00244140625,10.0,0,0,0,0,1,0,0,1,0,0
19404-165-11-1,1,1,32.0,1,1.0,0,0,0,269.857238769531,6.0,7,1,3,19404,7352.18359375,3924.9016927083335,1,5031.968098958333,7281.555338541667,7.0,0,1,0,0,0,0,0,1,0,1
19404-166-11-1,1,1,47.0,1,1.0,1,1,0,269.857238769531,6.0,7,1,4,19404,6826.79638671875,4505.30126953125,1,13252.634765625,9678.455078125,,0,0,0,0,0,0,0,0,0,1
19404-167-11-1,1,2,58.0,1,1.0,0,0,0,269.857238769531,3.0,7,1,1,19404,24252.974609375,14733.658203125,0,11143.55859375,8897.1533203125,11.0,0,0,0,0,0,1,0,1,0,0
19410-150-11-1,1,1,55.0,1,1.0,0,0,0,269.857238769531,6.0,7,1,6,19410,7439.342447916667,7630.918619791667,0,3249.99375,2781.905078125,12.0,0,0,0,0,0,0,1,1,0,0
19410-473-11-1,1,1,27.0,1,0.0,1,1,0,269.857238769531,8.0,7,1,3,19410,13133.569010416666,7889.918619791667,0,7468.239583333333,3888.5501302083335,12.0,0,0,0,0,0,0,1,1,0,0
19410-475-11-1,1,1,64.0,1,0.0,0,0,0,269.857238769531,6.0,7,1,2,19410,19643.712890625,11177.416015625,0,15958.43359375,15781.3310546875,12.0,0,0,0,0,0,0,1,1,0,0
19410-476-11-1,1,1,32.0,1,1.0,1,1,0,269.857238769531,6.0,7,1,4,19410,7881.6123046875,4911.470703125,0,5600.1240234375,3461.266357421875,12.0,0,0,0,0,0,0,1,1,0,0
19413-245-11-1,1,1,27.0,1,1.0,0,0,0,279.848693847656,5.0,7,1,3,19413,9260.235677083334,4114.733072916667,0,3275.7809244791665,5234.6669921875,11.0,0,0,0,0,0,1,0,1,0,0
19413-248-11-1,1,1,56.0,1,1.0,0,0,0,279.848693847656,3.0,7,1,1,19413,2280.97485351563,7043.0478515625,0,1453.74670410156,3402.244140625,12.0,0,0,0,0,0,0,1,1,0,0
19413-538-11-1,1,1,37.0,1,1.0,0,0,0,279.848693847656,4.0,7,1,4,19413,2646.319091796875,5351.04541015625,0,11802.388020833334,8838.534505208334,7.0,0,1,0,0,0,0,0,1,0,0
19414-180-11-1,1,1,46.0,1,1.0,0,0,0,279.848693847656,3.0,7,1,8,19414,5703.2451171875,3310.3740234375,0,9077.64453125,3646.7490234375,7.0,0,1,0,0,0,0,0,1,0,0
19414-181-11-1,1,1,58.0,1,1.0,0,0,0,279.848693847656,3.0,7,1,2,19414,7051.66015625,8141.47998046875,0,2880.978271484375,5007.75244140625,12.0,0,0,0,0,0,0,1,1,0,0
19415-174-11-1,1,2,42.0,1,1.0,0,0,0,269.857238769531,3.0,7,1,5,19415,6502.340234375,3391.524609375,0,3215.4052734375,2545.730224609375,12.0,0,0,0,0,0,0,1,1,0,0
19416-23-11-1,1,2,67.0,1,1.0,0,0,0,247.069030761719,3.0,8,1,1,19416,17486.18359375,18924.28125,0,5800.09765625,7703.1171875,11.0,0,0,0,0,0,1,0,1,0,0
19416-67-11-1,1,1,49.0,1,1.0,0,0,0,247.069030761719,4.0,8,1,8,19416,7517.48876953125,3397.31396484375,1,4075.843470982143,4488.428013392857,7.0,0,1,0,0,0,0,0,1,0,1
19416-68-11-1,1,1,46.0,1,1.0,1,0,0,247.069030761719,4.0,8,1,6,19416,8534.841796875,9284.923828125,0,6418.745442708333,8786.838541666666,8.0,0,0,1,0,0,0,0,1,0,0
19416-69-11-1,1,1,76.0,1,1.0,0,0,0,247.069030761719,3.0,8,1,2,19416,8123.02392578125,10418.5498046875,0,17245.990234375,16107.890625,12.0,0,0,0,0,0,0,1,1,0,0
19417-38-11-1,1,2,43.0,1,1.0,1,1,0,279.848693847656,5.0,7,1,4,19417,10442.1025390625,10849.0224609375,1,5629.64208984375,10437.486328125,7.0,0,1,0,0,0,0,0,1,1,1
19417-39-11-1,1,1,70.0,1,1.0,0,0,0,279.848693847656,5.0,7,1,2,19417,19381.673828125,16481.640625,0,22816.178125,13309.303125,12.0,0,0,0,0,0,0,1,1,0,0
19417-113-11-1,1,1,47.0,1,0.0,1,1,0,279.848693847656,4.0,7,1,6,19417,5968.6875,5760.66015625,0,13420.658203125,12140.4765625,12.0,0,0,0,0,0,0,1,1,0,0
19417-114-11-1,1,1,54.0,1,1.0,0,0,0,279.848693847656,3.0,7,1,6,19417,11075.442708333334,8131.161458333333,0,16868.703125,10983.103515625,11.0,0,0,0,0,0,1,0,1,0,0
19417-116-11-1,1,2,47.0,1,1.0,0,0,0,279.848693847656,7.0,7,1,3,19417,6561.652994791667,6189.869791666667,0,8186.024088541667,8120.022786458333,11.0,0,0,0,0,0,1,0,1,0,0
19425-261-11-1,1,2,67.0,1,1.0,0,0,0,265.810089111328,1.0,7,4,1,19425,5420.48388671875,3651.67651367188,0,3209.21630859375,3344.23754882813,12.0,0,0,0,0,0,0,1,1,0,0
19428-14-11-1,1,1,58.0,1,1.0,0,0,0,315.063629150391,4.0,7,4,3,19428,10966.640625,8156.944010416667,0,9492.922526041666,6200.640625,8.0,0,0,1,0,0,0,0,1,1,0
19428-136-11-1,1,2,54.0,1,1.0,0,0,0,315.063629150391,6.0,7,4,1,19428,15298.6708984375,9391.177734375,0,6229.5673828125,9049.41015625,12.0,0,0,0,0,0,0,1,1,0,0
19431-99-11-1,1,1,49.0,1,1.0,0,0,0,273.35302734375,1.0,7,4,3,19431,9185.752604166666,4325.033854166667,0,5291.336263020833,3229.4586588541665,12.0,0,0,0,0,0,0,1,1,0,0
19431-210-11-1,1,1,39.0,1,0.0,0,0,0,273.35302734375,4.0,7,4,4,19431,13418.693359375,5315.015625,0,6285.977864583333,4246.906575520833,12.0,0,0,0,0,0,0,1,1,0,0
19431-213-11-1,1,1,44.0,1,1.0,0,0,0,273.35302734375,3.0,7,4,4,19431,5092.49755859375,5757.4013671875,0,3824.107421875,4155.97216796875,12.0,0,0,0,0,0,0,1,1,0,0
19431-216-11-1,1,1,73.0,1,1.0,0,0,0,273.35302734375,3.0,7,4,4,19431,4083.426513671875,1535.4591064453125,0,6942.432291666667,1386.5764973958333,10.0,0,0,0,0,1,0,0,1,0,0
19431-217-11-1,1,2,32.0,1,1.0,0,0,0,273.35302734375,6.0,7,4,2,19431,6013.49560546875,4203.33203125,0,7297.69287109375,7773.30712890625,12.0,0,0,0,0,0,0,1,1,0,0
19432-7-11-1,1,1,83.0,1,1.0,0,0,0,315.063629150391,5.0,8,4,1,19432,3287.80834960938,5214.36279296875,0,17441.49609375,5822.68505859375,8.0,0,0,1,0,0,0,0,1,0,0
19432-8-11-1,1,2,83.0,1,1.0,0,0,0,315.063629150391,3.0,8,4,1,19432,2843.60986328125,3049.02734375,0,6052.734375,7815.59375,12.0,0,0,0,0,0,0,1,1,0,0
19432-42-11-1,1,1,49.0,1,0.0,0,0,0,315.063629150391,5.0,8,4,1,19432,43347.625,8462.52734375,0,19956.451171875,15206.3701171875,12.0,0,0,0,0,0,0,1,1,0,0
19432-43-11-1,1,2,65.0,1,1.0,0,0,0,315.063629150391,4.0,8,4,2,19432,5863.56298828125,4725.080078125,0,10870.5068359375,15400.791015625,12.0,0,0,0,0,0,0,1,1,0,0
19432-44-11-1,1,1,53.0,1,0.0,0,0,0,315.063629150391,5.0,8,4,3,19432,13004.279947916666,6205.382161458333,0,8679.193359375,5517.657552083333,12.0,0,0,0,0,0,0,1,1,0,0
19433-42-11-1,1,1,51.0,1,1.0,0,0,0,292.938568115234,3.0,7,4,7,19433,2408.9450334821427,2032.8482142857144,0,1778.4462890625,2364.3693359375,12.0,0,0,0,0,0,0,1,1,0,0
19433-43-11-1,1,1,68.0,1,1.0,0,0,0,292.938568115234,4.0,7,4,3,19433,2834.5126953125,1938.5821940104167,0,2293.7838541666665,1644.9236653645833,12.0,0,0,0,0,0,0,1,1,0,0
19433-202-11-1,1,1,42.0,1,1.0,0,0,0,292.938568115234,4.0,7,4,3,19433,4965.770833333333,6677.076171875,0,4069.7161458333335,3942.1100260416665,12.0,0,0,0,0,0,0,1,1,0,0
19433-206-11-1,1,1,53.0,1,0.0,0,0,0,292.938568115234,7.0,7,4,4,19433,4125.0810546875,5465.4970703125,0,11152.647135416666,10760.455729166666,12.0,0,0,0,0,0,0,1,1,0,0
19433-207-11-1,1,1,63.0,1,1.0,0,0,0,292.938568115234,4.0,7,4,2,19433,4999.86767578125,5641.45703125,0,2083.177978515625,5145.8818359375,12.0,0,0,0,0,0,0,1,1,0,0
19434-13-11-1,1,1,28.0,1,1.0,0,0,0,315.063629150391,5.0,8,4,3,19434,2814.912434895833,4622.036783854167,0,6059.3681640625,6373.51220703125,12.0,0,0,0,0,0,0,1,1,0,0
19434-87-11-1,1,2,46.0,1,1.0,0,0,0,315.063629150391,3.0,8,4,4,19434,2121.744140625,2209.878173828125,0,8070.83984375,3751.169921875,12.0,0,0,0,0,0,0,1,1,0,0
19434-88-11-1,1,1,29.0,1,1.0,0,0,0,315.063629150391,4.0,8,4,4,19434,2867.673095703125,2823.123046875,0,993.75126953125,1164.0193359375,12.0,0,0,0,0,0,0,1,1,0,0
19435-98-11-1,1,1,47.0,1,1.0,0,0,0,292.938568115234,6.0,7,4,2,19435,3857.183837890625,3769.090087890625,0,16941.0703125,3486.982177734375,12.0,0,0,0,0,0,0,1,1,0,0
19435-100-11-1,1,1,43.0,1,1.0,0,0,0,292.938568115234,4.0,7,4,3,19435,2479.41650390625,3642.4150390625,0,4529.130533854167,5157.736979166667,12.0,0,0,0,0,0,0,1,1,0,0
19435-248-11-1,1,2,47.0,1,1.0,0,0,0,292.938568115234,3.0,7,4,3,19435,7001.653645833333,4197.569661458333,0,1155.2263997395833,3117.412434895833,12.0,0,0,0,0,0,0,1,1,0,0
19435-249-11-1,1,1,49.0,1,1.0,0,0,0,292.938568115234,3.0,7,4,4,19435,8270.5595703125,6437.59814453125,0,6171.7421875,4914.19873046875,12.0,0,0,0,0,0,0,1,1,0,0
19435-250-11-1,1,1,60.0,1,1.0,0,0,0,292.938568115234,4.0,7,4,2,19435,5148.7333984375,2719.644287109375,0,5958.166015625,4214.0537109375,12.0,0,0,0,0,0,0,1,1,0,0
19435-251-11-1,1,1,44.0,1,1.0,0,0,0,292.938568115234,1.0,7,4,1,19435,869.029663085938,2396.58471679688,0,7772.17333984375,3590.40502929688,12.0,0,0,0,0,0,0,1,1,0,0
19437-38-11-1,1,1,64.0,1,1.0,0,0,0,265.810089111328,5.0,8,4,4,19437,5706.24853515625,4717.10302734375,0,2992.644775390625,4156.345703125,8.0,0,0,1,0,0,0,0,1,0,0
19437-40-11-1,1,2,26.0,1,1.0,1,0,0,265.810089111328,5.0,8,4,5,19437,7124.7609375,3600.91484375,0,4931.81328125,4192.802734375,8.0,0,0,1,0,0,0,0,1,0,0
19443-47-11-1,1,2,48.0,1,0.0,0,0,0,343.039428710938,7.0,2,6,3,19443,6572.486328125,9827.214192708334,1,11888.623697916666,4205.512369791667,7.0,0,1,0,0,0,0,0,1,0,1
19455-15-11-1,1,2,47.0,1,1.0,0,0,0,3.43246388435364,6.0,2,6,5,19455,5267.775,3414.8796875,0,4890.388671875,3328.658935546875,8.0,0,0,1,0,0,0,0,1,0,0
19457-57-11-1,1,2,67.0,1,1.0,0,0,0,743.897094726563,4.0,2,6,1,19457,1886.24548339844,15696.9033203125,0,7679.17724609375,9840.529296875,8.0,0,0,1,0,0,0,0,1,0,0
19457-144-11-1,1,2,47.0,1,1.0,0,0,0,743.897094726563,6.0,2,6,5,19457,9730.8140625,4840.240234375,0,5005.11171875,3532.25078125,11.0,0,0,0,0,0,1,0,1,0,0
19458-148-11-1,1,2,67.0,1,0.0,0,0,0,337.222442626953,10.0,2,6,4,19458,11490.2548828125,5837.1044921875,0,1723.45495605469,13340.6201171875,8.0,0,0,1,0,0,0,0,1,0,0
19459-76-11-1,1,1,57.0,1,1.0,1,0,0,730.606994628906,9.0,2,6,3,19459,10022.942708333334,5133.564453125,1,1173.40926106771,5179.228841145833,11.0,0,0,0,0,0,1,0,1,1,1
19470-71-11-1,1,2,53.0,1,1.0,0,0,0,991.86279296875,5.0,5,6,5,19470,6432.079296875,4393.026171875,1,7777.4306640625,4771.015625,7.0,0,1,0,0,0,0,0,1,0,1
19517-7-11-1,1,2,29.0,1,1.0,0,0,0,446.930328369141,6.0,5,6,2,19517,3197.510009765625,5607.47900390625,0,3363.23095703125,4909.17724609375,8.0,0,0,1,0,0,0,0,1,0,0
19517-31-11-1,1,2,40.0,1,1.0,0,0,0,446.930328369141,5.0,5,6,4,19517,1638.9483642578125,3042.864990234375,0,7183.7822265625,7722.619140625,8.0,0,0,1,0,0,0,0,1,0,0
19519-66-11-1,1,1,41.0,1,1.0,1,1,0,156.012939453125,6.0,5,6,5,19519,3884.82890625,5192.05546875,0,5856.264453125,5366.358203125,11.0,0,0,0,0,0,1,0,1,0,0
19520-126-11-1,1,1,50.0,1,0.0,0,0,0,974.142639160156,4.0,5,6,1,19520,11487.6318359375,6343.94189453125,0,17238.095703125,12868.359375,8.0,0,0,1,0,0,0,0,1,0,0
19521-59-11-1,1,2,61.0,1,1.0,0,0,0,1072.21057128906,4.0,5,6,3,19521,5826.695963541667,5153.960611979167,0,8677.366536458334,7141.248697916667,8.0,0,0,1,0,0,0,0,1,0,0
19521-93-11-1,1,2,54.0,1,1.0,0,0,0,1072.21057128906,6.0,5,6,2,19521,4539.46533203125,7209.7333984375,0,4657.6494140625,7268.0546875,12.0,0,0,0,0,0,0,1,1,0,0
19523-9-11-1,1,1,34.0,1,1.0,0,0,0,974.142639160156,6.0,5,6,4,19523,1544.89208984375,1995.1680908203125,0,2101.302490234375,3061.28173828125,10.0,0,0,0,0,1,0,0,1,0,0
19523-93-11-1,1,1,63.0,1,1.0,0,0,0,974.142639160156,4.0,5,6,4,19523,3979.624267578125,4659.6611328125,0,3051.977864583333,5126.209635416667,12.0,0,0,0,0,0,0,1,1,0,0
19524-35-11-1,1,2,58.0,1,1.0,1,0,0,446.930328369141,7.0,2,6,2,19524,10454.654296875,11048.5419921875,1,19811.998046875,9727.8740234375,7.0,0,1,0,0,0,0,0,1,0,1
19524-51-11-1,1,2,36.0,1,1.0,0,0,0,446.930328369141,9.0,2,6,3,19524,19264.0,17647.55078125,1,5380.776041666667,7164.322916666667,7.0,0,1,0,0,0,0,0,1,0,1
19525-1-11-1,1,2,55.0,1,1.0,0,0,0,1135.78857421875,7.0,2,6,4,19525,4459.80615234375,6236.98486328125,0,5354.333333333333,4877.922200520833,8.0,0,0,1,0,0,0,0,1,0,0
19525-41-11-1,1,1,57.0,1,1.0,0,0,0,1135.78857421875,4.0,2,6,5,19525,8927.4734375,3982.043359375,0,7719.9833984375,4055.59228515625,8.0,0,0,1,0,0,0,0,1,0,0
19531-47-11-1,1,2,47.0,1,1.0,1,0,0,168.651077270508,5.0,2,6,4,19531,5152.501953125,4544.19482421875,0,5032.47265625,8593.42578125,12.0,0,0,0,0,0,0,1,1,0,0
19535-72-11-1,1,1,52.0,1,1.0,0,0,0,1135.78857421875,4.0,2,6,10,19535,6702.0375,3827.703515625,0,6961.96630859375,4387.97119140625,11.0,0,0,0,0,0,1,0,1,0,0
19536-36-11-1,1,1,30.0,1,1.0,0,0,0,974.142639160156,6.0,5,6,6,19536,4968.603841145833,5220.341796875,0,1998.1183268229167,4084.2513020833335,8.0,0,0,1,0,0,0,0,1,0,0
19538-163-11-1,1,1,75.0,1,1.0,0,0,0,329.765197753906,4.0,7,6,1,19538,5053.400390625,2760.81787109375,0,5204.08447265625,4568.41259765625,8.0,0,0,1,0,0,0,0,1,0,0
19585-13-11-1,1,1,67.0,1,1.0,0,0,0,319.367858886719,5.0,8,6,3,19585,1544.1656901041667,6624.475911458333,0,1922.690063476565,4084.27587890625,12.0,0,0,0,0,0,0,1,1,0,0
19585-16-11-1,1,2,46.0,1,0.0,0,0,0,319.367858886719,5.0,8,6,4,19585,6965.09375,5369.2373046875,1,1749.8651123046875,4463.85791015625,7.0,0,1,0,0,0,0,0,1,0,1
19585-72-11-1,1,2,47.0,1,1.0,0,0,0,319.367858886719,3.0,8,6,4,19585,8109.0380859375,9061.4755859375,0,5668.783203125,6286.89111328125,8.0,0,0,1,0,0,0,0,1,0,0
19594-70-11-1,1,2,47.0,1,1.0,0,0,0,319.367858886719,3.0,7,6,5,19594,2453.8412109375,2501.595703125,0,3953.2359375,3107.925390625,8.0,0,0,1,0,0,0,0,1,0,0
19594-198-11-1,1,1,61.0,1,1.0,0,0,0,319.367858886719,5.0,7,6,5,19594,3762.650390625,5145.06015625,0,9550.790625,8279.95,12.0,0,0,0,0,0,0,1,1,0,0
19594-204-11-1,1,2,30.0,1,1.0,0,0,0,319.367858886719,6.0,7,6,3,19594,3156.197591145833,3266.580403645833,0,2533.3055013020835,3840.1549479166665,12.0,0,0,0,0,0,0,1,1,0,0
19595-5-11-1,1,2,45.0,1,1.0,0,0,0,339.290557861328,6.0,7,6,3,19595,1214.0,6190.859375,1,8988.701822916666,5176.972330729167,8.0,0,0,1,0,0,0,0,1,0,1
19596-208-11-1,1,1,53.0,1,1.0,0,0,0,329.765197753906,5.0,7,6,2,19596,3928.8837890625,9137.4169921875,0,4281.9541015625,10226.359375,12.0,0,0,0,0,0,0,1,1,0,0
19596-447-11-1,1,1,74.0,1,1.0,0,0,0,329.765197753906,4.0,7,6,2,19596,2343.6298828125,2658.33056640625,0,5890.0927734375,6109.42041015625,12.0,0,0,0,0,0,0,1,1,0,0
19596-449-11-1,1,2,72.0,1,1.0,0,0,0,329.765197753906,3.0,7,6,1,19596,3725.33325195313,3425.689453125,0,35307.34765625,4845.08447265625,12.0,0,0,0,0,0,0,1,1,0,0
19596-452-11-1,1,1,67.0,1,1.0,0,0,0,329.765197753906,4.0,7,6,2,19596,2524.675537109375,1926.68884277344,0,3507.0185546875,1669.7874348958333,12.0,0,0,0,0,0,0,1,1,0,0
19598-50-11-1,1,2,54.0,1,1.0,0,0,0,329.765197753906,3.0,8,6,3,19598,10803.895182291666,18915.592447916668,0,6955.229817708333,6755.455729166667,7.0,0,1,0,0,0,0,0,1,0,0
19598-53-11-1,1,1,70.0,1,1.0,0,0,0,329.765197753906,1.0,8,6,1,19598,9168.4716796875,7438.70166015625,0,8655.17578125,10647.328125,8.0,0,0,1,0,0,0,0,1,0,0
19598-55-11-1,1,2,61.0,1,1.0,0,0,0,329.765197753906,3.0,8,6,2,19598,9875.34765625,5290.59912109375,0,6200.61083984375,13086.0302734375,7.0,0,1,0,0,0,0,0,1,0,0
19599-8-11-1,1,2,69.0,1,1.0,0,0,0,351.317138671875,4.0,8,6,1,19599,3704.16430664063,2281.95703125,0,3968.22534179688,2749.3466796875,12.0,0,0,0,0,0,0,1,1,0,0
19599-50-11-1,1,1,59.0,1,1.0,0,0,0,351.317138671875,5.0,8,6,2,19599,1126.06530761719,4117.501953125,0,7441.583984375,2872.1962890625,12.0,0,0,0,0,0,0,1,1,0,0
19600-62-11-1,1,1,51.0,1,1.0,0,0,0,339.290557861328,8.0,6,6,5,19600,7626.25546875,4409.236328125,1,10478.16796875,8679.4453125,7.0,0,1,0,0,0,0,0,1,0,1
19600-108-11-1,1,2,60.0,1,1.0,0,0,0,339.290557861328,4.0,6,6,1,19600,118781.3203125,43058.69140625,1,13328.0458984375,8172.6298828125,7.0,0,1,0,0,0,0,0,1,0,1
19601-79-11-1,1,2,71.0,1,1.0,0,0,0,329.765197753906,1.0,7,6,1,19601,8435.34765625,4302.35693359375,0,58340.12890625,5166.35693359375,8.0,0,0,1,0,0,0,0,1,0,0
19602-31-11-1,1,1,82.0,1,1.0,0,0,0,351.317138671875,3.0,7,6,2,19602,4961.45947265625,4702.169921875,0,4635.20361328125,1883.46923828125,12.0,0,0,0,0,0,0,1,1,0,0
19602-161-11-1,1,1,32.0,1,1.0,0,0,0,351.317138671875,8.0,7,6,4,19602,2257.701171875,2937.498291015625,0,1406.380126953125,1655.980224609375,12.0,0,0,0,0,0,0,1,1,0,0
19602-164-11-1,1,1,40.0,1,1.0,1,1,0,351.317138671875,8.0,7,6,4,19602,4008.987548828125,4628.5546875,0,3146.75732421875,3101.087646484375,9.0,0,0,0,1,0,0,0,1,0,0
19603-144-11-1,1,2,77.0,1,1.0,0,0,0,351.317138671875,1.0,7,6,2,19603,5427.529296875,1845.54138183594,0,9419.607421875,2227.6064453125,12.0,0,0,0,0,0,0,1,1,0,0
19605-494-11-1,1,1,66.0,1,1.0,0,0,0,329.765197753906,5.0,7,6,2,19605,4838.99072265625,8076.05078125,0,3144.303466796875,5370.86279296875,7.0,0,1,0,0,0,0,0,1,0,0
19608-151-11-1,1,1,76.0,1,1.0,0,0,0,319.367858886719,4.0,7,6,2,19608,7604.3662109375,3373.781005859375,0,3102.41015625,3727.635498046875,12.0,0,0,0,0,0,0,1,1,0,0
19608-153-11-1,1,1,57.0,1,1.0,0,0,0,319.367858886719,5.0,7,6,5,19608,2895.1671875,1870.9751953125,0,2794.587109375,2059.926171875,8.0,0,0,1,0,0,0,0,1,0,0
19609-41-11-1,1,1,36.0,1,1.0,0,0,0,339.290557861328,6.0,7,6,7,19609,1241.6040736607142,2454.6213727678573,0,3488.531640625,3842.287890625,11.0,0,0,0,0,0,1,0,1,0,0
19609-42-11-1,1,1,56.0,1,1.0,0,0,0,339.290557861328,4.0,7,6,3,19609,1159.831949869793,4074.1705729166665,0,3213.708251953125,7641.87451171875,11.0,0,0,0,0,0,1,0,1,0,0
19609-241-11-1,1,1,34.0,1,1.0,0,0,0,339.290557861328,6.0,7,6,4,19609,2596.86669921875,3691.964111328125,0,5930.27685546875,5614.95947265625,8.0,0,0,1,0,0,0,0,1,0,0
19609-246-11-1,1,1,59.0,1,1.0,0,0,0,339.290557861328,3.0,7,6,1,19609,9870.4189453125,10309.7470703125,0,8613.994140625,6078.10498046875,11.0,0,0,0,0,0,1,0,1,0,0
19613-141-11-1,1,2,55.0,1,1.0,0,0,0,351.317138671875,6.0,6,6,2,19613,3911.72705078125,7728.96435546875,0,13163.6181640625,12574.3974609375,7.0,0,1,0,0,0,0,0,1,0,0
19615-7-11-1,1,2,43.0,1,1.0,0,0,0,339.290557861328,4.0,7,6,2,19615,2061.65966796875,9151.1962890625,0,4862.36474609375,5299.22509765625,8.0,0,0,1,0,0,0,0,1,0,0
19615-101-11-1,1,1,58.0,1,1.0,0,0,0,339.290557861328,6.0,7,6,4,19615,2530.3076171875,5152.595703125,0,1226.50283203125,6109.647265625,8.0,0,0,1,0,0,0,0,1,0,0
19616-187-11-1,1,1,38.0,1,1.0,0,0,0,319.367858886719,6.0,7,6,3,19616,6249.255859375,5786.537109375,0,7924.004557291667,3930.4111328125,10.0,0,0,0,0,1,0,0,1,0,0
19616-188-11-1,1,2,67.0,1,1.0,0,0,0,319.367858886719,3.0,7,6,2,19616,4000.5087890625,4191.2939453125,0,2698.15576171875,5230.93310546875,10.0,0,0,0,0,1,0,0,1,0,0
19619-28-11-1,1,2,40.0,1,1.0,0,0,0,329.765197753906,5.0,8,6,4,19619,1445.08544921875,2886.00439453125,0,5887.19140625,2590.705810546875,12.0,0,0,0,0,0,0,1,1,0,0
19622-149-11-1,1,2,62.0,1,1.0,0,0,0,452.752777099609,4.0,7,7,1,19622,6103.61328125,15842.3798828125,0,63436.30078125,10875.2451171875,12.0,0,0,0,0,0,0,1,1,0,0
19622-150-11-1,1,2,51.0,1,1.0,0,0,0,452.752777099609,4.0,7,7,3,19622,2895.9322916666665,5655.786458333333,0,3230.57568359375,5650.677734375,8.0,0,0,1,0,0,0,0,1,0,0
19622-154-11-1,1,2,46.0,1,1.0,0,0,0,452.752777099609,5.0,7,7,2,19622,9431.5,7828.203125,0,10831.427734375,14573.3369140625,10.0,0,0,0,0,1,0,0,1,0,0
19623-55-11-1,1,1,41.0,1,0.0,1,1,0,288.857360839844,6.0,3,7,4,19623,8694.865234375,7682.4853515625,1,17485.8984375,18390.05859375,,0,0,0,0,0,0,0,0,0,1
19623-66-11-1,1,1,32.0,1,1.0,1,0,0,288.857360839844,6.0,3,7,5,19623,9997.2421875,5140.981640625,0,9878.41171875,5497.6953125,7.0,0,1,0,0,0,0,0,1,0,0
19645-9-11-1,1,1,47.0,1,0.0,1,0,0,85.6151962280273,6.0,3,7,7,19645,6760.114955357143,4680.971540178572,1,7517.390066964285,5245.319754464285,,0,0,0,0,0,0,0,0,0,1
19645-22-11-1,1,1,46.0,1,0.0,1,1,0,85.6151962280273,8.0,3,7,4,19645,6472.7236328125,4456.77734375,1,7292.7412109375,9288.9384765625,11.0,0,0,0,0,0,1,0,1,0,1
19646-62-11-1,1,1,46.0,1,0.0,0,0,0,408.255523681641,6.0,3,7,4,19646,10349.44140625,6682.4326171875,0,7421.17578125,8368.651692708334,7.0,0,1,0,0,0,0,0,1,0,0
19676-32-11-1,1,2,66.0,1,0.0,0,0,0,117.02108001709,8.0,4,7,1,19676,30430.349609375,19380.455078125,1,15478.708984375,10888.6025390625,7.0,0,1,0,0,0,0,0,1,0,1
19677-85-11-1,1,2,46.0,1,0.0,0,0,0,408.255523681641,5.0,4,7,2,19677,31337.013671875,10640.4072265625,0,13657.0,20945.291015625,12.0,0,0,0,0,0,0,1,1,0,0
19679-184-11-1,1,2,42.0,1,1.0,1,1,0,120.248344421387,3.0,5,7,2,19679,23162.794921875,13778.50390625,0,34126.80078125,15249.2421875,8.0,0,0,1,0,0,0,0,1,0,0
19680-129-11-1,1,1,40.0,1,1.0,0,0,0,408.255523681641,3.0,5,7,4,19680,5505.69140625,2859.23681640625,0,4388.94677734375,4903.30908203125,9.0,0,0,0,1,0,0,0,1,0,0
19683-85-11-1,1,1,59.0,1,1.0,0,0,0,120.248344421387,5.0,5,7,2,19683,17478.876953125,13102.6884765625,1,20334.33984375,16561.279296875,,0,0,0,0,0,0,0,0,1,1
19713-305-11-1,1,1,42.0,1,1.0,0,0,0,162.846343994141,4.0,7,7,6,19713,4824.167317708333,4961.947265625,0,5868.332421875,6731.8796875,10.0,0,0,0,0,1,0,0,1,0,0
19713-306-11-1,1,1,33.0,1,0.0,0,0,0,162.846343994141,4.0,7,7,4,19713,2720.863037109375,3923.323974609375,0,6392.96826171875,8302.380859375,10.0,0,0,0,0,1,0,0,1,0,0
19715-116-11-1,1,1,81.0,1,1.0,0,0,0,150.03825378418,3.0,7,7,2,19715,4840.392578125,5130.60302734375,0,5773.988932291667,3809.3388671875,12.0,0,0,0,0,0,0,1,1,0,0
19715-119-11-1,1,1,83.0,1,1.0,0,0,0,150.03825378418,3.0,7,7,2,19715,6538.0595703125,6849.4052734375,0,10844.970703125,4883.2734375,12.0,0,0,0,0,0,0,1,1,0,0
19715-120-11-1,1,1,85.0,1,1.0,0,0,0,150.03825378418,4.0,7,7,2,19715,7671.68115234375,8020.90283203125,0,5716.61376953125,7851.943359375,12.0,0,0,0,0,0,0,1,1,0,0
19716-86-11-1,1,2,75.0,1,1.0,0,0,0,162.846343994141,1.0,7,7,1,19716,8307.19921875,8851.82421875,0,3497.74853515625,3676.62817382813,12.0,0,0,0,0,0,0,1,1,0,0
19716-87-11-1,1,2,50.0,1,1.0,1,0,0,162.846343994141,3.0,7,7,1,19716,15384.9921875,14268.119140625,0,8776.5185546875,6852.56298828125,12.0,0,0,0,0,0,0,1,1,0,0
19718-87-11-1,1,2,33.0,1,1.0,0,0,0,162.846343994141,4.0,6,7,3,19718,1897.632649739584,3582.351888020833,0,7182.896484375,7147.580078125,9.0,0,0,0,1,0,0,0,1,0,0
19718-97-11-1,1,1,31.0,1,0.0,1,1,0,162.846343994141,9.0,6,7,3,19718,5083.728515625,6688.146484375,0,8365.6123046875,6551.7998046875,11.0,0,0,0,0,0,1,0,1,0,0
19719-5-11-1,1,1,45.0,1,1.0,0,0,0,162.846343994141,4.0,7,7,5,19719,7520.225,7742.2578125,0,3948.891015625,7283.49921875,12.0,0,0,0,0,0,0,1,1,0,0
19719-104-11-1,1,1,53.0,1,1.0,0,0,0,162.846343994141,4.0,7,7,3,19719,11696.955729166666,8132.367838541667,0,7049.82109375,4864.27421875,10.0,0,0,0,0,1,0,0,1,0,0
19719-107-11-1,1,1,45.0,1,1.0,0,0,0,162.846343994141,5.0,7,7,4,19719,3446.026123046875,4950.26708984375,0,3838.426025390625,4528.06103515625,12.0,0,0,0,0,0,0,1,1,1,0
19719-108-11-1,1,1,25.0,1,0.0,1,1,0,162.846343994141,3.0,7,7,3,19719,52898.953125,8699.143229166666,0,16888.8359375,11339.194010416666,8.0,0,0,1,0,0,0,0,1,0,0
19720-37-11-1,1,1,68.0,1,1.0,0,0,0,179.83235168457,3.0,7,7,3,19720,20573.158854166668,8321.272135416666,0,6829.80419921875,13192.6142578125,10.0,0,0,0,0,1,0,0,1,0,0
19720-40-11-1,1,1,51.0,1,1.0,0,0,0,179.83235168457,1.0,7,7,7,19720,5774.828125,5706.626674107143,0,5248.833705357143,3600.770368303572,10.0,0,0,0,0,1,0,0,1,0,0
19720-120-11-1,1,1,82.0,1,0.0,0,0,0,179.83235168457,3.0,7,7,1,19720,50790.70703125,15839.4580078125,0,10684.6201171875,8511.7578125,12.0,0,0,0,0,0,0,1,1,0,0
19751-37-11-1,1,1,29.0,1,0.0,1,1,0,90.1862564086914,9.0,2,7,2,19751,48024.6796875,48132.29296875,1,51230.890625,18618.51302083333,7.0,0,1,0,0,0,0,0,1,0,1
19751-84-11-1,1,1,25.0,1,1.0,0,1,0,90.1862564086914,6.0,2,7,4,19751,5480.416015625,5249.95947265625,0,3826.571533203125,8741.6669921875,7.0,0,1,0,0,0,0,0,1,0,0
19751-102-12-1,1,1,55.0,1,1.0,0,0,0,90.1862564086914,5.0,2,7,5,19751,3900.8078125,3450.851953125,0,8162.27265625,6031.697265625,11.0,0,0,0,0,0,1,0,1,0,0
19752-84-11-1,1,1,27.0,1,0.0,1,1,0,96.3287353515625,8.0,2,7,3,19752,10418.209635416666,11264.985677083334,1,10618.503255208334,9905.588541666666,7.0,0,1,0,0,0,0,0,1,0,1
19756-19-11-1,1,2,70.0,1,1.0,0,0,0,120.248344421387,1.0,2,7,1,19756,26493.96484375,28774.388671875,0,20168.43359375,15550.189453125,12.0,0,0,0,0,0,0,1,1,0,0
19756-81-11-1,1,2,57.0,1,0.0,1,1,0,120.248344421387,8.0,2,7,4,19756,36292.625,21185.923828125,0,29955.6640625,10636.2958984375,7.0,0,1,0,0,0,0,0,1,0,0
19756-96-11-1,1,1,38.0,1,0.0,1,0,0,120.248344421387,6.0,2,7,5,19756,6155.371875,7975.05546875,0,4153.64140625,3673.91640625,12.0,0,0,0,0,0,0,1,1,0,0
19760-102-11-1,1,1,26.0,1,0.0,1,1,0,370.189361572266,8.0,2,7,4,19760,7122.75146484375,4947.08447265625,1,6023.34130859375,4452.86474609375,,0,0,0,0,0,0,0,0,0,1
19761-17-11-1,1,2,56.0,1,1.0,1,0,0,90.1862564086914,6.0,2,7,2,19761,5604.5,18397.876953125,1,10977.2265625,14516.631510416666,7.0,0,1,0,0,0,0,0,1,0,1
19763-7-11-1,1,1,37.0,1,1.0,1,1,0,96.3287353515625,5.0,2,7,3,19763,8985.729817708334,16789.622395833332,1,6456.2236328125,6340.201171875,7.0,0,1,0,0,0,0,0,1,0,1
19763-137-11-1,1,2,42.0,1,1.0,1,0,0,96.3287353515625,8.0,2,7,2,19763,9765.6533203125,7795.70654296875,1,23904.546875,15898.861979166666,,0,0,0,0,0,0,0,0,0,1
19764-22-11-1,1,2,21.0,1,1.0,1,1,0,288.857360839844,9.0,2,7,1,19764,18842.87109375,21185.271484375,0,42109.953125,25156.865234375,12.0,0,0,0,0,0,0,1,1,0,0
19764-92-11-1,1,2,53.0,1,0.0,0,0,0,288.857360839844,7.0,2,7,4,19764,14065.98828125,8840.6630859375,0,28401.322265625,14683.56640625,12.0,0,0,0,0,0,0,1,1,0,0
19764-119-11-1,1,1,72.0,1,1.0,0,0,0,288.857360839844,1.0,2,7,4,19764,5303.6552734375,3331.560546875,0,7256.880859375,3652.60400390625,12.0,0,0,0,0,0,0,1,1,0,0
19783-100-11-1,1,2,35.0,1,1.0,1,1,0,120.248344421387,7.0,5,7,2,19783,9101.4765625,10209.837890625,1,15619.6806640625,10591.33984375,7.0,0,1,0,0,0,0,0,1,0,1
19786-6-11-1,1,2,58.0,1,1.0,1,0,0,117.02108001709,10.0,5,7,1,19786,11682.99609375,11338.646484375,0,10260.869140625,11294.2421875,12.0,0,0,0,0,0,0,1,1,0,0
19786-35-11-1,1,1,80.0,1,0.0,1,1,0,117.02108001709,6.0,5,7,2,19786,23550.064453125,29604.15625,0,28934.169921875,20590.591796875,12.0,0,0,0,0,0,0,1,1,0,0
19787-39-11-1,1,2,45.0,1,0.0,1,1,0,120.248344421387,8.0,5,7,2,19787,25429.73828125,28665.599609375,0,12580.115234375,15972.19140625,12.0,0,0,0,0,0,0,1,1,0,0
19789-31-11-1,1,2,34.0,1,0.0,1,0,0,370.189361572266,10.0,5,7,3,19789,23937.27864583333,10982.2578125,1,27243.1015625,14612.868489583334,7.0,0,1,0,0,0,0,0,1,0,1
19790-50-11-1,1,1,62.0,1,1.0,1,0,0,408.255523681641,4.0,5,7,3,19790,10702.670572916666,5630.366536458333,1,11885.684895833334,8484.954427083334,7.0,0,1,0,0,0,0,0,1,0,1
19791-19-11-1,1,1,51.0,1,1.0,0,0,0,370.189361572266,6.0,4,7,3,19791,7106.658203125,5740.37109375,1,4248.483072916667,5523.602213541667,7.0,0,1,0,0,0,0,0,1,0,1
19791-78-11-1,1,2,59.0,1,1.0,0,0,0,370.189361572266,4.0,4,7,1,19791,11266.5400390625,8206.88671875,1,36121.30859375,28783.130859375,7.0,0,1,0,0,0,0,0,1,0,1
19792-60-11-1,1,2,49.0,1,0.0,0,0,0,385.143157958984,8.0,5,7,3,19792,13596.171875,10682.271484375,1,22451.60677083333,13456.56640625,7.0,0,1,0,0,0,0,0,1,0,1
19793-30-12-1,1,1,48.0,1,1.0,0,0,0,424.970977783203,4.0,5,7,3,19793,7171.748046875,5556.186848958333,0,13925.37109375,8662.6494140625,8.0,0,0,1,0,0,0,0,1,0,0
19793-76-11-1,1,1,22.0,1,0.0,1,0,0,424.970977783203,8.0,5,7,1,19793,38128.74609375,27993.7109375,0,42469.3984375,30613.091796875,8.0,0,0,1,0,0,0,0,1,0,0
19794-20-11-1,1,2,49.0,1,0.0,1,0,0,424.970977783203,4.0,5,7,4,19794,15244.650390625,9035.8486328125,1,12330.4755859375,13839.529296875,7.0,0,1,0,0,0,0,0,1,0,1
19794-107-11-1,1,1,39.0,1,1.0,1,0,0,424.970977783203,6.0,5,7,1,19794,16136.333984375,16014.81640625,0,23324.8125,16024.427734375,10.0,0,0,0,0,1,0,0,1,0,0
19795-113-11-1,1,2,35.0,1,1.0,1,0,0,408.255523681641,6.0,5,7,4,19795,7136.353515625,4939.26806640625,0,8635.04296875,5861.15966796875,9.0,0,0,0,1,0,0,0,1,0,0
19796-83-11-1,1,1,38.0,1,0.0,0,0,0,385.143157958984,7.0,5,7,3,19796,4297.921223958333,4635.297200520833,0,5424.6484375,4246.84716796875,9.0,0,0,0,1,0,0,0,1,0,0
19796-122-11-1,1,1,44.0,1,1.0,0,0,0,385.143157958984,4.0,5,7,8,19796,10728.0791015625,4979.2255859375,0,1631.0950520833333,2280.600043402778,8.0,0,0,1,0,0,0,0,1,0,0
19817-15-11-1,1,1,52.0,1,1.0,0,0,0,179.83235168457,3.0,7,7,3,19817,2176.79833984375,2636.2862955729165,0,14861.6416015625,10499.955078125,12.0,0,0,0,0,0,0,1,1,0,0
19818-11-11-1,1,1,23.0,1,1.0,1,0,0,179.83235168457,6.0,6,7,4,19818,7421.68212890625,6767.61328125,1,8935.53125,8052.45361328125,7.0,0,1,0,0,0,0,0,1,0,1
19818-45-11-1,1,2,82.0,1,1.0,0,0,0,179.83235168457,4.0,6,7,1,19818,10880.1923828125,8702.5546875,0,11360.333984375,10856.748046875,12.0,0,0,0,0,0,0,1,1,0,0
19818-70-11-1,1,1,66.0,1,1.0,0,0,0,179.83235168457,4.0,6,7,3,19818,14712.829427083334,8033.130208333333,1,14740.033203125,9703.44921875,7.0,0,1,0,0,0,0,0,1,0,1
19820-6-11-1,1,1,55.0,1,1.0,0,0,0,150.03825378418,4.0,8,7,3,19820,9599.119140625,3377.9586588541665,0,14899.7705078125,10522.75390625,9.0,0,0,0,1,0,0,0,1,0,0
19820-8-11-1,1,1,38.0,1,1.0,0,0,0,150.03825378418,6.0,8,7,4,19820,3595.58203125,5135.3310546875,0,4275.815234375,3734.22109375,9.0,0,0,0,1,0,0,0,1,0,0
19820-34-11-1,1,1,39.0,1,0.0,0,0,0,150.03825378418,6.0,8,7,3,19820,12342.690104166666,8920.750651041666,1,8504.294921875,8391.102213541666,7.0,0,1,0,0,0,0,0,1,0,1
19821-92-11-1,1,2,43.0,1,1.0,0,0,0,142.552352905273,6.0,7,7,5,19821,7708.1828125,6214.36875,0,9770.647135416666,6084.611328125,8.0,0,0,1,0,0,0,0,1,0,0
19821-93-11-1,1,1,41.0,1,0.0,0,0,0,142.552352905273,3.0,7,7,3,19821,12525.794270833334,6859.7578125,1,13225.35,8480.2875,7.0,0,1,0,0,0,0,0,1,0,1
19821-96-11-1,1,1,62.0,1,1.0,0,0,0,142.552352905273,3.0,7,7,2,19821,17804.421875,5605.63671875,0,14739.591796875,6150.673828125,7.0,0,1,0,0,0,0,0,1,0,0
19822-25-11-1,1,1,72.0,1,1.0,0,0,0,162.846343994141,3.0,8,7,6,19822,6758.869791666667,5151.41796875,0,9136.313151041666,5633.11328125,10.0,0,0,0,0,1,0,0,1,0,0
19822-26-11-1,1,1,67.0,1,1.0,0,0,0,162.846343994141,4.0,8,7,2,19822,6158.77783203125,5881.3671875,0,11037.51953125,6011.72021484375,10.0,0,0,0,0,1,0,0,1,0,0
19823-73-11-1,1,1,49.0,1,1.0,0,0,0,162.846343994141,6.0,7,7,7,19823,5116.338727678572,3832.375837053572,1,14314.9658203125,10154.5986328125,7.0,0,1,0,0,0,0,0,1,0,1
19823-80-11-1,1,2,60.0,1,1.0,0,0,0,162.846343994141,3.0,7,7,1,19823,53181.55859375,12673.83984375,1,21924.048828125,8945.82421875,7.0,0,1,0,0,0,0,0,1,0,1
19824-152-11-1,1,2,66.0,1,1.0,0,0,0,142.552352905273,1.0,7,7,3,19824,7748.399739583333,7562.360026041667,1,5545.3779296875,13330.8056640625,7.0,0,1,0,0,0,0,0,1,0,1
19908-116-11-1,1,2,39.0,1,1.0,0,0,0,403.299835205078,6.0,2,3,3,19908,6059.698567708333,6877.570963541667,1,6337.688151041667,11389.498697916666,7.0,0,1,0,0,0,0,0,1,0,1
19912-4-11-1,1,1,43.0,1,1.0,0,0,0,37.8614120483398,6.0,2,3,1,19912,14348.0,11770.0166015625,1,25647.0,12788.9765625,8.0,0,0,1,0,0,0,0,1,0,1
19912-51-11-1,1,2,41.0,1,1.0,0,0,0,37.8614120483398,5.0,2,3,4,19912,7040.62060546875,7309.615234375,0,4321.1796875,7422.67724609375,9.0,0,0,0,1,0,0,0,1,0,0
19931-48-11-1,1,2,43.0,1,0.0,1,1,0,6.80903673171997,10.0,2,3,3,19931,16891.333333333332,16943.3046875,0,16568.666666666668,17204.423177083332,7.0,0,1,0,0,0,0,0,1,0,0
19932-38-11-1,1,1,69.0,1,1.0,1,1,0,7.10971641540527,9.0,2,3,3,19932,19756.596354166668,16486.69140625,0,21544.807291666668,14795.610677083334,12.0,0,0,0,0,0,0,1,1,0,0
19933-43-11-1,1,2,46.0,1,1.0,0,0,0,7.39355611801147,6.0,2,3,4,19933,4748.90869140625,5537.8466796875,0,5050.0478515625,4112.47314453125,12.0,0,0,0,0,0,0,1,1,0,0
19938-74-11-1,1,1,61.0,1,1.0,0,0,0,396.512878417969,4.0,2,3,3,19938,7345.300130208333,3376.9313151041665,0,5110.8076171875,5905.015625,8.0,0,0,1,0,0,0,0,1,0,0
19941-28-11-1,1,2,57.0,1,1.0,0,0,0,37.6664161682129,3.0,2,3,4,19941,5822.599609375,5635.60791015625,0,10110.2626953125,7267.54931640625,8.0,0,0,1,0,0,0,0,1,0,0
19946-25-11-1,1,1,69.0,1,0.0,0,0,0,81.9341430664063,4.0,2,3,2,19946,16859.49609375,10915.7958984375,0,24868.947265625,10726.0673828125,9.0,0,0,0,1,0,0,0,1,0,0
19952-78-11-1,1,1,53.0,1,1.0,0,0,0,402.642974853516,7.0,2,3,6,19952,6606.022786458333,6851.419921875,1,12162.010044642857,9392.7265625,7.0,0,1,0,0,0,0,0,1,0,1
19952-140-11-1,1,1,43.0,1,1.0,0,0,0,402.642974853516,6.0,2,3,5,19952,5823.6,5979.542578125,0,5443.5,6941.1083984375,10.0,0,0,0,0,1,0,0,1,0,0
19955-23-11-1,1,1,39.0,1,1.0,1,1,0,37.8614120483398,6.0,2,3,3,19955,8239.849609375,6043.85546875,0,6100.999348958333,4862.056315104167,7.0,0,1,0,0,0,0,0,1,0,0
19956-62-11-1,1,2,53.0,1,1.0,0,0,0,39.1590385437012,3.0,2,3,2,19956,7853.43505859375,9374.6435546875,0,9969.2685546875,10300.1943359375,10.0,0,0,0,0,1,0,0,1,0,0
19958-109-11-1,1,1,47.0,1,1.0,1,1,0,67.7467269897461,7.0,2,3,1,19958,26469.0,20585.49609375,0,22522.0,14512.9736328125,11.0,0,0,0,0,0,1,0,1,0,0
19960-37-11-1,1,1,51.0,1,0.0,0,0,0,13.0441837310791,6.0,2,3,4,19960,17442.984375,15323.6376953125,0,8525.4248046875,16843.76171875,11.0,0,0,0,0,0,1,0,1,0,0
19960-53-11-1,1,1,45.0,1,0.0,1,0,0,13.0441837310791,10.0,2,3,3,19960,14839.666666666666,12160.475260416666,1,14411.739583333334,12325.083333333334,,0,0,0,0,0,0,0,0,0,1
19961-143-12-1,1,1,69.0,1,0.0,0,0,0,403.299835205078,4.0,2,3,3,19961,34380.0,9360.610026041666,0,22396.666666666668,10590.749348958334,8.0,0,0,1,0,0,0,0,1,0,0
19963-72-11-1,1,1,46.0,1,1.0,1,1,0,37.8614120483398,7.0,2,3,3,19963,18779.0,9021.04296875,0,10921.666666666666,7511.315104166667,11.0,0,0,0,0,0,1,0,1,0,0
19970-65-11-1,1,2,49.0,1,0.0,1,1,0,91.4872741699219,10.0,2,3,4,19970,9319.64453125,15821.3330078125,1,24053.958984375,35692.33984375,8.0,0,0,1,0,0,0,0,1,0,1
19973-26-11-1,1,1,60.0,1,0.0,1,1,0,7.39355611801147,6.0,2,3,3,19973,25224.0859375,24450.5078125,1,12776.0,15953.734375,7.0,0,1,0,0,0,0,0,1,0,1
19973-110-11-1,1,1,59.0,1,0.0,0,0,0,7.39355611801147,10.0,2,3,3,19973,30149.6171875,12933.272135416666,0,37039.15234375,41818.65625,8.0,0,0,1,0,0,0,0,1,0,0
19975-88-11-1,1,1,43.0,1,0.0,1,1,0,109.24552154541,8.0,2,3,1,19975,60699.0,33311.71875,0,24358.162109375,17698.75390625,11.0,0,0,0,0,0,1,0,1,0,0
19977-93-11-1,1,2,55.0,1,1.0,0,0,0,102.041748046875,3.0,2,3,2,19977,8744.9296875,7294.10888671875,0,18351.75,10179.3994140625,7.0,0,1,0,0,0,0,0,1,0,0
19981-9-11-1,1,2,53.0,1,1.0,1,0,0,37.2270202636719,6.0,2,3,3,19981,11914.868489583334,10204.751302083334,0,10936.9921875,15868.638671875,7.0,0,1,0,0,0,0,0,1,0,0
19981-16-11-1,1,2,43.0,1,1.0,1,1,0,37.2270202636719,6.0,2,3,3,19981,6208.5546875,10121.251953125,0,8556.2021484375,6939.15576171875,11.0,0,0,0,0,0,1,0,1,0,0
19982-43-11-1,1,2,37.0,1,1.0,1,1,0,37.6664161682129,6.0,2,3,3,19982,8687.013020833334,10487.95703125,0,10439.822265625,11606.462239583334,7.0,0,1,0,0,0,0,0,1,0,0
19987-7-11-1,1,2,58.0,1,0.0,0,0,0,39.1590385437012,4.0,5,3,2,19987,11007.021484375,12683.802734375,0,26341.8671875,16222.90234375,12.0,0,0,0,0,0,0,1,1,0,0
20005-130-11-1,1,1,58.0,1,1.0,0,0,0,96.5937805175781,3.0,5,6,1,20005,23032.658203125,19477.90625,0,25701.19140625,9216.5234375,8.0,0,0,1,0,0,0,0,1,0,0
20008-67-11-1,1,2,26.0,1,0.0,1,1,0,59.435863494873,10.0,7,3,2,20008,8160.31201171875,4657.66455078125,1,16851.421875,13377.1396484375,10.0,0,0,0,0,1,0,0,1,0,1
20008-68-11-1,1,1,85.0,1,1.0,0,0,0,59.435863494873,6.0,7,3,2,20008,18028.283203125,6007.0439453125,0,30086.55859375,7028.88671875,10.0,0,0,0,0,1,0,0,1,0,0
20012-42-11-1,1,1,53.0,1,1.0,0,0,0,96.753044128418,5.0,7,3,3,20012,8449.0,9243.669270833334,0,5434.091015625,3478.268359375,11.0,0,0,0,0,0,1,0,1,0,0
20012-205-11-1,1,1,40.0,1,1.0,0,0,0,96.753044128418,6.0,7,3,3,20012,8755.667317708334,20182.537760416668,0,7302.79443359375,2902.848388671875,12.0,0,0,0,0,0,0,1,1,0,0
20024-80-11-1,1,1,39.0,1,1.0,0,0,0,38.9397811889648,5.0,6,3,5,20024,3564.672265625,4063.968359375,0,8560.171875,5796.282421875,8.0,0,0,1,0,0,0,0,1,0,0
20024-90-11-1,1,1,28.0,1,0.0,1,1,0,38.9397811889648,8.0,6,3,3,20024,16447.190104166668,16156.377604166666,0,17071.470052083332,10109.822265625,12.0,0,0,0,0,0,0,1,1,0,0
20029-31-11-1,1,1,38.0,1,1.0,0,0,0,33.7579002380371,6.0,7,3,2,20029,10922.72265625,8631.4091796875,0,13219.009765625,17374.927734375,10.0,0,0,0,0,1,0,0,1,0,0
20029-32-11-1,1,1,71.0,1,1.0,0,0,0,33.7579002380371,3.0,7,3,1,20029,3506.06860351563,3831.60815429688,0,6052.1796875,4164.07373046875,10.0,0,0,0,0,1,0,0,1,0,0
20030-46-11-1,1,1,80.0,1,1.0,0,0,0,35.9491271972656,4.0,7,3,2,20030,19152.19140625,8944.8701171875,0,12118.904296875,13357.181640625,12.0,0,0,0,0,0,0,1,1,0,0
20030-131-11-1,1,1,60.0,1,1.0,0,0,0,35.9491271972656,4.0,7,3,2,20030,6495.9814453125,6964.4072265625,1,71778.0,8012.884765625,12.0,0,0,0,0,0,0,1,1,0,1
20030-137-11-1,1,2,34.0,1,1.0,1,0,0,35.9491271972656,6.0,7,3,2,20030,8368.943359375,4408.64306640625,0,6752.9833984375,4768.3427734375,8.0,0,0,1,0,0,0,0,1,0,0
20030-138-11-1,1,1,42.0,1,1.0,1,0,0,35.9491271972656,6.0,7,3,1,20030,18058.94140625,8730.5478515625,0,10450.099609375,10707.5400390625,8.0,0,0,1,0,0,0,0,1,0,0
20030-139-11-1,1,1,83.0,1,1.0,0,0,0,35.9491271972656,3.0,7,3,1,20030,9781.8515625,7619.0576171875,0,11985.4365234375,8258.94921875,8.0,0,0,1,0,0,0,0,1,0,0
20031-24-11-1,1,1,74.0,1,1.0,1,0,0,33.7579002380371,3.0,6,3,1,20031,7746.3427734375,7439.466796875,0,15737.0732421875,3998.76586914063,12.0,0,0,0,0,0,0,1,1,0,0
20031-124-11-1,1,1,35.0,1,1.0,1,1,0,33.7579002380371,6.0,6,3,2,20031,5911.66650390625,5287.54736328125,0,2336.2861328125,2486.722900390625,8.0,0,0,1,0,0,0,0,1,0,0
20031-175-11-1,1,2,44.0,1,1.0,0,0,0,33.7579002380371,3.0,6,3,4,20031,5618.81103515625,6315.966796875,0,8142.92333984375,5370.52783203125,10.0,0,0,0,0,1,0,0,1,0,0
20040-7-11-1,1,2,54.0,1,1.0,0,0,0,140.455703735352,4.0,6,6,4,20040,3251.8388671875,2444.103271484375,0,5308.375,5761.904296875,10.0,0,0,0,0,1,0,0,1,0,0
20040-143-11-1,1,1,51.0,1,1.0,0,0,0,140.455703735352,4.0,6,6,1,20040,18000.0,6341.10107421875,0,11898.8115234375,7351.2705078125,10.0,0,0,0,0,1,0,0,1,0,0
20082-99-11-1,1,1,32.0,1,1.0,1,1,0,12.350079536438,6.0,3,1,5,20082,7226.08984375,6258.47578125,0,16535.591796875,11167.47265625,10.0,0,0,0,0,1,0,0,1,0,0
20084-58-12-1,1,2,73.0,1,1.0,0,0,0,16.0782203674316,3.0,3,1,1,20084,15654.359375,16882.142578125,0,17898.75390625,24802.802734375,12.0,0,0,0,0,0,0,1,1,0,0
20085-111-11-1,1,1,57.0,1,0.0,0,0,0,77.8799209594727,10.0,3,1,3,20085,21136.022135416668,16257.979166666666,1,21291.85286458333,15959.127604166666,8.0,0,0,1,0,0,0,0,1,0,1
20087-120-11-1,1,1,40.0,1,0.0,1,0,0,11.5712652206421,7.0,3,1,2,20087,16074.9384765625,13903.10546875,0,13955.7158203125,10767.3115234375,11.0,0,0,0,0,0,1,0,1,0,0
20088-15-11-1,1,1,54.0,1,0.0,0,0,0,63.4822082519531,7.0,3,1,2,20088,15446.5,8647.1708984375,0,9505.677083333334,9207.044270833334,11.0,0,0,0,0,0,1,0,1,0,0
20089-80-11-1,1,1,62.0,1,1.0,0,0,0,153.613662719727,4.0,3,1,1,20089,27508.103515625,23162.326171875,0,25706.72265625,17745.560546875,10.0,0,0,0,0,1,0,0,1,1,0
20090-11-11-1,1,1,36.0,1,0.0,1,0,0,159.17366027832,6.0,3,1,5,20090,6150.491796875,6866.521875,0,4119.658203125,6624.0984375,10.0,0,0,0,0,1,0,0,1,0,0
20090-108-11-1,1,2,42.0,1,0.0,1,1,0,159.17366027832,10.0,3,1,3,20090,27764.6484375,28194.3359375,0,22650.34765625,32722.90234375,7.0,0,1,0,0,0,0,0,1,0,0
20091-15-11-1,1,1,53.0,1,0.0,0,0,0,152.566970825195,8.0,3,1,2,20091,29195.748046875,23618.6171875,0,23780.3046875,29621.87109375,11.0,0,0,0,0,0,1,0,1,0,0
20091-72-11-1,1,2,28.0,1,1.0,1,1,0,152.566970825195,8.0,3,1,3,20091,4377.014322916667,8864.104817708334,0,8961.477213541666,11153.19140625,8.0,0,0,1,0,0,0,0,1,0,0
20096-65-11-1,1,1,35.0,1,1.0,1,1,0,159.17366027832,8.0,3,1,1,20096,17054.33203125,11860.7353515625,0,14132.05078125,11844.5234375,11.0,0,0,0,0,0,1,0,1,0,0
20097-82-11-1,1,1,31.0,1,0.0,1,1,0,11.5712652206421,6.0,3,1,2,20097,56290.0859375,19932.52734375,1,25735.26953125,19106.388671875,,0,0,0,0,0,0,0,0,0,1
20098-29-11-1,1,2,55.0,1,1.0,1,1,0,77.8799209594727,5.0,3,1,4,20098,6357.27734375,9696.8017578125,0,5236.09716796875,7929.31298828125,10.0,0,0,0,0,1,0,0,1,0,0
20098-104-11-1,1,1,87.0,1,1.0,0,0,0,77.8799209594727,3.0,3,1,2,20098,11819.9990234375,12653.86328125,0,10115.201171875,10014.7998046875,12.0,0,0,0,0,0,0,1,1,0,0
20100-17-11-1,1,1,42.0,1,1.0,0,0,0,159.17366027832,7.0,3,1,4,20100,6105.1552734375,4820.134765625,0,7948.232421875,5764.0166015625,7.0,0,1,0,0,0,0,0,1,0,0
20100-116-11-1,1,1,68.0,1,1.0,0,0,0,159.17366027832,6.0,3,1,2,20100,13840.224609375,8494.501953125,1,5803.801432291667,4962.741536458333,7.0,0,1,0,0,0,0,0,1,0,1
20133-16-11-1,1,2,49.0,1,1.0,1,1,0,153.613662719727,5.0,5,1,3,20133,16269.602864583334,14219.83203125,0,7439.122395833333,5823.364583333333,8.0,0,0,1,0,0,0,0,1,0,0
20133-93-11-1,1,1,43.0,1,1.0,0,0,0,153.613662719727,4.0,5,1,4,20133,5387.255859375,6362.92333984375,0,5174.54541015625,5391.4853515625,8.0,0,0,1,0,0,0,0,1,0,0
20143-111-11-1,1,1,57.0,1,0.0,0,0,0,16.4667720794678,8.0,4,1,1,20143,34123.77734375,16634.65625,0,38980.015625,16254.9208984375,8.0,0,0,1,0,0,0,0,1,0,0
20144-70-11-1,1,1,39.0,1,1.0,0,0,0,152.566970825195,6.0,4,1,1,20144,15078.0,16436.998046875,0,16847.0,18897.009765625,11.0,0,0,0,0,0,1,0,1,1,0
20145-89-11-1,1,1,56.0,1,1.0,0,0,0,156.323059082031,4.0,4,1,3,20145,7894.6015625,7416.146484375,0,24487.12109375,23390.55859375,11.0,0,0,0,0,0,1,0,1,0,0
20146-28-11-1,1,1,38.0,1,1.0,0,1,0,153.613662719727,7.0,5,1,1,20146,19368.55078125,16184.5517578125,0,13220.55078125,11551.8251953125,11.0,0,0,0,0,0,1,0,1,0,0
20146-58-11-1,1,1,38.0,1,1.0,1,1,0,153.613662719727,5.0,5,1,4,20146,4495.1220703125,7801.89697265625,0,6224.59033203125,6299.599609375,8.0,0,0,1,0,0,0,0,1,0,0
20146-89-11-1,1,1,74.0,1,0.0,0,0,0,153.613662719727,6.0,5,1,2,20146,20753.068359375,12571.2021484375,1,17506.21484375,13381.80078125,9.0,0,0,0,1,0,0,0,1,0,1
20147-24-11-1,1,2,46.0,1,1.0,0,0,0,159.17366027832,4.0,5,1,4,20147,15823.5419921875,6960.79052734375,0,11393.1220703125,11018.6884765625,10.0,0,0,0,0,1,0,0,1,0,0
20156-34-11-1,1,1,49.0,1,1.0,0,0,0,152.566986083984,6.0,4,1,5,20156,5980.16171875,5455.239453125,1,9190.046875,8210.0234375,7.0,0,1,0,0,0,0,0,1,0,1
20159-61-11-1,1,1,48.0,1,1.0,0,0,0,159.17366027832,6.0,5,1,9,20159,3610.590277777778,3007.726996527778,0,6477.521267361111,2764.513671875,10.0,0,0,0,0,1,0,0,1,0,0
20162-2-11-1,1,1,46.0,1,0.0,1,1,0,156.323059082031,7.0,5,1,5,20162,7100.96953125,6277.626171875,0,7887.2765625,6981.30625,11.0,0,0,0,0,0,1,0,1,0,0
20162-37-11-1,1,2,27.0,1,1.0,0,0,0,156.323059082031,6.0,5,1,6,20162,4637.674153645833,4781.769205729167,0,5373.4150390625,5509.00390625,11.0,0,0,0,0,0,1,0,1,0,0
20162-72-11-1,1,1,22.0,1,1.0,0,0,0,156.323059082031,9.0,5,1,1,20162,18461.90625,15953.755859375,0,14317.0634765625,24995.271484375,10.0,0,0,0,0,1,0,0,1,0,0
20164-13-11-1,1,1,51.0,1,1.0,0,0,0,8.09498119354248,6.0,8,1,5,20164,10867.05234375,11506.7703125,0,13840.2171875,5769.52109375,8.0,0,0,1,0,0,0,0,1,0,0
20170-7-11-1,1,2,75.0,1,1.0,0,0,0,10.0506200790405,3.0,8,1,1,20170,7549.28466796875,8375.7861328125,0,7444.18505859375,10460.9833984375,12.0,0,0,0,0,0,0,1,1,0,0
20170-8-11-1,1,2,77.0,1,1.0,0,0,0,10.0506200790405,3.0,8,1,2,20170,9447.2001953125,9168.1435546875,0,12087.9169921875,15630.7861328125,12.0,0,0,0,0,0,0,1,1,0,0
20170-23-11-1,1,2,84.0,1,0.0,0,0,0,10.0506200790405,3.0,8,1,3,20170,5474.639973958333,3966.986328125,0,3964.833658854168,3490.107747395833,12.0,0,0,0,0,0,0,1,1,0,0
20176-100-11-1,1,1,54.0,1,1.0,0,0,0,12.1126728057861,4.0,7,1,1,20176,6789.22900390625,8100.576171875,0,14007.001953125,10745.232421875,10.0,0,0,0,0,1,0,0,1,0,0
20176-107-11-1,1,1,49.0,1,0.0,0,0,0,12.1126728057861,4.0,7,1,5,20176,10616.3375,8104.61875,0,11475.630208333334,9563.172526041666,8.0,0,0,1,0,0,0,0,1,0,0
20180-1-11-1,1,1,64.0,1,1.0,0,0,0,8.09498119354248,3.0,8,1,1,20180,7221.6279296875,8961.482421875,0,9566.58984375,8718.5791015625,9.0,0,0,0,1,0,0,0,1,0,0
20180-22-11-1,1,1,60.0,1,1.0,0,0,0,8.09498119354248,6.0,8,1,2,20180,11370.0029296875,4935.06591796875,0,15289.4931640625,7201.48193359375,10.0,0,0,0,0,1,0,0,1,0,0
20180-23-11-1,1,1,54.0,1,1.0,0,0,0,8.09498119354248,4.0,8,1,1,20180,16453.0,9382.6494140625,0,9681.0,7213.3505859375,11.0,0,0,0,0,0,1,0,1,0,0
20180-24-11-1,1,1,63.0,1,1.0,0,0,0,8.09498119354248,3.0,8,1,1,20180,12514.90625,13627.3681640625,0,9259.0517578125,8720.9033203125,8.0,0,0,1,0,0,0,0,1,0,0
20253-92-11-1,1,1,53.0,1,0.0,1,1,0,150.053176879883,6.0,2,7,4,20253,11530.5810546875,12019.345703125,1,11846.857421875,8429.271484375,7.0,0,1,0,0,0,0,0,1,0,1
20257-108-11-1,1,1,30.0,1,1.0,0,0,0,37.3885345458984,4.0,2,7,5,20257,4683.4265625,3811.60234375,0,6705.21953125,6451.824609375,10.0,0,0,0,0,1,0,0,1,0,0
20259-96-11-1,1,1,62.0,1,1.0,0,0,0,27.3242988586426,8.0,2,7,2,20259,27747.5546875,18822.6328125,0,24034.779296875,21752.55859375,8.0,0,0,1,0,0,0,0,1,0,0
20262-39-11-1,1,2,21.0,1,1.0,1,1,0,165.409057617188,7.0,2,7,1,20262,17156.083984375,23667.716796875,1,23613.220703125,17445.791015625,7.0,0,1,0,0,0,0,0,1,0,1
20262-54-11-1,1,1,57.0,1,1.0,1,1,0,165.409057617188,8.0,2,7,4,20262,12716.6962890625,15025.146484375,1,8521.268229166666,8675.765625,7.0,0,1,0,0,0,0,0,1,0,1
20263-26-11-1,1,2,52.0,1,0.0,0,0,0,150.053176879883,3.0,2,7,3,20263,4411.666666666667,5812.669270833333,0,12097.751302083334,6846.620442708333,10.0,0,0,0,0,1,0,0,1,0,0
20264-150-11-1,1,2,41.0,1,0.0,1,1,0,220.54541015625,8.0,2,7,4,20264,6591.5869140625,9990.11328125,0,17752.833984375,13215.1787109375,8.0,0,0,1,0,0,0,0,1,0,0
20275-86-11-1,1,1,66.0,1,1.0,0,0,0,200.070892333984,5.0,2,7,3,20275,2715.5714518229165,4592.802408854167,0,4377.983723958333,5723.897135416667,9.0,0,0,0,1,0,0,0,1,0,0
20275-122-11-1,1,2,35.0,1,1.0,0,0,0,200.070892333984,4.0,2,7,5,20275,5148.41796875,4994.264453125,1,8569.146484375,5148.406901041667,7.0,0,1,0,0,0,0,0,1,0,1
20276-9-11-1,1,1,61.0,1,0.0,0,0,0,150.053176879883,11.0,2,7,5,20276,23798.8125,15019.7796875,1,28153.409375,18271.84375,11.0,0,0,0,0,0,1,0,1,1,1
20276-55-11-1,1,2,60.0,1,1.0,0,0,0,150.053176879883,5.0,2,7,2,20276,14282.6630859375,13288.751953125,0,30917.447265625,16994.380859375,11.0,0,0,0,0,0,1,0,1,1,0
20278-62-11-1,1,2,55.0,1,0.0,1,1,0,167.575805664063,8.0,2,7,3,20278,10427.130208333334,10337.082682291666,0,13428.470703125,12330.712890625,10.0,0,0,0,0,1,0,0,1,0,0
20283-2-11-1,1,1,31.0,1,0.0,1,1,0,223.434417724609,8.0,2,7,3,20283,15200.48046875,13300.483072916666,1,9425.79296875,8062.3390625,8.0,0,0,1,0,0,0,0,1,0,1
20287-72-11-1,1,1,55.0,1,1.0,0,0,0,220.54541015625,5.0,5,7,2,20287,22961.90234375,17507.4375,0,18520.5,12217.5380859375,10.0,0,0,0,0,1,0,0,1,0,0
20311-4-11-1,1,1,29.0,1,1.0,0,0,0,217.689697265625,5.0,4,7,4,20311,6855.15185546875,4890.51806640625,0,10221.2939453125,4749.1953125,9.0,0,0,0,1,0,0,0,1,0,0
20311-90-11-1,1,1,57.0,1,1.0,0,0,0,217.689697265625,4.0,4,7,7,20311,8779.24720982143,8496.420200892857,1,8247.804129464286,6651.636160714285,7.0,0,1,0,0,0,0,0,1,0,1
20311-133-11-1,1,2,40.0,1,1.0,1,1,0,217.689697265625,3.0,4,7,4,20311,6651.20654296875,3804.0009765625,1,8834.978125,3526.30625,7.0,0,1,0,0,0,0,0,1,0,1
20312-19-11-1,1,1,41.0,1,1.0,0,0,0,200.070892333984,4.0,5,7,3,20312,10448.236979166666,7289.9375,0,8132.26953125,5419.794921875,10.0,0,0,0,0,1,0,0,1,0,0
20315-34-11-1,1,2,48.0,1,0.0,1,1,0,223.434417724609,8.0,4,7,4,20315,12834.6591796875,12817.8798828125,1,8679.4345703125,6827.45703125,11.0,0,0,0,0,0,1,0,1,0,1
20316-34-11-1,1,2,44.0,1,1.0,0,0,0,223.434417724609,6.0,5,7,4,20316,18012.16015625,13501.4130859375,1,14841.314453125,13418.830078125,,0,0,0,0,0,0,0,0,0,1
20316-140-11-1,1,2,57.0,1,0.0,0,0,0,223.434417724609,10.0,5,7,1,20316,38523.39453125,23241.98828125,1,53685.0,20708.6171875,7.0,0,1,0,0,0,0,0,1,0,1
20346-9-11-1,1,1,33.0,1,1.0,0,0,0,65.1257705688477,4.0,7,7,4,20346,3816.728271484375,4262.10302734375,0,11375.8408203125,4879.66259765625,8.0,0,0,1,0,0,0,0,1,0,0
20346-124-11-1,1,1,36.0,1,1.0,0,0,0,65.1257705688477,1.0,7,7,2,20346,5275.1923828125,7618.45849609375,1,10138.099609375,15266.4951171875,9.0,0,0,0,1,0,0,0,1,0,1
20349-38-11-1,1,1,61.0,1,1.0,0,0,0,71.8758087158203,10.0,8,7,4,20349,10075.4755859375,8313.263671875,0,10704.41796875,8904.515625,8.0,0,0,1,0,0,0,0,1,0,0
20349-41-11-1,1,1,51.0,1,1.0,0,0,0,71.8758087158203,6.0,8,7,5,20349,2075.50625,2977.480078125,0,16188.408203125,8820.0908203125,8.0,0,0,1,0,0,0,0,1,0,0
20356-102-11-1,1,1,38.0,1,1.0,0,0,0,65.1257705688477,7.0,8,7,5,20356,4715.683203125,5499.669140625,1,6486.619791666667,5212.814127604167,7.0,0,1,0,0,0,0,0,1,0,1
20356-104-11-1,1,1,71.0,1,1.0,0,0,0,65.1257705688477,3.0,8,7,2,20356,5566.0380859375,7306.53564453125,0,6366.141796875,4258.41484375,8.0,0,0,1,0,0,0,0,1,0,0
20506-39-11-1,1,2,53.0,1,1.0,1,1,0,295.487091064453,7.0,1,6,3,20506,13349.592447916666,7684.274739583333,0,8847.31640625,9295.89453125,8.0,0,0,1,0,0,0,0,1,0,0
20506-55-11-1,1,1,56.0,1,1.0,1,0,0,295.487091064453,6.0,1,6,4,20506,8257.625,13585.720703125,1,14577.7314453125,13465.1162109375,8.0,0,0,1,0,0,0,0,1,0,1
20531-65-11-1,1,1,49.0,1,1.0,0,0,0,66.6390228271484,3.0,6,3,4,20531,13364.7275390625,10123.6005859375,0,17013.766927083332,11465.22265625,8.0,0,0,1,0,0,0,0,1,0,0
20533-31-11-1,1,2,37.0,1,1.0,1,0,0,279.083740234375,6.0,2,2,5,20533,7780.25,8235.409375,0,15820.7373046875,8396.3291015625,12.0,0,0,0,0,0,0,1,1,0,0
20540-57-11-1,1,1,50.0,1,1.0,0,0,0,96.3474807739258,3.0,8,2,1,20540,17395.81640625,10033.7236328125,0,7284.6572265625,3624.3779296875,12.0,0,0,0,0,0,0,1,1,0,0
20540-59-11-1,1,1,67.0,1,1.0,0,0,0,96.3474807739258,5.0,8,2,11,20540,12983.03409090909,7601.2890625,0,4692.771484375,3876.510546875,12.0,0,0,0,0,0,0,1,1,0,0
20550-27-11-1,1,1,51.0,1,1.0,0,0,0,582.683776855469,8.0,1,8,4,20550,8319.759765625,5666.63037109375,0,5767.5,3506.015625,10.0,0,0,0,0,1,0,0,1,0,0
20550-91-11-1,1,1,62.0,1,1.0,0,0,0,582.683776855469,6.0,1,8,4,20550,4273.0,4362.82421875,0,3622.5,3872.6630859375,11.0,0,0,0,0,0,1,0,1,0,0
20563-55-11-1,1,1,44.0,1,1.0,0,0,0,89.3568115234375,3.0,7,5,4,20563,2963.945068359375,3623.810302734375,0,9055.31640625,8055.18701171875,12.0,0,0,0,0,0,0,1,1,0,0
20568-55-11-1,1,2,57.0,1,0.0,0,0,0,280.348297119141,10.0,1,6,4,20568,42458.98046875,23543.626953125,0,33636.22265625,15733.57421875,9.0,0,0,0,1,0,0,0,1,0,0
20569-36-11-1,1,1,49.0,1,1.0,1,0,0,46.4304733276367,5.0,3,3,4,20569,11231.0,7490.4306640625,0,24040.0703125,13185.201171875,12.0,0,0,0,0,0,0,1,1,0,0
20569-54-11-1,1,1,58.0,1,0.0,0,0,0,46.4304733276367,6.0,3,3,3,20569,23798.869791666668,16715.354166666668,1,37530.13671875,25103.765625,7.0,0,1,0,0,0,0,0,1,0,1
20569-106-11-1,1,1,37.0,1,1.0,1,1,0,46.4304733276367,8.0,3,3,4,20569,20700.392578125,12469.2392578125,1,10694.9404296875,11713.041015625,7.0,0,1,0,0,0,0,0,1,0,1
20570-18-11-1,1,2,81.0,1,0.0,0,0,0,33.7579002380371,3.0,7,3,1,20570,25352.5,12621.146484375,0,22945.015625,19894.171875,9.0,0,0,0,1,0,0,0,1,0,0
20570-54-11-1,1,1,70.0,1,1.0,0,0,0,33.7579002380371,5.0,7,3,2,20570,25195.732421875,14629.3779296875,0,17788.595703125,14483.12109375,8.0,0,0,1,0,0,0,0,1,0,0
20571-25-11-1,1,1,36.0,1,0.0,0,0,0,10.6429433822632,6.0,8,1,5,20571,9188.58828125,6143.293359375,0,9936.390625,10158.3046875,12.0,0,0,0,0,0,0,1,1,1,0
20571-56-11-1,1,1,36.0,1,1.0,0,0,0,10.6429433822632,6.0,8,1,6,20571,2118.199544270833,4118.014973958333,1,2940.0693359375,3113.12109375,8.0,0,0,1,0,0,0,0,1,0,1
20571-60-11-1,1,1,70.0,1,1.0,0,0,0,10.6429433822632,5.0,8,1,2,20571,7701.85009765625,5104.01318359375,0,6756.494140625,6679.94580078125,12.0,0,0,0,0,0,0,1,1,0,0
20577-170-11-1,1,1,60.0,1,0.0,0,0,0,264.777313232422,3.0,4,6,2,20577,15766.587890625,12564.5263671875,0,14663.5654296875,15820.5712890625,8.0,0,0,1,0,0,0,0,1,0,0
20579-53-11-1,1,1,45.0,1,1.0,1,1,0,150.508880615234,4.0,3,3,4,20579,14325.4619140625,7677.12353515625,0,11892.279296875,10956.0576171875,11.0,0,0,0,0,0,1,0,1,0,0
20579-94-11-1,1,1,20.0,1,1.0,1,1,0,150.508880615234,6.0,3,3,1,20579,22482.99609375,24479.10546875,1,32295.76953125,28931.6171875,11.0,0,0,0,0,0,1,0,1,0,1
20589-2-11-1,1,1,37.0,1,1.0,0,0,0,65.2061309814453,4.0,7,7,2,20589,9934.30859375,11908.8876953125,0,8655.01953125,9236.572265625,7.0,0,1,0,0,0,0,0,1,0,0
20589-98-11-1,1,1,44.0,1,1.0,0,0,0,65.2061309814453,4.0,7,7,1,20589,8099.24853515625,9747.939453125,0,8850.9873046875,5260.17822265625,12.0,0,0,0,0,0,0,1,1,0,0
20604-3-11-1,1,1,59.0,1,1.0,0,0,0,98.3941040039063,3.0,7,2,5,20604,19155.23125,6714.2296875,0,6762.70078125,5671.159375,8.0,0,0,1,0,0,0,0,1,0,0
20611-24-11-1,1,2,53.0,1,0.0,1,0,0,242.733139038086,8.0,2,2,1,20611,34868.0,19721.6015625,1,47146.0,24976.62109375,8.0,0,0,1,0,0,0,0,1,0,1
20611-89-11-1,1,1,51.0,1,1.0,1,1,0,242.733139038086,3.0,2,2,5,20611,12570.2,4229.597265625,0,5134.880078125,5627.3234375,7.0,0,1,0,0,0,0,0,1,0,0
20611-105-11-1,1,1,56.0,1,0.0,1,1,0,242.733139038086,6.0,2,2,3,20611,8817.333333333334,4330.888020833333,1,26078.361328125,12642.166015625,8.0,0,0,1,0,0,0,0,1,0,1
20614-57-11-1,1,1,37.0,1,1.0,0,0,0,25.9930801391602,6.0,7,7,3,20614,8865.200520833334,9987.651041666666,0,19575.74348958333,8045.240885416667,11.0,0,0,0,0,0,1,0,1,0,0
20614-59-11-1,1,1,75.0,1,1.0,0,0,0,25.9930801391602,1.0,7,7,1,20614,30745.0,14629.482421875,0,18520.79296875,16772.505859375,12.0,0,0,0,0,0,0,1,1,0,0
20614-158-11-1,1,1,45.0,1,0.0,1,1,0,25.9930801391602,9.0,7,7,4,20614,11371.0087890625,17370.3203125,0,4273.0625,13707.7041015625,11.0,0,0,0,0,0,1,0,1,0,0
20615-1-11-1,1,2,47.0,1,1.0,1,0,0,141.611740112305,3.0,3,7,4,20615,5303.6953125,5991.162109375,0,5865.439453125,9413.8173828125,11.0,0,0,0,0,0,1,0,1,0,0
20618-65-11-1,1,1,32.0,1,1.0,0,0,0,142.552352905273,4.0,8,7,4,20618,6145.8056640625,6143.37646484375,0,9529.7099609375,7002.26123046875,8.0,0,0,1,0,0,0,0,1,1,0
20618-66-11-1,1,1,55.0,1,1.0,0,0,0,142.552352905273,5.0,8,7,3,20618,8097.002604166667,6033.505859375,0,8259.680989583334,5351.866536458333,10.0,0,0,0,0,1,0,0,1,0,0
20618-68-11-1,1,1,44.0,1,1.0,0,0,0,142.552352905273,5.0,8,7,4,20618,4488.26708984375,5256.25244140625,0,6990.17724609375,4642.5966796875,12.0,0,0,0,0,0,0,1,1,0,0
20648-15-11-1,1,2,31.0,1,1.0,0,0,0,37.2270202636719,5.0,5,3,3,20648,7165.692708333333,6613.535807291667,0,12295.0751953125,12856.232421875,12.0,0,0,0,0,0,0,1,1,1,0
20666-70-11-1,1,1,51.0,1,1.0,0,0,0,169.707336425781,4.0,8,5,6,20666,5197.447265625,3078.814778645833,0,960.25546875,2004.1578125,8.0,0,0,1,0,0,0,0,1,0,0
20666-74-11-1,1,1,61.0,1,1.0,0,0,0,169.707336425781,4.0,8,5,2,20666,7158.79833984375,1936.488525390625,0,2761.333740234375,3800.22021484375,10.0,0,0,0,0,1,0,0,1,0,0
20675-115-11-1,1,1,54.0,1,0.0,0,0,0,125.811553955078,7.0,4,7,7,20675,6307.253348214285,3913.547991071429,0,7096.49951171875,5413.63818359375,8.0,0,0,1,0,0,0,0,1,0,0
20677-57-11-1,1,1,55.0,1,0.0,0,0,0,691.538208007813,8.0,4,4,5,20677,8394.33515625,9812.9890625,0,9923.57924107143,5518.748883928572,7.0,0,1,0,0,0,0,0,1,0,0
20679-89-11-1,1,1,74.0,1,1.0,0,0,0,58.4958992004395,6.0,8,2,2,20679,15685.046875,12209.224609375,0,15051.015625,15119.3369140625,8.0,0,0,1,0,0,0,0,1,0,0
20682-91-11-1,1,1,67.0,1,0.0,0,0,0,229.341110229492,1.0,2,2,8,20682,11185.5205078125,6352.15771484375,0,11661.0927734375,6506.95458984375,8.0,0,0,1,0,0,0,0,1,0,0
20682-110-11-1,1,1,65.0,1,1.0,0,0,0,229.341110229492,5.0,2,2,3,20682,27734.703125,11690.69921875,1,18258.666666666668,7383.196614583333,8.0,0,0,1,0,0,0,0,1,0,1
20682-129-11-1,1,1,39.0,1,0.0,0,0,0,229.341110229492,6.0,2,2,4,20682,16066.4169921875,7348.9619140625,1,9799.33046875,5087.151953125,7.0,0,1,0,0,0,0,0,1,0,1
20688-83-11-1,1,2,58.0,1,0.0,1,1,0,1.47723639011383,8.0,3,7,3,20688,19017.59505208333,8865.325520833334,0,18948.197916666668,9152.001302083334,12.0,0,0,0,0,0,0,1,1,0,0
20709-36-11-1,1,1,66.0,1,1.0,0,0,0,319.367858886719,4.0,7,6,1,20709,21869.15234375,13425.8095703125,0,7783.095703125,11605.8369140625,8.0,0,0,1,0,0,0,0,1,0,0
20709-116-11-1,1,2,58.0,1,1.0,0,0,0,319.367858886719,6.0,7,6,1,20709,17372.3984375,7805.7001953125,0,2252.81469726563,6035.9248046875,12.0,0,0,0,0,0,0,1,1,1,0
20709-118-11-1,1,1,62.0,1,1.0,0,0,0,319.367858886719,7.0,7,6,2,20709,8262.6552734375,7923.1962890625,0,30229.498046875,7144.8974609375,8.0,0,0,1,0,0,0,0,1,0,0
20727-21-11-1,1,2,60.0,1,1.0,0,0,0,298.335754394531,3.0,7,4,2,20727,3006.083984375,4213.7119140625,0,5747.57958984375,3900.7470703125,12.0,0,0,0,0,0,0,1,1,0,0
20727-23-11-1,1,1,43.0,1,1.0,0,0,0,298.335754394531,3.0,7,4,6,20727,2151.1534830729165,2651.0533854166665,0,4868.895182291667,6370.595052083333,12.0,0,0,0,0,0,0,1,1,0,0
20727-56-11-1,1,1,66.0,1,1.0,0,0,0,298.335754394531,4.0,7,4,2,20727,1624.756958007815,2678.082763671875,0,7931.97900390625,3056.751220703125,10.0,0,0,0,0,1,0,0,1,0,0
20727-60-11-1,1,1,44.0,1,1.0,0,0,0,298.335754394531,5.0,7,4,4,20727,2297.08837890625,2720.463134765625,0,3030.804443359375,4085.684326171875,12.0,0,0,0,0,0,0,1,1,0,0
20736-79-11-1,1,1,59.0,1,1.0,0,0,0,245.62663269043,5.0,6,5,8,20736,11337.78515625,10131.8173828125,0,3718.729073660714,4738.334263392857,10.0,0,0,0,0,1,0,0,1,0,0
20742-19-11-1,1,1,50.0,1,1.0,1,0,0,180.606674194336,4.0,4,3,3,20742,6818.804036458333,6391.673828125,0,18618.33333333333,6726.315755208333,8.0,0,0,1,0,0,0,0,1,0,0
20742-31-11-1,1,1,54.0,1,1.0,0,0,0,180.606674194336,3.0,4,3,5,20742,6430.698828125,4794.7625,0,5550.67265625,4979.53125,9.0,0,0,0,1,0,0,0,1,0,0
